evidence_id	subject_id	candidate_subject_ids	candidate_status	cell_type_label	marker_token	level	supports_or_contradicts	quote	pmid	doi	pmcid	first_author_year	species	tissue	source_type	source_type_basis	source_file	source_line	section	notes	verified	verification_note	superseded_by	added_on
EV00001		SOULCAP:SC000023|SOULCAP:SC000024|SOULCAP:SC000025|SOULCAP:SC000026|SOULCAP:SC000028|SOULCAP:SC000029|SOULCAP:SC000030|SOULCAP:SC000031|SOULCAP:SC000032|SOULCAP:SC000033|SOULCAP:SC000034|SOULCAP:SC000035|SOULCAP:SC000036|SOULCAP:SC000037|SOULCAP:SC000038|SOULCAP:SC000039|SOULCAP:SC000040|SOULCAP:SC000041|SOULCAP:SC000042|SOULCAP:SC000043|SOULCAP:SC000044	unreviewed	B cell	CD19		supports	"""Mature B cells typically express both CD19 and CD20."""	22654880	10.3389/fimmu.2012.00122	PMC3360193	Griffin & Rothstein 2012			sorting_paper	proposed; PubMed publication type: Journal Article (PMID 22654880)	archive/2026-09_literature_narratives/b_cell_markers.md	21	CD19 and CD20 (required positive — pan-B cell markers)		yes	exact match in Europe PMC full text		2026-09-28
EV00002		SOULCAP:SC000023|SOULCAP:SC000024|SOULCAP:SC000025|SOULCAP:SC000026|SOULCAP:SC000028|SOULCAP:SC000029|SOULCAP:SC000030|SOULCAP:SC000031|SOULCAP:SC000032|SOULCAP:SC000033|SOULCAP:SC000034|SOULCAP:SC000035|SOULCAP:SC000036|SOULCAP:SC000037|SOULCAP:SC000038|SOULCAP:SC000039|SOULCAP:SC000040|SOULCAP:SC000041|SOULCAP:SC000042|SOULCAP:SC000043|SOULCAP:SC000044	unreviewed	B cell	CD20		supports	"""Mature B cells typically express both CD19 and CD20."""	22654880	10.3389/fimmu.2012.00122	PMC3360193	Griffin & Rothstein 2012			sorting_paper	proposed; PubMed publication type: Journal Article (PMID 22654880)	archive/2026-09_literature_narratives/b_cell_markers.md	21	CD19 and CD20 (required positive — pan-B cell markers)		yes	exact match in Europe PMC full text		2026-09-28
EV00003		SOULCAP:SC000023|SOULCAP:SC000024|SOULCAP:SC000025|SOULCAP:SC000026|SOULCAP:SC000028|SOULCAP:SC000029|SOULCAP:SC000030|SOULCAP:SC000031|SOULCAP:SC000032|SOULCAP:SC000033|SOULCAP:SC000034|SOULCAP:SC000035|SOULCAP:SC000036|SOULCAP:SC000037|SOULCAP:SC000038|SOULCAP:SC000039|SOULCAP:SC000040|SOULCAP:SC000041|SOULCAP:SC000042|SOULCAP:SC000043|SOULCAP:SC000044	unreviewed	B cell	CD19		supports	"""as B cells differentiate to become plasmablasts and plasma cells, CD20 is lost but CD19 remains, as CD38/CD138 is acquired"""	22654880	10.3389/fimmu.2012.00122	PMC3360193	Griffin & Rothstein 2012			sorting_paper	proposed; PubMed publication type: Journal Article (PMID 22654880)	archive/2026-09_literature_narratives/b_cell_markers.md	24	CD19 and CD20 (required positive — pan-B cell markers)		yes	exact match in Europe PMC full text		2026-09-28
EV00004		SOULCAP:SC000023|SOULCAP:SC000024|SOULCAP:SC000025|SOULCAP:SC000026|SOULCAP:SC000028|SOULCAP:SC000029|SOULCAP:SC000030|SOULCAP:SC000031|SOULCAP:SC000032|SOULCAP:SC000033|SOULCAP:SC000034|SOULCAP:SC000035|SOULCAP:SC000036|SOULCAP:SC000037|SOULCAP:SC000038|SOULCAP:SC000039|SOULCAP:SC000040|SOULCAP:SC000041|SOULCAP:SC000042|SOULCAP:SC000043|SOULCAP:SC000044	unreviewed	B cell	CD20		supports	"""as B cells differentiate to become plasmablasts and plasma cells, CD20 is lost but CD19 remains, as CD38/CD138 is acquired"""	22654880	10.3389/fimmu.2012.00122	PMC3360193	Griffin & Rothstein 2012			sorting_paper	proposed; PubMed publication type: Journal Article (PMID 22654880)	archive/2026-09_literature_narratives/b_cell_markers.md	24	CD19 and CD20 (required positive — pan-B cell markers)		yes	exact match in Europe PMC full text		2026-09-28
EV00005		SOULCAP:SC000023|SOULCAP:SC000024|SOULCAP:SC000025|SOULCAP:SC000026|SOULCAP:SC000028|SOULCAP:SC000029|SOULCAP:SC000030|SOULCAP:SC000031|SOULCAP:SC000032|SOULCAP:SC000033|SOULCAP:SC000034|SOULCAP:SC000035|SOULCAP:SC000036|SOULCAP:SC000037|SOULCAP:SC000038|SOULCAP:SC000039|SOULCAP:SC000040|SOULCAP:SC000041|SOULCAP:SC000042|SOULCAP:SC000043|SOULCAP:SC000044	unreviewed	B cell	CD19		supports	"""CD19+ B cells were then enriched to >98% using CD19 microbead magnetic separation"""	27994589	10.3389/fimmu.2016.00546	PMC5133252	Martin et al. 2016			review	proposed; PubMed publication type: Journal Article (PMID 27994589)	archive/2026-09_literature_narratives/b_cell_markers.md	28	CD19 and CD20 (required positive — pan-B cell markers)		yes	exact match in Europe PMC full text		2026-09-28
EV00006		SOULCAP:SC000023|SOULCAP:SC000024|SOULCAP:SC000025|SOULCAP:SC000026|SOULCAP:SC000028|SOULCAP:SC000029|SOULCAP:SC000030|SOULCAP:SC000031|SOULCAP:SC000032|SOULCAP:SC000033|SOULCAP:SC000034|SOULCAP:SC000035|SOULCAP:SC000036|SOULCAP:SC000037|SOULCAP:SC000038|SOULCAP:SC000039|SOULCAP:SC000040|SOULCAP:SC000041|SOULCAP:SC000042|SOULCAP:SC000043|SOULCAP:SC000044	unreviewed	B cell	CD19		supports	"""to positively select intact cells (Ir191+Ir193+), to positively select live cells (Rh103−Ir191+Ir193+), and to identify CD19+ and/or CD20+ B cells"""	27994589	10.3389/fimmu.2016.00546	PMC5133252	Martin et al. 2016			review	proposed; PubMed publication type: Journal Article (PMID 27994589)	archive/2026-09_literature_narratives/b_cell_markers.md	31	CD19 and CD20 (required positive — pan-B cell markers)		no	not found in Europe PMC full text: to positively select intact cells (Ir191+Ir193+), to positively select live cells (Rh103−Ir191+Ir193+), and to identify CD19+ and/or CD20+ B cells [first 93 of 146 chars match; then: '1+Ir193+), and to identify CD1']		2026-09-28
EV00007		SOULCAP:SC000023|SOULCAP:SC000024|SOULCAP:SC000025|SOULCAP:SC000026|SOULCAP:SC000028|SOULCAP:SC000029|SOULCAP:SC000030|SOULCAP:SC000031|SOULCAP:SC000032|SOULCAP:SC000033|SOULCAP:SC000034|SOULCAP:SC000035|SOULCAP:SC000036|SOULCAP:SC000037|SOULCAP:SC000038|SOULCAP:SC000039|SOULCAP:SC000040|SOULCAP:SC000041|SOULCAP:SC000042|SOULCAP:SC000043|SOULCAP:SC000044	unreviewed	B cell	CD20		supports	"""to positively select intact cells (Ir191+Ir193+), to positively select live cells (Rh103−Ir191+Ir193+), and to identify CD19+ and/or CD20+ B cells"""	27994589	10.3389/fimmu.2016.00546	PMC5133252	Martin et al. 2016			review	proposed; PubMed publication type: Journal Article (PMID 27994589)	archive/2026-09_literature_narratives/b_cell_markers.md	31	CD19 and CD20 (required positive — pan-B cell markers)		no	not found in Europe PMC full text: to positively select intact cells (Ir191+Ir193+), to positively select live cells (Rh103−Ir191+Ir193+), and to identify CD19+ and/or CD20+ B cells [first 93 of 146 chars match; then: '1+Ir193+), and to identify CD1']		2026-09-28
EV00008		SOULCAP:SC000024|SOULCAP:SC000025|SOULCAP:SC000026|SOULCAP:SC000028|SOULCAP:SC000029|SOULCAP:SC000030|SOULCAP:SC000031|SOULCAP:SC000032|SOULCAP:SC000033|SOULCAP:SC000034|SOULCAP:SC000035|SOULCAP:SC000036|SOULCAP:SC000037|SOULCAP:SC000038|SOULCAP:SC000039|SOULCAP:SC000040|SOULCAP:SC000041|SOULCAP:SC000042|SOULCAP:SC000043|SOULCAP:SC000044	unreviewed	B cell	CD27		supports	"""transitional (IgD+CD27−CD10+), and naïve (IgD+CD27−CD10−)"""	27994589	10.3389/fimmu.2016.00546	PMC5133252	Martin et al. 2016			review	proposed; PubMed publication type: Journal Article (PMID 27994589)	archive/2026-09_literature_narratives/b_cell_markers.md	45	CD27 (memory vs naive distinguisher — positive on memory B cells)		yes	exact match in Europe PMC full text		2026-09-28
EV00009		SOULCAP:SC000024|SOULCAP:SC000025|SOULCAP:SC000026|SOULCAP:SC000028|SOULCAP:SC000029|SOULCAP:SC000030|SOULCAP:SC000031|SOULCAP:SC000032|SOULCAP:SC000033|SOULCAP:SC000034|SOULCAP:SC000035|SOULCAP:SC000036|SOULCAP:SC000037|SOULCAP:SC000038|SOULCAP:SC000039|SOULCAP:SC000040|SOULCAP:SC000041|SOULCAP:SC000042|SOULCAP:SC000043|SOULCAP:SC000044	unreviewed	B cell	CD27		supports	"""**M**: CD19+ CD27+ CD38−/lo"" [memory B cell gating entry] and ""**N**: CD19+ CD27− CD38− CD24− IgD+"""	33028979	10.1038/s41590-020-00814-z		Woodruff et al. 2020			application_study	curator (Alex, 2026-09-28): application_study; PubMed publication type: Journal Article|Research Support, N.I.H., Extramural|Research Support, Non-U.S. Gov't|Research Support, U.S. Gov't, P.H.S. (PMID 33028979)	archive/2026-09_literature_narratives/b_cell_markers.md	48	CD27 (memory vs naive distinguisher — positive on memory B cells)	naive B cell gating entry, Table 1	not_checked	PMC7739702: full text not available; not checked		2026-09-28
EV00010		SOULCAP:SC000024|SOULCAP:SC000025|SOULCAP:SC000026|SOULCAP:SC000028|SOULCAP:SC000029|SOULCAP:SC000030|SOULCAP:SC000031|SOULCAP:SC000032|SOULCAP:SC000033|SOULCAP:SC000034|SOULCAP:SC000035|SOULCAP:SC000036|SOULCAP:SC000037|SOULCAP:SC000038|SOULCAP:SC000039|SOULCAP:SC000040|SOULCAP:SC000041|SOULCAP:SC000042|SOULCAP:SC000043|SOULCAP:SC000044	unreviewed	B cell	CD27		supports	"""Double negative (DN) B cells, also known as atypical memory B cells, constitute a B cell population that lacks expression of immunoglobulin D and CD27 memory marker."""	34964023	10.31138/mjr.32.3.192	PMC8693305	Sachinidis & Garyfallos 2021			review	pubmed_publication_type: Journal Article|Review (PMID 34964023)	archive/2026-09_literature_narratives/b_cell_markers.md	52	CD27 (memory vs naive distinguisher — positive on memory B cells)		yes	exact match in Europe PMC full text		2026-09-28
EV00011		SOULCAP:SC000028|SOULCAP:SC000029|SOULCAP:SC000030|SOULCAP:SC000031|SOULCAP:SC000032|SOULCAP:SC000033|SOULCAP:SC000034|SOULCAP:SC000035|SOULCAP:SC000036|SOULCAP:SC000037|SOULCAP:SC000038|SOULCAP:SC000039|SOULCAP:SC000040|SOULCAP:SC000041|SOULCAP:SC000042|SOULCAP:SC000043|SOULCAP:SC000044	unreviewed	B cell	CD38		supports	"""T1 (CD38+++CD24hiCD10++IgDlo/−), T2 (CD38++CD24hiCD10+IgD+), and T3 (CD38+CD24+IgD+ABCB1−)"""	27994589	10.3389/fimmu.2016.00546	PMC5133252	Martin et al. 2016			review	proposed; PubMed publication type: Journal Article (PMID 27994589)	archive/2026-09_literature_narratives/b_cell_markers.md	65	CD38 (differentiation marker — high on transitional B cells and antibody-secreting cells)		yes	exact match in Europe PMC full text		2026-09-28
EV00012		SOULCAP:SC000028|SOULCAP:SC000029|SOULCAP:SC000030|SOULCAP:SC000031|SOULCAP:SC000032|SOULCAP:SC000033|SOULCAP:SC000034|SOULCAP:SC000035|SOULCAP:SC000036|SOULCAP:SC000037|SOULCAP:SC000038|SOULCAP:SC000039|SOULCAP:SC000040|SOULCAP:SC000041|SOULCAP:SC000042|SOULCAP:SC000043|SOULCAP:SC000044	unreviewed	B cell	CD38		supports	"""Co-expression of high levels of CD24 and CD38 have also frequently been used to identify them, and it is important that CD27 be included if this is the case"""	27994589	10.3389/fimmu.2016.00546	PMC5133252	Martin et al. 2016			review	proposed; PubMed publication type: Journal Article (PMID 27994589)	archive/2026-09_literature_narratives/b_cell_markers.md	69	CD38 (differentiation marker — high on transitional B cells and antibody-secreting cells)		yes	exact match in Europe PMC full text		2026-09-28
EV00013		SOULCAP:SC000028|SOULCAP:SC000029|SOULCAP:SC000030|SOULCAP:SC000031|SOULCAP:SC000032|SOULCAP:SC000033|SOULCAP:SC000034|SOULCAP:SC000035|SOULCAP:SC000036|SOULCAP:SC000037|SOULCAP:SC000038|SOULCAP:SC000039|SOULCAP:SC000040|SOULCAP:SC000041|SOULCAP:SC000042|SOULCAP:SC000043|SOULCAP:SC000044	unreviewed	B cell	CD38		supports	"""**ASC**: CD19+ CD27+ CD38hi"" and ""**M**: CD19+ CD27+ CD38−/lo"" and ""**Tr**: CD19+ CD27− CD38int CD24+"""	33028979	10.1038/s41590-020-00814-z		Woodruff et al. 2020			application_study	curator (Alex, 2026-09-28): application_study; PubMed publication type: Journal Article|Research Support, N.I.H., Extramural|Research Support, Non-U.S. Gov't|Research Support, U.S. Gov't, P.H.S. (PMID 33028979)	archive/2026-09_literature_narratives/b_cell_markers.md	74	CD38 (differentiation marker — high on transitional B cells and antibody-secreting cells)	gating table entries, Table 1	not_checked	PMC7739702: full text not available; not checked		2026-09-28
EV00014		SOULCAP:SC000028|SOULCAP:SC000030|SOULCAP:SC000031|SOULCAP:SC000032|SOULCAP:SC000033|SOULCAP:SC000034|SOULCAP:SC000035|SOULCAP:SC000036	unreviewed	B cell	CD10		supports	"""These cells express IgD and CD10 alongside the IgM BCR so can be identified as IgD+ CD27−CD10hi/+"""	27994589	10.3389/fimmu.2016.00546	PMC5133252	Martin et al. 2016			review	proposed; PubMed publication type: Journal Article (PMID 27994589)	archive/2026-09_literature_narratives/b_cell_markers.md	87	CD10 (transitional B cell marker — high on T1/T2; low on T3; negative on mature)		yes	exact match in Europe PMC full text		2026-09-28
EV00015		SOULCAP:SC000028|SOULCAP:SC000030|SOULCAP:SC000031|SOULCAP:SC000032|SOULCAP:SC000033|SOULCAP:SC000034|SOULCAP:SC000035|SOULCAP:SC000036	unreviewed	B cell	CD10		supports	"""T1 (CD38+++CD24hiCD10++IgDlo/−), T2 (CD38++CD24hiCD10+IgD+), and T3 (CD38+CD24+IgD+ABCB1−)"""	27994589	10.3389/fimmu.2016.00546	PMC5133252	Martin et al. 2016			review	proposed; PubMed publication type: Journal Article (PMID 27994589)	archive/2026-09_literature_narratives/b_cell_markers.md	91	CD10 (transitional B cell marker — high on T1/T2; low on T3; negative on mature)		yes	exact match in Europe PMC full text		2026-09-28
EV00016		SOULCAP:SC000028|SOULCAP:SC000030|SOULCAP:SC000031|SOULCAP:SC000032|SOULCAP:SC000033|SOULCAP:SC000034|SOULCAP:SC000035|SOULCAP:SC000036	unreviewed	B cell	CD10		supports	"""transitional (IgD+CD27−CD10+), and naïve (IgD+CD27−CD10−)"""	27994589	10.3389/fimmu.2016.00546	PMC5133252	Martin et al. 2016			review	proposed; PubMed publication type: Journal Article (PMID 27994589)	archive/2026-09_literature_narratives/b_cell_markers.md	95	CD10 (transitional B cell marker — high on T1/T2; low on T3; negative on mature)		yes	exact match in Europe PMC full text		2026-09-28
EV00017		SOULCAP:SC000028|SOULCAP:SC000030|SOULCAP:SC000031|SOULCAP:SC000032|SOULCAP:SC000033|SOULCAP:SC000034|SOULCAP:SC000035|SOULCAP:SC000036	unreviewed	B cell	CD10		supports	"""CD21lo Tr cells expressed higher levels of markers of the early transitional compartment (IgM, CD24, CD10), but less CD21 and CXCR5"""	33028979	10.1038/s41590-020-00814-z		Woodruff et al. 2020			application_study	curator (Alex, 2026-09-28): application_study; PubMed publication type: Journal Article|Research Support, N.I.H., Extramural|Research Support, Non-U.S. Gov't|Research Support, U.S. Gov't, P.H.S. (PMID 33028979)	archive/2026-09_literature_narratives/b_cell_markers.md	98	CD10 (transitional B cell marker — high on T1/T2; low on T3; negative on mature)		not_checked	PMC7739702: full text not available; not checked		2026-09-28
EV00018		SOULCAP:SC000028|SOULCAP:SC000030|SOULCAP:SC000031|SOULCAP:SC000032|SOULCAP:SC000033|SOULCAP:SC000034|SOULCAP:SC000035|SOULCAP:SC000036	unreviewed	B cell	CD24		supports	"""Co-expression of high levels of CD24 and CD38 have also frequently been used to identify them, and it is important that CD27 be included if this is the case"""	27994589	10.3389/fimmu.2016.00546	PMC5133252	Martin et al. 2016			review	proposed; PubMed publication type: Journal Article (PMID 27994589)	archive/2026-09_literature_narratives/b_cell_markers.md	111	CD24 (differentiation marker — high on transitional; low on naive; negative on DN B cells)		yes	exact match in Europe PMC full text		2026-09-28
EV00019		SOULCAP:SC000028|SOULCAP:SC000030|SOULCAP:SC000031|SOULCAP:SC000032|SOULCAP:SC000033|SOULCAP:SC000034|SOULCAP:SC000035|SOULCAP:SC000036	unreviewed	B cell	CD24		supports	"""**Tr**: CD19+ CD27− CD38int CD24+"" [transitional B cell gating entry, Table 1] and ""**N**: CD19+ CD27− CD38− CD24− IgD+"" [naive B cell gating entry] and ""**DN**: CD19+ CD27− CD38− CD24− IgD−"""	33028979	10.1038/s41590-020-00814-z		Woodruff et al. 2020			application_study	curator (Alex, 2026-09-28): application_study; PubMed publication type: Journal Article|Research Support, N.I.H., Extramural|Research Support, Non-U.S. Gov't|Research Support, U.S. Gov't, P.H.S. (PMID 33028979)	archive/2026-09_literature_narratives/b_cell_markers.md	116	CD24 (differentiation marker — high on transitional; low on naive; negative on DN B cells)	double-negative B cell gating entry	not_checked	PMC7739702: full text not available; not checked		2026-09-28
EV00020		SOULCAP:SC000030|SOULCAP:SC000031|SOULCAP:SC000032|SOULCAP:SC000033|SOULCAP:SC000034|SOULCAP:SC000035|SOULCAP:SC000036|SOULCAP:SC000038|SOULCAP:SC000039|SOULCAP:SC000040|SOULCAP:SC000041|SOULCAP:SC000042|SOULCAP:SC000043|SOULCAP:SC000044	unreviewed	B cell	IgD		supports	"""naïve B cells express immunoglobulin (Ig)D and IgM and undergo isotype switching to produce IgM, IgA, IgG, or IgE exclusively"""	35393268	10.1016/j.it.2022.03.005	PMC8977948	McGrath, Li & Wilson 2022			review	pubmed_publication_type: Journal Article|Review|Research Support, N.I.H., Extramural (PMID 35393268)	archive/2026-09_literature_narratives/b_cell_markers.md	130	IgD (class-switch indicator — positive on naive; negative on class-switched memory)		yes	exact match in Europe PMC full text		2026-09-28
EV00021		SOULCAP:SC000030|SOULCAP:SC000031|SOULCAP:SC000032|SOULCAP:SC000033|SOULCAP:SC000034|SOULCAP:SC000035|SOULCAP:SC000036|SOULCAP:SC000038|SOULCAP:SC000039|SOULCAP:SC000040|SOULCAP:SC000041|SOULCAP:SC000042|SOULCAP:SC000043|SOULCAP:SC000044	unreviewed	B cell	IgD		supports	"""**N**: CD19+ CD27− CD38− CD24− IgD+"""	33028979	10.1038/s41590-020-00814-z		Woodruff et al. 2020			application_study	curator (Alex, 2026-09-28): application_study; PubMed publication type: Journal Article|Research Support, N.I.H., Extramural|Research Support, Non-U.S. Gov't|Research Support, U.S. Gov't, P.H.S. (PMID 33028979)	archive/2026-09_literature_narratives/b_cell_markers.md	134	IgD (class-switch indicator — positive on naive; negative on class-switched memory)	naive B cell gating entry, Table 1	not_checked	PMC7739702: full text not available; not checked		2026-09-28
EV00022		SOULCAP:SC000030|SOULCAP:SC000031|SOULCAP:SC000032|SOULCAP:SC000033|SOULCAP:SC000034|SOULCAP:SC000035|SOULCAP:SC000036|SOULCAP:SC000038|SOULCAP:SC000039|SOULCAP:SC000040|SOULCAP:SC000041|SOULCAP:SC000042|SOULCAP:SC000043|SOULCAP:SC000044	unreviewed	B cell	IgD		supports	"""**usM**: IgM+ IgD+"" [unswitched memory] / ""**mM**: IgM+ IgD−"" [IgM-only memory] / ""**sM**: IgM− IgD−"""	33028979	10.1038/s41590-020-00814-z		Woodruff et al. 2020			application_study	curator (Alex, 2026-09-28): application_study; PubMed publication type: Journal Article|Research Support, N.I.H., Extramural|Research Support, Non-U.S. Gov't|Research Support, U.S. Gov't, P.H.S. (PMID 33028979)	archive/2026-09_literature_narratives/b_cell_markers.md	137	IgD (class-switch indicator — positive on naive; negative on class-switched memory)	switched memory] [gating table entries, Table 1	not_checked	PMC7739702: full text not available; not checked		2026-09-28
EV00023		SOULCAP:SC000030|SOULCAP:SC000031|SOULCAP:SC000032|SOULCAP:SC000033|SOULCAP:SC000034|SOULCAP:SC000035|SOULCAP:SC000036|SOULCAP:SC000038|SOULCAP:SC000039|SOULCAP:SC000040|SOULCAP:SC000041|SOULCAP:SC000042|SOULCAP:SC000043|SOULCAP:SC000044	unreviewed	B cell	IgD		supports	"""Double negative (DN) B cells, also known as atypical memory B cells, constitute a B cell population that lacks expression of immunoglobulin D and CD27 memory marker."""	34964023	10.31138/mjr.32.3.192	PMC8693305	Sachinidis & Garyfallos 2021			review	pubmed_publication_type: Journal Article|Review (PMID 34964023)	archive/2026-09_literature_narratives/b_cell_markers.md	141	IgD (class-switch indicator — positive on naive; negative on class-switched memory)		yes	exact match in Europe PMC full text		2026-09-28
EV00024		SOULCAP:SC000030|SOULCAP:SC000031|SOULCAP:SC000032|SOULCAP:SC000033|SOULCAP:SC000034|SOULCAP:SC000035|SOULCAP:SC000036|SOULCAP:SC000038|SOULCAP:SC000039|SOULCAP:SC000040|SOULCAP:SC000041|SOULCAP:SC000042|SOULCAP:SC000043|SOULCAP:SC000044	unreviewed	B cell	IgD		supports	"""T2 (CD38++CD24hiCD10+IgD+), and T3 (CD38+CD24+IgD+ABCB1−)"""	27994589	10.3389/fimmu.2016.00546	PMC5133252	Martin et al. 2016			review	proposed; PubMed publication type: Journal Article (PMID 27994589)	archive/2026-09_literature_narratives/b_cell_markers.md	145	IgD (class-switch indicator — positive on naive; negative on class-switched memory)		yes	exact match in Europe PMC full text		2026-09-28
EV00025		SOULCAP:SC000038|SOULCAP:SC000039|SOULCAP:SC000040|SOULCAP:SC000041|SOULCAP:SC000042|SOULCAP:SC000043|SOULCAP:SC000044	unreviewed	B cell	IgM		supports	"""naïve B cells express immunoglobulin (Ig)D and IgM and undergo isotype switching to produce IgM, IgA, IgG, or IgE exclusively"""	35393268	10.1016/j.it.2022.03.005	PMC8977948	McGrath, Li & Wilson 2022			review	pubmed_publication_type: Journal Article|Review|Research Support, N.I.H., Extramural (PMID 35393268)	archive/2026-09_literature_narratives/b_cell_markers.md	159	IgM, IgG, IgA, IgE (class-switch subtype markers on switched memory B cells)		yes	exact match in Europe PMC full text		2026-09-28
EV00026		SOULCAP:SC000042|SOULCAP:SC000043|SOULCAP:SC000044	unreviewed	B cell	IgG		supports	"""naïve B cells express immunoglobulin (Ig)D and IgM and undergo isotype switching to produce IgM, IgA, IgG, or IgE exclusively"""	35393268	10.1016/j.it.2022.03.005	PMC8977948	McGrath, Li & Wilson 2022			review	pubmed_publication_type: Journal Article|Review|Research Support, N.I.H., Extramural (PMID 35393268)	archive/2026-09_literature_narratives/b_cell_markers.md	159	IgM, IgG, IgA, IgE (class-switch subtype markers on switched memory B cells)		yes	exact match in Europe PMC full text		2026-09-28
EV00027		SOULCAP:SC000042|SOULCAP:SC000043|SOULCAP:SC000044	unreviewed	B cell	IgA		supports	"""naïve B cells express immunoglobulin (Ig)D and IgM and undergo isotype switching to produce IgM, IgA, IgG, or IgE exclusively"""	35393268	10.1016/j.it.2022.03.005	PMC8977948	McGrath, Li & Wilson 2022			review	pubmed_publication_type: Journal Article|Review|Research Support, N.I.H., Extramural (PMID 35393268)	archive/2026-09_literature_narratives/b_cell_markers.md	159	IgM, IgG, IgA, IgE (class-switch subtype markers on switched memory B cells)		yes	exact match in Europe PMC full text		2026-09-28
EV00028		SOULCAP:SC000033|SOULCAP:SC000036|SOULCAP:SC000042|SOULCAP:SC000043|SOULCAP:SC000044	unreviewed	B cell	IgE		supports	"""naïve B cells express immunoglobulin (Ig)D and IgM and undergo isotype switching to produce IgM, IgA, IgG, or IgE exclusively"""	35393268	10.1016/j.it.2022.03.005	PMC8977948	McGrath, Li & Wilson 2022			review	pubmed_publication_type: Journal Article|Review|Research Support, N.I.H., Extramural (PMID 35393268)	archive/2026-09_literature_narratives/b_cell_markers.md	159	IgM, IgG, IgA, IgE (class-switch subtype markers on switched memory B cells)		yes	exact match in Europe PMC full text		2026-09-28
EV00029		SOULCAP:SC000042|SOULCAP:SC000043|SOULCAP:SC000044	unreviewed	B cell	IgG		supports	"""CD73+ MBCs are also proportionally more isotype-switched than CD73– MBCs, allowing them to produce IgG and IgA antibodies to facilitate a more diverse set of effector functions"""	35393268	10.1016/j.it.2022.03.005	PMC8977948	McGrath, Li & Wilson 2022			review	pubmed_publication_type: Journal Article|Review|Research Support, N.I.H., Extramural (PMID 35393268)	archive/2026-09_literature_narratives/b_cell_markers.md	163	IgM, IgG, IgA, IgE (class-switch subtype markers on switched memory B cells)		no	not found in Europe PMC full text: CD73+ MBCs are also proportionally more isotype-switched than CD73– MBCs, allowing them to produce IgG and IgA antibodies to facilitate a more diverse set of effector functions [first 72 of 176 chars match; then: ', allowing them to produce IgG']		2026-09-28
EV00030		SOULCAP:SC000042|SOULCAP:SC000043|SOULCAP:SC000044	unreviewed	B cell	IgA		supports	"""CD73+ MBCs are also proportionally more isotype-switched than CD73– MBCs, allowing them to produce IgG and IgA antibodies to facilitate a more diverse set of effector functions"""	35393268	10.1016/j.it.2022.03.005	PMC8977948	McGrath, Li & Wilson 2022			review	pubmed_publication_type: Journal Article|Review|Research Support, N.I.H., Extramural (PMID 35393268)	archive/2026-09_literature_narratives/b_cell_markers.md	163	IgM, IgG, IgA, IgE (class-switch subtype markers on switched memory B cells)		no	not found in Europe PMC full text: CD73+ MBCs are also proportionally more isotype-switched than CD73– MBCs, allowing them to produce IgG and IgA antibodies to facilitate a more diverse set of effector functions [first 72 of 176 chars match; then: ', allowing them to produce IgG']		2026-09-28
EV00031		SOULCAP:SC000042|SOULCAP:SC000043|SOULCAP:SC000044	unreviewed	B cell	IgA		supports	"""cluster 4 was IgG1 (IGHG1) dominant with minimal contributions from other isotypes, cluster 7 was more balanced but with a slight bias towards IgA (IGHA1/IGHA2) overall"""	35393268	10.1016/j.it.2022.03.005	PMC8977948	McGrath, Li & Wilson 2022			review	pubmed_publication_type: Journal Article|Review|Research Support, N.I.H., Extramural (PMID 35393268)	archive/2026-09_literature_narratives/b_cell_markers.md	167	IgM, IgG, IgA, IgE (class-switch subtype markers on switched memory B cells)		yes	exact match in Europe PMC full text		2026-09-28
EV00032		SOULCAP:SC000038|SOULCAP:SC000039|SOULCAP:SC000040|SOULCAP:SC000041|SOULCAP:SC000042|SOULCAP:SC000043|SOULCAP:SC000044	unreviewed	B cell	IgM		supports	"""**usM**: IgM+ IgD+"" [unswitched memory] / ""**mM**: IgM+ IgD−"" [IgM-only memory] / ""**sM**: IgM− IgD−"""	33028979	10.1038/s41590-020-00814-z		Woodruff et al. 2020			application_study	curator (Alex, 2026-09-28): application_study; PubMed publication type: Journal Article|Research Support, N.I.H., Extramural|Research Support, Non-U.S. Gov't|Research Support, U.S. Gov't, P.H.S. (PMID 33028979)	archive/2026-09_literature_narratives/b_cell_markers.md	172	IgM, IgG, IgA, IgE (class-switch subtype markers on switched memory B cells)	switched memory, IgG/IgA/IgE positive by exclusion] [Table 1	not_checked	PMC7739702: full text not available; not checked		2026-09-28
EV00033		SOULCAP:SC000038|SOULCAP:SC000039|SOULCAP:SC000040|SOULCAP:SC000041|SOULCAP:SC000042|SOULCAP:SC000043|SOULCAP:SC000044	unreviewed	B cell	IgM		supports	"""Consistent with the B cell antigen receptor-sequencing data, SARS-CoV-2-specific responsiveness was broad, with participation of IgM, IgA and IgG antibodies."""	33028979	10.1038/s41590-020-00814-z		Woodruff et al. 2020			application_study	curator (Alex, 2026-09-28): application_study; PubMed publication type: Journal Article|Research Support, N.I.H., Extramural|Research Support, Non-U.S. Gov't|Research Support, U.S. Gov't, P.H.S. (PMID 33028979)	archive/2026-09_literature_narratives/b_cell_markers.md	176	IgM, IgG, IgA, IgE (class-switch subtype markers on switched memory B cells)		not_checked	PMC7739702: full text not available; not checked		2026-09-28
EV00034		SOULCAP:SC000042|SOULCAP:SC000043|SOULCAP:SC000044	unreviewed	B cell	IgG		supports	"""Consistent with the B cell antigen receptor-sequencing data, SARS-CoV-2-specific responsiveness was broad, with participation of IgM, IgA and IgG antibodies."""	33028979	10.1038/s41590-020-00814-z		Woodruff et al. 2020			application_study	curator (Alex, 2026-09-28): application_study; PubMed publication type: Journal Article|Research Support, N.I.H., Extramural|Research Support, Non-U.S. Gov't|Research Support, U.S. Gov't, P.H.S. (PMID 33028979)	archive/2026-09_literature_narratives/b_cell_markers.md	176	IgM, IgG, IgA, IgE (class-switch subtype markers on switched memory B cells)		not_checked	PMC7739702: full text not available; not checked		2026-09-28
EV00035		SOULCAP:SC000042|SOULCAP:SC000043|SOULCAP:SC000044	unreviewed	B cell	IgA		supports	"""Consistent with the B cell antigen receptor-sequencing data, SARS-CoV-2-specific responsiveness was broad, with participation of IgM, IgA and IgG antibodies."""	33028979	10.1038/s41590-020-00814-z		Woodruff et al. 2020			application_study	curator (Alex, 2026-09-28): application_study; PubMed publication type: Journal Article|Research Support, N.I.H., Extramural|Research Support, Non-U.S. Gov't|Research Support, U.S. Gov't, P.H.S. (PMID 33028979)	archive/2026-09_literature_narratives/b_cell_markers.md	176	IgM, IgG, IgA, IgE (class-switch subtype markers on switched memory B cells)		not_checked	PMC7739702: full text not available; not checked		2026-09-28
EV00036			none_found	B cell	CD138		supports	"""as B cells differentiate to become plasmablasts and plasma cells, CD20 is lost but CD19 remains, as CD38/CD138 is acquired"""	22654880	10.3389/fimmu.2012.00122	PMC3360193	Griffin & Rothstein 2012			sorting_paper	proposed; PubMed publication type: Journal Article (PMID 22654880)	archive/2026-09_literature_narratives/b_cell_markers.md	189	CD138 / Syndecan-1 (plasma cell marker — distinguishes PC from PB)		yes	exact match in Europe PMC full text		2026-09-28
EV00037			none_found	B cell	CD138		supports	"""ASC responses in ICU-C patients were highly enriched in more mature CD138+ cells relative to both OUT-C and HDs."""	33028979	10.1038/s41590-020-00814-z		Woodruff et al. 2020			application_study	curator (Alex, 2026-09-28): application_study; PubMed publication type: Journal Article|Research Support, N.I.H., Extramural|Research Support, Non-U.S. Gov't|Research Support, U.S. Gov't, P.H.S. (PMID 33028979)	archive/2026-09_literature_narratives/b_cell_markers.md	193	CD138 / Syndecan-1 (plasma cell marker — distinguishes PC from PB)		not_checked	PMC7739702: full text not available; not checked		2026-09-28
EV00038			none_found	B cell	CD138		supports	"""**CD138neg ASC**: CD138−"" and ""**CD138pos ASC**: CD138+"""	33028979	10.1038/s41590-020-00814-z		Woodruff et al. 2020			application_study	curator (Alex, 2026-09-28): application_study; PubMed publication type: Journal Article|Research Support, N.I.H., Extramural|Research Support, Non-U.S. Gov't|Research Support, U.S. Gov't, P.H.S. (PMID 33028979)	archive/2026-09_literature_narratives/b_cell_markers.md	197	CD138 / Syndecan-1 (plasma cell marker — distinguishes PC from PB)	gating labels distinguishing plasmablasts from plasma cells within the CD19+CD27+CD38hi ASC gate	not_checked	PMC7739702: full text not available; not checked		2026-09-28
EV00039		SOULCAP:SC000033|SOULCAP:SC000034|SOULCAP:SC000035|SOULCAP:SC000036	unreviewed	B cell	CD21		supports	"""DN1: CD11c− CD21+"" / ""DN2: CD11c+ CD21−"" / ""DN3: CD11c− CD21−"""	33028979	10.1038/s41590-020-00814-z		Woodruff et al. 2020			application_study	curator (Alex, 2026-09-28): application_study; PubMed publication type: Journal Article|Research Support, N.I.H., Extramural|Research Support, Non-U.S. Gov't|Research Support, U.S. Gov't, P.H.S. (PMID 33028979)	archive/2026-09_literature_narratives/b_cell_markers.md	210	CD21 / Complement Receptor 2 (DN B cell subtype marker — positive on BDN1/BDN4, negative on BDN2/BDN3)	gating table	not_checked	PMC7739702: full text not available; not checked		2026-09-28
EV00040		SOULCAP:SC000033|SOULCAP:SC000034|SOULCAP:SC000035|SOULCAP:SC000036	unreviewed	B cell	CD21		supports	"""CD19+IgD−CD27−CD21+ CD11c− T-bet− CXCR5+"" [DN1 phenotype, Table 1] and ""CD19+IgD−CD27−CD21− CD11c+ T-bet+CXCR5−"" [DN2 phenotype] and ""CD19+IgD−CD27−CD21− CD11c−"""	34964023	10.31138/mjr.32.3.192	PMC8693305	Sachinidis & Garyfallos 2021			review	pubmed_publication_type: Journal Article|Review (PMID 34964023)	archive/2026-09_literature_narratives/b_cell_markers.md	213	CD21 / Complement Receptor 2 (DN B cell subtype marker — positive on BDN1/BDN4, negative on BDN2/BDN3)	DN3 phenotype	no	not found in Europe PMC full text: CD19+IgD−CD27−CD21+ CD11c− T-bet− CXCR5+ [first 19 of 40 chars match; then: ' CD11c− T-bet− CXCR5+'] | CD19+IgD−CD27−CD21− CD11c+ T-bet+CXCR5− [first 19 of 39 chars match; then: ' CD11c+ T-bet+CXCR5−'] | CD19+IgD−CD27−CD21− CD11c− [first 19 of 26 chars match; then: ' CD11c−']		2026-09-28
EV00041		SOULCAP:SC000033|SOULCAP:SC000034|SOULCAP:SC000035|SOULCAP:SC000036	unreviewed	B cell	CD21		supports	"""The gradual loss of CD10, CD5, and IgM and the upregulation of CD22, CD44, CD21, and CD23 as cells progress from immature to transitional (TI to T2 to T3) to mature naïve cells"""	27994589	10.3389/fimmu.2016.00546	PMC5133252	Martin et al. 2016			review	proposed; PubMed publication type: Journal Article (PMID 27994589)	archive/2026-09_literature_narratives/b_cell_markers.md	218	CD21 / Complement Receptor 2 (DN B cell subtype marker — positive on BDN1/BDN4, negative on BDN2/BDN3)		no	near-match only (differs in case, dashes or quote characters): The gradual loss of CD10, CD5, and IgM and the upregulation of CD22, CD44, CD21, and CD23 as cells progress from immature to transitional (TI to T2 to T3) to mature naïve cells		2026-09-28
EV00042		SOULCAP:SC000023|SOULCAP:SC000024|SOULCAP:SC000025|SOULCAP:SC000026|SOULCAP:SC000028|SOULCAP:SC000029|SOULCAP:SC000030|SOULCAP:SC000031|SOULCAP:SC000032|SOULCAP:SC000033|SOULCAP:SC000034|SOULCAP:SC000035|SOULCAP:SC000036|SOULCAP:SC000037|SOULCAP:SC000038|SOULCAP:SC000039|SOULCAP:SC000040|SOULCAP:SC000041|SOULCAP:SC000042|SOULCAP:SC000043|SOULCAP:SC000044	unreviewed	B cell	CD11c		supports	"""DN2 B cells are a unique double-negative population (IgD−CD27−) that displays extrafollicular characteristics, such as the lack of CXCR5 and CD62L expression."""	34964023	10.31138/mjr.32.3.192	PMC8693305	Sachinidis & Garyfallos 2021			review	pubmed_publication_type: Journal Article|Review (PMID 34964023)	archive/2026-09_literature_narratives/b_cell_markers.md	233	CD11c / ITGAX (DN B cell type 2 marker; also expressed on T-bet+ age-associated B cells)		yes	exact match in Europe PMC full text		2026-09-28
EV00043		SOULCAP:SC000023|SOULCAP:SC000024|SOULCAP:SC000025|SOULCAP:SC000026|SOULCAP:SC000028|SOULCAP:SC000029|SOULCAP:SC000030|SOULCAP:SC000031|SOULCAP:SC000032|SOULCAP:SC000033|SOULCAP:SC000034|SOULCAP:SC000035|SOULCAP:SC000036|SOULCAP:SC000037|SOULCAP:SC000038|SOULCAP:SC000039|SOULCAP:SC000040|SOULCAP:SC000041|SOULCAP:SC000042|SOULCAP:SC000043|SOULCAP:SC000044	unreviewed	B cell	CD11c		supports	"""CD19+IgD−CD27−CD21− CD11c+ T-bet+CXCR5−"""	34964023	10.31138/mjr.32.3.192	PMC8693305	Sachinidis & Garyfallos 2021			review	pubmed_publication_type: Journal Article|Review (PMID 34964023)	archive/2026-09_literature_narratives/b_cell_markers.md	237	CD11c / ITGAX (DN B cell type 2 marker; also expressed on T-bet+ age-associated B cells)	DN2 phenotype, Table 1	no	not found in Europe PMC full text: CD19+IgD−CD27−CD21− CD11c+ T-bet+CXCR5− [first 19 of 39 chars match; then: ' CD11c+ T-bet+CXCR5−']		2026-09-28
EV00044		SOULCAP:SC000023|SOULCAP:SC000024|SOULCAP:SC000025|SOULCAP:SC000026|SOULCAP:SC000028|SOULCAP:SC000029|SOULCAP:SC000030|SOULCAP:SC000031|SOULCAP:SC000032|SOULCAP:SC000033|SOULCAP:SC000034|SOULCAP:SC000035|SOULCAP:SC000036|SOULCAP:SC000037|SOULCAP:SC000038|SOULCAP:SC000039|SOULCAP:SC000040|SOULCAP:SC000041|SOULCAP:SC000042|SOULCAP:SC000043|SOULCAP:SC000044	unreviewed	B cell	CD11c		supports	"""DN1: CD11c− CD21+"" / ""DN2: CD11c+ CD21−"" / ""DN3: CD11c− CD21−"""	33028979	10.1038/s41590-020-00814-z		Woodruff et al. 2020			application_study	curator (Alex, 2026-09-28): application_study; PubMed publication type: Journal Article|Research Support, N.I.H., Extramural|Research Support, Non-U.S. Gov't|Research Support, U.S. Gov't, P.H.S. (PMID 33028979)	archive/2026-09_literature_narratives/b_cell_markers.md	240	CD11c / ITGAX (DN B cell type 2 marker; also expressed on T-bet+ age-associated B cells)	gating table	not_checked	PMC7739702: full text not available; not checked		2026-09-28
EV00045		SOULCAP:SC000023|SOULCAP:SC000024|SOULCAP:SC000025|SOULCAP:SC000026|SOULCAP:SC000028|SOULCAP:SC000029|SOULCAP:SC000030|SOULCAP:SC000031|SOULCAP:SC000032|SOULCAP:SC000033|SOULCAP:SC000034|SOULCAP:SC000035|SOULCAP:SC000036|SOULCAP:SC000037|SOULCAP:SC000038|SOULCAP:SC000039|SOULCAP:SC000040|SOULCAP:SC000041|SOULCAP:SC000042|SOULCAP:SC000043|SOULCAP:SC000044	unreviewed	B cell	CD11c		supports	"""six distinct circulating MBC phenotypes were found that were definable based on the combinatorial expression of CD27, CD73, CD95, CD19, CD11c, and the CD45 isoform CD45RB"""	35393268	10.1016/j.it.2022.03.005	PMC8977948	McGrath, Li & Wilson 2022			review	pubmed_publication_type: Journal Article|Review|Research Support, N.I.H., Extramural (PMID 35393268)	archive/2026-09_literature_narratives/b_cell_markers.md	243	CD11c / ITGAX (DN B cell type 2 marker; also expressed on T-bet+ age-associated B cells)		yes	exact match in Europe PMC full text		2026-09-28
EV00046		SOULCAP:SC000033|SOULCAP:SC000034|SOULCAP:SC000035|SOULCAP:SC000036	unreviewed	B cell	CD185		supports	"""The CXCR5+ subgroup, now known as DN1, is the DN sub-population that expands in elderly healthy individuals, while the CXCR5- subgroup constitutes the extrafollicular DN2 subset."""	34964023	10.31138/mjr.32.3.192	PMC8693305	Sachinidis & Garyfallos 2021			review	pubmed_publication_type: Journal Article|Review (PMID 34964023)	archive/2026-09_literature_narratives/b_cell_markers.md	256	CD185 / CXCR5 (DN B cell type 1/4 marker; also marks follicular B cells)		no	not found in Europe PMC full text: The CXCR5+ subgroup, now known as DN1, is the DN sub-population that expands in elderly healthy individuals, while the CXCR5- subgroup constitutes the extrafollicular DN2 subset. [first 4 of 178 chars match; then: 'CXCR5+ subgroup, now known as ']		2026-09-28
EV00047		SOULCAP:SC000033|SOULCAP:SC000034|SOULCAP:SC000035|SOULCAP:SC000036	unreviewed	B cell	CD185		supports	"""DN2 B cells are a unique double-negative population (IgD−CD27−) that displays extrafollicular characteristics, such as the lack of CXCR5 and CD62L expression."""	34964023	10.31138/mjr.32.3.192	PMC8693305	Sachinidis & Garyfallos 2021			review	pubmed_publication_type: Journal Article|Review (PMID 34964023)	archive/2026-09_literature_narratives/b_cell_markers.md	261	CD185 / CXCR5 (DN B cell type 1/4 marker; also marks follicular B cells)		yes	exact match in Europe PMC full text		2026-09-28
EV00048		SOULCAP:SC000033|SOULCAP:SC000034|SOULCAP:SC000035|SOULCAP:SC000036	unreviewed	B cell	CD185		supports	"""CD19+IgD−CD27−CD21+ CD11c− T-bet− CXCR5+"""	34964023	10.31138/mjr.32.3.192	PMC8693305	Sachinidis & Garyfallos 2021			review	pubmed_publication_type: Journal Article|Review (PMID 34964023)	archive/2026-09_literature_narratives/b_cell_markers.md	265	CD185 / CXCR5 (DN B cell type 1/4 marker; also marks follicular B cells)	DN1 phenotype, Table 1	no	not found in Europe PMC full text: CD19+IgD−CD27−CD21+ CD11c− T-bet− CXCR5+ [first 19 of 40 chars match; then: ' CD11c− T-bet− CXCR5+']		2026-09-28
EV00049		SOULCAP:SC000033|SOULCAP:SC000034|SOULCAP:SC000035|SOULCAP:SC000036	unreviewed	B cell	CD185		supports	"""CD21lo Tr cells expressed higher levels of markers of the early transitional compartment (IgM, CD24, CD10), but less CD21 and CXCR5"""	33028979	10.1038/s41590-020-00814-z		Woodruff et al. 2020			application_study	curator (Alex, 2026-09-28): application_study; PubMed publication type: Journal Article|Research Support, N.I.H., Extramural|Research Support, Non-U.S. Gov't|Research Support, U.S. Gov't, P.H.S. (PMID 33028979)	archive/2026-09_literature_narratives/b_cell_markers.md	268	CD185 / CXCR5 (DN B cell type 1/4 marker; also marks follicular B cells)		not_checked	PMC7739702: full text not available; not checked		2026-09-28
EV00050		SOULCAP:SC000033|SOULCAP:SC000034|SOULCAP:SC000035|SOULCAP:SC000036	unreviewed	B cell	CD185		supports	"""a decrease in follicular homing predisposition through CXCR5 and a corresponding increase in CXCR3"""	33028979	10.1038/s41590-020-00814-z		Woodruff et al. 2020			application_study	curator (Alex, 2026-09-28): application_study; PubMed publication type: Journal Article|Research Support, N.I.H., Extramural|Research Support, Non-U.S. Gov't|Research Support, U.S. Gov't, P.H.S. (PMID 33028979)	archive/2026-09_literature_narratives/b_cell_markers.md	272	CD185 / CXCR5 (DN B cell type 1/4 marker; also marks follicular B cells)	describing extrafollicular B cell responses in COVID-19 severity	not_checked	PMC7739702: full text not available; not checked		2026-09-28
EV00051		SOULCAP:SC000023|SOULCAP:SC000024|SOULCAP:SC000025|SOULCAP:SC000026|SOULCAP:SC000028|SOULCAP:SC000029|SOULCAP:SC000030|SOULCAP:SC000031|SOULCAP:SC000032|SOULCAP:SC000033|SOULCAP:SC000034|SOULCAP:SC000035|SOULCAP:SC000036|SOULCAP:SC000037|SOULCAP:SC000038|SOULCAP:SC000039|SOULCAP:SC000040|SOULCAP:SC000041|SOULCAP:SC000042|SOULCAP:SC000043|SOULCAP:SC000044	unreviewed	B cell	CD14		supports	"""B cells were enriched using negative selection of CD2, CD3, CD14, CD16, CD36, CD42b, CD56, CD66b and CD123."""	33028979	10.1038/s41590-020-00814-z		Woodruff et al. 2020			application_study	curator (Alex, 2026-09-28): application_study; PubMed publication type: Journal Article|Research Support, N.I.H., Extramural|Research Support, Non-U.S. Gov't|Research Support, U.S. Gov't, P.H.S. (PMID 33028979)	archive/2026-09_literature_narratives/b_cell_markers.md	287	CD14, CD3, CD56 (exclusion markers for B cell gate)		not_checked	PMC7739702: full text not available; not checked		2026-09-28
EV00052		SOULCAP:SC000023|SOULCAP:SC000024|SOULCAP:SC000025|SOULCAP:SC000026|SOULCAP:SC000028|SOULCAP:SC000029|SOULCAP:SC000030|SOULCAP:SC000031|SOULCAP:SC000032|SOULCAP:SC000033|SOULCAP:SC000034|SOULCAP:SC000035|SOULCAP:SC000036|SOULCAP:SC000037|SOULCAP:SC000038|SOULCAP:SC000039|SOULCAP:SC000040|SOULCAP:SC000041|SOULCAP:SC000042|SOULCAP:SC000043|SOULCAP:SC000044	unreviewed	B cell	CD3		supports	"""B cells were enriched using negative selection of CD2, CD3, CD14, CD16, CD36, CD42b, CD56, CD66b and CD123."""	33028979	10.1038/s41590-020-00814-z		Woodruff et al. 2020			application_study	curator (Alex, 2026-09-28): application_study; PubMed publication type: Journal Article|Research Support, N.I.H., Extramural|Research Support, Non-U.S. Gov't|Research Support, U.S. Gov't, P.H.S. (PMID 33028979)	archive/2026-09_literature_narratives/b_cell_markers.md	287	CD14, CD3, CD56 (exclusion markers for B cell gate)		not_checked	PMC7739702: full text not available; not checked		2026-09-28
EV00053		SOULCAP:SC000023|SOULCAP:SC000024|SOULCAP:SC000025|SOULCAP:SC000026|SOULCAP:SC000028|SOULCAP:SC000029|SOULCAP:SC000030|SOULCAP:SC000031|SOULCAP:SC000032|SOULCAP:SC000033|SOULCAP:SC000034|SOULCAP:SC000035|SOULCAP:SC000036|SOULCAP:SC000037|SOULCAP:SC000038|SOULCAP:SC000039|SOULCAP:SC000040|SOULCAP:SC000041|SOULCAP:SC000042|SOULCAP:SC000043|SOULCAP:SC000044	unreviewed	B cell	CD56		supports	"""B cells were enriched using negative selection of CD2, CD3, CD14, CD16, CD36, CD42b, CD56, CD66b and CD123."""	33028979	10.1038/s41590-020-00814-z		Woodruff et al. 2020			application_study	curator (Alex, 2026-09-28): application_study; PubMed publication type: Journal Article|Research Support, N.I.H., Extramural|Research Support, Non-U.S. Gov't|Research Support, U.S. Gov't, P.H.S. (PMID 33028979)	archive/2026-09_literature_narratives/b_cell_markers.md	287	CD14, CD3, CD56 (exclusion markers for B cell gate)		not_checked	PMC7739702: full text not available; not checked		2026-09-28
EV00054		SOULCAP:SC000023|SOULCAP:SC000024|SOULCAP:SC000025|SOULCAP:SC000026|SOULCAP:SC000028|SOULCAP:SC000029|SOULCAP:SC000030|SOULCAP:SC000031|SOULCAP:SC000032|SOULCAP:SC000033|SOULCAP:SC000034|SOULCAP:SC000035|SOULCAP:SC000036|SOULCAP:SC000037|SOULCAP:SC000038|SOULCAP:SC000039|SOULCAP:SC000040|SOULCAP:SC000041|SOULCAP:SC000042|SOULCAP:SC000043|SOULCAP:SC000044	unreviewed	B cell	CD14		supports	"""Cells were gated as CD3−CD14−CD16−CD19+CD38+CD27+ single live cells"""	33028979	10.1038/s41590-020-00814-z		Woodruff et al. 2020			application_study	curator (Alex, 2026-09-28): application_study; PubMed publication type: Journal Article|Research Support, N.I.H., Extramural|Research Support, Non-U.S. Gov't|Research Support, U.S. Gov't, P.H.S. (PMID 33028979)	archive/2026-09_literature_narratives/b_cell_markers.md	291	CD14, CD3, CD56 (exclusion markers for B cell gate)		not_checked	PMC7739702: full text not available; not checked		2026-09-28
EV00055		SOULCAP:SC000023|SOULCAP:SC000024|SOULCAP:SC000025|SOULCAP:SC000026|SOULCAP:SC000028|SOULCAP:SC000029|SOULCAP:SC000030|SOULCAP:SC000031|SOULCAP:SC000032|SOULCAP:SC000033|SOULCAP:SC000034|SOULCAP:SC000035|SOULCAP:SC000036|SOULCAP:SC000037|SOULCAP:SC000038|SOULCAP:SC000039|SOULCAP:SC000040|SOULCAP:SC000041|SOULCAP:SC000042|SOULCAP:SC000043|SOULCAP:SC000044	unreviewed	B cell	CD3		supports	"""Cells were gated as CD3−CD14−CD16−CD19+CD38+CD27+ single live cells"""	33028979	10.1038/s41590-020-00814-z		Woodruff et al. 2020			application_study	curator (Alex, 2026-09-28): application_study; PubMed publication type: Journal Article|Research Support, N.I.H., Extramural|Research Support, Non-U.S. Gov't|Research Support, U.S. Gov't, P.H.S. (PMID 33028979)	archive/2026-09_literature_narratives/b_cell_markers.md	291	CD14, CD3, CD56 (exclusion markers for B cell gate)		not_checked	PMC7739702: full text not available; not checked		2026-09-28
EV00056		SOULCAP:SC000023|SOULCAP:SC000024|SOULCAP:SC000025|SOULCAP:SC000026|SOULCAP:SC000028|SOULCAP:SC000029|SOULCAP:SC000030|SOULCAP:SC000031|SOULCAP:SC000032|SOULCAP:SC000033|SOULCAP:SC000034|SOULCAP:SC000035|SOULCAP:SC000036|SOULCAP:SC000037|SOULCAP:SC000038|SOULCAP:SC000039|SOULCAP:SC000040|SOULCAP:SC000041|SOULCAP:SC000042|SOULCAP:SC000043|SOULCAP:SC000044	unreviewed	B cell	CD14		supports	"""a population of enriched B cells (CD3−CD14−) was collected"""	27994589	10.3389/fimmu.2016.00546	PMC5133252	Martin et al. 2016			review	proposed; PubMed publication type: Journal Article (PMID 27994589)	archive/2026-09_literature_narratives/b_cell_markers.md	294	CD14, CD3, CD56 (exclusion markers for B cell gate)		yes	exact match in Europe PMC full text		2026-09-28
EV00057		SOULCAP:SC000023|SOULCAP:SC000024|SOULCAP:SC000025|SOULCAP:SC000026|SOULCAP:SC000028|SOULCAP:SC000029|SOULCAP:SC000030|SOULCAP:SC000031|SOULCAP:SC000032|SOULCAP:SC000033|SOULCAP:SC000034|SOULCAP:SC000035|SOULCAP:SC000036|SOULCAP:SC000037|SOULCAP:SC000038|SOULCAP:SC000039|SOULCAP:SC000040|SOULCAP:SC000041|SOULCAP:SC000042|SOULCAP:SC000043|SOULCAP:SC000044	unreviewed	B cell	CD3		supports	"""a population of enriched B cells (CD3−CD14−) was collected"""	27994589	10.3389/fimmu.2016.00546	PMC5133252	Martin et al. 2016			review	proposed; PubMed publication type: Journal Article (PMID 27994589)	archive/2026-09_literature_narratives/b_cell_markers.md	294	CD14, CD3, CD56 (exclusion markers for B cell gate)		yes	exact match in Europe PMC full text		2026-09-28
EV00058			none_found	dendritic cell	CD11c		supports	"""Conventional DCs (cDCs), also known as myeloid DCs, can be defined as CD11c+ CD123−"""		10.3389/fimmu.2019.01088	PMC6532592	Rhodes JW et al. 2019			review	pubmed_publication_type: Journal Article|Research Support, Non-U.S. Gov't|Review (PMID 31156637)	archive/2026-09_literature_narratives/dc_markers.md	21	CD11c / ITGAX (required high on cDC; low on pDC)		yes	exact match in Europe PMC full text		2026-09-28
EV00059			none_found	dendritic cell	CD11c		supports	"""pDCs are CD11c− CD123+ cells best characterized for their type I interferon"""		10.3389/fimmu.2019.01088	PMC6532592	Rhodes JW et al. 2019			review	pubmed_publication_type: Journal Article|Research Support, Non-U.S. Gov't|Review (PMID 31156637)	archive/2026-09_literature_narratives/dc_markers.md	25	CD11c / ITGAX (required high on cDC; low on pDC)		no	not found in Europe PMC full text: pDCs are CD11c− CD123+ cells best characterized for their type I interferon [first 9 of 75 chars match; then: 'CD11c− CD123+ cells best chara']		2026-09-28
EV00060			none_found	dendritic cell	CD11c		supports	"""CD11c, a 'classical' cDC marker, can be downregulated on DCs"""	27637149	10.1016/j.immuni.2016.08.057	PMC5040826	Guilliams M et al. 2016			atlas	proposed; PubMed publication type: Journal Article|Research Support, Non-U.S. Gov't (PMID 27637149)	archive/2026-09_literature_narratives/dc_markers.md	29	CD11c / ITGAX (required high on cDC; low on pDC)		no	near-match only (differs in case, dashes or quote characters): CD11c, a 'classical' cDC marker, can be downregulated on DCs		2026-09-28
EV00061			none_found	dendritic cell	CD11c		supports	"""human pDCs (defined as CD45+CD11cloHLADRhi cells) were IRF8hiIRF4int across tissues"""	27637149	10.1016/j.immuni.2016.08.057	PMC5040826	Guilliams M et al. 2016			atlas	proposed; PubMed publication type: Journal Article|Research Support, Non-U.S. Gov't (PMID 27637149)	archive/2026-09_literature_narratives/dc_markers.md	33	CD11c / ITGAX (required high on cDC; low on pDC)		no	not found in Europe PMC full text: human pDCs (defined as CD45+CD11cloHLADRhi cells) were IRF8hiIRF4int across tissues [first 11 of 83 chars match; then: '(defined as CD45+CD11cloHLADRh']		2026-09-28
EV00062			none_found	dendritic cell	CD11c		supports	"""For DCs, we sampled LIN−HLA-DR+CD14− cells across the CD11C+ fraction (to enrich for CD141+ and CD1C+ cDCs) and the CD11C− fraction"""	28428369	10.1126/science.aah4573		Villani AC et al. 2017			atlas	proposed; PubMed publication type: Journal Article|Research Support, N.I.H., Extramural|Research Support, Non-U.S. Gov't (PMID 28428369)	archive/2026-09_literature_narratives/dc_markers.md	37	CD11c / ITGAX (required high on cDC; low on pDC)		not_checked	PMC5775029: full text not available; not checked		2026-09-28
EV00063			none_found	dendritic cell	HLA-DR		supports	"""DCs were defined as live, LIN(CD3, CD19, CD56)−CD14−HLA-DR+ cells."""	28428369	10.1126/science.aah4573		Villani AC et al. 2017			atlas	proposed; PubMed publication type: Journal Article|Research Support, N.I.H., Extramural|Research Support, Non-U.S. Gov't (PMID 28428369)	archive/2026-09_literature_narratives/dc_markers.md	50	HLA-DR / MHC class II (required positive on all DC subsets)		not_checked	PMC5775029: full text not available; not checked		2026-09-28
EV00064			none_found	dendritic cell	HLA-DR		supports	"""Numerous studies have shown that human dendritic cells express high levels of major histocompatibility complex (MHC) class II (e.g., HLA-DR)"""	28428369	10.1126/science.aah4573		Villani AC et al. 2017			atlas	proposed; PubMed publication type: Journal Article|Research Support, N.I.H., Extramural|Research Support, Non-U.S. Gov't (PMID 28428369)	archive/2026-09_literature_narratives/dc_markers.md	54	HLA-DR / MHC class II (required positive on all DC subsets)		not_checked	PMC5775029: full text not available; not checked		2026-09-28
EV00065			none_found	dendritic cell	HLA-DR		supports	"""human pDCs (defined as CD45+CD11cloHLADRhi cells)"""	27637149	10.1016/j.immuni.2016.08.057	PMC5040826	Guilliams M et al. 2016			atlas	proposed; PubMed publication type: Journal Article|Research Support, Non-U.S. Gov't (PMID 27637149)	archive/2026-09_literature_narratives/dc_markers.md	59	HLA-DR / MHC class II (required positive on all DC subsets)		no	not found in Europe PMC full text: human pDCs (defined as CD45+CD11cloHLADRhi cells) [first 11 of 49 chars match; then: '(defined as CD45+CD11cloHLADRh']		2026-09-28
EV00066		SOULCAP:SC000012|SOULCAP:SC000013	unreviewed	dendritic cell	CD1c		supports	"""DC2 and DC3 correspond to new subdivisions of the CD1C/BDCA-1+ cDC2"""	28428369	10.1126/science.aah4573		Villani AC et al. 2017			atlas	proposed; PubMed publication type: Journal Article|Research Support, N.I.H., Extramural|Research Support, Non-U.S. Gov't (PMID 28428369)	archive/2026-09_literature_narratives/dc_markers.md	73	CD1c / BDCA-1 (cDC2 positive; cDC1 negative)		not_checked	PMC5775029: full text not available; not checked		2026-09-28
EV00067		SOULCAP:SC000012|SOULCAP:SC000013	unreviewed	dendritic cell	CD1c		supports	"""Although both cDC2 subsets can be characterized by CD1c expression, cDC2-A (CD32b+) are distinguished"""		10.3389/fimmu.2019.01088	PMC6532592	Rhodes JW et al. 2019			review	pubmed_publication_type: Journal Article|Research Support, Non-U.S. Gov't|Review (PMID 31156637)	archive/2026-09_literature_narratives/dc_markers.md	77	CD1c / BDCA-1 (cDC2 positive; cDC1 negative)		yes	exact match in Europe PMC full text		2026-09-28
EV00068		SOULCAP:SC000012|SOULCAP:SC000013	unreviewed	dendritic cell	CD1c		supports	"""CD172ahiCD1chi cDC2s"""	27637149	10.1016/j.immuni.2016.08.057	PMC5040826	Guilliams M et al. 2016			atlas	proposed; PubMed publication type: Journal Article|Research Support, Non-U.S. Gov't (PMID 27637149)	archive/2026-09_literature_narratives/dc_markers.md	82	CD1c / BDCA-1 (cDC2 positive; cDC1 negative)		yes	exact match in Europe PMC full text		2026-09-28
EV00069		SOULCAP:SC000012|SOULCAP:SC000013	unreviewed	dendritic cell	CD1c		supports	"""In the blood, DC subtypes include CD11C+ conventional DCs (cDCs), consisting of either CD141+ or CD1C+ cells"""	28428369	10.1126/science.aah4573		Villani AC et al. 2017			atlas	proposed; PubMed publication type: Journal Article|Research Support, N.I.H., Extramural|Research Support, Non-U.S. Gov't (PMID 28428369)	archive/2026-09_literature_narratives/dc_markers.md	86	CD1c / BDCA-1 (cDC2 positive; cDC1 negative)		not_checked	PMC5775029: full text not available; not checked		2026-09-28
EV00070		SOULCAP:SC000012|SOULCAP:SC000013	unreviewed	dendritic cell	CD141		supports	"""DC1 corresponds to the cross-presenting CD141/BDCA-3+ cDC1, which is best marked by CLEC9A"""	28428369	10.1126/science.aah4573		Villani AC et al. 2017			atlas	proposed; PubMed publication type: Journal Article|Research Support, N.I.H., Extramural|Research Support, Non-U.S. Gov't (PMID 28428369)	archive/2026-09_literature_narratives/dc_markers.md	98	CD141 / BDCA-3 / Thrombomodulin (cDC1 positive marker; lo/− on cDC2)		not_checked	PMC5775029: full text not available; not checked		2026-09-28
EV00071		SOULCAP:SC000012|SOULCAP:SC000013	unreviewed	dendritic cell	CD141		supports	"""cDC1s can be best identified by expression of C-type lectin-like receptor (Clec)9A and cell adhesion molecule 1 (CADM1)...and also express high levels of CD141 and XCR1"""		10.3389/fimmu.2019.01088	PMC6532592	Rhodes JW et al. 2019			review	pubmed_publication_type: Journal Article|Research Support, Non-U.S. Gov't|Review (PMID 31156637)	archive/2026-09_literature_narratives/dc_markers.md	103	CD141 / BDCA-3 / Thrombomodulin (cDC1 positive marker; lo/− on cDC2)		no	not found in Europe PMC full text: cDC1s can be best identified by expression of C-type lectin-like receptor (Clec)9A and cell adhesion molecule 1 (CADM1) [first 10 of 119 chars match; then: 'be best identified by expressi']		2026-09-28
EV00072		SOULCAP:SC000012|SOULCAP:SC000013	unreviewed	dendritic cell	CD172a		supports	"""using CADM1 or XCR1 in combination with CD172a to separate cDC1s from cDC2s"""	27637149	10.1016/j.immuni.2016.08.057	PMC5040826	Guilliams M et al. 2016			atlas	proposed; PubMed publication type: Journal Article|Research Support, Non-U.S. Gov't (PMID 27637149)	archive/2026-09_literature_narratives/dc_markers.md	116	CD172a / SIRPα (ideal positive on cDC2; negative on cDC1)		yes	exact match in Europe PMC full text		2026-09-28
EV00073		SOULCAP:SC000012|SOULCAP:SC000013	unreviewed	dendritic cell	CD172a		supports	"""CD172ahiCD1chi cDC2s"""	27637149	10.1016/j.immuni.2016.08.057	PMC5040826	Guilliams M et al. 2016			atlas	proposed; PubMed publication type: Journal Article|Research Support, Non-U.S. Gov't (PMID 27637149)	archive/2026-09_literature_narratives/dc_markers.md	120	CD172a / SIRPα (ideal positive on cDC2; negative on cDC1)		yes	exact match in Europe PMC full text		2026-09-28
EV00074		SOULCAP:SC000012|SOULCAP:SC000013|SOULCAP:SC000014	unreviewed	dendritic cell	FceR1a		supports	"""CD1C+ DCs (DC2 and DC3) expressed unique markers (e.g. CD1C, CLEC10A, FCER1A, FCGR2B, and CD1D"""	28428369	10.1126/science.aah4573		Villani AC et al. 2017			atlas	proposed; PubMed publication type: Journal Article|Research Support, N.I.H., Extramural|Research Support, Non-U.S. Gov't (PMID 28428369)	archive/2026-09_literature_narratives/dc_markers.md	143	FceR1a / FCER1A (ideal positive on cDC2; also on basophils — see CD193)		not_checked	PMC5775029: full text not available; not checked		2026-09-28
EV00075		SOULCAP:SC000011|SOULCAP:SC000012|SOULCAP:SC000013|SOULCAP:SC000014	unreviewed	dendritic cell	CD123		supports	"""Conventional DCs (cDCs), also known as myeloid DCs, can be defined as CD11c+ CD123−"""		10.3389/fimmu.2019.01088	PMC6532592	Rhodes JW et al. 2019			review	pubmed_publication_type: Journal Article|Research Support, Non-U.S. Gov't|Review (PMID 31156637)	archive/2026-09_literature_narratives/dc_markers.md	162	CD123 / IL-3Rα (high on pDC; low/negative on cDC)		yes	exact match in Europe PMC full text		2026-09-28
EV00076		SOULCAP:SC000011|SOULCAP:SC000012|SOULCAP:SC000013|SOULCAP:SC000014	unreviewed	dendritic cell	CD123		supports	"""pDCs are CD11c− CD123+ cells best characterized for their type I interferon"""		10.3389/fimmu.2019.01088	PMC6532592	Rhodes JW et al. 2019			review	pubmed_publication_type: Journal Article|Research Support, Non-U.S. Gov't|Review (PMID 31156637)	archive/2026-09_literature_narratives/dc_markers.md	166	CD123 / IL-3Rα (high on pDC; low/negative on cDC)		no	not found in Europe PMC full text: pDCs are CD11c− CD123+ cells best characterized for their type I interferon [first 9 of 75 chars match; then: 'CD11c− CD123+ cells best chara']		2026-09-28
EV00077		SOULCAP:SC000011|SOULCAP:SC000012|SOULCAP:SC000013|SOULCAP:SC000014	unreviewed	dendritic cell	CD123		supports	"""Traditionally defined as CD123+ BDCA-2+ cells, pDCs have also been redefined by single-cell RNA sequencing"""		10.3389/fimmu.2019.01088	PMC6532592	Rhodes JW et al. 2019			review	pubmed_publication_type: Journal Article|Research Support, Non-U.S. Gov't|Review (PMID 31156637)	archive/2026-09_literature_narratives/dc_markers.md	170	CD123 / IL-3Rα (high on pDC; low/negative on cDC)		yes	exact match in Europe PMC full text		2026-09-28
EV00078		SOULCAP:SC000011|SOULCAP:SC000012|SOULCAP:SC000013|SOULCAP:SC000014	unreviewed	dendritic cell	CD123		supports	"""plasmacytoid DCs (pDCs), consisting of CD123+ cells"""	28428369	10.1126/science.aah4573		Villani AC et al. 2017			atlas	proposed; PubMed publication type: Journal Article|Research Support, N.I.H., Extramural|Research Support, Non-U.S. Gov't (PMID 28428369)	archive/2026-09_literature_narratives/dc_markers.md	175	CD123 / IL-3Rα (high on pDC; low/negative on cDC)		not_checked	PMC5775029: full text not available; not checked		2026-09-28
EV00079		SOULCAP:SC000011|SOULCAP:SC000012|SOULCAP:SC000013|SOULCAP:SC000014	unreviewed	dendritic cell	CD303		supports	"""pDCs (e.g. IL3RA/CD123, CLEC4C/CD303)"""	28428369	10.1126/science.aah4573		Villani AC et al. 2017			atlas	proposed; PubMed publication type: Journal Article|Research Support, N.I.H., Extramural|Research Support, Non-U.S. Gov't (PMID 28428369)	archive/2026-09_literature_narratives/dc_markers.md	187	CD303 / BDCA-2 / CLEC4C (pDC marker)		not_checked	PMC5775029: full text not available; not checked		2026-09-28
EV00080		SOULCAP:SC000011|SOULCAP:SC000012|SOULCAP:SC000013|SOULCAP:SC000014	unreviewed	dendritic cell	CD303		supports	"""Traditionally defined as CD123+ BDCA-2+ cells, pDCs"""		10.3389/fimmu.2019.01088	PMC6532592	Rhodes JW et al. 2019			review	pubmed_publication_type: Journal Article|Research Support, Non-U.S. Gov't|Review (PMID 31156637)	archive/2026-09_literature_narratives/dc_markers.md	191	CD303 / BDCA-2 / CLEC4C (pDC marker)		yes	exact match in Europe PMC full text		2026-09-28
EV00081		SOULCAP:SC000011|SOULCAP:SC000012|SOULCAP:SC000013|SOULCAP:SC000014	unreviewed	dendritic cell	CD303		supports	"""CD123hiCD303hi (human) pDCs"""	27637149	10.1016/j.immuni.2016.08.057	PMC5040826	Guilliams M et al. 2016			atlas	proposed; PubMed publication type: Journal Article|Research Support, Non-U.S. Gov't (PMID 27637149)	archive/2026-09_literature_narratives/dc_markers.md	195	CD303 / BDCA-2 / CLEC4C (pDC marker)		yes	exact match in Europe PMC full text		2026-09-28
EV00082		SOULCAP:SC000011|SOULCAP:SC000012|SOULCAP:SC000013	unreviewed	dendritic cell	CD64		supports	"""In human and macaque, CD64 cannot be used, as cDCs also express some CD64."""	27637149	10.1016/j.immuni.2016.08.057	PMC5040826	Guilliams M et al. 2016			atlas	proposed; PubMed publication type: Journal Article|Research Support, Non-U.S. Gov't (PMID 27637149)	archive/2026-09_literature_narratives/dc_markers.md	234	CD64 / FcγRI / FCGR1A (optional positive for cDC; shared with macrophages)		exact_except_trailing_punctuation	exact apart from trailing punctuation (the paper likely has a reference marker or different ending there): In human and macaque, CD64 cannot be used, as cDCs also express some CD64.		2026-09-28
EV00083		SOULCAP:SC000011|SOULCAP:SC000012|SOULCAP:SC000013	unreviewed	dendritic cell	CD64		supports	"""CD64 is highly expressed on Macs"""	27637149	10.1016/j.immuni.2016.08.057	PMC5040826	Guilliams M et al. 2016			atlas	proposed; PubMed publication type: Journal Article|Research Support, Non-U.S. Gov't (PMID 27637149)	archive/2026-09_literature_narratives/dc_markers.md	238	CD64 / FcγRI / FCGR1A (optional positive for cDC; shared with macrophages)		yes	exact match in Europe PMC full text		2026-09-28
EV00084		SOULCAP:SC000011|SOULCAP:SC000012|SOULCAP:SC000013|SOULCAP:SC000014	unreviewed	dendritic cell	CD14		supports	"""DCs were defined as live, LIN(CD3, CD19, CD56)−CD14−HLA-DR+ cells."""	28428369	10.1126/science.aah4573		Villani AC et al. 2017			atlas	proposed; PubMed publication type: Journal Article|Research Support, N.I.H., Extramural|Research Support, Non-U.S. Gov't (PMID 28428369)	archive/2026-09_literature_narratives/dc_markers.md	256	CD14 and CD16 (exclusion markers on cDC and pDC gates)		not_checked	PMC5775029: full text not available; not checked		2026-09-28
EV00085		SOULCAP:SC000011|SOULCAP:SC000012|SOULCAP:SC000013|SOULCAP:SC000014	unreviewed	dendritic cell	CD14		supports	"""CD14loCD16lo in human and macaque"""	27637149	10.1016/j.immuni.2016.08.057	PMC5040826	Guilliams M et al. 2016			atlas	proposed; PubMed publication type: Journal Article|Research Support, Non-U.S. Gov't (PMID 27637149)	archive/2026-09_literature_narratives/dc_markers.md	260	CD14 and CD16 (exclusion markers on cDC and pDC gates)		yes	exact match in Europe PMC full text		2026-09-28
EV00086		SOULCAP:SC000011|SOULCAP:SC000012|SOULCAP:SC000013|SOULCAP:SC000014	unreviewed	dendritic cell	CD16		supports	"""The DC4 cluster mapped to the CD141−CD1C− population and was accurately delineated by FCGR3A/CD16."""	28428369	10.1126/science.aah4573		Villani AC et al. 2017			atlas	proposed; PubMed publication type: Journal Article|Research Support, N.I.H., Extramural|Research Support, Non-U.S. Gov't (PMID 28428369)	archive/2026-09_literature_narratives/dc_markers.md	269	CD14 and CD16 (exclusion markers on cDC and pDC gates)		not_checked	PMC5775029: full text not available; not checked		2026-09-28
EV00087		SOULCAP:SC000011|SOULCAP:SC000012|SOULCAP:SC000013|SOULCAP:SC000014	unreviewed	dendritic cell	CD3		supports	"""DCs were defined as live, LIN(CD3, CD19, CD56)−CD14−HLA-DR+ cells."""	28428369	10.1126/science.aah4573		Villani AC et al. 2017			atlas	proposed; PubMed publication type: Journal Article|Research Support, N.I.H., Extramural|Research Support, Non-U.S. Gov't (PMID 28428369)	archive/2026-09_literature_narratives/dc_markers.md	286	CD3 / CD19 / CD56 / CD127 (lineage exclusion panel)		not_checked	PMC5775029: full text not available; not checked		2026-09-28
EV00088		SOULCAP:SC000054|SOULCAP:SC000055|SOULCAP:SC000056|SOULCAP:SC000057|SOULCAP:SC000058|SOULCAP:SC000061|SOULCAP:SC000070|SOULCAP:SC000071|SOULCAP:SC000072|SOULCAP:SC000073|SOULCAP:SC000122|SOULCAP:SC000123|SOULCAP:SC000124|SOULCAP:SC000125|SOULCAP:SC000126|SOULCAP:SC000127	unreviewed	gamma-delta T cell	CD3		supports	"""Cytobank 5.0 was used (following quality control and data scaling) to gate live/CD3+/γδ TCR+ cells."""	35193613	10.1186/s12979-022-00269-w	PMC8862246	Karunathilaka et al. 2022			sorting_paper	proposed; PubMed publication type: Journal Article (PMID 35193613)	archive/2026-09_literature_narratives/gdt_mait_markers.md	13	CD3 and TCRγδ (required — pan-γδ T cell markers)		no	not found in Europe PMC full text: Cytobank 5.0 was used (following quality control and data scaling) to gate live/CD3+/γδ TCR+ cells. [first 13 of 99 chars match; then: 'was used (following quality co']		2026-09-28
EV00089		SOULCAP:SC000122	unreviewed	gamma-delta T cell	TCR Vδ2		supports	"""Vδ2 cells comprise 50–90% of γδ T cells in the circulation and are both effectors and antigen-presenting cells (APCs)."""	35193613	10.1186/s12979-022-00269-w	PMC8862246	Karunathilaka et al. 2022			sorting_paper	proposed; PubMed publication type: Journal Article (PMID 35193613)	archive/2026-09_literature_narratives/gdt_mait_markers.md	40	TCR Vδ2 / TRDV2 (major peripheral blood γδ subset marker)		yes	exact match in Europe PMC full text		2026-09-28
EV00090		SOULCAP:SC000122	unreviewed	gamma-delta T cell	TCR Vδ2		supports	"""The most abundant T cell subtype in human peripheral blood is the Vδ2+ T cell."""	42344895	10.3389/fimmu.2026.1827307	PMC13286967	Wang et al. 2026			review	pubmed_publication_type: Journal Article|Review (PMID 42344895)	archive/2026-09_literature_narratives/gdt_mait_markers.md	43	TCR Vδ2 / TRDV2 (major peripheral blood γδ subset marker)		yes	exact match in Europe PMC full text		2026-09-28
EV00091		SOULCAP:SC000122	unreviewed	gamma-delta T cell	TCR Vδ2		supports	"""It accounts for approximately 50% to 95% of total γδ T cells"""	42344895	10.3389/fimmu.2026.1827307	PMC13286967	Wang et al. 2026			review	pubmed_publication_type: Journal Article|Review (PMID 42344895)	archive/2026-09_literature_narratives/gdt_mait_markers.md	46	TCR Vδ2 / TRDV2 (major peripheral blood γδ subset marker)		yes	exact match in Europe PMC full text		2026-09-28
EV00092		SOULCAP:SC000122	unreviewed	gamma-delta T cell	TCR Vδ2		supports	"""Vδ2+ T cells, represented by Vγ9Vδ2 T cells, the dominant circulating subset in humans"""	40746558	10.3389/fimmu.2025.1618393	PMC12310680	Laub et al. 2025			review	pubmed_publication_type: Journal Article|Review (PMID 40746558)	archive/2026-09_literature_narratives/gdt_mait_markers.md	49	TCR Vδ2 / TRDV2 (major peripheral blood γδ subset marker)		yes	exact match in Europe PMC full text		2026-09-28
EV00093		SOULCAP:SC000122	unreviewed	gamma-delta T cell	TCR Vδ2		supports	"""Vδ1− cells are likely to be the predominant Vδ2+ in circulation"""	35193613	10.1186/s12979-022-00269-w	PMC8862246	Karunathilaka et al. 2022			sorting_paper	proposed; PubMed publication type: Journal Article (PMID 35193613)	archive/2026-09_literature_narratives/gdt_mait_markers.md	52	TCR Vδ2 / TRDV2 (major peripheral blood γδ subset marker)		yes	exact match in Europe PMC full text		2026-09-28
EV00094		SOULCAP:SC000122	unreviewed	gamma-delta T cell	TCR Vγ9		supports	"""Most predominantly, it pairs with the Vγ9 chain forming a functional heterodimer, Therefore, this cell is also known as Vγ9Vδ2 T cell"""	42344895	10.3389/fimmu.2026.1827307	PMC13286967	Wang et al. 2026			review	pubmed_publication_type: Journal Article|Review (PMID 42344895)	archive/2026-09_literature_narratives/gdt_mait_markers.md	61	TCR Vγ9 / TRGV9 (paired with Vδ2 in the dominant peripheral blood subset)		yes	exact match in Europe PMC full text		2026-09-28
EV00095		SOULCAP:SC000122	unreviewed	gamma-delta T cell	TCR Vγ9		supports	"""Vδ2+ γδ T cells, the dominant circulating subset in humans, are activated by non-peptidic phosphorylated intermediates of the mevalonate pathway."""	40746558	10.3389/fimmu.2025.1618393	PMC12310680	Laub et al. 2025			review	pubmed_publication_type: Journal Article|Review (PMID 40746558)	archive/2026-09_literature_narratives/gdt_mait_markers.md	64	TCR Vγ9 / TRGV9 (paired with Vδ2 in the dominant peripheral blood subset)		no	not found in Europe PMC full text: Vδ2+ γδ T cells, the dominant circulating subset in humans, are activated by non-peptidic phosphorylated intermediates of the mevalonate pathway. [first 17 of 145 chars match; then: 'the dominant circulating subse']		2026-09-28
EV00096		SOULCAP:SC000123	unreviewed	gamma-delta T cell	TCR Vδ1		supports	"""Vδ1+ T cells are mainly found in the mucosal tissues (intestinal tissues) and epithelial tissues (such as skin)"""	42344895	10.3389/fimmu.2026.1827307	PMC13286967	Wang et al. 2026			review	pubmed_publication_type: Journal Article|Review (PMID 42344895)	archive/2026-09_literature_narratives/gdt_mait_markers.md	73	TCR Vδ1 / TRDV1 (tissue-resident subset; paired with various Vγ chains)		yes	exact match in Europe PMC full text		2026-09-28
EV00097		SOULCAP:SC000123	unreviewed	gamma-delta T cell	TCR Vδ1		supports	"""Vδ1+ T cells are the primary tissue-resident γδ T cell subset"""	42344895	10.3389/fimmu.2026.1827307	PMC13286967	Wang et al. 2026			review	pubmed_publication_type: Journal Article|Review (PMID 42344895)	archive/2026-09_literature_narratives/gdt_mait_markers.md	76	TCR Vδ1 / TRDV1 (tissue-resident subset; paired with various Vγ chains)		no	not found in Europe PMC full text: Vδ1+ T cells are the primary tissue-resident γδ T cell subset [first 21 of 61 chars match; then: 'primary tissue-resident γδ T c']		2026-09-28
EV00098		SOULCAP:SC000123	unreviewed	gamma-delta T cell	TCR Vδ1		supports	"""The Vδ1 chain can pair with multiple γ chains (e.g., Vγ2, Vγ3, Vγ4)"""	42344895	10.3389/fimmu.2026.1827307	PMC13286967	Wang et al. 2026			review	pubmed_publication_type: Journal Article|Review (PMID 42344895)	archive/2026-09_literature_narratives/gdt_mait_markers.md	79	TCR Vδ1 / TRDV1 (tissue-resident subset; paired with various Vγ chains)		yes	exact match in Europe PMC full text		2026-09-28
EV00099		SOULCAP:SC000123	unreviewed	gamma-delta T cell	TCR Vδ1		supports	"""Vδ1+ cells maintain a predominant population of TEM/TEMRA γδ T cells"""	35193613	10.1186/s12979-022-00269-w	PMC8862246	Karunathilaka et al. 2022			sorting_paper	proposed; PubMed publication type: Journal Article (PMID 35193613)	archive/2026-09_literature_narratives/gdt_mait_markers.md	82	TCR Vδ1 / TRDV1 (tissue-resident subset; paired with various Vγ chains)		no	not found in Europe PMC full text: Vδ1+ cells maintain a predominant population of TEM/TEMRA γδ T cells [first 11 of 68 chars match; then: 'maintain a predominant populat']		2026-09-28
EV00100		SOULCAP:SC000123	unreviewed	gamma-delta T cell	TCR Vδ1		supports	"""Vδ1+ and Vδ1− (as a percentage of γδ T cells) of 30.6% (± SD 27%) and 69.2% (± SD 27%) respectively."""	35193613	10.1186/s12979-022-00269-w	PMC8862246	Karunathilaka et al. 2022			sorting_paper	proposed; PubMed publication type: Journal Article (PMID 35193613)	archive/2026-09_literature_narratives/gdt_mait_markers.md	85	TCR Vδ1 / TRDV1 (tissue-resident subset; paired with various Vγ chains)		no	not found in Europe PMC full text: Vδ1+ and Vδ1− (as a percentage of γδ T cells) of 30.6% (± SD 27%) and 69.2% (± SD 27%) respectively. [first 49 of 100 chars match; then: '30.6% (± SD 27%) and 69.2% (± ']		2026-09-28
EV00101			none_found	gamma-delta T cell	CD161		supports	"""γδ T cells were divided into two populations based on Vδ1 expression. Each population was subgated based on CD45RA and CD27 expression to differentiate naïve and memory cells and then gated based on CD161, CD4 and CD8 expression."""	35193613	10.1186/s12979-022-00269-w	PMC8862246	Karunathilaka et al. 2022			sorting_paper	proposed; PubMed publication type: Journal Article (PMID 35193613)	archive/2026-09_literature_narratives/gdt_mait_markers.md	94	CD161 (NKR-P1 / KLRB1 — used to define CD161+ γδ T cell subsets)		no	not found in Europe PMC full text: γδ T cells were divided into two populations based on Vδ1 expression. Each population was subgated based on CD45RA and CD27 expression to differentiate naïve and memory cells and then gated based on CD161, CD4 and CD8 expression. [first 217 of 229 chars match; then: ' expression.']		2026-09-28
EV00102			none_found	gamma-delta T cell	CD161		supports	"""Comparison of CD161 expression between naïve and memory Vδ1+ and Vδ1− populations revealed a significant difference in both TEM cells and TCM cells (p < 0.0001), with Vδ1− cells having the highest surface expression of CD161."""	35193613	10.1186/s12979-022-00269-w	PMC8862246	Karunathilaka et al. 2022			sorting_paper	proposed; PubMed publication type: Journal Article (PMID 35193613)	archive/2026-09_literature_narratives/gdt_mait_markers.md	97	CD161 (NKR-P1 / KLRB1 — used to define CD161+ γδ T cell subsets)		no	not found in Europe PMC full text: Comparison of CD161 expression between naïve and memory Vδ1+ and Vδ1− populations revealed a significant difference in both TEM cells and TCM cells (p < 0.0001), with Vδ1− cells having the highest surface expression of CD161. [first 69 of 225 chars match; then: ' populations revealed a signif']		2026-09-28
EV00103			none_found	gamma-delta T cell	CD161		supports	"""Both methods show CD161 as a primary differentiating phenotypic marker for Vδ cell subsets."""	35193613	10.1186/s12979-022-00269-w	PMC8862246	Karunathilaka et al. 2022			sorting_paper	proposed; PubMed publication type: Journal Article (PMID 35193613)	archive/2026-09_literature_narratives/gdt_mait_markers.md	100	CD161 (NKR-P1 / KLRB1 — used to define CD161+ γδ T cell subsets)		yes	exact match in Europe PMC full text		2026-09-28
EV00104			none_found	gamma-delta T cell	CD161		supports	"""Overall, the pattern of marker expression on the eight clusters show that CD161 plays a central role in the differentiation of γδ T cell subtypes."""	35193613	10.1186/s12979-022-00269-w	PMC8862246	Karunathilaka et al. 2022			sorting_paper	proposed; PubMed publication type: Journal Article (PMID 35193613)	archive/2026-09_literature_narratives/gdt_mait_markers.md	103	CD161 (NKR-P1 / KLRB1 — used to define CD161+ γδ T cell subsets)		no	not found in Europe PMC full text: Overall, the pattern of marker expression on the eight clusters show that CD161 plays a central role in the differentiation of γδ T cell subtypes. [first 63 of 146 chars match; then: ' show that CD161 plays a centr']		2026-09-28
EV00105			none_found	gamma-delta T cell	CD161		supports	"""CD161 expression on γδ T cells is associated with enhanced IFN-γ and IL-17 production and enhanced endothelial transmigration."""	35193613	10.1186/s12979-022-00269-w	PMC8862246	Karunathilaka et al. 2022			sorting_paper	proposed; PubMed publication type: Journal Article (PMID 35193613)	archive/2026-09_literature_narratives/gdt_mait_markers.md	106	CD161 (NKR-P1 / KLRB1 — used to define CD161+ γδ T cell subsets)		no	not found in Europe PMC full text: CD161 expression on γδ T cells is associated with enhanced IFN-γ and IL-17 production and enhanced endothelial transmigration. [first 75 of 126 chars match; then: 'production and enhanced endoth']		2026-09-28
EV00106			none_found	gamma-delta T cell	CD161		supports	"""CD161 is a C-type lectin-like membrane receptor expressed at high levels on NK, NKT, Th17, Mucosa Associated Invariant T cells (MAITs), non-MAIT CD8+, tissue-resident memory cells (TRMs)."""	35193613	10.1186/s12979-022-00269-w	PMC8862246	Karunathilaka et al. 2022			sorting_paper	proposed; PubMed publication type: Journal Article (PMID 35193613)	archive/2026-09_literature_narratives/gdt_mait_markers.md	109	CD161 (NKR-P1 / KLRB1 — used to define CD161+ γδ T cell subsets)		exact_except_trailing_punctuation	exact apart from trailing punctuation (the paper likely has a reference marker or different ending there): CD161 is a C-type lectin-like membrane receptor expressed at high levels on NK, NKT, Th17, Mucosa Associated Invariant T cells (MAITs), non-MAIT CD8+, tissue-resident memory cells (TRMs).		2026-09-28
EV00107		SOULCAP:SC000074	unreviewed	MAIT cell	CD3		supports	"""demonstrated the flow cytometry using CD3, CD4, CD8, TCRβ, MR1 tetramer"""	41804231	10.1111/cpr.70194	PMC13325667	Cai et al. 2026			application_study	curator (Alex, 2026-09-28): application_study; PubMed publication type: Journal Article (PMID 41804231)	archive/2026-09_literature_narratives/gdt_mait_markers.md	123	CD3 and TCRαβ (required positive — MAIT cells are αβ T cells)		yes	exact match in Europe PMC full text		2026-09-28
EV00108		SOULCAP:SC000074	unreviewed	MAIT cell	TCR Vα7.2		supports	"""the semi-invariant conserved MAIT TCR predominantly utilizes TRAV1-2 (Vα7.2 in humans)"""	40746558	10.3389/fimmu.2025.1618393	PMC12310680	Laub et al. 2025			review	pubmed_publication_type: Journal Article|Review (PMID 40746558)	archive/2026-09_literature_narratives/gdt_mait_markers.md	135	TCR Vα7.2 / TRAV1-2 (required — invariant α-chain of MAIT TCR)		yes	exact match in Europe PMC full text		2026-09-28
EV00109		SOULCAP:SC000074	unreviewed	MAIT cell	TCR Vα7.2		supports	"""their semi-invariant TCR typically comprises a concrete TCRα chain (encoded by *TRAV1-2/TRAJ33* genes)"""	42433370	10.3389/fimmu.2026.1852383	PMC13349841	García-Escribano et al. 2026			application_study	curator (Alex, 2026-09-28): application_study; PubMed publication type: Journal Article (PMID 42433370)	archive/2026-09_literature_narratives/gdt_mait_markers.md	138	TCR Vα7.2 / TRAV1-2 (required — invariant α-chain of MAIT TCR)		yes	exact match in Europe PMC full text		2026-09-28
EV00110		SOULCAP:SC000074	unreviewed	MAIT cell	TCR Vα7.2		supports	"""In humans, the majority of MAIT cells are defined as CD8+CD161+Vα7.2+ T cells"""	42433370	10.3389/fimmu.2026.1852383	PMC13349841	García-Escribano et al. 2026			application_study	curator (Alex, 2026-09-28): application_study; PubMed publication type: Journal Article (PMID 42433370)	archive/2026-09_literature_narratives/gdt_mait_markers.md	141	TCR Vα7.2 / TRAV1-2 (required — invariant α-chain of MAIT TCR)		yes	exact match in Europe PMC full text		2026-09-28
EV00111		SOULCAP:SC000074	unreviewed	MAIT cell	TCR Vα7.2		supports	"""Circulating MAIT cells from healthy donors can be identified using surrogate set of markers TCRVα7.2+ CD161+ (and/or CD26+)."""	41511352	10.3390/cells15010069	PMC12785784	Azad et al. 2025			review	pubmed_publication_type: Journal Article|Review (PMID 41511352)	archive/2026-09_literature_narratives/gdt_mait_markers.md	144	TCR Vα7.2 / TRAV1-2 (required — invariant α-chain of MAIT TCR)		yes	exact match in Europe PMC full text		2026-09-28
EV00112		SOULCAP:SC000074	unreviewed	MAIT cell	TCR Vα7.2		supports	"""Using TCR Vα7.2 and CD161, we identified MAIT cells in human liver tissues"""	41804231	10.1111/cpr.70194	PMC13325667	Cai et al. 2026			application_study	curator (Alex, 2026-09-28): application_study; PubMed publication type: Journal Article (PMID 41804231)	archive/2026-09_literature_narratives/gdt_mait_markers.md	147	TCR Vα7.2 / TRAV1-2 (required — invariant α-chain of MAIT TCR)		yes	exact match in Europe PMC full text		2026-09-28
EV00113		SOULCAP:SC000074	unreviewed	MAIT cell	CD161		supports	"""Human MAIT cells were gated as Zombie−CD14−CD19−CD8α+CD161+Vα7.2+ cells"""	42433370	10.3389/fimmu.2026.1852383	PMC13349841	García-Escribano et al. 2026			application_study	curator (Alex, 2026-09-28): application_study; PubMed publication type: Journal Article (PMID 42433370)	archive/2026-09_literature_narratives/gdt_mait_markers.md	156	CD161 (required positive — pan-MAIT marker; co-expressed with Vα7.2)		yes	exact match in Europe PMC full text		2026-09-28
EV00114		SOULCAP:SC000074	unreviewed	MAIT cell	CD161		supports	"""Gene transcriptomic analysis has identified MAIT cell-specific markers, including TRAV1-2+ TCR, CD161, PLZF, and IL-18Rα"""	40746558	10.3389/fimmu.2025.1618393	PMC12310680	Laub et al. 2025			review	pubmed_publication_type: Journal Article|Review (PMID 40746558)	archive/2026-09_literature_narratives/gdt_mait_markers.md	159	CD161 (required positive — pan-MAIT marker; co-expressed with Vα7.2)		yes	exact match in Europe PMC full text		2026-09-28
EV00115		SOULCAP:SC000074	unreviewed	MAIT cell	CD161		supports	"""Surrogate markers, especially CD161 may lead to the inconsistent identification of MAIT cells, as CD161 can be downregulated in activation."""	41511352	10.3390/cells15010069	PMC12785784	Azad et al. 2025			review	pubmed_publication_type: Journal Article|Review (PMID 41511352)	archive/2026-09_literature_narratives/gdt_mait_markers.md	162	CD161 (required positive — pan-MAIT marker; co-expressed with Vα7.2)		exact_except_trailing_punctuation	exact apart from trailing punctuation (the paper likely has a reference marker or different ending there): Surrogate markers, especially CD161 may lead to the inconsistent identification of MAIT cells, as CD161 can be downregulated in activation.		2026-09-28
EV00116		SOULCAP:SC000074	unreviewed	MAIT cell	CD161		supports	"""annotated cluster 2 into MAIT according to the high expression of KLRB1, SLC4A10, ZBTB16, RORA, and RORC"""	41804231	10.1111/cpr.70194	PMC13325667	Cai et al. 2026			application_study	curator (Alex, 2026-09-28): application_study; PubMed publication type: Journal Article (PMID 41804231)	archive/2026-09_literature_narratives/gdt_mait_markers.md	165	CD161 (required positive — pan-MAIT marker; co-expressed with Vα7.2)		yes	exact match in Europe PMC full text		2026-09-28
EV00117		SOULCAP:SC000074	unreviewed	MAIT cell	MR1 Tetramer		supports	"""The most specific method of identifying MAIT cells is by using MR1-5-OP-RU tetramers in flow cytometry."""	41511352	10.3390/cells15010069	PMC12785784	Azad et al. 2025			review	pubmed_publication_type: Journal Article|Review (PMID 41511352)	archive/2026-09_literature_narratives/gdt_mait_markers.md	174	MR1 Tetramer (alternative MAIT identification; more specific than Vα7.2 alone)		exact_except_trailing_punctuation	exact apart from trailing punctuation (the paper likely has a reference marker or different ending there): The most specific method of identifying MAIT cells is by using MR1-5-OP-RU tetramers in flow cytometry.		2026-09-28
EV00118		SOULCAP:SC000074	unreviewed	MAIT cell	MR1 Tetramer		supports	"""MAIT cells were isolated from PBMCs using a 5-OP-RU-loaded PE-conjugated MR1 tetramer"""	42433370	10.3389/fimmu.2026.1852383	PMC13349841	García-Escribano et al. 2026			application_study	curator (Alex, 2026-09-28): application_study; PubMed publication type: Journal Article (PMID 42433370)	archive/2026-09_literature_narratives/gdt_mait_markers.md	177	MR1 Tetramer (alternative MAIT identification; more specific than Vα7.2 alone)		yes	exact match in Europe PMC full text		2026-09-28
EV00119		SOULCAP:SC000074	unreviewed	MAIT cell	MR1 Tetramer		supports	"""performed longitudinal monitoring of circulating MAIT cells using MR1‐tetramer staining"""	41804231	10.1111/cpr.70194	PMC13325667	Cai et al. 2026			application_study	curator (Alex, 2026-09-28): application_study; PubMed publication type: Journal Article (PMID 41804231)	archive/2026-09_literature_narratives/gdt_mait_markers.md	180	MR1 Tetramer (alternative MAIT identification; more specific than Vα7.2 alone)		yes	exact match in Europe PMC full text		2026-09-28
EV00120		SOULCAP:SC000074	unreviewed	MAIT cell	MR1 Tetramer		supports	"""The MAIT cell TCR recognizes a series of MR1-binding ligands which includes endogenous bile acids, drug molecules, folate, and riboflavin derivatives"""	41511352	10.3390/cells15010069	PMC12785784	Azad et al. 2025			review	pubmed_publication_type: Journal Article|Review (PMID 41511352)	archive/2026-09_literature_narratives/gdt_mait_markers.md	183	MR1 Tetramer (alternative MAIT identification; more specific than Vα7.2 alone)		yes	exact match in Europe PMC full text		2026-09-28
EV00121		SOULCAP:SC000006|SOULCAP:SC000007|SOULCAP:SC000008|SOULCAP:SC000009|SOULCAP:SC000010	unreviewed	innate lymphoid cell	CD127		supports	"""total ILCs being defined as LIN− CD45+ CD127+"""	31586075	10.1038/s41598-019-50308-8	PMC6778123	Bonne-Année, Bush & Nutman 2019			application_study	curator (Alex, 2026-09-28): application_study; PubMed publication type: Journal Article (PMID 31586075)	archive/2026-09_literature_narratives/ilc_markers.md	19	CD127 / IL-7Rα (required positive — pan-ILC marker)		yes	exact match in Europe PMC full text		2026-09-28
EV00122		SOULCAP:SC000006|SOULCAP:SC000007|SOULCAP:SC000008|SOULCAP:SC000009|SOULCAP:SC000010	unreviewed	innate lymphoid cell	CD127		supports	"""By first gating on the total ILC population (defined as single cells that were CD45+ Lin-CD127+), these cells could then be divided into their respective ILC subsets"""	31586075	10.1038/s41598-019-50308-8	PMC6778123	Bonne-Année, Bush & Nutman 2019			application_study	curator (Alex, 2026-09-28): application_study; PubMed publication type: Journal Article (PMID 31586075)	archive/2026-09_literature_narratives/ilc_markers.md	22	CD127 / IL-7Rα (required positive — pan-ILC marker)		yes	exact match in Europe PMC full text		2026-09-28
EV00123		SOULCAP:SC000006|SOULCAP:SC000007|SOULCAP:SC000008|SOULCAP:SC000009|SOULCAP:SC000010	unreviewed	innate lymphoid cell	CD127		supports	"""CD45+Lin–CD3–CD161+CD127+ cells and are subdivided into 3 subsets, namely, group 1 ILCs (ILC1s) (CD117–CRTH2–), group 2 ILCs (ILC2s) (CRTH2+), and group 3 ILCs (ILC3s) (CD117+CRTH2–)."""	34363841	10.1016/j.jaci.2021.07.025	PMC9130781	Alkon et al 2022			application_study	curator (Alex, 2026-09-28): application_study; PubMed publication type: Journal Article|Research Support, Non-U.S. Gov't (PMID 34363841)	archive/2026-09_literature_narratives/ilc_markers.md	25	CD127 / IL-7Rα (required positive — pan-ILC marker)		yes	exact match in Europe PMC full text		2026-09-28
EV00124		SOULCAP:SC000006|SOULCAP:SC000007|SOULCAP:SC000008|SOULCAP:SC000009|SOULCAP:SC000010	unreviewed	innate lymphoid cell	CD127		supports	"""characterized by the expression of the pan‐ILC markers CD127, CD161, and CD200R1"""	33300130	10.1002/eji.202048696	PMC8248192	Krabbendam et al 2021			application_study	curator (Alex, 2026-09-28): application_study; PubMed publication type: Journal Article|Research Support, Non-U.S. Gov't (PMID 33300130)	archive/2026-09_literature_narratives/ilc_markers.md	28	CD127 / IL-7Rα (required positive — pan-ILC marker)		yes	exact match in Europe PMC full text		2026-09-28
EV00125		SOULCAP:SC000006|SOULCAP:SC000007|SOULCAP:SC000008|SOULCAP:SC000009|SOULCAP:SC000010	unreviewed	innate lymphoid cell	CD127		supports	"""The population positive for CD7, CD45, CD127 and CD161 and negative for LIN2 was separated and divided into CRTH2 positive/NKp46 negative and CRTH2 negative/NKp46 positive."""		10.3389/fimmu.2025.1568875	PMC12187685	Bento et al 2025			sorting_paper	proposed; PubMed publication type: Journal Article (PMID 40568578)	archive/2026-09_literature_narratives/ilc_markers.md	31	CD127 / IL-7Rα (required positive — pan-ILC marker)		exact_except_trailing_punctuation	exact apart from trailing punctuation (the paper likely has a reference marker or different ending there): The population positive for CD7, CD45, CD127 and CD161 and negative for LIN2 was separated and divided into CRTH2 positive/NKp46 negative and CRTH2 negative/NKp46 positive.		2026-09-28
EV00126		SOULCAP:SC000006|SOULCAP:SC000007|SOULCAP:SC000008|SOULCAP:SC000009|SOULCAP:SC000010	unreviewed	innate lymphoid cell	CD3		supports	"""We gated for lymphocytes, excluded doublets and dead cells and selected CD45+CD3− cells"""	33300130	10.1002/eji.202048696	PMC8248192	Krabbendam et al 2021			application_study	curator (Alex, 2026-09-28): application_study; PubMed publication type: Journal Article|Research Support, Non-U.S. Gov't (PMID 33300130)	archive/2026-09_literature_narratives/ilc_markers.md	40	CD3 (required exclusion — separates ILC from T cells)		yes	exact match in Europe PMC full text		2026-09-28
EV00127		SOULCAP:SC000006|SOULCAP:SC000007|SOULCAP:SC000008|SOULCAP:SC000009|SOULCAP:SC000010	unreviewed	innate lymphoid cell	CD3		supports	"""CD45+Lin–CD3–CD161+CD127+ cells termed ILCs"""	34363841	10.1016/j.jaci.2021.07.025	PMC9130781	Alkon et al 2022			application_study	curator (Alex, 2026-09-28): application_study; PubMed publication type: Journal Article|Research Support, Non-U.S. Gov't (PMID 34363841)	archive/2026-09_literature_narratives/ilc_markers.md	43	CD3 (required exclusion — separates ILC from T cells)		no	not found in Europe PMC full text: CD45+Lin–CD3–CD161+CD127+ cells termed ILCs [first 32 of 43 chars match; then: 'termed ILCs']		2026-09-28
EV00128		SOULCAP:SC000006|SOULCAP:SC000007|SOULCAP:SC000008|SOULCAP:SC000009|SOULCAP:SC000010	unreviewed	innate lymphoid cell	CD3		supports	"""CD3− cells were selected for lineage marker negative (Lin−) status using antibodies against CD3, CD4, TCRαβ, and TCRγδ (T cells), CD19 (B cells) CD14 (monocytes)"""	33300130	10.1002/eji.202048696	PMC8248192	Krabbendam et al 2021			application_study	curator (Alex, 2026-09-28): application_study; PubMed publication type: Journal Article|Research Support, Non-U.S. Gov't (PMID 33300130)	archive/2026-09_literature_narratives/ilc_markers.md	46	CD3 (required exclusion — separates ILC from T cells)		no	not found in Europe PMC full text: CD3− cells were selected for lineage marker negative (Lin−) status using antibodies against CD3, CD4, TCRαβ, and TCRγδ (T cells), CD19 (B cells) CD14 (monocytes) [first 11 of 161 chars match; then: 'were selected for lineage mark']	EV00256	2026-09-28
EV00129			none_found	innate lymphoid cell	CD161		supports	"""CD45+Lin–CD127+CD161+ cells (ie, bona fide ILCs)"""	34363841	10.1016/j.jaci.2021.07.025	PMC9130781	Alkon et al 2022			application_study	curator (Alex, 2026-09-28): application_study; PubMed publication type: Journal Article|Research Support, Non-U.S. Gov't (PMID 34363841)	archive/2026-09_literature_narratives/ilc_markers.md	55	CD161 (NKR-P1; common ILC co-marker)		no	not found in Europe PMC full text: CD45+Lin–CD127+CD161+ cells (ie, bona fide ILCs) [first 28 of 48 chars match; then: '(ie, bona fide ILCs)']	EV00257	2026-09-28
EV00130			none_found	innate lymphoid cell	CD161		supports	"""Within the Lin−CD127+ population, conventional ILCs expressed CD161 but not CD94"""	33300130	10.1002/eji.202048696	PMC8248192	Krabbendam et al 2021			application_study	curator (Alex, 2026-09-28): application_study; PubMed publication type: Journal Article|Research Support, Non-U.S. Gov't (PMID 33300130)	archive/2026-09_literature_narratives/ilc_markers.md	58	CD161 (NKR-P1; common ILC co-marker)		yes	exact match in Europe PMC full text		2026-09-28
EV00131			none_found	innate lymphoid cell	CD161		supports	"""CD161, which is known to be present on NK cells, NKT cells, and T cells, is also expressed by human ILCs."""	34363841	10.1016/j.jaci.2021.07.025	PMC9130781	Alkon et al 2022			application_study	curator (Alex, 2026-09-28): application_study; PubMed publication type: Journal Article|Research Support, Non-U.S. Gov't (PMID 34363841)	archive/2026-09_literature_narratives/ilc_markers.md	61	CD161 (NKR-P1; common ILC co-marker)		no	not found in Europe PMC full text: CD161, which is known to be present on NK cells, NKT cells, and T cells, is also expressed by human ILCs. [first 72 of 105 chars match; then: ' is also expressed by human IL']	EV00258	2026-09-28
EV00132			none_found	innate lymphoid cell	CD161		supports	"""ILC1s were identified through the expression of CD7, CD45, CD127, CD161, absent/low NKp46 and absent LIN2, and CRTH2."""		10.3389/fimmu.2025.1568875	PMC12187685	Bento et al 2025			sorting_paper	proposed; PubMed publication type: Journal Article (PMID 40568578)	archive/2026-09_literature_narratives/ilc_markers.md	64	CD161 (NKR-P1; common ILC co-marker)		yes	exact match in Europe PMC full text		2026-09-28
EV00133		SOULCAP:SC000006|SOULCAP:SC000008|SOULCAP:SC000009|SOULCAP:SC000010	unreviewed	innate lymphoid cell	CD294		supports	"""group 2 ILCs (ILC2s) (CRTH2+), and group 3 ILCs (ILC3s) (CD117+CRTH2–)"""	34363841	10.1016/j.jaci.2021.07.025	PMC9130781	Alkon et al 2022			application_study	curator (Alex, 2026-09-28): application_study; PubMed publication type: Journal Article|Research Support, Non-U.S. Gov't (PMID 34363841)	archive/2026-09_literature_narratives/ilc_markers.md	75	CD294 / CRTH2 (required positive on ILC2; required negative on ILC1 and ILC3)		yes	exact match in Europe PMC full text		2026-09-28
EV00134		SOULCAP:SC000006|SOULCAP:SC000008|SOULCAP:SC000009|SOULCAP:SC000010	unreviewed	innate lymphoid cell	CD294		supports	"""ILC2s as CRTH2+ CD117−/+"""	31586075	10.1038/s41598-019-50308-8	PMC6778123	Bonne-Année, Bush & Nutman 2019			application_study	curator (Alex, 2026-09-28): application_study; PubMed publication type: Journal Article (PMID 31586075)	archive/2026-09_literature_narratives/ilc_markers.md	78	CD294 / CRTH2 (required positive on ILC2; required negative on ILC1 and ILC3)		yes	exact match in Europe PMC full text		2026-09-28
EV00135		SOULCAP:SC000006|SOULCAP:SC000008|SOULCAP:SC000009|SOULCAP:SC000010	unreviewed	innate lymphoid cell	CD294		supports	"""ILC2 were identified through the positive expression of CD7, CD45, CD127, CD161, CRTH2, absent/low NKp46 and absent LIN2."""		10.3389/fimmu.2025.1568875	PMC12187685	Bento et al 2025			sorting_paper	proposed; PubMed publication type: Journal Article (PMID 40568578)	archive/2026-09_literature_narratives/ilc_markers.md	81	CD294 / CRTH2 (required positive on ILC2; required negative on ILC1 and ILC3)		yes	exact match in Europe PMC full text		2026-09-28
EV00136		SOULCAP:SC000006|SOULCAP:SC000008|SOULCAP:SC000009|SOULCAP:SC000010	unreviewed	innate lymphoid cell	CD294		supports	"""ILC3 were identified through the positive expression of CD7, CD45, CD127, CD161 and NKp46 and absence of CRTH2 and LIN2."""		10.3389/fimmu.2025.1568875	PMC12187685	Bento et al 2025			sorting_paper	proposed; PubMed publication type: Journal Article (PMID 40568578)	archive/2026-09_literature_narratives/ilc_markers.md	84	CD294 / CRTH2 (required positive on ILC2; required negative on ILC1 and ILC3)		yes	exact match in Europe PMC full text		2026-09-28
EV00137		SOULCAP:SC000006|SOULCAP:SC000008|SOULCAP:SC000009|SOULCAP:SC000010	unreviewed	innate lymphoid cell	CD294		supports	"""ILC1s as CD117− CRTH2−"""	31586075	10.1038/s41598-019-50308-8	PMC6778123	Bonne-Année, Bush & Nutman 2019			application_study	curator (Alex, 2026-09-28): application_study; PubMed publication type: Journal Article (PMID 31586075)	archive/2026-09_literature_narratives/ilc_markers.md	87	CD294 / CRTH2 (required positive on ILC2; required negative on ILC1 and ILC3)		yes	exact match in Europe PMC full text		2026-09-28
EV00138		SOULCAP:SC000006|SOULCAP:SC000008|SOULCAP:SC000009|SOULCAP:SC000010	unreviewed	innate lymphoid cell	CD117		supports	"""could be subdivided into CD117−NKp44− ILC1s and CD117‐expressing NKp44− ILC3s and NKp44+ ILC3s."""	33300130	10.1002/eji.202048696	PMC8248192	Krabbendam et al 2021			application_study	curator (Alex, 2026-09-28): application_study; PubMed publication type: Journal Article|Research Support, Non-U.S. Gov't (PMID 33300130)	archive/2026-09_literature_narratives/ilc_markers.md	96	CD117 / c-Kit (required positive on ILCp and ILC3; required negative on ILC1; low/negative on ILC2)		yes	exact match in Europe PMC full text		2026-09-28
EV00139		SOULCAP:SC000006|SOULCAP:SC000008|SOULCAP:SC000009|SOULCAP:SC000010	unreviewed	innate lymphoid cell	CD117		supports	"""ILC1s as CD117− CRTH2−"" … ""ILC3s as CRTH2− CD117+"""	31586075	10.1038/s41598-019-50308-8	PMC6778123	Bonne-Année, Bush & Nutman 2019			application_study	curator (Alex, 2026-09-28): application_study; PubMed publication type: Journal Article (PMID 31586075)	archive/2026-09_literature_narratives/ilc_markers.md	99	CD117 / c-Kit (required positive on ILCp and ILC3; required negative on ILC1; low/negative on ILC2)		yes	exact match in Europe PMC full text		2026-09-28
EV00140		SOULCAP:SC000006|SOULCAP:SC000008|SOULCAP:SC000009|SOULCAP:SC000010	unreviewed	innate lymphoid cell	CD117		supports	"""ILC2s as CRTH2+ CD117−/+"""	31586075	10.1038/s41598-019-50308-8	PMC6778123	Bonne-Année, Bush & Nutman 2019			application_study	curator (Alex, 2026-09-28): application_study; PubMed publication type: Journal Article (PMID 31586075)	archive/2026-09_literature_narratives/ilc_markers.md	102	CD117 / c-Kit (required positive on ILCp and ILC3; required negative on ILC1; low/negative on ILC2)		yes	exact match in Europe PMC full text		2026-09-28
EV00141		SOULCAP:SC000006|SOULCAP:SC000008|SOULCAP:SC000009|SOULCAP:SC000010	unreviewed	innate lymphoid cell	CD117		supports	"""ILC3 subpopulations were evaluated in whole blood using the NKp44 (44.189) antibody to defined ILC3as as CRTH2− CD117+ NKp44− and ILC3bs as CRTH2− CD117+ NKp44+"""	31586075	10.1038/s41598-019-50308-8	PMC6778123	Bonne-Année, Bush & Nutman 2019			application_study	curator (Alex, 2026-09-28): application_study; PubMed publication type: Journal Article (PMID 31586075)	archive/2026-09_literature_narratives/ilc_markers.md	105	CD117 / c-Kit (required positive on ILCp and ILC3; required negative on ILC1; low/negative on ILC2)		yes	exact match in Europe PMC full text		2026-09-28
EV00142		SOULCAP:SC000006|SOULCAP:SC000008|SOULCAP:SC000009|SOULCAP:SC000010	unreviewed	innate lymphoid cell	CD117		supports	"""group 3 ILCs (ILC3s) (CD117+CRTH2–)"""	34363841	10.1016/j.jaci.2021.07.025	PMC9130781	Alkon et al 2022			application_study	curator (Alex, 2026-09-28): application_study; PubMed publication type: Journal Article|Research Support, Non-U.S. Gov't (PMID 34363841)	archive/2026-09_literature_narratives/ilc_markers.md	108	CD117 / c-Kit (required positive on ILCp and ILC3; required negative on ILC1; low/negative on ILC2)		yes	exact match in Europe PMC full text		2026-09-28
EV00143		SOULCAP:SC000006|SOULCAP:SC000008|SOULCAP:SC000009|SOULCAP:SC000010	unreviewed	innate lymphoid cell	CD56		supports	"""(*) LIN2 is cocktail of the following antibodies: CD3-FITC (SK7), CD14-FITC (SJ25C1), CD19-FITC (L27), CD20-FITC (MφP9), and CD56-FITC (NCAM16.2)."""		10.3389/fimmu.2025.1568875	PMC12187685	Bento et al 2025			sorting_paper	proposed; PubMed publication type: Journal Article (PMID 40568578)	archive/2026-09_literature_narratives/ilc_markers.md	119	CD56 / NCAM (ILCp required positive; ILC1/ILC2 required negative; ILC3 CD56+/-)		yes	exact match in Europe PMC full text		2026-09-28
EV00144		SOULCAP:SC000006|SOULCAP:SC000008|SOULCAP:SC000009|SOULCAP:SC000010	unreviewed	innate lymphoid cell	CD56		supports	"Lineage markers include: ""CD3, CD4, CD8, CD14, CD16, CD19, CD56, CD11c, CD11b, FcεR1a"""	31586075	10.1038/s41598-019-50308-8	PMC6778123	Bonne-Année, Bush & Nutman 2019			application_study	curator (Alex, 2026-09-28): application_study; PubMed publication type: Journal Article (PMID 31586075)	archive/2026-09_literature_narratives/ilc_markers.md	122	CD56 / NCAM (ILCp required positive; ILC1/ILC2 required negative; ILC3 CD56+/-)	Table 2	no	not found in Europe PMC full text: CD3, CD4, CD8, CD14, CD16, CD19, CD56, CD11c, CD11b, FcεR1a [first 3 of 59 chars match; then: ', CD4, CD8, CD14, CD16, CD19, ']		2026-09-28
EV00145		SOULCAP:SC000006|SOULCAP:SC000008|SOULCAP:SC000009|SOULCAP:SC000010	unreviewed	innate lymphoid cell	CD56		supports	"""Similar to ILC3s, CD94+ ILCs partly expressed NKp44 and IL‐1R1, and also CD117, CD56, NKG2A"""	33300130	10.1002/eji.202048696	PMC8248192	Krabbendam et al 2021			application_study	curator (Alex, 2026-09-28): application_study; PubMed publication type: Journal Article|Research Support, Non-U.S. Gov't (PMID 33300130)	archive/2026-09_literature_narratives/ilc_markers.md	125	CD56 / NCAM (ILCp required positive; ILC1/ILC2 required negative; ILC3 CD56+/-)		yes	exact match in Europe PMC full text		2026-09-28
EV00146		SOULCAP:SC000007|SOULCAP:SC000008|SOULCAP:SC000009|SOULCAP:SC000010	unreviewed	innate lymphoid cell	CD14		supports	"""Subsequently we gated out non‐relevant lineages using antibodies against CD3, CD4, TCRαβ, and TCRγδ (T cells), CD19 (B cells) CD14 (monocytes) FcRεR1a (mast cells), BDCA2 (pDCs), CD123 (pDCs, basophils), and CD34 (hematopoietic progenitors)."""	33300130	10.1002/eji.202048696	PMC8248192	Krabbendam et al 2021			application_study	curator (Alex, 2026-09-28): application_study; PubMed publication type: Journal Article|Research Support, Non-U.S. Gov't (PMID 33300130)	archive/2026-09_literature_narratives/ilc_markers.md	136	Lineage exclusion markers (CD14, CD33, CD64, CD34, CD19, CD15, CD66b, CD123)		yes	exact match in Europe PMC full text		2026-09-28
EV00147		SOULCAP:SC000007|SOULCAP:SC000008|SOULCAP:SC000009|SOULCAP:SC000010	unreviewed	innate lymphoid cell	CD34		supports	"""Subsequently we gated out non‐relevant lineages using antibodies against CD3, CD4, TCRαβ, and TCRγδ (T cells), CD19 (B cells) CD14 (monocytes) FcRεR1a (mast cells), BDCA2 (pDCs), CD123 (pDCs, basophils), and CD34 (hematopoietic progenitors)."""	33300130	10.1002/eji.202048696	PMC8248192	Krabbendam et al 2021			application_study	curator (Alex, 2026-09-28): application_study; PubMed publication type: Journal Article|Research Support, Non-U.S. Gov't (PMID 33300130)	archive/2026-09_literature_narratives/ilc_markers.md	136	Lineage exclusion markers (CD14, CD33, CD64, CD34, CD19, CD15, CD66b, CD123)		yes	exact match in Europe PMC full text		2026-09-28
EV00148		SOULCAP:SC000007|SOULCAP:SC000008|SOULCAP:SC000009|SOULCAP:SC000010	unreviewed	innate lymphoid cell	CD19		supports	"""Subsequently we gated out non‐relevant lineages using antibodies against CD3, CD4, TCRαβ, and TCRγδ (T cells), CD19 (B cells) CD14 (monocytes) FcRεR1a (mast cells), BDCA2 (pDCs), CD123 (pDCs, basophils), and CD34 (hematopoietic progenitors)."""	33300130	10.1002/eji.202048696	PMC8248192	Krabbendam et al 2021			application_study	curator (Alex, 2026-09-28): application_study; PubMed publication type: Journal Article|Research Support, Non-U.S. Gov't (PMID 33300130)	archive/2026-09_literature_narratives/ilc_markers.md	136	Lineage exclusion markers (CD14, CD33, CD64, CD34, CD19, CD15, CD66b, CD123)		yes	exact match in Europe PMC full text		2026-09-28
EV00149		SOULCAP:SC000007|SOULCAP:SC000008|SOULCAP:SC000009|SOULCAP:SC000010	unreviewed	innate lymphoid cell	CD123		supports	"""Subsequently we gated out non‐relevant lineages using antibodies against CD3, CD4, TCRαβ, and TCRγδ (T cells), CD19 (B cells) CD14 (monocytes) FcRεR1a (mast cells), BDCA2 (pDCs), CD123 (pDCs, basophils), and CD34 (hematopoietic progenitors)."""	33300130	10.1002/eji.202048696	PMC8248192	Krabbendam et al 2021			application_study	curator (Alex, 2026-09-28): application_study; PubMed publication type: Journal Article|Research Support, Non-U.S. Gov't (PMID 33300130)	archive/2026-09_literature_narratives/ilc_markers.md	136	Lineage exclusion markers (CD14, CD33, CD64, CD34, CD19, CD15, CD66b, CD123)		yes	exact match in Europe PMC full text		2026-09-28
EV00150		SOULCAP:SC000007|SOULCAP:SC000008|SOULCAP:SC000009|SOULCAP:SC000010	unreviewed	innate lymphoid cell	CD14		supports	"""lineage cocktail (TCRα/β, TCRγ/δ, CD19, CD16, CD15, CD14, CD94, CD11c, BDCA-2, FcεRIα, glycophorin A, CD41, CD1a, and CD34)"""	34363841	10.1016/j.jaci.2021.07.025	PMC9130781	Alkon et al 2022			application_study	curator (Alex, 2026-09-28): application_study; PubMed publication type: Journal Article|Research Support, Non-U.S. Gov't (PMID 34363841)	archive/2026-09_literature_narratives/ilc_markers.md	139	Lineage exclusion markers (CD14, CD33, CD64, CD34, CD19, CD15, CD66b, CD123)		yes	exact match in Europe PMC full text		2026-09-28
EV00151		SOULCAP:SC000007|SOULCAP:SC000008|SOULCAP:SC000009|SOULCAP:SC000010	unreviewed	innate lymphoid cell	CD34		supports	"""lineage cocktail (TCRα/β, TCRγ/δ, CD19, CD16, CD15, CD14, CD94, CD11c, BDCA-2, FcεRIα, glycophorin A, CD41, CD1a, and CD34)"""	34363841	10.1016/j.jaci.2021.07.025	PMC9130781	Alkon et al 2022			application_study	curator (Alex, 2026-09-28): application_study; PubMed publication type: Journal Article|Research Support, Non-U.S. Gov't (PMID 34363841)	archive/2026-09_literature_narratives/ilc_markers.md	139	Lineage exclusion markers (CD14, CD33, CD64, CD34, CD19, CD15, CD66b, CD123)		yes	exact match in Europe PMC full text		2026-09-28
EV00152		SOULCAP:SC000007|SOULCAP:SC000008|SOULCAP:SC000009|SOULCAP:SC000010	unreviewed	innate lymphoid cell	CD19		supports	"""lineage cocktail (TCRα/β, TCRγ/δ, CD19, CD16, CD15, CD14, CD94, CD11c, BDCA-2, FcεRIα, glycophorin A, CD41, CD1a, and CD34)"""	34363841	10.1016/j.jaci.2021.07.025	PMC9130781	Alkon et al 2022			application_study	curator (Alex, 2026-09-28): application_study; PubMed publication type: Journal Article|Research Support, Non-U.S. Gov't (PMID 34363841)	archive/2026-09_literature_narratives/ilc_markers.md	139	Lineage exclusion markers (CD14, CD33, CD64, CD34, CD19, CD15, CD66b, CD123)		yes	exact match in Europe PMC full text		2026-09-28
EV00153		SOULCAP:SC000007|SOULCAP:SC000008|SOULCAP:SC000009|SOULCAP:SC000010	unreviewed	innate lymphoid cell	CD15		supports	"""lineage cocktail (TCRα/β, TCRγ/δ, CD19, CD16, CD15, CD14, CD94, CD11c, BDCA-2, FcεRIα, glycophorin A, CD41, CD1a, and CD34)"""	34363841	10.1016/j.jaci.2021.07.025	PMC9130781	Alkon et al 2022			application_study	curator (Alex, 2026-09-28): application_study; PubMed publication type: Journal Article|Research Support, Non-U.S. Gov't (PMID 34363841)	archive/2026-09_literature_narratives/ilc_markers.md	139	Lineage exclusion markers (CD14, CD33, CD64, CD34, CD19, CD15, CD66b, CD123)		yes	exact match in Europe PMC full text		2026-09-28
EV00154		SOULCAP:SC000059	unreviewed	iNKT cell	CD3		supports	"""both identified as CD3+ and defined by their TCR specificities"""	29533501	10.1002/cyto.a.23357		Lal et al. 2018			panel_or_method	curator (Alex, 2026-09-28): OMIP / standardization panel; PubMed publication type: Journal Article|Research Support, N.I.H., Extramural (PMID 29533501)	archive/2026-09_literature_narratives/inkt_markers.md	17	CD3 (required positive — iNKT are T cells)		not_checked	PMC6059363: full text not available; not checked		2026-09-28
EV00155		SOULCAP:SC000059	unreviewed	iNKT cell	CD3		supports	"""we defined iNKT cell subsets by the co-expression of TCR Vα24 and Vβ11 among CD3+ cells, and further through their expression of CD4 and CD161"""	29533501	10.1002/cyto.a.23357		Lal et al. 2018			panel_or_method	curator (Alex, 2026-09-28): OMIP / standardization panel; PubMed publication type: Journal Article|Research Support, N.I.H., Extramural (PMID 29533501)	archive/2026-09_literature_narratives/inkt_markers.md	20	CD3 (required positive — iNKT are T cells)		not_checked	PMC6059363: full text not available; not checked		2026-09-28
EV00156		SOULCAP:SC000059	unreviewed	iNKT cell	CD3		supports	"""gating should include time, singlets, and scatter profile, followed by dead cell exclusion, CD14/CD19 dumping, and CD3 positivity"""	29533501	10.1002/cyto.a.23357		Lal et al. 2018			panel_or_method	curator (Alex, 2026-09-28): OMIP / standardization panel; PubMed publication type: Journal Article|Research Support, N.I.H., Extramural (PMID 29533501)	archive/2026-09_literature_narratives/inkt_markers.md	23	CD3 (required positive — iNKT are T cells)		not_checked	PMC6059363: full text not available; not checked		2026-09-28
EV00157		SOULCAP:SC000059	unreviewed	iNKT cell	CD3		supports	"""the four CD3+ T cell subsets can be gated on, as CD8 and CD4 bulk T cells, MAIT cells, (CD161bright Vα7.2 TCR+), and iNKT cells (Vα24 TCR+ Vβ11 TCR+)"""	29533501	10.1002/cyto.a.23357		Lal et al. 2018			panel_or_method	curator (Alex, 2026-09-28): OMIP / standardization panel; PubMed publication type: Journal Article|Research Support, N.I.H., Extramural (PMID 29533501)	archive/2026-09_literature_narratives/inkt_markers.md	26	CD3 (required positive — iNKT are T cells)		not_checked	PMC6059363: full text not available; not checked		2026-09-28
EV00158		SOULCAP:SC000059	unreviewed	iNKT cell	TCRαβ		supports	"""Expression of T Cell Receptor (TCR)-αβ enables NKT cells to recognize antigenic lipids presented by CD1d"""	35720369	10.3389/fimmu.2022.898473	PMC9202826	Zhou et al. 2022			sorting_paper	proposed; PubMed publication type: Journal Article (PMID 35720369)	archive/2026-09_literature_narratives/inkt_markers.md	35	TCRαβ (required positive; TCRγδ excluded)		yes	exact match in Europe PMC full text		2026-09-28
EV00159		SOULCAP:SC000059	unreviewed	iNKT cell	TCRαβ		supports	"""T2NKT cells were identified as CD3+ CD56+ CD161+ TCR-γδ- TCRVα7.2- and TCRVα24- cells."""	35720369	10.3389/fimmu.2022.898473	PMC9202826	Zhou et al. 2022			sorting_paper	proposed; PubMed publication type: Journal Article (PMID 35720369)	archive/2026-09_literature_narratives/inkt_markers.md	40	TCRαβ (required positive; TCRγδ excluded)		no	not found in Europe PMC full text: T2NKT cells were identified as CD3+ CD56+ CD161+ TCR-γδ- TCRVα7.2- and TCRVα24- cells. [first 54 of 86 chars match; then: 'δ- TCRVα7.2- and TCRVα24- cell']		2026-09-28
EV00160		SOULCAP:SC000059	unreviewed	iNKT cell	TCRαβ		supports	"""we identified a CD3+ CD56+ CD161+ TCR-Vα24- TCR-γδ- TCR-Vα7.2- living T2NKT cell population."""	35720369	10.3389/fimmu.2022.898473	PMC9202826	Zhou et al. 2022			sorting_paper	proposed; PubMed publication type: Journal Article (PMID 35720369)	archive/2026-09_literature_narratives/inkt_markers.md	43	TCRαβ (required positive; TCRγδ excluded)		no	not found in Europe PMC full text: we identified a CD3+ CD56+ CD161+ TCR-Vα24- TCR-γδ- TCR-Vα7.2- living T2NKT cell population. [first 49 of 92 chars match; then: 'δ- TCR-Vα7.2- living T2NKT cel']		2026-09-28
EV00161		SOULCAP:SC000059	unreviewed	iNKT cell	TCRVα24-Jα18		supports	"""iNKT cells possess an invariant TCR Vα24-Jα18α chain paired with TCR Vβ11, which mainly responds to α-galactosylceramide glycopeptide (αGalCer)."""	35720369	10.3389/fimmu.2022.898473	PMC9202826	Zhou et al. 2022			sorting_paper	proposed; PubMed publication type: Journal Article (PMID 35720369)	archive/2026-09_literature_narratives/inkt_markers.md	52	TCRVα24-Jα18 (invariant α-chain — required; identifies iNKT vs vNKT)		yes	exact match in Europe PMC full text		2026-09-28
EV00162		SOULCAP:SC000059	unreviewed	iNKT cell	TCRVα24-Jα18		supports	"""iNKT cells, can be identified in humans through expression of their invariant alpha (Vα24) and beta (Vβ11) TCR segments"""	29533501	10.1002/cyto.a.23357		Lal et al. 2018			panel_or_method	curator (Alex, 2026-09-28): OMIP / standardization panel; PubMed publication type: Journal Article|Research Support, N.I.H., Extramural (PMID 29533501)	archive/2026-09_literature_narratives/inkt_markers.md	55	TCRVα24-Jα18 (invariant α-chain — required; identifies iNKT vs vNKT)		not_checked	PMC6059363: full text not available; not checked		2026-09-28
EV00163		SOULCAP:SC000059	unreviewed	iNKT cell	TCRVα24-Jα18		supports	"""Vα24 TCR FITC C15 iNKT cell lineage"""	29533501	10.1002/cyto.a.23357		Lal et al. 2018			panel_or_method	curator (Alex, 2026-09-28): OMIP / standardization panel; PubMed publication type: Journal Article|Research Support, N.I.H., Extramural (PMID 29533501)	archive/2026-09_literature_narratives/inkt_markers.md	60	TCRVα24-Jα18 (invariant α-chain — required; identifies iNKT vs vNKT)		not_checked	PMC6059363: full text not available; not checked		2026-09-28
EV00164		SOULCAP:SC000059	unreviewed	iNKT cell	TCR Vβ11		supports	"""iNKT cells possess an invariant TCR Vα24-Jα18α chain paired with TCR Vβ11, which mainly responds to α-galactosylceramide glycopeptide (αGalCer)."""	35720369	10.3389/fimmu.2022.898473	PMC9202826	Zhou et al. 2022			sorting_paper	proposed; PubMed publication type: Journal Article (PMID 35720369)	archive/2026-09_literature_narratives/inkt_markers.md	73	TCR Vβ11 / TRBV25-1 (required positive — dominant β-chain in human iNKT)		yes	exact match in Europe PMC full text		2026-09-28
EV00165		SOULCAP:SC000059	unreviewed	iNKT cell	TCR Vβ11		supports	"""iNKT cells, can be identified in humans through expression of their invariant alpha (Vα24) and beta (Vβ11) TCR segments"""	29533501	10.1002/cyto.a.23357		Lal et al. 2018			panel_or_method	curator (Alex, 2026-09-28): OMIP / standardization panel; PubMed publication type: Journal Article|Research Support, N.I.H., Extramural (PMID 29533501)	archive/2026-09_literature_narratives/inkt_markers.md	76	TCR Vβ11 / TRBV25-1 (required positive — dominant β-chain in human iNKT)		not_checked	PMC6059363: full text not available; not checked		2026-09-28
EV00166		SOULCAP:SC000059	unreviewed	iNKT cell	TCR Vβ11		supports	"""we defined iNKT cell subsets by the co-expression of TCR Vα24 and Vβ11 among CD3+ cells, and further through their expression of CD4 and CD161"""	29533501	10.1002/cyto.a.23357		Lal et al. 2018			panel_or_method	curator (Alex, 2026-09-28): OMIP / standardization panel; PubMed publication type: Journal Article|Research Support, N.I.H., Extramural (PMID 29533501)	archive/2026-09_literature_narratives/inkt_markers.md	79	TCR Vβ11 / TRBV25-1 (required positive — dominant β-chain in human iNKT)		not_checked	PMC6059363: full text not available; not checked		2026-09-28
EV00167		SOULCAP:SC000059	unreviewed	iNKT cell	TCR Vβ11		supports	"""Vβ11 TCR PE C21 iNKT cell lineage"""	29533501	10.1002/cyto.a.23357		Lal et al. 2018			panel_or_method	curator (Alex, 2026-09-28): OMIP / standardization panel; PubMed publication type: Journal Article|Research Support, N.I.H., Extramural (PMID 29533501)	archive/2026-09_literature_narratives/inkt_markers.md	84	TCR Vβ11 / TRBV25-1 (required positive — dominant β-chain in human iNKT)		not_checked	PMC6059363: full text not available; not checked		2026-09-28
EV00168		SOULCAP:SC000059	unreviewed	iNKT cell	TCR Vβ11		supports	"""the Vα24+Vβ11+ gate encompasses the majority of CD1d pentamer+ cells (median=99%)"""	29533501	10.1002/cyto.a.23357		Lal et al. 2018			panel_or_method	curator (Alex, 2026-09-28): OMIP / standardization panel; PubMed publication type: Journal Article|Research Support, N.I.H., Extramural (PMID 29533501)	archive/2026-09_literature_narratives/inkt_markers.md	89	TCR Vβ11 / TRBV25-1 (required positive — dominant β-chain in human iNKT)		not_checked	PMC6059363: full text not available; not checked		2026-09-28
EV00169		SOULCAP:SC000059	unreviewed	iNKT cell	CD1d-α-GalCer Tetramer		supports	"""the vast majority of α-GalCer loaded CD1d pentamer+ cells fall within the Vα24+Vβ11+ gate (median=99%), and the Vα24+Vβ11+ gate encompasses the majority of CD1d pentamer+ cells (median=99%)"""	29533501	10.1002/cyto.a.23357		Lal et al. 2018			panel_or_method	curator (Alex, 2026-09-28): OMIP / standardization panel; PubMed publication type: Journal Article|Research Support, N.I.H., Extramural (PMID 29533501)	archive/2026-09_literature_narratives/inkt_markers.md	98	CD1d-α-GalCer Tetramer (alternative iNKT identification)		not_checked	PMC6059363: full text not available; not checked		2026-09-28
EV00170		SOULCAP:SC000059	unreviewed	iNKT cell	CD1d-α-GalCer Tetramer		supports	"""CD1d and MR1 tetramer can easily be substituted into this panel in place of these MAIT and iNKT TCRs"""	29533501	10.1002/cyto.a.23357		Lal et al. 2018			panel_or_method	curator (Alex, 2026-09-28): OMIP / standardization panel; PubMed publication type: Journal Article|Research Support, N.I.H., Extramural (PMID 29533501)	archive/2026-09_literature_narratives/inkt_markers.md	101	CD1d-α-GalCer Tetramer (alternative iNKT identification)		not_checked	PMC6059363: full text not available; not checked		2026-09-28
EV00171		SOULCAP:SC000059	unreviewed	iNKT cell	CD1d-α-GalCer Tetramer		supports	"""Human T2NKT cells are conventionally detected with sulfatide-loaded CD1d tetramers; however, this method is noisy and fails to identify T2NKT cells that recognize other lipids."""	35720369	10.3389/fimmu.2022.898473	PMC9202826	Zhou et al. 2022			sorting_paper	proposed; PubMed publication type: Journal Article (PMID 35720369)	archive/2026-09_literature_narratives/inkt_markers.md	106	CD1d-α-GalCer Tetramer (alternative iNKT identification)		no	not found in Europe PMC full text: Human T2NKT cells are conventionally detected with sulfatide-loaded CD1d tetramers; however, this method is noisy and fails to identify T2NKT cells that recognize other lipids. [first 82 of 176 chars match; then: '; however, this method is nois']		2026-09-28
EV00172			none_found	iNKT cell	CD56		supports	"""T2NKT cells were identified as CD3+ CD56+ CD161+ TCR-γδ- TCRVα7.2- and TCRVα24- cells."""	35720369	10.3389/fimmu.2022.898473	PMC9202826	Zhou et al. 2022			sorting_paper	proposed; PubMed publication type: Journal Article (PMID 35720369)	archive/2026-09_literature_narratives/inkt_markers.md	142	Distinction: iNKT vs CD56+ T cells		no	not found in Europe PMC full text: T2NKT cells were identified as CD3+ CD56+ CD161+ TCR-γδ- TCRVα7.2- and TCRVα24- cells. [first 54 of 86 chars match; then: 'δ- TCRVα7.2- and TCRVα24- cell']		2026-09-28
EV00173		SOULCAP:SC000059	unreviewed	iNKT cell	CD14		supports	"""gating should include time, singlets, and scatter profile, followed by dead cell exclusion, CD14/CD19 dumping, and CD3 positivity"""	29533501	10.1002/cyto.a.23357		Lal et al. 2018			panel_or_method	curator (Alex, 2026-09-28): OMIP / standardization panel; PubMed publication type: Journal Article|Research Support, N.I.H., Extramural (PMID 29533501)	archive/2026-09_literature_narratives/inkt_markers.md	153	CD14 / CD19 (lineage exclusion markers)		not_checked	PMC6059363: full text not available; not checked		2026-09-28
EV00174		SOULCAP:SC000001|SOULCAP:SC000003|SOULCAP:SC000004|SOULCAP:SC000005	unreviewed	NK cell	CD56		supports	"""Natural killer cells are prototypic members of the innate lymphoid cell (ILC) family and characterized in humans by expression of the phenotypic marker CD56 in the absence of CD3."""	28791027	10.3389/fimmu.2017.00892	PMC5522883	Van Acker HH et al. 2017			review	pubmed_publication_type: Journal Article|Review (PMID 28791027)	archive/2026-09_literature_narratives/nk_cell_markers.md	14	CD56 (positive marker)		yes	exact match in Europe PMC full text		2026-09-28
EV00175		SOULCAP:SC000001|SOULCAP:SC000003|SOULCAP:SC000004|SOULCAP:SC000005	unreviewed	NK cell	CD56		supports	"""human NK cells are typically divided into two main categories on the basis of the density of CD56, the 140-kDa isoform of the neural cell adhesion molecule (NCAM)2, on the cell surface: CD56bright and CD56dim NK cells."""	38956378	10.1038/s41590-024-01883-0	PMC11291291	Rebuffet L et al. 2024			atlas	proposed; PubMed publication type: Journal Article (PMID 38956378)	archive/2026-09_literature_narratives/nk_cell_markers.md	17	CD56 (positive marker)		yes	exact match in Europe PMC full text		2026-09-28
EV00176		SOULCAP:SC000001|SOULCAP:SC000002|SOULCAP:SC000003|SOULCAP:SC000004|SOULCAP:SC000005	unreviewed	NK cell	CD3		supports	"""Natural killer cells are prototypic members of the innate lymphoid cell (ILC) family and characterized in humans by expression of the phenotypic marker CD56 in the absence of CD3."""	28791027	10.3389/fimmu.2017.00892	PMC5522883	Van Acker HH et al. 2017			review	pubmed_publication_type: Journal Article|Review (PMID 28791027)	archive/2026-09_literature_narratives/nk_cell_markers.md	26	CD3 (exclusion marker)		yes	exact match in Europe PMC full text		2026-09-28
EV00177		SOULCAP:SC000001|SOULCAP:SC000002|SOULCAP:SC000003|SOULCAP:SC000004|SOULCAP:SC000005	unreviewed	NK cell	CD3		supports	"""ILCs are identified as “lineage” (Lin) negative lymphocytes, lacking expression of surface markers more specifically expressed on T cells (CD3, CD5, TCR), B cells (CD19, CD20, BCR), myelomonocytic cells (CD14, CD15, CD36), and dendritic cells (DCs) (CD116, CD123, CD303)."""	28396671	10.3389/fimmu.2017.00360	PMC5366880	Scoville SD et al. 2017			review	proposed; PubMed publication type: Journal Article (PMID 28396671)	archive/2026-09_literature_narratives/nk_cell_markers.md	29	CD3 (exclusion marker)		yes	exact match in Europe PMC full text		2026-09-28
EV00178		SOULCAP:SC000001|SOULCAP:SC000002|SOULCAP:SC000003|SOULCAP:SC000004|SOULCAP:SC000005	unreviewed	NK cell	CD3		supports	"""there also exists a CD56− NK cell subpopulation, namely CD3−CD4−CD14−CD19−CD16+NKp46+ lymphocytes"""	28791027	10.3389/fimmu.2017.00892	PMC5522883	Van Acker HH et al. 2017			review	pubmed_publication_type: Journal Article|Review (PMID 28791027)	archive/2026-09_literature_narratives/nk_cell_markers.md	34	CD3 (exclusion marker)		yes	exact match in Europe PMC full text		2026-09-28
EV00179		SOULCAP:SC000001|SOULCAP:SC000002|SOULCAP:SC000003|SOULCAP:SC000004|SOULCAP:SC000005	unreviewed	NK cell	CD19		supports	"""ILCs lack expression of markers specific for other leukocytes, including antigen-specific T and B cell receptors (i.e., CD3/TCR and CD19/BCR)."""	28396671	10.3389/fimmu.2017.00360	PMC5366880	Scoville SD et al. 2017			review	proposed; PubMed publication type: Journal Article (PMID 28396671)	archive/2026-09_literature_narratives/nk_cell_markers.md	43	CD19 (exclusion marker)		yes	exact match in Europe PMC full text		2026-09-28
EV00180		SOULCAP:SC000001|SOULCAP:SC000002|SOULCAP:SC000003|SOULCAP:SC000004|SOULCAP:SC000005	unreviewed	NK cell	CD19		supports	"""ILCs are identified as “lineage” (Lin) negative lymphocytes, lacking expression of surface markers more specifically expressed on T cells (CD3, CD5, TCR), B cells (CD19, CD20, BCR), myelomonocytic cells (CD14, CD15, CD36), and dendritic cells (DCs) (CD116, CD123, CD303)."""	28396671	10.3389/fimmu.2017.00360	PMC5366880	Scoville SD et al. 2017			review	proposed; PubMed publication type: Journal Article (PMID 28396671)	archive/2026-09_literature_narratives/nk_cell_markers.md	46	CD19 (exclusion marker)		yes	exact match in Europe PMC full text		2026-09-28
EV00181		SOULCAP:SC000001|SOULCAP:SC000002|SOULCAP:SC000003|SOULCAP:SC000004|SOULCAP:SC000005	unreviewed	NK cell	CD19		supports	"""there also exists a CD56− NK cell subpopulation, namely CD3−CD4−CD14−CD19−CD16+NKp46+ lymphocytes"""	28791027	10.3389/fimmu.2017.00892	PMC5522883	Van Acker HH et al. 2017			review	pubmed_publication_type: Journal Article|Review (PMID 28791027)	archive/2026-09_literature_narratives/nk_cell_markers.md	51	CD19 (exclusion marker)		yes	exact match in Europe PMC full text		2026-09-28
EV00182		SOULCAP:SC000001|SOULCAP:SC000002|SOULCAP:SC000003|SOULCAP:SC000004|SOULCAP:SC000005	unreviewed	NK cell	CD14		supports	"""ILCs are identified as “lineage” (Lin) negative lymphocytes, lacking expression of surface markers more specifically expressed on T cells (CD3, CD5, TCR), B cells (CD19, CD20, BCR), myelomonocytic cells (CD14, CD15, CD36), and dendritic cells (DCs) (CD116, CD123, CD303)."""	28396671	10.3389/fimmu.2017.00360	PMC5366880	Scoville SD et al. 2017			review	proposed; PubMed publication type: Journal Article (PMID 28396671)	archive/2026-09_literature_narratives/nk_cell_markers.md	60	CD14 (exclusion marker)		yes	exact match in Europe PMC full text		2026-09-28
EV00183		SOULCAP:SC000001|SOULCAP:SC000002|SOULCAP:SC000003|SOULCAP:SC000004|SOULCAP:SC000005	unreviewed	NK cell	CD14		supports	"""there also exists a CD56− NK cell subpopulation, namely CD3−CD4−CD14−CD19−CD16+NKp46+ lymphocytes"""	28791027	10.3389/fimmu.2017.00892	PMC5522883	Van Acker HH et al. 2017			review	pubmed_publication_type: Journal Article|Review (PMID 28791027)	archive/2026-09_literature_narratives/nk_cell_markers.md	63	CD14 (exclusion marker)		yes	exact match in Europe PMC full text		2026-09-28
EV00184		SOULCAP:SC000004|SOULCAP:SC000005	unreviewed	NK cell	CD127		supports	"""In humans, all non-NK ILCs express CD127 (IL-7Rα) and CD161 (NKRP1A) (13–16), and they may be further distinguished according to the expression of other subset-associated surface antigens including CXCR3, CD294 (CRTH2), and CD117 (c-Kit) for ILC1s, ILC2s, and ILC3s, respectively (10, 17). Human NK cells can also express the pan-ILC markers CD127 and CD161 (18–20), but NK cells are typically distinguished by their surface expression of CD16 (FcγRIIIA), CD94/NKG2 heterodimers, killer immunoglobulin-like receptors (KIRs), NKG2D, and NKp80 (21)."""	28396671	10.3389/fimmu.2017.00360	PMC5366880	Scoville SD et al. 2017			review	proposed; PubMed publication type: Journal Article (PMID 28396671)	archive/2026-09_literature_narratives/nk_cell_markers.md	72	CD127 / IL-7Rα (negative or low on mature NK cells)		yes	exact match in Europe PMC full text		2026-09-28
EV00185		SOULCAP:SC000004|SOULCAP:SC000005	unreviewed	NK cell	CD127		supports	"""They demonstrated that a minute CD127− fraction preferentially gave rise to NK cells whereas the predominant CD127+ fraction mostly retained ILC3 features. Thus CD127 has since been touted as a critical marker distinguishing human stage 3 NK cell precursors from ILC3s"""	28396671	10.3389/fimmu.2017.00360	PMC5366880	Scoville SD et al. 2017			review	proposed; PubMed publication type: Journal Article (PMID 28396671)	archive/2026-09_literature_narratives/nk_cell_markers.md	77	CD127 / IL-7Rα (negative or low on mature NK cells)		yes	exact match in Europe PMC full text		2026-09-28
EV00186		SOULCAP:SC000001|SOULCAP:SC000003|SOULCAP:SC000004|SOULCAP:SC000005	unreviewed	NK cell	CD56		supports	"""They are usually further divided into two subsets based on their surface level expression of CD56 (3). Whereas most NK cells in peripheral blood are CD56dim, CD56bright NK cells are more abundant in tissues."""	28791027	10.3389/fimmu.2017.00892	PMC5522883	Van Acker HH et al. 2017			review	pubmed_publication_type: Journal Article|Review (PMID 28791027)	archive/2026-09_literature_narratives/nk_cell_markers.md	88	CD56bright vs CD56dim subsets		yes	exact match in Europe PMC full text		2026-09-28
EV00187		SOULCAP:SC000001|SOULCAP:SC000003|SOULCAP:SC000004|SOULCAP:SC000005	unreviewed	NK cell	CD56		supports	"""They are usually further divided into two subsets based on their surface level expression of CD56 (3). Whereas most NK cells in peripheral blood are CD56dim, CD56bright NK cells are more abundant in tissues."""	28791027	10.3389/fimmu.2017.00892	PMC5522883	Van Acker HH et al. 2017			review	pubmed_publication_type: Journal Article|Review (PMID 28791027)	archive/2026-09_literature_narratives/nk_cell_markers.md	88	CD56bright vs CD56dim subsets		yes	exact match in Europe PMC full text		2026-09-28
EV00188		SOULCAP:SC000001|SOULCAP:SC000003|SOULCAP:SC000004|SOULCAP:SC000005	unreviewed	NK cell	CD56		supports	"""Two subsets of human peripheral blood (PB) NK cells can be distinguished according to their relative expression of the pan-NK cell surface marker, CD56 (NCAM-1): “CD56bright” and “CD56dim” (22, 23). CD56bright human NK cells express high levels of CD62L (l-selectin) and CD94 but absent or low levels of CD16 and KIRs; they predominate in secondary lymphoid tissues (SLTs) such as lymph nodes (LNs) and tonsils; they show low baseline perforin expression and cytotoxic activity ex vivo; and they rapidly produce cytokines, including IFN-γ, following stimulation by monocyte-derived cytokines (“monokines”), such as IL-12, IL-15, and IL-18 (22). In contrast, CD56dim NK cells are CD16hi and express more KIRs but less CD94 and CD62L; they predominate in PB; they show high baseline perforin expression and cytotoxicity against MHC class I negative target cells; and they preferentially produce cytokines in response to direct target cell interactions rather than via monokine stimulation (3)."""	28396671	10.3389/fimmu.2017.00360	PMC5366880	Scoville SD et al. 2017			review	proposed; PubMed publication type: Journal Article (PMID 28396671)	archive/2026-09_literature_narratives/nk_cell_markers.md	91	CD56bright vs CD56dim subsets		yes	exact match in Europe PMC full text		2026-09-28
EV00189		SOULCAP:SC000001|SOULCAP:SC000003|SOULCAP:SC000004|SOULCAP:SC000005	unreviewed	NK cell	CD56		supports	"""Two subsets of human peripheral blood (PB) NK cells can be distinguished according to their relative expression of the pan-NK cell surface marker, CD56 (NCAM-1): “CD56bright” and “CD56dim” (22, 23). CD56bright human NK cells express high levels of CD62L (l-selectin) and CD94 but absent or low levels of CD16 and KIRs; they predominate in secondary lymphoid tissues (SLTs) such as lymph nodes (LNs) and tonsils; they show low baseline perforin expression and cytotoxic activity ex vivo; and they rapidly produce cytokines, including IFN-γ, following stimulation by monocyte-derived cytokines (“monokines”), such as IL-12, IL-15, and IL-18 (22). In contrast, CD56dim NK cells are CD16hi and express more KIRs but less CD94 and CD62L; they predominate in PB; they show high baseline perforin expression and cytotoxicity against MHC class I negative target cells; and they preferentially produce cytokines in response to direct target cell interactions rather than via monokine stimulation (3)."""	28396671	10.3389/fimmu.2017.00360	PMC5366880	Scoville SD et al. 2017			review	proposed; PubMed publication type: Journal Article (PMID 28396671)	archive/2026-09_literature_narratives/nk_cell_markers.md	91	CD56bright vs CD56dim subsets		yes	exact match in Europe PMC full text		2026-09-28
EV00190		SOULCAP:SC000001|SOULCAP:SC000003|SOULCAP:SC000004|SOULCAP:SC000005	unreviewed	NK cell	CD56		supports	"""The NK2 cluster was defined by high expression of CD56, CD27, CD44, CD54, CD45RB, CD314 (NKG2D) and CD335 (NKp46) and little or no expression of CD16 and CD57 at the protein level (Fig. 1c,d)."""	38956378	10.1038/s41590-024-01883-0	PMC11291291	Rebuffet L et al. 2024			atlas	proposed; PubMed publication type: Journal Article (PMID 38956378)	archive/2026-09_literature_narratives/nk_cell_markers.md	96	CD56bright vs CD56dim subsets		yes	exact match in Europe PMC full text		2026-09-28
EV00191		SOULCAP:SC000001|SOULCAP:SC000003|SOULCAP:SC000004|SOULCAP:SC000005	unreviewed	NK cell	CD56		supports	"""The NK2 cluster was defined by high expression of CD56, CD27, CD44, CD54, CD45RB, CD314 (NKG2D) and CD335 (NKp46) and little or no expression of CD16 and CD57 at the protein level (Fig. 1c,d)."""	38956378	10.1038/s41590-024-01883-0	PMC11291291	Rebuffet L et al. 2024			atlas	proposed; PubMed publication type: Journal Article (PMID 38956378)	archive/2026-09_literature_narratives/nk_cell_markers.md	96	CD56bright vs CD56dim subsets		yes	exact match in Europe PMC full text		2026-09-28
EV00192		SOULCAP:SC000002|SOULCAP:SC000003|SOULCAP:SC000004|SOULCAP:SC000005	unreviewed	NK cell	CD16		supports	"""NK cells are typically distinguished by their surface expression of CD16 (FcγRIIIA), CD94/NKG2 heterodimers, killer immunoglobulin-like receptors (KIRs), NKG2D, and NKp80 (21)."""	28396671	10.3389/fimmu.2017.00360	PMC5366880	Scoville SD et al. 2017			review	proposed; PubMed publication type: Journal Article (PMID 28396671)	archive/2026-09_literature_narratives/nk_cell_markers.md	105	CD16 (expressed on CD56dim NK cells; absent/low on CD56bright)		yes	exact match in Europe PMC full text		2026-09-28
EV00193		SOULCAP:SC000002|SOULCAP:SC000003|SOULCAP:SC000004|SOULCAP:SC000005	unreviewed	NK cell	CD16		supports	"""The NK1 cluster was marked by high protein expression of CD16, CX3CR1, CD161, β7-integrin and CD38 (Fig. 1c,d)."""	38956378	10.1038/s41590-024-01883-0	PMC11291291	Rebuffet L et al. 2024			atlas	proposed; PubMed publication type: Journal Article (PMID 38956378)	archive/2026-09_literature_narratives/nk_cell_markers.md	108	CD16 (expressed on CD56dim NK cells; absent/low on CD56bright)		yes	exact match in Europe PMC full text		2026-09-28
EV00194		SOULCAP:SC000002|SOULCAP:SC000003|SOULCAP:SC000004|SOULCAP:SC000005	unreviewed	NK cell	CD16		supports	"""Expression of the classic NK cell markers CD57 and CD16 was reduced or absent on NK2 cells compared with NK1 and NK3 cells, indicating that the NK2 population comprised CD56bright and early-stage CD56dim NK cells."""	38956378	10.1038/s41590-024-01883-0	PMC11291291	Rebuffet L et al. 2024			atlas	proposed; PubMed publication type: Journal Article (PMID 38956378)	archive/2026-09_literature_narratives/nk_cell_markers.md	111	CD16 (expressed on CD56dim NK cells; absent/low on CD56bright)		yes	exact match in Europe PMC full text		2026-09-28
EV00195		SOULCAP:SC000004|SOULCAP:SC000005	unreviewed	NK cell	CD57		supports	"""Further distinctions in the CD56dim population are made on the basis of expression of the CD57 carbohydrate moiety3 on the cell surface and the absence of CD94–NKG2A and CD62L; cells with these features comprise a more mature subset4–7."""	38956378	10.1038/s41590-024-01883-0	PMC11291291	Rebuffet L et al. 2024			atlas	proposed; PubMed publication type: Journal Article (PMID 38956378)	archive/2026-09_literature_narratives/nk_cell_markers.md	120	CD57 (positive marker for mature NK subsets)		yes	exact match in Europe PMC full text		2026-09-28
EV00196		SOULCAP:SC000004|SOULCAP:SC000005	unreviewed	NK cell	CD57		supports	"""this cluster's preferential expression of CD57 and PRDM1 suggests that it also includes mature CD57+CD56dim NK cells that are not produced in response to HCMV."""	38956378	10.1038/s41590-024-01883-0	PMC11291291	Rebuffet L et al. 2024			atlas	proposed; PubMed publication type: Journal Article (PMID 38956378)	archive/2026-09_literature_narratives/nk_cell_markers.md	123	CD57 (positive marker for mature NK subsets)		no	near-match only (differs in case, dashes or quote characters): this cluster's preferential expression of CD57 and PRDM1 suggests that it also includes mature CD57+CD56dim NK cells that are not produced in response to HCMV.		2026-09-28
EV00197		SOULCAP:SC000004|SOULCAP:SC000005	unreviewed	NK cell	CD57		supports	"""some that were NKp80+CD16+ and coexpressed KIRs and CD57, the latter of which has been associated with terminal maturation and may represent a putative “stage 6” of human NK cell development"""	28396671	10.3389/fimmu.2017.00360	PMC5366880	Scoville SD et al. 2017			review	proposed; PubMed publication type: Journal Article (PMID 28396671)	archive/2026-09_literature_narratives/nk_cell_markers.md	126	CD57 (positive marker for mature NK subsets)		yes	exact match in Europe PMC full text		2026-09-28
EV00198		SOULCAP:SC000001|SOULCAP:SC000002|SOULCAP:SC000003|SOULCAP:SC000004|SOULCAP:SC000005	unreviewed	NK cell	HLA-DR		supports	"""Notably, NK3B (cluster 1) was distinguished by expression of members of the HLA-D gene family, CD74, CCL5, CD7 and KLRC1, and NK3A exhibited enhanced cytotoxic capabilities (through expression of GZMA, GZMB and PRF1)"""	38956378	10.1038/s41590-024-01883-0	PMC11291291	Rebuffet L et al. 2024			atlas	proposed; PubMed publication type: Journal Article (PMID 38956378)	archive/2026-09_literature_narratives/nk_cell_markers.md	135	HLA-DR (ideal exclusion; expressed on a subset of NK cells)		yes	exact match in Europe PMC full text		2026-09-28
EV00199		SOULCAP:SC000001|SOULCAP:SC000002|SOULCAP:SC000003|SOULCAP:SC000004|SOULCAP:SC000005	unreviewed	NK cell	CD11c		supports	"""CD11C (ITGAX) expression was more pronounced in NK2."""	38956378	10.1038/s41590-024-01883-0	PMC11291291	Rebuffet L et al. 2024			atlas	proposed; PubMed publication type: Journal Article (PMID 38956378)	archive/2026-09_literature_narratives/nk_cell_markers.md	146	CD11c (expressed on NK2 / CD56bright subset)		yes	exact match in Europe PMC full text		2026-09-28
EV00200		SOULCAP:SC000001|SOULCAP:SC000002|SOULCAP:SC000003|SOULCAP:SC000004|SOULCAP:SC000005	unreviewed	NK cell	CD11c		supports	"""Activation markers also served as differential markers, with CD69 being most prominent in NK1B and NKint, whereas TNFRSF18 (encoding GITR) was more pronounced in NK2. Moreover, classic markers of NK maturation aligned with earlier descriptions: CD56 (NCAM1) was more prevalent in NK2, and CD16 (FCGR3A) expression increased progressively from NK2 to NK1C. In addition, CD11B (ITGAM) levels were higher in NK1B, whereas CD11C (ITGAX) expression was more pronounced in NK2."""	38956378	10.1038/s41590-024-01883-0	PMC11291291	Rebuffet L et al. 2024			atlas	proposed; PubMed publication type: Journal Article (PMID 38956378)	archive/2026-09_literature_narratives/nk_cell_markers.md	151	CD11c (expressed on NK2 / CD56bright subset)		yes	exact match in Europe PMC full text		2026-09-28
EV00201		SOULCAP:SC000045|SOULCAP:SC000046|SOULCAP:SC000047|SOULCAP:SC000048|SOULCAP:SC000049|SOULCAP:SC000050|SOULCAP:SC000051|SOULCAP:SC000052|SOULCAP:SC000053|SOULCAP:SC000054|SOULCAP:SC000055|SOULCAP:SC000056|SOULCAP:SC000057|SOULCAP:SC000058|SOULCAP:SC000059|SOULCAP:SC000060|SOULCAP:SC000061|SOULCAP:SC000062|SOULCAP:SC000063|SOULCAP:SC000064|SOULCAP:SC000065|SOULCAP:SC000066|SOULCAP:SC000067|SOULCAP:SC000068|SOULCAP:SC000069|SOULCAP:SC000070|SOULCAP:SC000071|SOULCAP:SC000072|SOULCAP:SC000073|SOULCAP:SC000074|SOULCAP:SC000075|SOULCAP:SC000076|SOULCAP:SC000077|SOULCAP:SC000078|SOULCAP:SC000079|SOULCAP:SC000107|SOULCAP:SC000109|SOULCAP:SC000110|SOULCAP:SC000111|SOULCAP:SC000112|SOULCAP:SC000113|SOULCAP:SC000114|SOULCAP:SC000115|SOULCAP:SC000116|SOULCAP:SC000117|SOULCAP:SC000118|SOULCAP:SC000119|SOULCAP:SC000121|SOULCAP:SC000122|SOULCAP:SC000123|SOULCAP:SC000124|SOULCAP:SC000125|SOULCAP:SC000126|SOULCAP:SC000127	unreviewed	T cell	CD3		supports	"""CD3+/CD8−/CD4+/CCR7+/CD45RA+"""	26861911	10.1038/srep20686	PMC4748244	Finak G et al. 2016			panel_or_method	curator (Alex, 2026-09-28): OMIP / standardization panel; PubMed publication type: Journal Article|Research Support, N.I.H., Extramural|Research Support, N.I.H., Intramural|Research Support, Non-U.S. Gov't (PMID 26861911)	archive/2026-09_literature_narratives/t_cell_markers.md	25	CD3 (required positive — pan-T cell marker)	CD4 Naïve — Table 2 gating string	yes	exact match in Europe PMC full text		2026-09-28
EV00202		SOULCAP:SC000045|SOULCAP:SC000046|SOULCAP:SC000047|SOULCAP:SC000048|SOULCAP:SC000049|SOULCAP:SC000050|SOULCAP:SC000051|SOULCAP:SC000052|SOULCAP:SC000053|SOULCAP:SC000054|SOULCAP:SC000055|SOULCAP:SC000056|SOULCAP:SC000057|SOULCAP:SC000058|SOULCAP:SC000059|SOULCAP:SC000060|SOULCAP:SC000061|SOULCAP:SC000062|SOULCAP:SC000063|SOULCAP:SC000064|SOULCAP:SC000065|SOULCAP:SC000066|SOULCAP:SC000067|SOULCAP:SC000068|SOULCAP:SC000069|SOULCAP:SC000070|SOULCAP:SC000071|SOULCAP:SC000072|SOULCAP:SC000073|SOULCAP:SC000074|SOULCAP:SC000075|SOULCAP:SC000076|SOULCAP:SC000077|SOULCAP:SC000078|SOULCAP:SC000079|SOULCAP:SC000107|SOULCAP:SC000109|SOULCAP:SC000110|SOULCAP:SC000111|SOULCAP:SC000112|SOULCAP:SC000113|SOULCAP:SC000114|SOULCAP:SC000115|SOULCAP:SC000116|SOULCAP:SC000117|SOULCAP:SC000118|SOULCAP:SC000119|SOULCAP:SC000121|SOULCAP:SC000122|SOULCAP:SC000123|SOULCAP:SC000124|SOULCAP:SC000125|SOULCAP:SC000126|SOULCAP:SC000127	unreviewed	T cell	CD3		supports	"""CD3+/CD8+/CD4−/CCR7+/CD45RA+"""	26861911	10.1038/srep20686	PMC4748244	Finak G et al. 2016			panel_or_method	curator (Alex, 2026-09-28): OMIP / standardization panel; PubMed publication type: Journal Article|Research Support, N.I.H., Extramural|Research Support, N.I.H., Intramural|Research Support, Non-U.S. Gov't (PMID 26861911)	archive/2026-09_literature_narratives/t_cell_markers.md	27	CD3 (required positive — pan-T cell marker)	CD8 Naïve — Table 2 gating string	yes	exact match in Europe PMC full text		2026-09-28
EV00203		SOULCAP:SC000045|SOULCAP:SC000046|SOULCAP:SC000047|SOULCAP:SC000048|SOULCAP:SC000049|SOULCAP:SC000050|SOULCAP:SC000051|SOULCAP:SC000052|SOULCAP:SC000053|SOULCAP:SC000054|SOULCAP:SC000055|SOULCAP:SC000056|SOULCAP:SC000057|SOULCAP:SC000058|SOULCAP:SC000059|SOULCAP:SC000060|SOULCAP:SC000061|SOULCAP:SC000062|SOULCAP:SC000063|SOULCAP:SC000064|SOULCAP:SC000065|SOULCAP:SC000066|SOULCAP:SC000067|SOULCAP:SC000068|SOULCAP:SC000069|SOULCAP:SC000070|SOULCAP:SC000071|SOULCAP:SC000072|SOULCAP:SC000073|SOULCAP:SC000074|SOULCAP:SC000075|SOULCAP:SC000076|SOULCAP:SC000077|SOULCAP:SC000078|SOULCAP:SC000079|SOULCAP:SC000107|SOULCAP:SC000109|SOULCAP:SC000110|SOULCAP:SC000111|SOULCAP:SC000112|SOULCAP:SC000113|SOULCAP:SC000114|SOULCAP:SC000115|SOULCAP:SC000116|SOULCAP:SC000117|SOULCAP:SC000118|SOULCAP:SC000119|SOULCAP:SC000121|SOULCAP:SC000122|SOULCAP:SC000123|SOULCAP:SC000124|SOULCAP:SC000125|SOULCAP:SC000126|SOULCAP:SC000127	unreviewed	T cell	CD3		supports	"""Purity of PHA- and Zole- expanded αβ and γδ T-cell cultures and MACS-isolated T-cell populations were assessed by flow cytometry using anti-CD3, CD4, CD8, γδ TCR, and αβ TCR monoclonal antibodies."""	41727470	10.3389/fimmu.2026.1739493	PMC12920462	Kelm M et al. 2026			application_study	curator (Alex, 2026-09-28): application_study; PubMed publication type: Journal Article (PMID 41727470)	archive/2026-09_literature_narratives/t_cell_markers.md	34	CD3 (required positive — pan-T cell marker)		yes	exact match in Europe PMC full text		2026-09-28
EV00204		SOULCAP:SC000047|SOULCAP:SC000048|SOULCAP:SC000050|SOULCAP:SC000051|SOULCAP:SC000052|SOULCAP:SC000053|SOULCAP:SC000055|SOULCAP:SC000056|SOULCAP:SC000057|SOULCAP:SC000058|SOULCAP:SC000062|SOULCAP:SC000063|SOULCAP:SC000064|SOULCAP:SC000065|SOULCAP:SC000066|SOULCAP:SC000067|SOULCAP:SC000068|SOULCAP:SC000069|SOULCAP:SC000070|SOULCAP:SC000071|SOULCAP:SC000072|SOULCAP:SC000073|SOULCAP:SC000076|SOULCAP:SC000077|SOULCAP:SC000078|SOULCAP:SC000079|SOULCAP:SC000109|SOULCAP:SC000110|SOULCAP:SC000111|SOULCAP:SC000112|SOULCAP:SC000113|SOULCAP:SC000114|SOULCAP:SC000115|SOULCAP:SC000116|SOULCAP:SC000117|SOULCAP:SC000118|SOULCAP:SC000119|SOULCAP:SC000121	unreviewed	T cell	CD4		supports	"""CD3+/CD8−/CD4+/CCR7+/CD45RA−"""	26861911	10.1038/srep20686	PMC4748244	Finak G et al. 2016			panel_or_method	curator (Alex, 2026-09-28): OMIP / standardization panel; PubMed publication type: Journal Article|Research Support, N.I.H., Extramural|Research Support, N.I.H., Intramural|Research Support, Non-U.S. Gov't (PMID 26861911)	archive/2026-09_literature_narratives/t_cell_markers.md	46	CD4 and CD8 (lineage markers for T helper and cytotoxic T cells)	CD4 Central Memory — Table 2 gating string	yes	exact match in Europe PMC full text		2026-09-28
EV00205		SOULCAP:SC000047|SOULCAP:SC000048|SOULCAP:SC000050|SOULCAP:SC000051|SOULCAP:SC000052|SOULCAP:SC000053|SOULCAP:SC000055|SOULCAP:SC000056|SOULCAP:SC000057|SOULCAP:SC000058|SOULCAP:SC000062|SOULCAP:SC000063|SOULCAP:SC000064|SOULCAP:SC000065|SOULCAP:SC000066|SOULCAP:SC000067|SOULCAP:SC000068|SOULCAP:SC000069|SOULCAP:SC000070|SOULCAP:SC000071|SOULCAP:SC000072|SOULCAP:SC000073|SOULCAP:SC000076|SOULCAP:SC000077|SOULCAP:SC000078|SOULCAP:SC000079|SOULCAP:SC000115|SOULCAP:SC000116|SOULCAP:SC000117|SOULCAP:SC000118|SOULCAP:SC000119|SOULCAP:SC000121	unreviewed	T cell	CD8		supports	"""CD3+/CD8−/CD4+/CCR7+/CD45RA−"""	26861911	10.1038/srep20686	PMC4748244	Finak G et al. 2016			panel_or_method	curator (Alex, 2026-09-28): OMIP / standardization panel; PubMed publication type: Journal Article|Research Support, N.I.H., Extramural|Research Support, N.I.H., Intramural|Research Support, Non-U.S. Gov't (PMID 26861911)	archive/2026-09_literature_narratives/t_cell_markers.md	46	CD4 and CD8 (lineage markers for T helper and cytotoxic T cells)	CD4 Central Memory — Table 2 gating string	yes	exact match in Europe PMC full text		2026-09-28
EV00206		SOULCAP:SC000047|SOULCAP:SC000048|SOULCAP:SC000050|SOULCAP:SC000051|SOULCAP:SC000052|SOULCAP:SC000053|SOULCAP:SC000055|SOULCAP:SC000056|SOULCAP:SC000057|SOULCAP:SC000058|SOULCAP:SC000062|SOULCAP:SC000063|SOULCAP:SC000064|SOULCAP:SC000065|SOULCAP:SC000066|SOULCAP:SC000067|SOULCAP:SC000068|SOULCAP:SC000069|SOULCAP:SC000070|SOULCAP:SC000071|SOULCAP:SC000072|SOULCAP:SC000073|SOULCAP:SC000076|SOULCAP:SC000077|SOULCAP:SC000078|SOULCAP:SC000079|SOULCAP:SC000109|SOULCAP:SC000110|SOULCAP:SC000111|SOULCAP:SC000112|SOULCAP:SC000113|SOULCAP:SC000114|SOULCAP:SC000115|SOULCAP:SC000116|SOULCAP:SC000117|SOULCAP:SC000118|SOULCAP:SC000119|SOULCAP:SC000121	unreviewed	T cell	CD4		supports	"""CD3+/CD8+/CD4−/CCR7+/CD45RA+"""	26861911	10.1038/srep20686	PMC4748244	Finak G et al. 2016			panel_or_method	curator (Alex, 2026-09-28): OMIP / standardization panel; PubMed publication type: Journal Article|Research Support, N.I.H., Extramural|Research Support, N.I.H., Intramural|Research Support, Non-U.S. Gov't (PMID 26861911)	archive/2026-09_literature_narratives/t_cell_markers.md	48	CD4 and CD8 (lineage markers for T helper and cytotoxic T cells)	CD8 Naïve — Table 2 gating string	yes	exact match in Europe PMC full text		2026-09-28
EV00207		SOULCAP:SC000047|SOULCAP:SC000048|SOULCAP:SC000050|SOULCAP:SC000051|SOULCAP:SC000052|SOULCAP:SC000053|SOULCAP:SC000055|SOULCAP:SC000056|SOULCAP:SC000057|SOULCAP:SC000058|SOULCAP:SC000062|SOULCAP:SC000063|SOULCAP:SC000064|SOULCAP:SC000065|SOULCAP:SC000066|SOULCAP:SC000067|SOULCAP:SC000068|SOULCAP:SC000069|SOULCAP:SC000070|SOULCAP:SC000071|SOULCAP:SC000072|SOULCAP:SC000073|SOULCAP:SC000076|SOULCAP:SC000077|SOULCAP:SC000078|SOULCAP:SC000079|SOULCAP:SC000115|SOULCAP:SC000116|SOULCAP:SC000117|SOULCAP:SC000118|SOULCAP:SC000119|SOULCAP:SC000121	unreviewed	T cell	CD8		supports	"""CD3+/CD8+/CD4−/CCR7+/CD45RA+"""	26861911	10.1038/srep20686	PMC4748244	Finak G et al. 2016			panel_or_method	curator (Alex, 2026-09-28): OMIP / standardization panel; PubMed publication type: Journal Article|Research Support, N.I.H., Extramural|Research Support, N.I.H., Intramural|Research Support, Non-U.S. Gov't (PMID 26861911)	archive/2026-09_literature_narratives/t_cell_markers.md	48	CD4 and CD8 (lineage markers for T helper and cytotoxic T cells)	CD8 Naïve — Table 2 gating string	yes	exact match in Europe PMC full text		2026-09-28
EV00208		SOULCAP:SC000107|SOULCAP:SC000111|SOULCAP:SC000112|SOULCAP:SC000113|SOULCAP:SC000114|SOULCAP:SC000115|SOULCAP:SC000116|SOULCAP:SC000117|SOULCAP:SC000118|SOULCAP:SC000119	unreviewed	T cell	CD183		supports	"""Th1, CXCR3+CCR6–; Th17, CXCR3–CCR6+; Th1–17, CXCR3+CCR6+"""	41757944	10.1093/infdis/jiag115	PMC13127770	Nalubega M et al. 2026			application_study	curator (Alex, 2026-09-28): application_study; PubMed publication type: Journal Article|Comparative Study (PMID 41757944)	archive/2026-09_literature_narratives/t_cell_markers.md	83	CD183 / CXCR3 (Th1 marker — positive on Th1, negative on Th2/Th17)	Figure 1 description	yes	exact match in Europe PMC full text		2026-09-28
EV00209		SOULCAP:SC000107|SOULCAP:SC000111|SOULCAP:SC000112|SOULCAP:SC000113|SOULCAP:SC000114|SOULCAP:SC000115|SOULCAP:SC000116|SOULCAP:SC000117|SOULCAP:SC000118|SOULCAP:SC000119	unreviewed	T cell	CD183		supports	"""Th1 (CXCR3+CCR6–CCR4–), Th2 (CXCR3–CCR6–CCR4+), Th17 (CXCR3–CCR6+CCR4+)"""	41757944	10.1093/infdis/jiag115	PMC13127770	Nalubega M et al. 2026			application_study	curator (Alex, 2026-09-28): application_study; PubMed publication type: Journal Article|Comparative Study (PMID 41757944)	archive/2026-09_literature_narratives/t_cell_markers.md	85	CD183 / CXCR3 (Th1 marker — positive on Th1, negative on Th2/Th17)	Figure 3 description	yes	exact match in Europe PMC full text		2026-09-28
EV00210		SOULCAP:SC000107|SOULCAP:SC000111|SOULCAP:SC000112|SOULCAP:SC000113|SOULCAP:SC000114|SOULCAP:SC000115|SOULCAP:SC000116|SOULCAP:SC000117|SOULCAP:SC000118|SOULCAP:SC000119	unreviewed	T cell	CD183		supports	"""Th1 (CXCR3+CCR4−CCR6− CD62LlowCD4+ T cells)"""	42047825	10.1007/s00262-026-04357-4	PMC13125411	Kamigaichi A et al. 2026			application_study	curator (Alex, 2026-09-28): application_study; PubMed publication type: Journal Article (PMID 42047825)	archive/2026-09_literature_narratives/t_cell_markers.md	90	CD183 / CXCR3 (Th1 marker — positive on Th1, negative on Th2/Th17)		yes	exact match in Europe PMC full text		2026-09-28
EV00211		SOULCAP:SC000107|SOULCAP:SC000111|SOULCAP:SC000112|SOULCAP:SC000113|SOULCAP:SC000114|SOULCAP:SC000115|SOULCAP:SC000116|SOULCAP:SC000117|SOULCAP:SC000118|SOULCAP:SC000119	unreviewed	T cell	CD183		supports	"""define (C) CD154+ Th1 (CXCR3+CCR4−CCR10−CCR6−), (D) CD154+ Th2 (CXCR3−CCR4+CCR10−CCR6−), (E) CD154+ Th17 (CXCR3−CCR4+CCR10−CCR6+)"""	42327791	10.3389/fimmu.2026.1798583	PMC13275367	Pospich R et al. 2026			application_study	curator (Alex, 2026-09-28): application_study; PubMed publication type: Journal Article (PMID 42327791)	archive/2026-09_literature_narratives/t_cell_markers.md	94	CD183 / CXCR3 (Th1 marker — positive on Th1, negative on Th2/Th17)		yes	exact match in Europe PMC full text		2026-09-28
EV00212		SOULCAP:SC000107|SOULCAP:SC000111|SOULCAP:SC000112|SOULCAP:SC000113|SOULCAP:SC000114|SOULCAP:SC000115|SOULCAP:SC000116|SOULCAP:SC000117|SOULCAP:SC000118|SOULCAP:SC000119	unreviewed	T cell	CD183		supports	"""Th1 (CXCR3+ CCR6−), Th17 (CXCR3− CCR6+), and Th2 (CXCR3− CCR6−"""	41928597	10.1002/eji.70177	PMC13047356	Gholizadeh F et al. 2026			application_study	curator (Alex, 2026-09-28): application_study; PubMed publication type: Journal Article|Research Support, Non-U.S. Gov't (PMID 41928597)	archive/2026-09_literature_narratives/t_cell_markers.md	99	CD183 / CXCR3 (Th1 marker — positive on Th1, negative on Th2/Th17)	figure legend; Th2 further defined as CCR4+	yes	exact match in Europe PMC full text		2026-09-28
EV00213		SOULCAP:SC000107|SOULCAP:SC000111|SOULCAP:SC000112|SOULCAP:SC000113|SOULCAP:SC000114|SOULCAP:SC000115|SOULCAP:SC000116|SOULCAP:SC000117|SOULCAP:SC000118|SOULCAP:SC000119	unreviewed	T cell	CD183		supports	"""human Th9 cells express CD183 (CXCR3), CD193 (CCR3), and CD196 (CCR6), but not CD194+(CCR4+) or D294 (CRTH2), which are expressed on the surface of Th2 cells"""		10.3389/fimmu.2020.01026	PMC7251969	Chen T et al. 2020			review	pubmed_publication_type: Journal Article|Research Support, Non-U.S. Gov't|Review (PMID 32508847)	archive/2026-09_literature_narratives/t_cell_markers.md	107	CD183 / CXCR3 (Th1 marker — positive on Th1, negative on Th2/Th17)	citation corrected from 'Frontiers Immunology 2020' via PubMed PMID 32508847 (Chen T, Guo J, Cai Z, Li B. Front Immunol 2020)	yes	exact match in Europe PMC full text		2026-09-28
EV00214		SOULCAP:SC000107|SOULCAP:SC000110|SOULCAP:SC000111|SOULCAP:SC000112|SOULCAP:SC000113|SOULCAP:SC000114|SOULCAP:SC000115|SOULCAP:SC000116|SOULCAP:SC000117|SOULCAP:SC000118|SOULCAP:SC000119	unreviewed	T cell	CD185		supports	"""CXCR5+ Tfh vs. CXCR5− non‐Tfh"""	41928597	10.1002/eji.70177	PMC13047356	Gholizadeh F et al. 2026			application_study	curator (Alex, 2026-09-28): application_study; PubMed publication type: Journal Article|Research Support, Non-U.S. Gov't (PMID 41928597)	archive/2026-09_literature_narratives/t_cell_markers.md	121	CD185 / CXCR5 (Tfh marker — positive on follicular helper T cells)	figure description	yes	exact match in Europe PMC full text		2026-09-28
EV00215		SOULCAP:SC000107|SOULCAP:SC000110|SOULCAP:SC000111|SOULCAP:SC000112|SOULCAP:SC000113|SOULCAP:SC000114|SOULCAP:SC000115|SOULCAP:SC000116|SOULCAP:SC000117|SOULCAP:SC000118|SOULCAP:SC000119	unreviewed	T cell	CD185		supports	"""CD3+CD4+CD45RO+PD-1highCXCR5+"""	41351179	10.1186/s13075-025-03701-w	PMC12797565	Liao H et al. 2025			application_study	curator (Alex, 2026-09-28): application_study; PubMed publication type: Journal Article|Research Support, Non-U.S. Gov't (PMID 41351179)	archive/2026-09_literature_narratives/t_cell_markers.md	125	CD185 / CXCR5 (Tfh marker — positive on follicular helper T cells)	circulating Tfh cell definition	yes	exact match in Europe PMC full text		2026-09-28
EV00216		SOULCAP:SC000107|SOULCAP:SC000110|SOULCAP:SC000111|SOULCAP:SC000112|SOULCAP:SC000113|SOULCAP:SC000114|SOULCAP:SC000115|SOULCAP:SC000116|SOULCAP:SC000117|SOULCAP:SC000118|SOULCAP:SC000119	unreviewed	T cell	CD185		supports	"""CD3+CD4+CD45RO+PD-1highCXCR5−"""	41351179	10.1186/s13075-025-03701-w	PMC12797565	Liao H et al. 2025			application_study	curator (Alex, 2026-09-28): application_study; PubMed publication type: Journal Article|Research Support, Non-U.S. Gov't (PMID 41351179)	archive/2026-09_literature_narratives/t_cell_markers.md	127	CD185 / CXCR5 (Tfh marker — positive on follicular helper T cells)	circulating peripheral helper T cell definition	yes	exact match in Europe PMC full text		2026-09-28
EV00217		SOULCAP:SC000107|SOULCAP:SC000110|SOULCAP:SC000111|SOULCAP:SC000112|SOULCAP:SC000113|SOULCAP:SC000114|SOULCAP:SC000115|SOULCAP:SC000116|SOULCAP:SC000117|SOULCAP:SC000118|SOULCAP:SC000119	unreviewed	T cell	CD185		supports	"""pTfh (CXCR5+PD1+)"""	41757944	10.1093/infdis/jiag115	PMC13127770	Nalubega M et al. 2026			application_study	curator (Alex, 2026-09-28): application_study; PubMed publication type: Journal Article|Comparative Study (PMID 41757944)	archive/2026-09_literature_narratives/t_cell_markers.md	131	CD185 / CXCR5 (Tfh marker — positive on follicular helper T cells)	Methods section	yes	exact match in Europe PMC full text		2026-09-28
EV00218		SOULCAP:SC000107|SOULCAP:SC000110|SOULCAP:SC000111|SOULCAP:SC000112|SOULCAP:SC000113|SOULCAP:SC000114|SOULCAP:SC000115|SOULCAP:SC000116|SOULCAP:SC000117|SOULCAP:SC000118|SOULCAP:SC000119	unreviewed	T cell	CD185		supports	"""pTfh1 (CXCR3+CCR6–), pTfh2 (CXCR3–CCR6–), pTfh17 (CXCR3–CCR6+)"""	41757944	10.1093/infdis/jiag115	PMC13127770	Nalubega M et al. 2026			application_study	curator (Alex, 2026-09-28): application_study; PubMed publication type: Journal Article|Comparative Study (PMID 41757944)	archive/2026-09_literature_narratives/t_cell_markers.md	133	CD185 / CXCR5 (Tfh marker — positive on follicular helper T cells)	Methods section	yes	exact match in Europe PMC full text		2026-09-28
EV00219		SOULCAP:SC000107|SOULCAP:SC000110|SOULCAP:SC000111|SOULCAP:SC000112|SOULCAP:SC000113|SOULCAP:SC000114|SOULCAP:SC000115|SOULCAP:SC000116|SOULCAP:SC000117|SOULCAP:SC000118|SOULCAP:SC000119	unreviewed	T cell	CD185		supports	"""we used the following anti-chemokine receptors antibodies – CXCR5, CCR6, CXCR3, and CCR4"""	41376646	10.3389/fimmu.2025.1614461	PMC12685880	Starshinova A et al. 2025			application_study	curator (Alex, 2026-09-28): application_study; PubMed publication type: Journal Article (PMID 41376646)	archive/2026-09_literature_narratives/t_cell_markers.md	140	CD185 / CXCR5 (Tfh marker — positive on follicular helper T cells)		yes	exact match in Europe PMC full text		2026-09-28
EV00220		SOULCAP:SC000107|SOULCAP:SC000111|SOULCAP:SC000112|SOULCAP:SC000113|SOULCAP:SC000114|SOULCAP:SC000115|SOULCAP:SC000116|SOULCAP:SC000117|SOULCAP:SC000118|SOULCAP:SC000119	unreviewed	T cell	CD194		supports	"""Th2 (CXCR3–CCR6–CCR4+), Th17 (CXCR3–CCR6+CCR4+)"""	41757944	10.1093/infdis/jiag115	PMC13127770	Nalubega M et al. 2026			application_study	curator (Alex, 2026-09-28): application_study; PubMed publication type: Journal Article|Comparative Study (PMID 41757944)	archive/2026-09_literature_narratives/t_cell_markers.md	151	CD194 / CCR4 (Th2 and Th17 marker — positive on Th2, variable on Th17)	Figure 3 description	yes	exact match in Europe PMC full text		2026-09-28
EV00221		SOULCAP:SC000107|SOULCAP:SC000111|SOULCAP:SC000112|SOULCAP:SC000113|SOULCAP:SC000114|SOULCAP:SC000115|SOULCAP:SC000116|SOULCAP:SC000117|SOULCAP:SC000118|SOULCAP:SC000119	unreviewed	T cell	CD194		supports	"""cluster 9 was defined as Th2 cells, as they highly expressed CCR4 but did not express biomarkers of Tfh cells (CXCR5, PD-1), Th1 cells (CXCR3), Th17 cells (CCR6), and Treg cells (CD25, Foxp3)"""	41826820	10.1186/s10020-026-01455-y	PMC13101149	Zhu H et al. 2026			application_study	curator (Alex, 2026-09-28): application_study; PubMed publication type: Journal Article|Research Support, Non-U.S. Gov't (PMID 41826820)	archive/2026-09_literature_narratives/t_cell_markers.md	155	CD194 / CCR4 (Th2 and Th17 marker — positive on Th2, variable on Th17)		yes	exact match in Europe PMC full text		2026-09-28
EV00222		SOULCAP:SC000107|SOULCAP:SC000111|SOULCAP:SC000112|SOULCAP:SC000113|SOULCAP:SC000114|SOULCAP:SC000115|SOULCAP:SC000116|SOULCAP:SC000117|SOULCAP:SC000118|SOULCAP:SC000119	unreviewed	T cell	CD194		supports	"""Th2 (CXCR3−CCR4+CCR6− CD62LlowCD4+ T cells)"""	42047825	10.1007/s00262-026-04357-4	PMC13125411	Kamigaichi A et al. 2026			application_study	curator (Alex, 2026-09-28): application_study; PubMed publication type: Journal Article (PMID 42047825)	archive/2026-09_literature_narratives/t_cell_markers.md	161	CD194 / CCR4 (Th2 and Th17 marker — positive on Th2, variable on Th17)		yes	exact match in Europe PMC full text		2026-09-28
EV00223		SOULCAP:SC000107|SOULCAP:SC000111|SOULCAP:SC000112|SOULCAP:SC000113|SOULCAP:SC000114|SOULCAP:SC000115|SOULCAP:SC000116|SOULCAP:SC000117|SOULCAP:SC000118|SOULCAP:SC000119	unreviewed	T cell	CD194		supports	"""Th17 (CXCR3−CCR4+CCR6+ CD62LlowCD4+ T cells)"""	42047825	10.1007/s00262-026-04357-4	PMC13125411	Kamigaichi A et al. 2026			application_study	curator (Alex, 2026-09-28): application_study; PubMed publication type: Journal Article (PMID 42047825)	archive/2026-09_literature_narratives/t_cell_markers.md	163	CD194 / CCR4 (Th2 and Th17 marker — positive on Th2, variable on Th17)		yes	exact match in Europe PMC full text		2026-09-28
EV00224		SOULCAP:SC000107|SOULCAP:SC000111|SOULCAP:SC000112|SOULCAP:SC000113|SOULCAP:SC000114|SOULCAP:SC000115|SOULCAP:SC000116|SOULCAP:SC000117|SOULCAP:SC000118|SOULCAP:SC000119	unreviewed	T cell	CD194		supports	"""We detected predominantly the marker combination described for Th2 cells (Figure 2D, CXCR3−CCR6−CCR10−CCR4+) and Th17 cells (Figure 2E, CXCR3−CCR6+CCR4+CCR10−) on SplB-specific T cells."""	42327791	10.3389/fimmu.2026.1798583	PMC13275367	Pospich R et al. 2026			application_study	curator (Alex, 2026-09-28): application_study; PubMed publication type: Journal Article (PMID 42327791)	archive/2026-09_literature_narratives/t_cell_markers.md	167	CD194 / CCR4 (Th2 and Th17 marker — positive on Th2, variable on Th17)		exact_except_trailing_punctuation	exact apart from trailing punctuation (the paper likely has a reference marker or different ending there): We detected predominantly the marker combination described for Th2 cells (Figure 2D, CXCR3−CCR6−CCR10−CCR4+) and Th17 cells (Figure 2E, CXCR3−CCR6+CCR4+CCR10−) on SplB-specific T cells.		2026-09-28
EV00225		SOULCAP:SC000107|SOULCAP:SC000111|SOULCAP:SC000112|SOULCAP:SC000113|SOULCAP:SC000114|SOULCAP:SC000115|SOULCAP:SC000116|SOULCAP:SC000117|SOULCAP:SC000118|SOULCAP:SC000119	unreviewed	T cell	CD194		supports	"""human Th9 cells express CD183 (CXCR3), CD193 (CCR3), and CD196 (CCR6), but not CD194+(CCR4+) or D294 (CRTH2), which are expressed on the surface of Th2 cells"""		10.3389/fimmu.2020.01026	PMC7251969	Chen T et al. 2020			review	pubmed_publication_type: Journal Article|Research Support, Non-U.S. Gov't|Review (PMID 32508847)	archive/2026-09_literature_narratives/t_cell_markers.md	173	CD194 / CCR4 (Th2 and Th17 marker — positive on Th2, variable on Th17)	citation corrected from 'Frontiers Immunology 2020' via PubMed PMID 32508847 (Chen T, Guo J, Cai Z, Li B. Front Immunol 2020)	yes	exact match in Europe PMC full text		2026-09-28
EV00226		SOULCAP:SC000107|SOULCAP:SC000111|SOULCAP:SC000112|SOULCAP:SC000113|SOULCAP:SC000114|SOULCAP:SC000115|SOULCAP:SC000116|SOULCAP:SC000117|SOULCAP:SC000118|SOULCAP:SC000119	unreviewed	T cell	CD196		supports	"""Th17 (CXCR3–CCR6+CCR4+)"""	41757944	10.1093/infdis/jiag115	PMC13127770	Nalubega M et al. 2026			application_study	curator (Alex, 2026-09-28): application_study; PubMed publication type: Journal Article|Comparative Study (PMID 41757944)	archive/2026-09_literature_narratives/t_cell_markers.md	184	CD196 / CCR6 (Th17 marker — positive on Th17, negative on Th1/Th2)	Figure 3	yes	exact match in Europe PMC full text		2026-09-28
EV00227		SOULCAP:SC000107|SOULCAP:SC000111|SOULCAP:SC000112|SOULCAP:SC000113|SOULCAP:SC000114|SOULCAP:SC000115|SOULCAP:SC000116|SOULCAP:SC000117|SOULCAP:SC000118|SOULCAP:SC000119	unreviewed	T cell	CD196		supports	"""pTfh17 (CXCR3–CCR6+)"""	41757944	10.1093/infdis/jiag115	PMC13127770	Nalubega M et al. 2026			application_study	curator (Alex, 2026-09-28): application_study; PubMed publication type: Journal Article|Comparative Study (PMID 41757944)	archive/2026-09_literature_narratives/t_cell_markers.md	186	CD196 / CCR6 (Th17 marker — positive on Th17, negative on Th1/Th2)	Methods	yes	exact match in Europe PMC full text		2026-09-28
EV00228		SOULCAP:SC000107|SOULCAP:SC000111|SOULCAP:SC000112|SOULCAP:SC000113|SOULCAP:SC000114|SOULCAP:SC000115|SOULCAP:SC000116|SOULCAP:SC000117|SOULCAP:SC000118|SOULCAP:SC000119	unreviewed	T cell	CD196		supports	"""CD154+ Th17 (CXCR3−CCR4+CCR10−CCR6+)"""	42327791	10.3389/fimmu.2026.1798583	PMC13275367	Pospich R et al. 2026			application_study	curator (Alex, 2026-09-28): application_study; PubMed publication type: Journal Article (PMID 42327791)	archive/2026-09_literature_narratives/t_cell_markers.md	190	CD196 / CCR6 (Th17 marker — positive on Th17, negative on Th1/Th2)		yes	exact match in Europe PMC full text		2026-09-28
EV00229		SOULCAP:SC000107|SOULCAP:SC000111|SOULCAP:SC000112|SOULCAP:SC000113|SOULCAP:SC000114|SOULCAP:SC000115|SOULCAP:SC000116|SOULCAP:SC000117|SOULCAP:SC000118|SOULCAP:SC000119	unreviewed	T cell	CD196		supports	"""Th17 (CXCR3−CCR4+CCR6+ CD62LlowCD4+ T cells)"""	42047825	10.1007/s00262-026-04357-4	PMC13125411	Kamigaichi A et al. 2026			application_study	curator (Alex, 2026-09-28): application_study; PubMed publication type: Journal Article (PMID 42047825)	archive/2026-09_literature_narratives/t_cell_markers.md	194	CD196 / CCR6 (Th17 marker — positive on Th17, negative on Th1/Th2)		yes	exact match in Europe PMC full text		2026-09-28
EV00230		SOULCAP:SC000107|SOULCAP:SC000111|SOULCAP:SC000112|SOULCAP:SC000113|SOULCAP:SC000114|SOULCAP:SC000115|SOULCAP:SC000116|SOULCAP:SC000117|SOULCAP:SC000118|SOULCAP:SC000119	unreviewed	T cell	CD196		supports	"""human Th9 cells express CD183 (CXCR3), CD193 (CCR3), and CD196 (CCR6)"""		10.3389/fimmu.2020.01026	PMC7251969	Chen T et al. 2020			review	pubmed_publication_type: Journal Article|Research Support, Non-U.S. Gov't|Review (PMID 32508847)	archive/2026-09_literature_narratives/t_cell_markers.md	198	CD196 / CCR6 (Th17 marker — positive on Th17, negative on Th1/Th2)	citation corrected from 'Frontiers Immunology 2020' via PubMed PMID 32508847 (Chen T, Guo J, Cai Z, Li B. Front Immunol 2020)	yes	exact match in Europe PMC full text		2026-09-28
EV00231		SOULCAP:SC000107|SOULCAP:SC000111|SOULCAP:SC000112|SOULCAP:SC000113|SOULCAP:SC000114|SOULCAP:SC000115|SOULCAP:SC000116|SOULCAP:SC000117|SOULCAP:SC000118|SOULCAP:SC000119	unreviewed	T cell	CD196		supports	"""Th1 (CXCR3+ CCR6−), Th17 (CXCR3− CCR6+), and Th2 (CXCR3− CCR6−"""	41928597	10.1002/eji.70177	PMC13047356	Gholizadeh F et al. 2026			application_study	curator (Alex, 2026-09-28): application_study; PubMed publication type: Journal Article|Research Support, Non-U.S. Gov't (PMID 41928597)	archive/2026-09_literature_narratives/t_cell_markers.md	209	CD196 / CCR6 (Th17 marker — positive on Th17, negative on Th1/Th2)		yes	exact match in Europe PMC full text		2026-09-28
EV00232		SOULCAP:SC000112|SOULCAP:SC000117	unreviewed	T cell	CD294		supports	"""human Th9 cells express CD183 (CXCR3), CD193 (CCR3), and CD196 (CCR6), but not CD194+(CCR4+) or D294 (CRTH2), which are expressed on the surface of Th2 cells"""		10.3389/fimmu.2020.01026	PMC7251969	Chen T et al. 2020			review	pubmed_publication_type: Journal Article|Research Support, Non-U.S. Gov't|Review (PMID 32508847)	archive/2026-09_literature_narratives/t_cell_markers.md	220	CD294 / CRTH2 (Th2 marker — helps distinguish Th2 from Th9)	citation corrected from 'Frontiers Immunology 2020' via PubMed PMID 32508847 (Chen T, Guo J, Cai Z, Li B. Front Immunol 2020)	yes	exact match in Europe PMC full text		2026-09-28
EV00233		SOULCAP:SC000109|SOULCAP:SC000110|SOULCAP:SC000111|SOULCAP:SC000112|SOULCAP:SC000113|SOULCAP:SC000114|SOULCAP:SC000121	unreviewed	T cell	CD25		supports	"""Tregs are typically identified by the expression of the transcription factor FoxP3 or the IL-2 receptor α-chain (CD25)...the absence or low expression of the IL-7 receptor α-chain (CD127) has been proposed as a distinguishing marker for Tregs"""	41394832	10.3389/fimmu.2025.1676937	PMC12695756	Kamran M et al. 2025			application_study	curator (Alex, 2026-09-28): application_study; PubMed publication type: Journal Article (PMID 41394832)	archive/2026-09_literature_narratives/t_cell_markers.md	239	CD25 and CD127lo/- (Treg markers — CD25+CD127low defines regulatory T cells)		no	not found in Europe PMC full text: Tregs are typically identified by the expression of the transcription factor FoxP3 or the IL-2 receptor α-chain (CD25) [first 7 of 118 chars match; then: 're typically identified by the']	EV00259	2026-09-28
EV00234		SOULCAP:SC000109|SOULCAP:SC000110|SOULCAP:SC000111|SOULCAP:SC000112|SOULCAP:SC000113|SOULCAP:SC000114|SOULCAP:SC000121	unreviewed	T cell	CD127		supports	"""Tregs are typically identified by the expression of the transcription factor FoxP3 or the IL-2 receptor α-chain (CD25)...the absence or low expression of the IL-7 receptor α-chain (CD127) has been proposed as a distinguishing marker for Tregs"""	41394832	10.3389/fimmu.2025.1676937	PMC12695756	Kamran M et al. 2025			application_study	curator (Alex, 2026-09-28): application_study; PubMed publication type: Journal Article (PMID 41394832)	archive/2026-09_literature_narratives/t_cell_markers.md	239	CD25 and CD127lo/- (Treg markers — CD25+CD127low defines regulatory T cells)		no	not found in Europe PMC full text: Tregs are typically identified by the expression of the transcription factor FoxP3 or the IL-2 receptor α-chain (CD25) [first 7 of 118 chars match; then: 're typically identified by the']	EV00260	2026-09-28
EV00235		SOULCAP:SC000109|SOULCAP:SC000110|SOULCAP:SC000111|SOULCAP:SC000112|SOULCAP:SC000113|SOULCAP:SC000114|SOULCAP:SC000121	unreviewed	T cell	CD25		supports	"""In humans, a combination of high CD25 and low or absent CD127 expression helps differentiate Tregs from effector T cells, which usually express high levels of CD127"""	41394832	10.3389/fimmu.2025.1676937	PMC12695756	Kamran M et al. 2025			application_study	curator (Alex, 2026-09-28): application_study; PubMed publication type: Journal Article (PMID 41394832)	archive/2026-09_literature_narratives/t_cell_markers.md	243	CD25 and CD127lo/- (Treg markers — CD25+CD127low defines regulatory T cells)		yes	exact match in Europe PMC full text		2026-09-28
EV00236		SOULCAP:SC000109|SOULCAP:SC000110|SOULCAP:SC000111|SOULCAP:SC000112|SOULCAP:SC000113|SOULCAP:SC000114|SOULCAP:SC000121	unreviewed	T cell	CD127		supports	"""In humans, a combination of high CD25 and low or absent CD127 expression helps differentiate Tregs from effector T cells, which usually express high levels of CD127"""	41394832	10.3389/fimmu.2025.1676937	PMC12695756	Kamran M et al. 2025			application_study	curator (Alex, 2026-09-28): application_study; PubMed publication type: Journal Article (PMID 41394832)	archive/2026-09_literature_narratives/t_cell_markers.md	243	CD25 and CD127lo/- (Treg markers — CD25+CD127low defines regulatory T cells)		yes	exact match in Europe PMC full text		2026-09-28
EV00237		SOULCAP:SC000109|SOULCAP:SC000110|SOULCAP:SC000111|SOULCAP:SC000112|SOULCAP:SC000113|SOULCAP:SC000114|SOULCAP:SC000121	unreviewed	T cell	CD127		supports	"""Expression of CD127, the α-chain of the IL‐7 receptor, is inversely correlated with the expression of hallmark Treg cell regulator FOXP3."""	41645582	10.1002/eji.70107	PMC12877429	Morgana F et al. 2026			sorting_paper	proposed; PubMed publication type: Journal Article (PMID 41645582)	archive/2026-09_literature_narratives/t_cell_markers.md	248	CD25 and CD127lo/- (Treg markers — CD25+CD127low defines regulatory T cells)		no	not found in Europe PMC full text: Expression of CD127, the α-chain of the IL‐7 receptor, is inversely correlated with the expression of hallmark Treg cell regulator FOXP3. [first 26 of 137 chars match; then: '-chain of the IL‐7 receptor, i']	EV00261	2026-09-28
EV00238		SOULCAP:SC000109|SOULCAP:SC000110|SOULCAP:SC000111|SOULCAP:SC000112|SOULCAP:SC000113|SOULCAP:SC000114|SOULCAP:SC000121	unreviewed	T cell	CD25		supports	"""the CD4+CD25+CD127low/– population arguably contains a mixture of Treg cells with variable degrees of commitment to the Treg cell lineage."""	41645582	10.1002/eji.70107	PMC12877429	Morgana F et al. 2026			sorting_paper	proposed; PubMed publication type: Journal Article (PMID 41645582)	archive/2026-09_literature_narratives/t_cell_markers.md	251	CD25 and CD127lo/- (Treg markers — CD25+CD127low defines regulatory T cells)		yes	exact match in Europe PMC full text		2026-09-28
EV00239		SOULCAP:SC000109|SOULCAP:SC000110|SOULCAP:SC000111|SOULCAP:SC000112|SOULCAP:SC000113|SOULCAP:SC000114|SOULCAP:SC000121	unreviewed	T cell	CD127		supports	"""the CD4+CD25+CD127low/– population arguably contains a mixture of Treg cells with variable degrees of commitment to the Treg cell lineage."""	41645582	10.1002/eji.70107	PMC12877429	Morgana F et al. 2026			sorting_paper	proposed; PubMed publication type: Journal Article (PMID 41645582)	archive/2026-09_literature_narratives/t_cell_markers.md	251	CD25 and CD127lo/- (Treg markers — CD25+CD127low defines regulatory T cells)		yes	exact match in Europe PMC full text		2026-09-28
EV00240		SOULCAP:SC000109|SOULCAP:SC000110|SOULCAP:SC000111|SOULCAP:SC000112|SOULCAP:SC000113|SOULCAP:SC000114|SOULCAP:SC000121	unreviewed	T cell	CD25		supports	"""Tregs (FOXP3+CD25+), pTfh (CXCR5+PD1+)"""	41757944	10.1093/infdis/jiag115	PMC13127770	Nalubega M et al. 2026			application_study	curator (Alex, 2026-09-28): application_study; PubMed publication type: Journal Article|Comparative Study (PMID 41757944)	archive/2026-09_literature_narratives/t_cell_markers.md	258	CD25 and CD127lo/- (Treg markers — CD25+CD127low defines regulatory T cells)	Results section	yes	exact match in Europe PMC full text		2026-09-28
EV00241		SOULCAP:SC000109|SOULCAP:SC000110|SOULCAP:SC000111|SOULCAP:SC000112|SOULCAP:SC000113|SOULCAP:SC000114|SOULCAP:SC000121	unreviewed	T cell	CD25		supports	"""nonnaive CD4 T cells"" analyzed using ""FOXP3, CD45RA, CD25, CCR4, CCR6, CXCR5, CXCR3, and CD127"""	41757944	10.1093/infdis/jiag115	PMC13127770	Nalubega M et al. 2026			application_study	curator (Alex, 2026-09-28): application_study; PubMed publication type: Journal Article|Comparative Study (PMID 41757944)	archive/2026-09_literature_narratives/t_cell_markers.md	260	CD25 and CD127lo/- (Treg markers — CD25+CD127low defines regulatory T cells)	Methods	yes	exact match in Europe PMC full text		2026-09-28
EV00242		SOULCAP:SC000109|SOULCAP:SC000110|SOULCAP:SC000111|SOULCAP:SC000112|SOULCAP:SC000113|SOULCAP:SC000114|SOULCAP:SC000121	unreviewed	T cell	CD127		supports	"""nonnaive CD4 T cells"" analyzed using ""FOXP3, CD45RA, CD25, CCR4, CCR6, CXCR5, CXCR3, and CD127"""	41757944	10.1093/infdis/jiag115	PMC13127770	Nalubega M et al. 2026			application_study	curator (Alex, 2026-09-28): application_study; PubMed publication type: Journal Article|Comparative Study (PMID 41757944)	archive/2026-09_literature_narratives/t_cell_markers.md	260	CD25 and CD127lo/- (Treg markers — CD25+CD127low defines regulatory T cells)	Methods	yes	exact match in Europe PMC full text		2026-09-28
EV00243			none_found	T cell	CD45RA		supports	"""CD3+/CD8−/CD4+/CCR7+/CD45RA+"""	26861911	10.1038/srep20686	PMC4748244	Finak G et al. 2016			panel_or_method	curator (Alex, 2026-09-28): OMIP / standardization panel; PubMed publication type: Journal Article|Research Support, N.I.H., Extramural|Research Support, N.I.H., Intramural|Research Support, Non-U.S. Gov't (PMID 26861911)	archive/2026-09_literature_narratives/t_cell_markers.md	283	CD45RA and CCR7 (T cell memory markers)	CD4 Naïve — Table 2	yes	exact match in Europe PMC full text		2026-09-28
EV00244			none_found	T cell	CCR7		supports	"""CD3+/CD8−/CD4+/CCR7+/CD45RA+"""	26861911	10.1038/srep20686	PMC4748244	Finak G et al. 2016			panel_or_method	curator (Alex, 2026-09-28): OMIP / standardization panel; PubMed publication type: Journal Article|Research Support, N.I.H., Extramural|Research Support, N.I.H., Intramural|Research Support, Non-U.S. Gov't (PMID 26861911)	archive/2026-09_literature_narratives/t_cell_markers.md	283	CD45RA and CCR7 (T cell memory markers)	CD4 Naïve — Table 2	yes	exact match in Europe PMC full text		2026-09-28
EV00245			none_found	T cell	CD45RA		supports	"""CD3+/CD8−/CD4+/CCR7+/CD45RA−"""	26861911	10.1038/srep20686	PMC4748244	Finak G et al. 2016			panel_or_method	curator (Alex, 2026-09-28): OMIP / standardization panel; PubMed publication type: Journal Article|Research Support, N.I.H., Extramural|Research Support, N.I.H., Intramural|Research Support, Non-U.S. Gov't (PMID 26861911)	archive/2026-09_literature_narratives/t_cell_markers.md	285	CD45RA and CCR7 (T cell memory markers)	CD4 Central Memory — Table 2	yes	exact match in Europe PMC full text		2026-09-28
EV00246			none_found	T cell	CCR7		supports	"""CD3+/CD8−/CD4+/CCR7+/CD45RA−"""	26861911	10.1038/srep20686	PMC4748244	Finak G et al. 2016			panel_or_method	curator (Alex, 2026-09-28): OMIP / standardization panel; PubMed publication type: Journal Article|Research Support, N.I.H., Extramural|Research Support, N.I.H., Intramural|Research Support, Non-U.S. Gov't (PMID 26861911)	archive/2026-09_literature_narratives/t_cell_markers.md	285	CD45RA and CCR7 (T cell memory markers)	CD4 Central Memory — Table 2	yes	exact match in Europe PMC full text		2026-09-28
EV00247			none_found	T cell	CD45RA		supports	"""CD3+/CD8−/CD4+/CCR7−/CD45RA+"""	26861911	10.1038/srep20686	PMC4748244	Finak G et al. 2016			panel_or_method	curator (Alex, 2026-09-28): OMIP / standardization panel; PubMed publication type: Journal Article|Research Support, N.I.H., Extramural|Research Support, N.I.H., Intramural|Research Support, Non-U.S. Gov't (PMID 26861911)	archive/2026-09_literature_narratives/t_cell_markers.md	287	CD45RA and CCR7 (T cell memory markers)	CD4 Effector — Table 2	yes	exact match in Europe PMC full text		2026-09-28
EV00248			none_found	T cell	CCR7		supports	"""CD3+/CD8−/CD4+/CCR7−/CD45RA+"""	26861911	10.1038/srep20686	PMC4748244	Finak G et al. 2016			panel_or_method	curator (Alex, 2026-09-28): OMIP / standardization panel; PubMed publication type: Journal Article|Research Support, N.I.H., Extramural|Research Support, N.I.H., Intramural|Research Support, Non-U.S. Gov't (PMID 26861911)	archive/2026-09_literature_narratives/t_cell_markers.md	287	CD45RA and CCR7 (T cell memory markers)	CD4 Effector — Table 2	yes	exact match in Europe PMC full text		2026-09-28
EV00249			none_found	T cell	CD45RA		supports	"""CD45RA and CCR7 – CD4+ T cells were divided into four maturation subsets"""	41376646	10.3389/fimmu.2025.1614461	PMC12685880	Starshinova A et al. 2025			application_study	curator (Alex, 2026-09-28): application_study; PubMed publication type: Journal Article (PMID 41376646)	archive/2026-09_literature_narratives/t_cell_markers.md	293	CD45RA and CCR7 (T cell memory markers)		yes	exact match in Europe PMC full text		2026-09-28
EV00250			none_found	T cell	CCR7		supports	"""CD45RA and CCR7 – CD4+ T cells were divided into four maturation subsets"""	41376646	10.3389/fimmu.2025.1614461	PMC12685880	Starshinova A et al. 2025			application_study	curator (Alex, 2026-09-28): application_study; PubMed publication type: Journal Article (PMID 41376646)	archive/2026-09_literature_narratives/t_cell_markers.md	293	CD45RA and CCR7 (T cell memory markers)		yes	exact match in Europe PMC full text		2026-09-28
EV00255			none_found	T cell	CD27		supports	"""Zole-expanded Vδ2 γδ T cells displayed a highly homogeneous effector memory (EM) phenotype (CD27−CD45RA−)"""	41727470	10.3389/fimmu.2026.1739493	PMC12920462	Kelm M et al. 2026			application_study	curator (Alex, 2026-09-28): application_study; PubMed publication type: Journal Article (PMID 41727470)	archive/2026-09_literature_narratives/t_cell_markers.md	312	CD27 and CD28 (additional memory/effector T cell markers)		no	not found in Europe PMC full text: Zole-expanded Vδ2 γδ T cells displayed a highly homogeneous effector memory (EM) phenotype (CD27−CD45RA−) [first 96 of 105 chars match; then: '−CD45RA−)']	EV00262	2026-09-28
EV00256		SOULCAP:SC000006|SOULCAP:SC000007|SOULCAP:SC000008|SOULCAP:SC000009|SOULCAP:SC000010	unreviewed	innate lymphoid cell	CD3		supports	"""Subsequently we gated out non‐relevant lineages using antibodies against CD3, CD4, TCRαβ, and TCRγδ (T cells), CD19 (B cells) CD14 (monocytes)"""	33300130	10.1002/eji.202048696	PMC8248192	Krabbendam et al 2021			application_study	curator (Alex, 2026-09-28): application_study; PubMed publication type: Journal Article|Research Support, Non-U.S. Gov't (PMID 33300130)			CD3 (required exclusion — separates ILC from T cells)	exact replacement for EV00128 (WebFetch paraphrase), copied from Europe PMC full text PMC8248192; approved by Alex 2026-09-28	yes	exact match in Europe PMC full text		2026-09-28
EV00257			none_found	innate lymphoid cell	CD161		supports	"""we regularly detected small numbers of CD45+Lin–CD3–CD127+CD161+ cells (ie, bona fide ILCs"""	34363841	10.1016/j.jaci.2021.07.025	PMC9130781	Alkon et al 2022			application_study	curator (Alex, 2026-09-28): application_study; PubMed publication type: Journal Article|Research Support, Non-U.S. Gov't (PMID 34363841)			CD161 (NKR-P1; common ILC co-marker)	exact replacement for EV00129 (WebFetch paraphrase), copied from Europe PMC full text PMC9130781; approved by Alex 2026-09-28	yes	exact match in Europe PMC full text		2026-09-28
EV00258			none_found	innate lymphoid cell	CD161		supports	"""CD161, which is known to be present on NK cells, NKT cells, and T cells,"" … ""is also expressed by human ILCs"""	34363841	10.1016/j.jaci.2021.07.025	PMC9130781	Alkon et al 2022			application_study	curator (Alex, 2026-09-28): application_study; PubMed publication type: Journal Article|Research Support, Non-U.S. Gov't (PMID 34363841)			CD161 (NKR-P1; common ILC co-marker)	exact replacement for EV00131 (WebFetch paraphrase), copied from Europe PMC full text PMC9130781; approved by Alex 2026-09-28	yes	exact match in Europe PMC full text		2026-09-28
EV00259		SOULCAP:SC000109|SOULCAP:SC000110|SOULCAP:SC000111|SOULCAP:SC000112|SOULCAP:SC000113|SOULCAP:SC000114|SOULCAP:SC000121	unreviewed	T cell	CD25		supports	"""are typically identified by the expression of the transcription factor FoxP3 or the IL-2 receptor α-chain (CD25)"" … ""the absence or low expression of the IL-7 receptor α-chain (CD127) has been proposed as a distinguishing marker for Tregs"""	41394832	10.3389/fimmu.2025.1676937	PMC12695756	Kamran M et al. 2025			application_study	curator (Alex, 2026-09-28): application_study; PubMed publication type: Journal Article (PMID 41394832)			CD25 and CD127lo/- (Treg markers — CD25+CD127low defines regulatory T cells)	exact replacement for EV00233 (WebFetch paraphrase), copied from Europe PMC full text PMC12695756; approved by Alex 2026-09-28	yes	exact match in Europe PMC full text		2026-09-28
EV00260		SOULCAP:SC000109|SOULCAP:SC000110|SOULCAP:SC000111|SOULCAP:SC000112|SOULCAP:SC000113|SOULCAP:SC000114|SOULCAP:SC000121	unreviewed	T cell	CD127		supports	"""are typically identified by the expression of the transcription factor FoxP3 or the IL-2 receptor α-chain (CD25)"" … ""the absence or low expression of the IL-7 receptor α-chain (CD127) has been proposed as a distinguishing marker for Tregs"""	41394832	10.3389/fimmu.2025.1676937	PMC12695756	Kamran M et al. 2025			application_study	curator (Alex, 2026-09-28): application_study; PubMed publication type: Journal Article (PMID 41394832)			CD25 and CD127lo/- (Treg markers — CD25+CD127low defines regulatory T cells)	exact replacement for EV00234 (WebFetch paraphrase), copied from Europe PMC full text PMC12695756; approved by Alex 2026-09-28	yes	exact match in Europe PMC full text		2026-09-28
EV00261		SOULCAP:SC000109|SOULCAP:SC000110|SOULCAP:SC000111|SOULCAP:SC000112|SOULCAP:SC000113|SOULCAP:SC000114|SOULCAP:SC000121	unreviewed	T cell	CD127		supports	"""Expression of CD127, the α‐chain of the IL‐7 receptor, is inversely correlated with the expression of hallmark Treg cell regulator FOXP3"""	41645582	10.1002/eji.70107	PMC12877429	Morgana F et al. 2026			sorting_paper	proposed; PubMed publication type: Journal Article (PMID 41645582)			CD25 and CD127lo/- (Treg markers — CD25+CD127low defines regulatory T cells)	exact replacement for EV00237 (WebFetch paraphrase), copied from Europe PMC full text PMC12877429; approved by Alex 2026-09-28	yes	exact match in Europe PMC full text		2026-09-28
EV00262			none_found	T cell	CD27		supports	"""Zole-expanded Vδ2 γδ T cells displayed a highly homogeneous effector memory (EM) phenotype (CD27-CD45RA-)"""	41727470	10.3389/fimmu.2026.1739493	PMC12920462	Kelm M et al. 2026			application_study	curator (Alex, 2026-09-28): application_study; PubMed publication type: Journal Article (PMID 41727470)			CD27 and CD28 (additional memory/effector T cell markers)	exact replacement for EV00255 (WebFetch paraphrase), copied from Europe PMC full text PMC12920462; approved by Alex 2026-09-28	yes	exact match in Europe PMC full text		2026-09-28
EV00263			none_found	T cell	CD45RA		supports	"""Gating strategy identifying Tcm (Q1: CD4+ CD45RA− CCR7+) and Tem (Q4: CD4+ CD45RA− CCR7−)"""	41928597	10.1002/eji.70177	PMC13047356	Gholizadeh F et al. 2026			application_study	curator (Alex, 2026-09-28): application_study; PubMed publication type: Journal Article|Research Support, Non-U.S. Gov't (PMID 41928597)			CD45RA and CCR7 (T cell memory markers)	Figure 4 legend; replaces removed EV00251 (WebFetch splice of two definitions); approved by Alex 2026-09-28	yes	"exact match in Europe PMC full text; the Results link the two definitions: ""Memory Th cells were gated as CD45RA−, corresponding to CD45RO+ memory cells as previously validated"" (PMC13047356, Results)."		2026-09-28
EV00264			none_found	T cell	CCR7		supports	"""Gating was applied to CD3+ CD4+ CD45RO+ CCR7+ cells for Tcm and CD3+ CD4+ CD45RO+ CCR7− cells for Tem."""	41928597	10.1002/eji.70177	PMC13047356	Gholizadeh F et al. 2026			application_study	curator (Alex, 2026-09-28): application_study; PubMed publication type: Journal Article|Research Support, Non-U.S. Gov't (PMID 41928597)			CD45RA and CCR7 (T cell memory markers)	Materials and Methods, Flow Cytometry; replaces removed EV00252 (WebFetch splice of two definitions); approved by Alex 2026-09-28	yes	"exact match in Europe PMC full text; the Results link the two definitions: ""Memory Th cells were gated as CD45RA−, corresponding to CD45RO+ memory cells as previously validated"" (PMC13047356, Results)."		2026-09-28
EV00265			none_found	T cell	CCR7		supports	"""Gating strategy identifying Tcm (Q1: CD4+ CD45RA− CCR7+) and Tem (Q4: CD4+ CD45RA− CCR7−)"""	41928597	10.1002/eji.70177	PMC13047356	Gholizadeh F et al. 2026			application_study	curator (Alex, 2026-09-28): application_study; PubMed publication type: Journal Article|Research Support, Non-U.S. Gov't (PMID 41928597)			CD45RA and CCR7 (T cell memory markers)	Figure 4 legend; CCR7 row for the same quote as EV00263; replaces removed EV00251/EV00252 (WebFetch splice of two definitions); approved by Alex 2026-09-28	yes	"exact match in Europe PMC full text; the Results link the two definitions: ""Memory Th cells were gated as CD45RA−, corresponding to CD45RO+ memory cells as previously validated"" (PMC13047356, Results)."		2026-09-28
