subject_id	specimen	abbreviation	full_name	parent	type_of_match	existing_cl_id	rank	cl_id	cl_label	score	hint_bonus	matched	contradictions	gaps	disqualified	note	candidate_sources	lexical_evidence	resolution_evidence
SOULCAP:SC000001		NK	Natural Killer Cell		Exact		1	CL:0002338	CD56-positive, CD161-positive immature natural killer cell, human	23	3	CD14- (1 of 3 alt.), CD34-, CD3-, CD19-, CD56+ (1 of 2 alt.)		CD45+, CD127-, HLA-DR:not:positive/CD11C:not:high (no axiom on any alt.), CD15-/CD66B- (no axiom on any alt.), CD123-, CD33-/CD64- (no axiom on any alt.)	no		"[""marker_axioms""]"	null	"[{""sense"": ""negative"", ""pr"": ""PR:000001002"", ""asserted"": ""False"", ""paths"": [{""via"": ""exact_alias"", ""source_token"": ""CD19"", ""tokens"": [""CD19""]}, {""via"": ""pro_id"", ""pr"": ""PR:000001002"", ""tokens"": [""CD19""]}]}, {""sense"": ""negative"", ""pr"": ""PR:000001003"", ""asserted"": ""True"", ""paths"": [{""via"": ""exact_alias"", ""source_token"": ""CD34"", ""tokens"": [""CD34""]}, {""via"": ""pro_id"", ""pr"": ""PR:000001003"", ""tokens"": [""CD34""]}]}, {""sense"": ""negative"", ""pr"": ""PR:000001020"", ""asserted"": ""False"", ""paths"": [{""via"": ""exact_alias"", ""source_token"": ""CD3"", ""tokens"": [""CD3""]}, {""via"": ""exact_alias"", ""source_token"": ""CD3E"", ""tokens"": [""CD3E""]}, {""via"": ""exact_alias"", ""source_token"": ""CD3E"", ""tokens"": [""CD3E""]}, {""via"": ""pro_id"", ""pr"": ""PR:000001020"", ""tokens"": [""CD3""]}]}, {""sense"": ""negative"", ""pr"": ""PR:000001289"", ""asserted"": ""False"", ""paths"": [{""via"": ""exact_alias"", ""source_token"": ""CD20"", ""tokens"": [""CD20""]}, {""via"": ""pro_id"", ""pr"": ""PR:000001289"", ""tokens"": [""CD20""]}]}, {""sense"": ""negative"", ""pr"": ""PR:000001889"", ""asserted"": ""False"", ""paths"": [{""via"": ""exact_alias"", ""source_token"": ""CD14"", ""tokens"": [""CD14""]}, {""via"": ""pro_id"", ""pr"": ""PR:000001889"", ""tokens"": [""CD14""]}]}, {""sense"": ""positive"", ""pr"": ""PR:000001024"", ""asserted"": ""True"", ""paths"": [{""via"": ""exact_alias"", ""source_token"": ""CD56"", ""tokens"": [""CD56""]}, {""via"": ""pro_id"", ""pr"": ""PR:000001024"", ""tokens"": [""CD56""]}]}, {""sense"": ""positive"", ""pr"": ""PR:000001381"", ""asserted"": ""True"", ""paths"": [{""via"": ""exact_alias"", ""source_token"": ""CD122"", ""tokens"": [""CD122""]}]}, {""sense"": ""positive"", ""pr"": ""PR:000001874"", ""asserted"": ""True"", ""paths"": []}, {""sense"": ""positive"", ""pr"": ""PR:000002065"", ""asserted"": ""True"", ""paths"": [{""via"": ""exact_alias"", ""source_token"": ""CD117"", ""tokens"": [""CD117""]}, {""via"": ""pro_id"", ""pr"": ""PR:000002065"", ""tokens"": [""CD117""]}]}]"
SOULCAP:SC000001		NK	Natural Killer Cell		Exact		2	CL:0000938	CD16-negative, CD56-bright natural killer cell, human	19	3	CD14- (1 of 3 alt.), CD3-, CD19-, CD56+ (hi) (1 of 2 alt.)		CD34-, CD45+, CD127-, HLA-DR:not:positive/CD11C:not:high (no axiom on any alt.), CD15-/CD66B- (no axiom on any alt.), CD123-, CD33-/CD64- (no axiom on any alt.)	no		"[""marker_axioms""]"	null	"[{""sense"": ""high"", ""pr"": ""PR:000001024"", ""asserted"": ""True"", ""paths"": [{""via"": ""exact_alias"", ""source_token"": ""CD56"", ""tokens"": [""CD56""]}, {""via"": ""pro_id"", ""pr"": ""PR:000001024"", ""tokens"": [""CD56""]}]}, {""sense"": ""negative"", ""pr"": ""PR:000001002"", ""asserted"": ""False"", ""paths"": [{""via"": ""exact_alias"", ""source_token"": ""CD19"", ""tokens"": [""CD19""]}, {""via"": ""pro_id"", ""pr"": ""PR:000001002"", ""tokens"": [""CD19""]}]}, {""sense"": ""negative"", ""pr"": ""PR:000001020"", ""asserted"": ""False"", ""paths"": [{""via"": ""exact_alias"", ""source_token"": ""CD3"", ""tokens"": [""CD3""]}, {""via"": ""exact_alias"", ""source_token"": ""CD3E"", ""tokens"": [""CD3E""]}, {""via"": ""exact_alias"", ""source_token"": ""CD3E"", ""tokens"": [""CD3E""]}, {""via"": ""pro_id"", ""pr"": ""PR:000001020"", ""tokens"": [""CD3""]}]}, {""sense"": ""negative"", ""pr"": ""PR:000001289"", ""asserted"": ""False"", ""paths"": [{""via"": ""exact_alias"", ""source_token"": ""CD20"", ""tokens"": [""CD20""]}, {""via"": ""pro_id"", ""pr"": ""PR:000001289"", ""tokens"": [""CD20""]}]}, {""sense"": ""negative"", ""pr"": ""PR:000001483"", ""asserted"": ""True"", ""paths"": [{""via"": ""exact_alias"", ""source_token"": ""CD16"", ""tokens"": [""CD16""]}, {""via"": ""pro_id"", ""pr"": ""PR:000001483"", ""tokens"": [""CD16""]}]}, {""sense"": ""negative"", ""pr"": ""PR:000001889"", ""asserted"": ""False"", ""paths"": [{""via"": ""exact_alias"", ""source_token"": ""CD14"", ""tokens"": [""CD14""]}, {""via"": ""pro_id"", ""pr"": ""PR:000001889"", ""tokens"": [""CD14""]}]}, {""sense"": ""negative"", ""pr"": ""PR:000002015"", ""asserted"": ""True"", ""paths"": []}, {""sense"": ""positive"", ""pr"": ""PR:000001319"", ""asserted"": ""True"", ""paths"": [{""via"": ""exact_alias"", ""source_token"": ""CD84"", ""tokens"": [""CD84""]}]}]"
SOULCAP:SC000001		NK	Natural Killer Cell		Exact		3	CL:0000939	CD16-positive, CD56-dim natural killer cell, human	19	3	CD14- (1 of 3 alt.), CD3-, CD19-, CD56+ (dim) (1 of 2 alt.)		CD34-, CD45+, CD127-, HLA-DR:not:positive/CD11C:not:high (no axiom on any alt.), CD15-/CD66B- (no axiom on any alt.), CD123-, CD33-/CD64- (no axiom on any alt.)	no		"[""marker_axioms""]"	null	"[{""sense"": ""low"", ""pr"": ""PR:000001024"", ""asserted"": ""True"", ""paths"": [{""via"": ""exact_alias"", ""source_token"": ""CD56"", ""tokens"": [""CD56""]}, {""via"": ""pro_id"", ""pr"": ""PR:000001024"", ""tokens"": [""CD56""]}]}, {""sense"": ""negative"", ""pr"": ""PR:000001002"", ""asserted"": ""False"", ""paths"": [{""via"": ""exact_alias"", ""source_token"": ""CD19"", ""tokens"": [""CD19""]}, {""via"": ""pro_id"", ""pr"": ""PR:000001002"", ""tokens"": [""CD19""]}]}, {""sense"": ""negative"", ""pr"": ""PR:000001020"", ""asserted"": ""False"", ""paths"": [{""via"": ""exact_alias"", ""source_token"": ""CD3"", ""tokens"": [""CD3""]}, {""via"": ""exact_alias"", ""source_token"": ""CD3E"", ""tokens"": [""CD3E""]}, {""via"": ""exact_alias"", ""source_token"": ""CD3E"", ""tokens"": [""CD3E""]}, {""via"": ""pro_id"", ""pr"": ""PR:000001020"", ""tokens"": [""CD3""]}]}, {""sense"": ""negative"", ""pr"": ""PR:000001289"", ""asserted"": ""False"", ""paths"": [{""via"": ""exact_alias"", ""source_token"": ""CD20"", ""tokens"": [""CD20""]}, {""via"": ""pro_id"", ""pr"": ""PR:000001289"", ""tokens"": [""CD20""]}]}, {""sense"": ""negative"", ""pr"": ""PR:000001889"", ""asserted"": ""False"", ""paths"": [{""via"": ""exact_alias"", ""source_token"": ""CD14"", ""tokens"": [""CD14""]}, {""via"": ""pro_id"", ""pr"": ""PR:000001889"", ""tokens"": [""CD14""]}]}, {""sense"": ""negative"", ""pr"": ""PR:000002015"", ""asserted"": ""True"", ""paths"": []}, {""sense"": ""positive"", ""pr"": ""PR:000001483"", ""asserted"": ""True"", ""paths"": [{""via"": ""exact_alias"", ""source_token"": ""CD16"", ""tokens"": [""CD16""]}, {""via"": ""pro_id"", ""pr"": ""PR:000001483"", ""tokens"": [""CD16""]}]}]"
SOULCAP:SC000002		NK2	Natural Killer Cell 2	NK	Surface Only (SO)		1	CL:0000938	CD16-negative, CD56-bright natural killer cell, human	23	3	CD14- (1 of 3 alt.), CD3-, CD19-, CD56:high (hi), CD16- (1 of 2 alt.)		CD34-, CD45+, CD127-, CD57-, HLA-DR:not:positive/CD11C:not:high (no axiom on any alt.), CD15-/CD66B- (no axiom on any alt.), CD123-	no		"[""marker_axioms""]"	null	"[{""sense"": ""high"", ""pr"": ""PR:000001024"", ""asserted"": ""True"", ""paths"": [{""via"": ""exact_alias"", ""source_token"": ""CD56"", ""tokens"": [""CD56""]}, {""via"": ""pro_id"", ""pr"": ""PR:000001024"", ""tokens"": [""CD56""]}]}, {""sense"": ""negative"", ""pr"": ""PR:000001002"", ""asserted"": ""False"", ""paths"": [{""via"": ""exact_alias"", ""source_token"": ""CD19"", ""tokens"": [""CD19""]}, {""via"": ""pro_id"", ""pr"": ""PR:000001002"", ""tokens"": [""CD19""]}]}, {""sense"": ""negative"", ""pr"": ""PR:000001020"", ""asserted"": ""False"", ""paths"": [{""via"": ""exact_alias"", ""source_token"": ""CD3"", ""tokens"": [""CD3""]}, {""via"": ""exact_alias"", ""source_token"": ""CD3E"", ""tokens"": [""CD3E""]}, {""via"": ""exact_alias"", ""source_token"": ""CD3E"", ""tokens"": [""CD3E""]}, {""via"": ""pro_id"", ""pr"": ""PR:000001020"", ""tokens"": [""CD3""]}]}, {""sense"": ""negative"", ""pr"": ""PR:000001289"", ""asserted"": ""False"", ""paths"": [{""via"": ""exact_alias"", ""source_token"": ""CD20"", ""tokens"": [""CD20""]}, {""via"": ""pro_id"", ""pr"": ""PR:000001289"", ""tokens"": [""CD20""]}]}, {""sense"": ""negative"", ""pr"": ""PR:000001483"", ""asserted"": ""True"", ""paths"": [{""via"": ""exact_alias"", ""source_token"": ""CD16"", ""tokens"": [""CD16""]}, {""via"": ""pro_id"", ""pr"": ""PR:000001483"", ""tokens"": [""CD16""]}]}, {""sense"": ""negative"", ""pr"": ""PR:000001889"", ""asserted"": ""False"", ""paths"": [{""via"": ""exact_alias"", ""source_token"": ""CD14"", ""tokens"": [""CD14""]}, {""via"": ""pro_id"", ""pr"": ""PR:000001889"", ""tokens"": [""CD14""]}]}, {""sense"": ""negative"", ""pr"": ""PR:000002015"", ""asserted"": ""True"", ""paths"": []}, {""sense"": ""positive"", ""pr"": ""PR:000001319"", ""asserted"": ""True"", ""paths"": [{""via"": ""exact_alias"", ""source_token"": ""CD84"", ""tokens"": [""CD84""]}]}]"
SOULCAP:SC000002		NK2	Natural Killer Cell 2	NK	Surface Only (SO)		2	CL:0002343	decidual natural killer cell, human	23	3	CD14- (1 of 3 alt.), CD3-, CD19-, CD56:high (hi), CD16- (1 of 2 alt.)		CD34-, CD45+, CD127-, CD57-, HLA-DR:not:positive/CD11C:not:high (no axiom on any alt.), CD15-/CD66B- (no axiom on any alt.), CD123-	no		"[""marker_axioms""]"	null	"[{""sense"": ""high"", ""pr"": ""PR:000001024"", ""asserted"": ""True"", ""paths"": [{""via"": ""exact_alias"", ""source_token"": ""CD56"", ""tokens"": [""CD56""]}, {""via"": ""pro_id"", ""pr"": ""PR:000001024"", ""tokens"": [""CD56""]}]}, {""sense"": ""negative"", ""pr"": ""PR:000001002"", ""asserted"": ""False"", ""paths"": [{""via"": ""exact_alias"", ""source_token"": ""CD19"", ""tokens"": [""CD19""]}, {""via"": ""pro_id"", ""pr"": ""PR:000001002"", ""tokens"": [""CD19""]}]}, {""sense"": ""negative"", ""pr"": ""PR:000001020"", ""asserted"": ""False"", ""paths"": [{""via"": ""exact_alias"", ""source_token"": ""CD3"", ""tokens"": [""CD3""]}, {""via"": ""exact_alias"", ""source_token"": ""CD3E"", ""tokens"": [""CD3E""]}, {""via"": ""exact_alias"", ""source_token"": ""CD3E"", ""tokens"": [""CD3E""]}, {""via"": ""pro_id"", ""pr"": ""PR:000001020"", ""tokens"": [""CD3""]}]}, {""sense"": ""negative"", ""pr"": ""PR:000001289"", ""asserted"": ""False"", ""paths"": [{""via"": ""exact_alias"", ""source_token"": ""CD20"", ""tokens"": [""CD20""]}, {""via"": ""pro_id"", ""pr"": ""PR:000001289"", ""tokens"": [""CD20""]}]}, {""sense"": ""negative"", ""pr"": ""PR:000001483"", ""asserted"": ""True"", ""paths"": [{""via"": ""exact_alias"", ""source_token"": ""CD16"", ""tokens"": [""CD16""]}, {""via"": ""pro_id"", ""pr"": ""PR:000001483"", ""tokens"": [""CD16""]}]}, {""sense"": ""negative"", ""pr"": ""PR:000001889"", ""asserted"": ""False"", ""paths"": [{""via"": ""exact_alias"", ""source_token"": ""CD14"", ""tokens"": [""CD14""]}, {""via"": ""pro_id"", ""pr"": ""PR:000001889"", ""tokens"": [""CD14""]}]}, {""sense"": ""positive"", ""pr"": ""PR:000009766"", ""asserted"": ""True"", ""paths"": []}]"
SOULCAP:SC000002		NK2	Natural Killer Cell 2	NK	Surface Only (SO)		3	CL:0002338	CD56-positive, CD161-positive immature natural killer cell, human	19	3	CD14- (1 of 3 alt.), CD34-, CD3-, CD19-		CD45+, CD56:high, CD127-, CD16-/CD16:low (no axiom on any alt.), CD57-, HLA-DR:not:positive/CD11C:not:high (no axiom on any alt.), CD15-/CD66B- (no axiom on any alt.), CD123-	no		"[""marker_axioms""]"	null	"[{""sense"": ""negative"", ""pr"": ""PR:000001002"", ""asserted"": ""False"", ""paths"": [{""via"": ""exact_alias"", ""source_token"": ""CD19"", ""tokens"": [""CD19""]}, {""via"": ""pro_id"", ""pr"": ""PR:000001002"", ""tokens"": [""CD19""]}]}, {""sense"": ""negative"", ""pr"": ""PR:000001003"", ""asserted"": ""True"", ""paths"": [{""via"": ""exact_alias"", ""source_token"": ""CD34"", ""tokens"": [""CD34""]}, {""via"": ""pro_id"", ""pr"": ""PR:000001003"", ""tokens"": [""CD34""]}]}, {""sense"": ""negative"", ""pr"": ""PR:000001020"", ""asserted"": ""False"", ""paths"": [{""via"": ""exact_alias"", ""source_token"": ""CD3"", ""tokens"": [""CD3""]}, {""via"": ""exact_alias"", ""source_token"": ""CD3E"", ""tokens"": [""CD3E""]}, {""via"": ""exact_alias"", ""source_token"": ""CD3E"", ""tokens"": [""CD3E""]}, {""via"": ""pro_id"", ""pr"": ""PR:000001020"", ""tokens"": [""CD3""]}]}, {""sense"": ""negative"", ""pr"": ""PR:000001289"", ""asserted"": ""False"", ""paths"": [{""via"": ""exact_alias"", ""source_token"": ""CD20"", ""tokens"": [""CD20""]}, {""via"": ""pro_id"", ""pr"": ""PR:000001289"", ""tokens"": [""CD20""]}]}, {""sense"": ""negative"", ""pr"": ""PR:000001889"", ""asserted"": ""False"", ""paths"": [{""via"": ""exact_alias"", ""source_token"": ""CD14"", ""tokens"": [""CD14""]}, {""via"": ""pro_id"", ""pr"": ""PR:000001889"", ""tokens"": [""CD14""]}]}, {""sense"": ""positive"", ""pr"": ""PR:000001024"", ""asserted"": ""True"", ""paths"": [{""via"": ""exact_alias"", ""source_token"": ""CD56"", ""tokens"": [""CD56""]}, {""via"": ""pro_id"", ""pr"": ""PR:000001024"", ""tokens"": [""CD56""]}]}, {""sense"": ""positive"", ""pr"": ""PR:000001381"", ""asserted"": ""True"", ""paths"": [{""via"": ""exact_alias"", ""source_token"": ""CD122"", ""tokens"": [""CD122""]}]}, {""sense"": ""positive"", ""pr"": ""PR:000001874"", ""asserted"": ""True"", ""paths"": []}, {""sense"": ""positive"", ""pr"": ""PR:000002065"", ""asserted"": ""True"", ""paths"": [{""via"": ""exact_alias"", ""source_token"": ""CD117"", ""tokens"": [""CD117""]}, {""via"": ""pro_id"", ""pr"": ""PR:000002065"", ""tokens"": [""CD117""]}]}]"
SOULCAP:SC000003		CTNK	Cytotoxice Natural Killer Cell	NK	SO and Cytokine		1	CL:0000939	CD16-positive, CD56-dim natural killer cell, human	23	3	CD14- (1 of 3 alt.), CD3-, CD19-, CD56+ (dim) (1 of 2 alt.), CD16+		CD34-, CD45+, CD127-, HLA-DR:not:positive/CD11C:not:high (no axiom on any alt.), CD15-/CD66B- (no axiom on any alt.), CD123-	no		"[""marker_axioms""]"	null	"[{""sense"": ""low"", ""pr"": ""PR:000001024"", ""asserted"": ""True"", ""paths"": [{""via"": ""exact_alias"", ""source_token"": ""CD56"", ""tokens"": [""CD56""]}, {""via"": ""pro_id"", ""pr"": ""PR:000001024"", ""tokens"": [""CD56""]}]}, {""sense"": ""negative"", ""pr"": ""PR:000001002"", ""asserted"": ""False"", ""paths"": [{""via"": ""exact_alias"", ""source_token"": ""CD19"", ""tokens"": [""CD19""]}, {""via"": ""pro_id"", ""pr"": ""PR:000001002"", ""tokens"": [""CD19""]}]}, {""sense"": ""negative"", ""pr"": ""PR:000001020"", ""asserted"": ""False"", ""paths"": [{""via"": ""exact_alias"", ""source_token"": ""CD3"", ""tokens"": [""CD3""]}, {""via"": ""exact_alias"", ""source_token"": ""CD3E"", ""tokens"": [""CD3E""]}, {""via"": ""exact_alias"", ""source_token"": ""CD3E"", ""tokens"": [""CD3E""]}, {""via"": ""pro_id"", ""pr"": ""PR:000001020"", ""tokens"": [""CD3""]}]}, {""sense"": ""negative"", ""pr"": ""PR:000001289"", ""asserted"": ""False"", ""paths"": [{""via"": ""exact_alias"", ""source_token"": ""CD20"", ""tokens"": [""CD20""]}, {""via"": ""pro_id"", ""pr"": ""PR:000001289"", ""tokens"": [""CD20""]}]}, {""sense"": ""negative"", ""pr"": ""PR:000001889"", ""asserted"": ""False"", ""paths"": [{""via"": ""exact_alias"", ""source_token"": ""CD14"", ""tokens"": [""CD14""]}, {""via"": ""pro_id"", ""pr"": ""PR:000001889"", ""tokens"": [""CD14""]}]}, {""sense"": ""negative"", ""pr"": ""PR:000002015"", ""asserted"": ""True"", ""paths"": []}, {""sense"": ""positive"", ""pr"": ""PR:000001483"", ""asserted"": ""True"", ""paths"": [{""via"": ""exact_alias"", ""source_token"": ""CD16"", ""tokens"": [""CD16""]}, {""via"": ""pro_id"", ""pr"": ""PR:000001483"", ""tokens"": [""CD16""]}]}]"
SOULCAP:SC000003		CTNK	Cytotoxice Natural Killer Cell	NK	SO and Cytokine		2	CL:0002338	CD56-positive, CD161-positive immature natural killer cell, human	23	3	CD14- (1 of 3 alt.), CD34-, CD3-, CD19-, CD56+ (1 of 2 alt.)		CD45+, CD127-, CD16+, HLA-DR:not:positive/CD11C:not:high (no axiom on any alt.), CD15-/CD66B- (no axiom on any alt.), CD123-	no		"[""marker_axioms""]"	null	"[{""sense"": ""negative"", ""pr"": ""PR:000001002"", ""asserted"": ""False"", ""paths"": [{""via"": ""exact_alias"", ""source_token"": ""CD19"", ""tokens"": [""CD19""]}, {""via"": ""pro_id"", ""pr"": ""PR:000001002"", ""tokens"": [""CD19""]}]}, {""sense"": ""negative"", ""pr"": ""PR:000001003"", ""asserted"": ""True"", ""paths"": [{""via"": ""exact_alias"", ""source_token"": ""CD34"", ""tokens"": [""CD34""]}, {""via"": ""pro_id"", ""pr"": ""PR:000001003"", ""tokens"": [""CD34""]}]}, {""sense"": ""negative"", ""pr"": ""PR:000001020"", ""asserted"": ""False"", ""paths"": [{""via"": ""exact_alias"", ""source_token"": ""CD3"", ""tokens"": [""CD3""]}, {""via"": ""exact_alias"", ""source_token"": ""CD3E"", ""tokens"": [""CD3E""]}, {""via"": ""exact_alias"", ""source_token"": ""CD3E"", ""tokens"": [""CD3E""]}, {""via"": ""pro_id"", ""pr"": ""PR:000001020"", ""tokens"": [""CD3""]}]}, {""sense"": ""negative"", ""pr"": ""PR:000001289"", ""asserted"": ""False"", ""paths"": [{""via"": ""exact_alias"", ""source_token"": ""CD20"", ""tokens"": [""CD20""]}, {""via"": ""pro_id"", ""pr"": ""PR:000001289"", ""tokens"": [""CD20""]}]}, {""sense"": ""negative"", ""pr"": ""PR:000001889"", ""asserted"": ""False"", ""paths"": [{""via"": ""exact_alias"", ""source_token"": ""CD14"", ""tokens"": [""CD14""]}, {""via"": ""pro_id"", ""pr"": ""PR:000001889"", ""tokens"": [""CD14""]}]}, {""sense"": ""positive"", ""pr"": ""PR:000001024"", ""asserted"": ""True"", ""paths"": [{""via"": ""exact_alias"", ""source_token"": ""CD56"", ""tokens"": [""CD56""]}, {""via"": ""pro_id"", ""pr"": ""PR:000001024"", ""tokens"": [""CD56""]}]}, {""sense"": ""positive"", ""pr"": ""PR:000001381"", ""asserted"": ""True"", ""paths"": [{""via"": ""exact_alias"", ""source_token"": ""CD122"", ""tokens"": [""CD122""]}]}, {""sense"": ""positive"", ""pr"": ""PR:000001874"", ""asserted"": ""True"", ""paths"": []}, {""sense"": ""positive"", ""pr"": ""PR:000002065"", ""asserted"": ""True"", ""paths"": [{""via"": ""exact_alias"", ""source_token"": ""CD117"", ""tokens"": [""CD117""]}, {""via"": ""pro_id"", ""pr"": ""PR:000002065"", ""tokens"": [""CD117""]}]}]"
SOULCAP:SC000003		CTNK	Cytotoxice Natural Killer Cell	NK	SO and Cytokine		3	CL:0001073	CD34-negative, CD56-positive, CD117-positive innate lymphoid cell, human	17	1	CD34-, CD3-, CD19-, CD56+ (1 of 2 alt.)		CD14-/CD33-/CD64- (no axiom on any alt.), CD45+, CD127-, CD16+, HLA-DR:not:positive/CD11C:not:high (no axiom on any alt.), CD15-/CD66B- (no axiom on any alt.), CD123-	no		"[""marker_axioms""]"	null	"[{""sense"": ""negative"", ""pr"": ""PR:000001002"", ""asserted"": ""False"", ""paths"": [{""via"": ""exact_alias"", ""source_token"": ""CD19"", ""tokens"": [""CD19""]}, {""via"": ""pro_id"", ""pr"": ""PR:000001002"", ""tokens"": [""CD19""]}]}, {""sense"": ""negative"", ""pr"": ""PR:000001003"", ""asserted"": ""False"", ""paths"": [{""via"": ""exact_alias"", ""source_token"": ""CD34"", ""tokens"": [""CD34""]}, {""via"": ""pro_id"", ""pr"": ""PR:000001003"", ""tokens"": [""CD34""]}]}, {""sense"": ""negative"", ""pr"": ""PR:000001020"", ""asserted"": ""False"", ""paths"": [{""via"": ""exact_alias"", ""source_token"": ""CD3"", ""tokens"": [""CD3""]}, {""via"": ""exact_alias"", ""source_token"": ""CD3E"", ""tokens"": [""CD3E""]}, {""via"": ""exact_alias"", ""source_token"": ""CD3E"", ""tokens"": [""CD3E""]}, {""via"": ""pro_id"", ""pr"": ""PR:000001020"", ""tokens"": [""CD3""]}]}, {""sense"": ""negative"", ""pr"": ""PR:P28906"", ""asserted"": ""False"", ""paths"": [{""via"": ""exact_alias"", ""source_token"": ""CD34"", ""tokens"": [""CD34""]}]}, {""sense"": ""positive"", ""pr"": ""PR:000001024"", ""asserted"": ""False"", ""paths"": [{""via"": ""exact_alias"", ""source_token"": ""CD56"", ""tokens"": [""CD56""]}, {""via"": ""pro_id"", ""pr"": ""PR:000001024"", ""tokens"": [""CD56""]}]}, {""sense"": ""positive"", ""pr"": ""PR:000002065"", ""asserted"": ""False"", ""paths"": [{""via"": ""exact_alias"", ""source_token"": ""CD117"", ""tokens"": [""CD117""]}, {""via"": ""pro_id"", ""pr"": ""PR:000002065"", ""tokens"": [""CD117""]}]}, {""sense"": ""positive"", ""pr"": ""PR:P10721"", ""asserted"": ""False"", ""paths"": [{""via"": ""exact_alias"", ""source_token"": ""CD117"", ""tokens"": [""CD117""]}]}, {""sense"": ""positive"", ""pr"": ""PR:P13591"", ""asserted"": ""True"", ""paths"": [{""via"": ""exact_alias"", ""source_token"": ""CD56"", ""tokens"": [""CD56""]}]}]"
SOULCAP:SC000004		NK1	Natural Killer Cell 1	CTNK	SO and TF		1	CL:0000939	CD16-positive, CD56-dim natural killer cell, human	23	3	CD14- (1 of 3 alt.), CD3-, CD19-, CD56+ (dim), CD16+		CD34-, CD45+, CD127-, CD57-, HLA-DR:not:positive/CD11C:not:high (no axiom on any alt.), CD15-/CD66B- (no axiom on any alt.), CD123-	no		"[""marker_axioms""]"	null	"[{""sense"": ""low"", ""pr"": ""PR:000001024"", ""asserted"": ""True"", ""paths"": [{""via"": ""exact_alias"", ""source_token"": ""CD56"", ""tokens"": [""CD56""]}, {""via"": ""pro_id"", ""pr"": ""PR:000001024"", ""tokens"": [""CD56""]}]}, {""sense"": ""negative"", ""pr"": ""PR:000001002"", ""asserted"": ""False"", ""paths"": [{""via"": ""exact_alias"", ""source_token"": ""CD19"", ""tokens"": [""CD19""]}, {""via"": ""pro_id"", ""pr"": ""PR:000001002"", ""tokens"": [""CD19""]}]}, {""sense"": ""negative"", ""pr"": ""PR:000001020"", ""asserted"": ""False"", ""paths"": [{""via"": ""exact_alias"", ""source_token"": ""CD3"", ""tokens"": [""CD3""]}, {""via"": ""exact_alias"", ""source_token"": ""CD3E"", ""tokens"": [""CD3E""]}, {""via"": ""exact_alias"", ""source_token"": ""CD3E"", ""tokens"": [""CD3E""]}, {""via"": ""pro_id"", ""pr"": ""PR:000001020"", ""tokens"": [""CD3""]}]}, {""sense"": ""negative"", ""pr"": ""PR:000001289"", ""asserted"": ""False"", ""paths"": [{""via"": ""exact_alias"", ""source_token"": ""CD20"", ""tokens"": [""CD20""]}, {""via"": ""pro_id"", ""pr"": ""PR:000001289"", ""tokens"": [""CD20""]}]}, {""sense"": ""negative"", ""pr"": ""PR:000001889"", ""asserted"": ""False"", ""paths"": [{""via"": ""exact_alias"", ""source_token"": ""CD14"", ""tokens"": [""CD14""]}, {""via"": ""pro_id"", ""pr"": ""PR:000001889"", ""tokens"": [""CD14""]}]}, {""sense"": ""negative"", ""pr"": ""PR:000002015"", ""asserted"": ""True"", ""paths"": []}, {""sense"": ""positive"", ""pr"": ""PR:000001483"", ""asserted"": ""True"", ""paths"": [{""via"": ""exact_alias"", ""source_token"": ""CD16"", ""tokens"": [""CD16""]}, {""via"": ""pro_id"", ""pr"": ""PR:000001483"", ""tokens"": [""CD16""]}]}]"
SOULCAP:SC000004		NK1	Natural Killer Cell 1	CTNK	SO and TF		2	CL:0002338	CD56-positive, CD161-positive immature natural killer cell, human	23	3	CD14- (1 of 3 alt.), CD34-, CD3-, CD19-, CD56+		CD45+, CD127-, CD16+, CD57-, HLA-DR:not:positive/CD11C:not:high (no axiom on any alt.), CD15-/CD66B- (no axiom on any alt.), CD123-	no		"[""marker_axioms""]"	null	"[{""sense"": ""negative"", ""pr"": ""PR:000001002"", ""asserted"": ""False"", ""paths"": [{""via"": ""exact_alias"", ""source_token"": ""CD19"", ""tokens"": [""CD19""]}, {""via"": ""pro_id"", ""pr"": ""PR:000001002"", ""tokens"": [""CD19""]}]}, {""sense"": ""negative"", ""pr"": ""PR:000001003"", ""asserted"": ""True"", ""paths"": [{""via"": ""exact_alias"", ""source_token"": ""CD34"", ""tokens"": [""CD34""]}, {""via"": ""pro_id"", ""pr"": ""PR:000001003"", ""tokens"": [""CD34""]}]}, {""sense"": ""negative"", ""pr"": ""PR:000001020"", ""asserted"": ""False"", ""paths"": [{""via"": ""exact_alias"", ""source_token"": ""CD3"", ""tokens"": [""CD3""]}, {""via"": ""exact_alias"", ""source_token"": ""CD3E"", ""tokens"": [""CD3E""]}, {""via"": ""exact_alias"", ""source_token"": ""CD3E"", ""tokens"": [""CD3E""]}, {""via"": ""pro_id"", ""pr"": ""PR:000001020"", ""tokens"": [""CD3""]}]}, {""sense"": ""negative"", ""pr"": ""PR:000001289"", ""asserted"": ""False"", ""paths"": [{""via"": ""exact_alias"", ""source_token"": ""CD20"", ""tokens"": [""CD20""]}, {""via"": ""pro_id"", ""pr"": ""PR:000001289"", ""tokens"": [""CD20""]}]}, {""sense"": ""negative"", ""pr"": ""PR:000001889"", ""asserted"": ""False"", ""paths"": [{""via"": ""exact_alias"", ""source_token"": ""CD14"", ""tokens"": [""CD14""]}, {""via"": ""pro_id"", ""pr"": ""PR:000001889"", ""tokens"": [""CD14""]}]}, {""sense"": ""positive"", ""pr"": ""PR:000001024"", ""asserted"": ""True"", ""paths"": [{""via"": ""exact_alias"", ""source_token"": ""CD56"", ""tokens"": [""CD56""]}, {""via"": ""pro_id"", ""pr"": ""PR:000001024"", ""tokens"": [""CD56""]}]}, {""sense"": ""positive"", ""pr"": ""PR:000001381"", ""asserted"": ""True"", ""paths"": [{""via"": ""exact_alias"", ""source_token"": ""CD122"", ""tokens"": [""CD122""]}]}, {""sense"": ""positive"", ""pr"": ""PR:000001874"", ""asserted"": ""True"", ""paths"": []}, {""sense"": ""positive"", ""pr"": ""PR:000002065"", ""asserted"": ""True"", ""paths"": [{""via"": ""exact_alias"", ""source_token"": ""CD117"", ""tokens"": [""CD117""]}, {""via"": ""pro_id"", ""pr"": ""PR:000002065"", ""tokens"": [""CD117""]}]}]"
SOULCAP:SC000004		NK1	Natural Killer Cell 1	CTNK	SO and TF		3	CL:0001073	CD34-negative, CD56-positive, CD117-positive innate lymphoid cell, human	17	1	CD34-, CD3-, CD19-, CD56+		CD14-/CD33-/CD64- (no axiom on any alt.), CD45+, CD127-, CD16+, CD57-, HLA-DR:not:positive/CD11C:not:high (no axiom on any alt.), CD15-/CD66B- (no axiom on any alt.), CD123-	no		"[""marker_axioms""]"	null	"[{""sense"": ""negative"", ""pr"": ""PR:000001002"", ""asserted"": ""False"", ""paths"": [{""via"": ""exact_alias"", ""source_token"": ""CD19"", ""tokens"": [""CD19""]}, {""via"": ""pro_id"", ""pr"": ""PR:000001002"", ""tokens"": [""CD19""]}]}, {""sense"": ""negative"", ""pr"": ""PR:000001003"", ""asserted"": ""False"", ""paths"": [{""via"": ""exact_alias"", ""source_token"": ""CD34"", ""tokens"": [""CD34""]}, {""via"": ""pro_id"", ""pr"": ""PR:000001003"", ""tokens"": [""CD34""]}]}, {""sense"": ""negative"", ""pr"": ""PR:000001020"", ""asserted"": ""False"", ""paths"": [{""via"": ""exact_alias"", ""source_token"": ""CD3"", ""tokens"": [""CD3""]}, {""via"": ""exact_alias"", ""source_token"": ""CD3E"", ""tokens"": [""CD3E""]}, {""via"": ""exact_alias"", ""source_token"": ""CD3E"", ""tokens"": [""CD3E""]}, {""via"": ""pro_id"", ""pr"": ""PR:000001020"", ""tokens"": [""CD3""]}]}, {""sense"": ""negative"", ""pr"": ""PR:P28906"", ""asserted"": ""False"", ""paths"": [{""via"": ""exact_alias"", ""source_token"": ""CD34"", ""tokens"": [""CD34""]}]}, {""sense"": ""positive"", ""pr"": ""PR:000001024"", ""asserted"": ""False"", ""paths"": [{""via"": ""exact_alias"", ""source_token"": ""CD56"", ""tokens"": [""CD56""]}, {""via"": ""pro_id"", ""pr"": ""PR:000001024"", ""tokens"": [""CD56""]}]}, {""sense"": ""positive"", ""pr"": ""PR:000002065"", ""asserted"": ""False"", ""paths"": [{""via"": ""exact_alias"", ""source_token"": ""CD117"", ""tokens"": [""CD117""]}, {""via"": ""pro_id"", ""pr"": ""PR:000002065"", ""tokens"": [""CD117""]}]}, {""sense"": ""positive"", ""pr"": ""PR:P10721"", ""asserted"": ""False"", ""paths"": [{""via"": ""exact_alias"", ""source_token"": ""CD117"", ""tokens"": [""CD117""]}]}, {""sense"": ""positive"", ""pr"": ""PR:P13591"", ""asserted"": ""True"", ""paths"": [{""via"": ""exact_alias"", ""source_token"": ""CD56"", ""tokens"": [""CD56""]}]}]"
SOULCAP:SC000005		NK3	Natural Killer Cell 3	CTNK	TF ONLY		1	CL:0000939	CD16-positive, CD56-dim natural killer cell, human	23	3	CD14- (1 of 3 alt.), CD3-, CD19-, CD56+ (dim), CD16+		CD34-, CD45+, CD127-, CD57+, HLA-DR:not:positive/CD11C:not:high (no axiom on any alt.), CD15-/CD66B- (no axiom on any alt.), CD123-	no		"[""marker_axioms""]"	null	"[{""sense"": ""low"", ""pr"": ""PR:000001024"", ""asserted"": ""True"", ""paths"": [{""via"": ""exact_alias"", ""source_token"": ""CD56"", ""tokens"": [""CD56""]}, {""via"": ""pro_id"", ""pr"": ""PR:000001024"", ""tokens"": [""CD56""]}]}, {""sense"": ""negative"", ""pr"": ""PR:000001002"", ""asserted"": ""False"", ""paths"": [{""via"": ""exact_alias"", ""source_token"": ""CD19"", ""tokens"": [""CD19""]}, {""via"": ""pro_id"", ""pr"": ""PR:000001002"", ""tokens"": [""CD19""]}]}, {""sense"": ""negative"", ""pr"": ""PR:000001020"", ""asserted"": ""False"", ""paths"": [{""via"": ""exact_alias"", ""source_token"": ""CD3"", ""tokens"": [""CD3""]}, {""via"": ""exact_alias"", ""source_token"": ""CD3E"", ""tokens"": [""CD3E""]}, {""via"": ""exact_alias"", ""source_token"": ""CD3E"", ""tokens"": [""CD3E""]}, {""via"": ""pro_id"", ""pr"": ""PR:000001020"", ""tokens"": [""CD3""]}]}, {""sense"": ""negative"", ""pr"": ""PR:000001289"", ""asserted"": ""False"", ""paths"": [{""via"": ""exact_alias"", ""source_token"": ""CD20"", ""tokens"": [""CD20""]}, {""via"": ""pro_id"", ""pr"": ""PR:000001289"", ""tokens"": [""CD20""]}]}, {""sense"": ""negative"", ""pr"": ""PR:000001889"", ""asserted"": ""False"", ""paths"": [{""via"": ""exact_alias"", ""source_token"": ""CD14"", ""tokens"": [""CD14""]}, {""via"": ""pro_id"", ""pr"": ""PR:000001889"", ""tokens"": [""CD14""]}]}, {""sense"": ""negative"", ""pr"": ""PR:000002015"", ""asserted"": ""True"", ""paths"": []}, {""sense"": ""positive"", ""pr"": ""PR:000001483"", ""asserted"": ""True"", ""paths"": [{""via"": ""exact_alias"", ""source_token"": ""CD16"", ""tokens"": [""CD16""]}, {""via"": ""pro_id"", ""pr"": ""PR:000001483"", ""tokens"": [""CD16""]}]}]"
SOULCAP:SC000005		NK3	Natural Killer Cell 3	CTNK	TF ONLY		2	CL:0002338	CD56-positive, CD161-positive immature natural killer cell, human	23	3	CD14- (1 of 3 alt.), CD34-, CD3-, CD19-, CD56+		CD45+, CD127-, CD16+, CD57+, HLA-DR:not:positive/CD11C:not:high (no axiom on any alt.), CD15-/CD66B- (no axiom on any alt.), CD123-	no		"[""marker_axioms""]"	null	"[{""sense"": ""negative"", ""pr"": ""PR:000001002"", ""asserted"": ""False"", ""paths"": [{""via"": ""exact_alias"", ""source_token"": ""CD19"", ""tokens"": [""CD19""]}, {""via"": ""pro_id"", ""pr"": ""PR:000001002"", ""tokens"": [""CD19""]}]}, {""sense"": ""negative"", ""pr"": ""PR:000001003"", ""asserted"": ""True"", ""paths"": [{""via"": ""exact_alias"", ""source_token"": ""CD34"", ""tokens"": [""CD34""]}, {""via"": ""pro_id"", ""pr"": ""PR:000001003"", ""tokens"": [""CD34""]}]}, {""sense"": ""negative"", ""pr"": ""PR:000001020"", ""asserted"": ""False"", ""paths"": [{""via"": ""exact_alias"", ""source_token"": ""CD3"", ""tokens"": [""CD3""]}, {""via"": ""exact_alias"", ""source_token"": ""CD3E"", ""tokens"": [""CD3E""]}, {""via"": ""exact_alias"", ""source_token"": ""CD3E"", ""tokens"": [""CD3E""]}, {""via"": ""pro_id"", ""pr"": ""PR:000001020"", ""tokens"": [""CD3""]}]}, {""sense"": ""negative"", ""pr"": ""PR:000001289"", ""asserted"": ""False"", ""paths"": [{""via"": ""exact_alias"", ""source_token"": ""CD20"", ""tokens"": [""CD20""]}, {""via"": ""pro_id"", ""pr"": ""PR:000001289"", ""tokens"": [""CD20""]}]}, {""sense"": ""negative"", ""pr"": ""PR:000001889"", ""asserted"": ""False"", ""paths"": [{""via"": ""exact_alias"", ""source_token"": ""CD14"", ""tokens"": [""CD14""]}, {""via"": ""pro_id"", ""pr"": ""PR:000001889"", ""tokens"": [""CD14""]}]}, {""sense"": ""positive"", ""pr"": ""PR:000001024"", ""asserted"": ""True"", ""paths"": [{""via"": ""exact_alias"", ""source_token"": ""CD56"", ""tokens"": [""CD56""]}, {""via"": ""pro_id"", ""pr"": ""PR:000001024"", ""tokens"": [""CD56""]}]}, {""sense"": ""positive"", ""pr"": ""PR:000001381"", ""asserted"": ""True"", ""paths"": [{""via"": ""exact_alias"", ""source_token"": ""CD122"", ""tokens"": [""CD122""]}]}, {""sense"": ""positive"", ""pr"": ""PR:000001874"", ""asserted"": ""True"", ""paths"": []}, {""sense"": ""positive"", ""pr"": ""PR:000002065"", ""asserted"": ""True"", ""paths"": [{""via"": ""exact_alias"", ""source_token"": ""CD117"", ""tokens"": [""CD117""]}, {""via"": ""pro_id"", ""pr"": ""PR:000002065"", ""tokens"": [""CD117""]}]}]"
SOULCAP:SC000005		NK3	Natural Killer Cell 3	CTNK	TF ONLY		3	CL:0001073	CD34-negative, CD56-positive, CD117-positive innate lymphoid cell, human	17	1	CD34-, CD3-, CD19-, CD56+		CD14-/CD33-/CD64- (no axiom on any alt.), CD45+, CD127-, CD16+, CD57+, HLA-DR:not:positive/CD11C:not:high (no axiom on any alt.), CD15-/CD66B- (no axiom on any alt.), CD123-	no		"[""marker_axioms""]"	null	"[{""sense"": ""negative"", ""pr"": ""PR:000001002"", ""asserted"": ""False"", ""paths"": [{""via"": ""exact_alias"", ""source_token"": ""CD19"", ""tokens"": [""CD19""]}, {""via"": ""pro_id"", ""pr"": ""PR:000001002"", ""tokens"": [""CD19""]}]}, {""sense"": ""negative"", ""pr"": ""PR:000001003"", ""asserted"": ""False"", ""paths"": [{""via"": ""exact_alias"", ""source_token"": ""CD34"", ""tokens"": [""CD34""]}, {""via"": ""pro_id"", ""pr"": ""PR:000001003"", ""tokens"": [""CD34""]}]}, {""sense"": ""negative"", ""pr"": ""PR:000001020"", ""asserted"": ""False"", ""paths"": [{""via"": ""exact_alias"", ""source_token"": ""CD3"", ""tokens"": [""CD3""]}, {""via"": ""exact_alias"", ""source_token"": ""CD3E"", ""tokens"": [""CD3E""]}, {""via"": ""exact_alias"", ""source_token"": ""CD3E"", ""tokens"": [""CD3E""]}, {""via"": ""pro_id"", ""pr"": ""PR:000001020"", ""tokens"": [""CD3""]}]}, {""sense"": ""negative"", ""pr"": ""PR:P28906"", ""asserted"": ""False"", ""paths"": [{""via"": ""exact_alias"", ""source_token"": ""CD34"", ""tokens"": [""CD34""]}]}, {""sense"": ""positive"", ""pr"": ""PR:000001024"", ""asserted"": ""False"", ""paths"": [{""via"": ""exact_alias"", ""source_token"": ""CD56"", ""tokens"": [""CD56""]}, {""via"": ""pro_id"", ""pr"": ""PR:000001024"", ""tokens"": [""CD56""]}]}, {""sense"": ""positive"", ""pr"": ""PR:000002065"", ""asserted"": ""False"", ""paths"": [{""via"": ""exact_alias"", ""source_token"": ""CD117"", ""tokens"": [""CD117""]}, {""via"": ""pro_id"", ""pr"": ""PR:000002065"", ""tokens"": [""CD117""]}]}, {""sense"": ""positive"", ""pr"": ""PR:P10721"", ""asserted"": ""False"", ""paths"": [{""via"": ""exact_alias"", ""source_token"": ""CD117"", ""tokens"": [""CD117""]}]}, {""sense"": ""positive"", ""pr"": ""PR:P13591"", ""asserted"": ""True"", ""paths"": [{""via"": ""exact_alias"", ""source_token"": ""CD56"", ""tokens"": [""CD56""]}]}]"
SOULCAP:SC000006		ILCp	Innate Lymphoid Cell Progenitor		Surface Only (SO)		1	CL:0001073	CD34-negative, CD56-positive, CD117-positive innate lymphoid cell, human	15	3	CD3-, CD56+, CD117+		CD45+, CD127+, CD294-	no		"[""marker_axioms""]"	null	"[{""sense"": ""negative"", ""pr"": ""PR:000001002"", ""asserted"": ""False"", ""paths"": [{""via"": ""exact_alias"", ""source_token"": ""CD19"", ""tokens"": [""CD19""]}, {""via"": ""pro_id"", ""pr"": ""PR:000001002"", ""tokens"": [""CD19""]}]}, {""sense"": ""negative"", ""pr"": ""PR:000001003"", ""asserted"": ""False"", ""paths"": [{""via"": ""exact_alias"", ""source_token"": ""CD34"", ""tokens"": [""CD34""]}, {""via"": ""pro_id"", ""pr"": ""PR:000001003"", ""tokens"": [""CD34""]}]}, {""sense"": ""negative"", ""pr"": ""PR:000001020"", ""asserted"": ""False"", ""paths"": [{""via"": ""exact_alias"", ""source_token"": ""CD3"", ""tokens"": [""CD3""]}, {""via"": ""exact_alias"", ""source_token"": ""CD3E"", ""tokens"": [""CD3E""]}, {""via"": ""exact_alias"", ""source_token"": ""CD3E"", ""tokens"": [""CD3E""]}, {""via"": ""pro_id"", ""pr"": ""PR:000001020"", ""tokens"": [""CD3""]}]}, {""sense"": ""negative"", ""pr"": ""PR:P28906"", ""asserted"": ""False"", ""paths"": [{""via"": ""exact_alias"", ""source_token"": ""CD34"", ""tokens"": [""CD34""]}]}, {""sense"": ""positive"", ""pr"": ""PR:000001024"", ""asserted"": ""False"", ""paths"": [{""via"": ""exact_alias"", ""source_token"": ""CD56"", ""tokens"": [""CD56""]}, {""via"": ""pro_id"", ""pr"": ""PR:000001024"", ""tokens"": [""CD56""]}]}, {""sense"": ""positive"", ""pr"": ""PR:000002065"", ""asserted"": ""False"", ""paths"": [{""via"": ""exact_alias"", ""source_token"": ""CD117"", ""tokens"": [""CD117""]}, {""via"": ""pro_id"", ""pr"": ""PR:000002065"", ""tokens"": [""CD117""]}]}, {""sense"": ""positive"", ""pr"": ""PR:P10721"", ""asserted"": ""False"", ""paths"": [{""via"": ""exact_alias"", ""source_token"": ""CD117"", ""tokens"": [""CD117""]}]}, {""sense"": ""positive"", ""pr"": ""PR:P13591"", ""asserted"": ""True"", ""paths"": [{""via"": ""exact_alias"", ""source_token"": ""CD56"", ""tokens"": [""CD56""]}]}]"
SOULCAP:SC000006		ILCp	Innate Lymphoid Cell Progenitor		Surface Only (SO)		2	CL:0001076	NKp46-positive innate lymphoid cell, human	15	3	CD3-, CD56+, CD117+		CD45+, CD127+, CD294-	no		"[""marker_axioms""]"	null	"[{""sense"": ""negative"", ""pr"": ""PR:000001002"", ""asserted"": ""False"", ""paths"": [{""via"": ""exact_alias"", ""source_token"": ""CD19"", ""tokens"": [""CD19""]}, {""via"": ""pro_id"", ""pr"": ""PR:000001002"", ""tokens"": [""CD19""]}]}, {""sense"": ""negative"", ""pr"": ""PR:000001020"", ""asserted"": ""False"", ""paths"": [{""via"": ""exact_alias"", ""source_token"": ""CD3"", ""tokens"": [""CD3""]}, {""via"": ""exact_alias"", ""source_token"": ""CD3E"", ""tokens"": [""CD3E""]}, {""via"": ""exact_alias"", ""source_token"": ""CD3E"", ""tokens"": [""CD3E""]}, {""via"": ""pro_id"", ""pr"": ""PR:000001020"", ""tokens"": [""CD3""]}]}, {""sense"": ""positive"", ""pr"": ""PR:000001003"", ""asserted"": ""False"", ""paths"": [{""via"": ""exact_alias"", ""source_token"": ""CD34"", ""tokens"": [""CD34""]}, {""via"": ""pro_id"", ""pr"": ""PR:000001003"", ""tokens"": [""CD34""]}]}, {""sense"": ""positive"", ""pr"": ""PR:000001024"", ""asserted"": ""False"", ""paths"": [{""via"": ""exact_alias"", ""source_token"": ""CD56"", ""tokens"": [""CD56""]}, {""via"": ""pro_id"", ""pr"": ""PR:000001024"", ""tokens"": [""CD56""]}]}, {""sense"": ""positive"", ""pr"": ""PR:000001893"", ""asserted"": ""False"", ""paths"": [{""via"": ""exact_alias"", ""source_token"": ""CD335"", ""tokens"": [""CD335""]}]}, {""sense"": ""positive"", ""pr"": ""PR:000002065"", ""asserted"": ""False"", ""paths"": [{""via"": ""exact_alias"", ""source_token"": ""CD117"", ""tokens"": [""CD117""]}, {""via"": ""pro_id"", ""pr"": ""PR:000002065"", ""tokens"": [""CD117""]}]}, {""sense"": ""positive"", ""pr"": ""PR:O76036"", ""asserted"": ""True"", ""paths"": [{""via"": ""exact_alias"", ""source_token"": ""CD335"", ""tokens"": [""CD335""]}]}, {""sense"": ""positive"", ""pr"": ""PR:P10721"", ""asserted"": ""False"", ""paths"": [{""via"": ""exact_alias"", ""source_token"": ""CD117"", ""tokens"": [""CD117""]}]}, {""sense"": ""positive"", ""pr"": ""PR:P13591"", ""asserted"": ""False"", ""paths"": [{""via"": ""exact_alias"", ""source_token"": ""CD56"", ""tokens"": [""CD56""]}]}, {""sense"": ""positive"", ""pr"": ""PR:P28906"", ""asserted"": ""False"", ""paths"": [{""via"": ""exact_alias"", ""source_token"": ""CD34"", ""tokens"": [""CD34""]}]}]"
SOULCAP:SC000006		ILCp	Innate Lymphoid Cell Progenitor		Surface Only (SO)		3	CL:0001074	CD34-positive, CD56-positive, CD117-positive common innate lymphoid precursor, human	14	2	CD3-, CD56+, CD117+		CD45+, CD127+, CD294-	no		"[""marker_axioms""]"	null	"[{""sense"": ""negative"", ""pr"": ""PR:000001002"", ""asserted"": ""False"", ""paths"": [{""via"": ""exact_alias"", ""source_token"": ""CD19"", ""tokens"": [""CD19""]}, {""via"": ""pro_id"", ""pr"": ""PR:000001002"", ""tokens"": [""CD19""]}]}, {""sense"": ""negative"", ""pr"": ""PR:000001020"", ""asserted"": ""False"", ""paths"": [{""via"": ""exact_alias"", ""source_token"": ""CD3"", ""tokens"": [""CD3""]}, {""via"": ""exact_alias"", ""source_token"": ""CD3E"", ""tokens"": [""CD3E""]}, {""via"": ""exact_alias"", ""source_token"": ""CD3E"", ""tokens"": [""CD3E""]}, {""via"": ""pro_id"", ""pr"": ""PR:000001020"", ""tokens"": [""CD3""]}]}, {""sense"": ""positive"", ""pr"": ""PR:000001003"", ""asserted"": ""False"", ""paths"": [{""via"": ""exact_alias"", ""source_token"": ""CD34"", ""tokens"": [""CD34""]}, {""via"": ""pro_id"", ""pr"": ""PR:000001003"", ""tokens"": [""CD34""]}]}, {""sense"": ""positive"", ""pr"": ""PR:000001024"", ""asserted"": ""False"", ""paths"": [{""via"": ""exact_alias"", ""source_token"": ""CD56"", ""tokens"": [""CD56""]}, {""via"": ""pro_id"", ""pr"": ""PR:000001024"", ""tokens"": [""CD56""]}]}, {""sense"": ""positive"", ""pr"": ""PR:000002065"", ""asserted"": ""False"", ""paths"": [{""via"": ""exact_alias"", ""source_token"": ""CD117"", ""tokens"": [""CD117""]}, {""via"": ""pro_id"", ""pr"": ""PR:000002065"", ""tokens"": [""CD117""]}]}, {""sense"": ""positive"", ""pr"": ""PR:P10721"", ""asserted"": ""True"", ""paths"": [{""via"": ""exact_alias"", ""source_token"": ""CD117"", ""tokens"": [""CD117""]}]}, {""sense"": ""positive"", ""pr"": ""PR:P13591"", ""asserted"": ""True"", ""paths"": [{""via"": ""exact_alias"", ""source_token"": ""CD56"", ""tokens"": [""CD56""]}]}, {""sense"": ""positive"", ""pr"": ""PR:P28906"", ""asserted"": ""True"", ""paths"": [{""via"": ""exact_alias"", ""source_token"": ""CD34"", ""tokens"": [""CD34""]}]}]"
SOULCAP:SC000007		ILC	Innate Lymphoid Cell		Surface Only (SO)		1	CL:0000989	CD11c-low plasmacytoid dendritic cell	23	1	CD34-, CD3-, CD19-, CD45+, CD3-, CD11C:not:high (dim) (1 of 2 alt.)		CD14-/CD33-/CD64- (no axiom on any alt.), CD127+, CD15-/CD66B- (no axiom on any alt.), CD123-	no		"[""marker_axioms""]"	null	"[{""sense"": ""low"", ""pr"": ""PR:000001013"", ""asserted"": ""True"", ""paths"": [{""via"": ""exact_alias"", ""source_token"": ""CD11"", ""tokens"": [""CD11""]}, {""via"": ""exact_alias"", ""source_token"": ""CD11C"", ""tokens"": [""CD11C""]}, {""via"": ""pro_id"", ""pr"": ""PR:000001013"", ""tokens"": [""CD11C""]}]}, {""sense"": ""negative"", ""pr"": ""PR:000001002"", ""asserted"": ""False"", ""paths"": [{""via"": ""exact_alias"", ""source_token"": ""CD19"", ""tokens"": [""CD19""]}, {""via"": ""pro_id"", ""pr"": ""PR:000001002"", ""tokens"": [""CD19""]}]}, {""sense"": ""negative"", ""pr"": ""PR:000001003"", ""asserted"": ""False"", ""paths"": [{""via"": ""exact_alias"", ""source_token"": ""CD34"", ""tokens"": [""CD34""]}, {""via"": ""pro_id"", ""pr"": ""PR:000001003"", ""tokens"": [""CD34""]}]}, {""sense"": ""negative"", ""pr"": ""PR:000001012"", ""asserted"": ""True"", ""paths"": [{""via"": ""exact_alias"", ""source_token"": ""CD11"", ""tokens"": [""CD11""]}, {""via"": ""exact_alias"", ""source_token"": ""CD11B"", ""tokens"": [""CD11B""]}]}, {""sense"": ""negative"", ""pr"": ""PR:000001020"", ""asserted"": ""False"", ""paths"": [{""via"": ""exact_alias"", ""source_token"": ""CD3"", ""tokens"": [""CD3""]}, {""via"": ""exact_alias"", ""source_token"": ""CD3E"", ""tokens"": [""CD3E""]}, {""via"": ""exact_alias"", ""source_token"": ""CD3E"", ""tokens"": [""CD3E""]}, {""via"": ""pro_id"", ""pr"": ""PR:000001020"", ""tokens"": [""CD3""]}]}, {""sense"": ""negative"", ""pr"": ""PR:000001024"", ""asserted"": ""False"", ""paths"": [{""via"": ""exact_alias"", ""source_token"": ""CD56"", ""tokens"": [""CD56""]}, {""via"": ""pro_id"", ""pr"": ""PR:000001024"", ""tokens"": [""CD56""]}]}, {""sense"": ""negative"", ""pr"": ""PR:000001289"", ""asserted"": ""False"", ""paths"": [{""via"": ""exact_alias"", ""source_token"": ""CD20"", ""tokens"": [""CD20""]}, {""via"": ""pro_id"", ""pr"": ""PR:000001289"", ""tokens"": [""CD20""]}]}, {""sense"": ""positive"", ""pr"": ""PR:000001006"", ""asserted"": ""False"", ""paths"": [{""via"": ""pro_id"", ""pr"": ""PR:000001006"", ""tokens"": [""CD45""]}]}, {""sense"": ""positive"", ""pr"": ""PR:000001014"", ""asserted"": ""True"", ""paths"": [{""via"": ""exact_alias"", ""source_token"": ""CD45RABC"", ""tokens"": [""CD45RABC""]}]}, {""sense"": ""positive"", ""pr"": ""PR:000002978"", ""asserted"": ""True"", ""paths"": []}]"
SOULCAP:SC000007		ILC	Innate Lymphoid Cell		Surface Only (SO)		2	CL:0000992	immature CD11c-low plasmacytoid dendritic cell	23	1	CD34-, CD3-, CD19-, CD45+, CD3-, CD11C:not:high (dim) (1 of 2 alt.)		CD14-/CD33-/CD64- (no axiom on any alt.), CD127+, CD15-/CD66B- (no axiom on any alt.), CD123-	no		"[""marker_axioms""]"	null	"[{""sense"": ""low"", ""pr"": ""PR:000001013"", ""asserted"": ""False"", ""paths"": [{""via"": ""exact_alias"", ""source_token"": ""CD11"", ""tokens"": [""CD11""]}, {""via"": ""exact_alias"", ""source_token"": ""CD11C"", ""tokens"": [""CD11C""]}, {""via"": ""pro_id"", ""pr"": ""PR:000001013"", ""tokens"": [""CD11C""]}]}, {""sense"": ""low"", ""pr"": ""PR:000001412"", ""asserted"": ""True"", ""paths"": [{""via"": ""exact_alias"", ""source_token"": ""CD86"", ""tokens"": [""CD86""]}]}, {""sense"": ""low"", ""pr"": ""PR:000001438"", ""asserted"": ""True"", ""paths"": [{""via"": ""exact_alias"", ""source_token"": ""CD80"", ""tokens"": [""CD80""]}]}, {""sense"": ""negative"", ""pr"": ""PR:000001002"", ""asserted"": ""False"", ""paths"": [{""via"": ""exact_alias"", ""source_token"": ""CD19"", ""tokens"": [""CD19""]}, {""via"": ""pro_id"", ""pr"": ""PR:000001002"", ""tokens"": [""CD19""]}]}, {""sense"": ""negative"", ""pr"": ""PR:000001003"", ""asserted"": ""False"", ""paths"": [{""via"": ""exact_alias"", ""source_token"": ""CD34"", ""tokens"": [""CD34""]}, {""via"": ""pro_id"", ""pr"": ""PR:000001003"", ""tokens"": [""CD34""]}]}, {""sense"": ""negative"", ""pr"": ""PR:000001012"", ""asserted"": ""False"", ""paths"": [{""via"": ""exact_alias"", ""source_token"": ""CD11"", ""tokens"": [""CD11""]}, {""via"": ""exact_alias"", ""source_token"": ""CD11B"", ""tokens"": [""CD11B""]}]}, {""sense"": ""negative"", ""pr"": ""PR:000001020"", ""asserted"": ""False"", ""paths"": [{""via"": ""exact_alias"", ""source_token"": ""CD3"", ""tokens"": [""CD3""]}, {""via"": ""exact_alias"", ""source_token"": ""CD3E"", ""tokens"": [""CD3E""]}, {""via"": ""exact_alias"", ""source_token"": ""CD3E"", ""tokens"": [""CD3E""]}, {""via"": ""pro_id"", ""pr"": ""PR:000001020"", ""tokens"": [""CD3""]}]}, {""sense"": ""negative"", ""pr"": ""PR:000001024"", ""asserted"": ""False"", ""paths"": [{""via"": ""exact_alias"", ""source_token"": ""CD56"", ""tokens"": [""CD56""]}, {""via"": ""pro_id"", ""pr"": ""PR:000001024"", ""tokens"": [""CD56""]}]}, {""sense"": ""negative"", ""pr"": ""PR:000001289"", ""asserted"": ""False"", ""paths"": [{""via"": ""exact_alias"", ""source_token"": ""CD20"", ""tokens"": [""CD20""]}, {""via"": ""pro_id"", ""pr"": ""PR:000001289"", ""tokens"": [""CD20""]}]}, {""sense"": ""positive"", ""pr"": ""PR:000001006"", ""asserted"": ""False"", ""paths"": [{""via"": ""pro_id"", ""pr"": ""PR:000001006"", ""tokens"": [""CD45""]}]}, {""sense"": ""positive"", ""pr"": ""PR:000001014"", ""asserted"": ""False"", ""paths"": [{""via"": ""exact_alias"", ""source_token"": ""CD45RABC"", ""tokens"": [""CD45RABC""]}]}, {""sense"": ""positive"", ""pr"": ""PR:000002978"", ""asserted"": ""False"", ""paths"": []}]"
SOULCAP:SC000007		ILC	Innate Lymphoid Cell		Surface Only (SO)		3	CL:0000993	mature CD11c-low plasmacytoid dendritic cell	23	1	CD34-, CD3-, CD19-, CD45+, CD3-, CD11C:not:high (dim) (1 of 2 alt.)		CD14-/CD33-/CD64- (no axiom on any alt.), CD127+, CD15-/CD66B- (no axiom on any alt.), CD123-	no		"[""marker_axioms""]"	null	"[{""sense"": ""high"", ""pr"": ""PR:000001412"", ""asserted"": ""True"", ""paths"": [{""via"": ""exact_alias"", ""source_token"": ""CD86"", ""tokens"": [""CD86""]}]}, {""sense"": ""high"", ""pr"": ""PR:000001438"", ""asserted"": ""True"", ""paths"": [{""via"": ""exact_alias"", ""source_token"": ""CD80"", ""tokens"": [""CD80""]}]}, {""sense"": ""low"", ""pr"": ""PR:000001013"", ""asserted"": ""False"", ""paths"": [{""via"": ""exact_alias"", ""source_token"": ""CD11"", ""tokens"": [""CD11""]}, {""via"": ""exact_alias"", ""source_token"": ""CD11C"", ""tokens"": [""CD11C""]}, {""via"": ""pro_id"", ""pr"": ""PR:000001013"", ""tokens"": [""CD11C""]}]}, {""sense"": ""negative"", ""pr"": ""PR:000001002"", ""asserted"": ""False"", ""paths"": [{""via"": ""exact_alias"", ""source_token"": ""CD19"", ""tokens"": [""CD19""]}, {""via"": ""pro_id"", ""pr"": ""PR:000001002"", ""tokens"": [""CD19""]}]}, {""sense"": ""negative"", ""pr"": ""PR:000001003"", ""asserted"": ""False"", ""paths"": [{""via"": ""exact_alias"", ""source_token"": ""CD34"", ""tokens"": [""CD34""]}, {""via"": ""pro_id"", ""pr"": ""PR:000001003"", ""tokens"": [""CD34""]}]}, {""sense"": ""negative"", ""pr"": ""PR:000001012"", ""asserted"": ""False"", ""paths"": [{""via"": ""exact_alias"", ""source_token"": ""CD11"", ""tokens"": [""CD11""]}, {""via"": ""exact_alias"", ""source_token"": ""CD11B"", ""tokens"": [""CD11B""]}]}, {""sense"": ""negative"", ""pr"": ""PR:000001020"", ""asserted"": ""False"", ""paths"": [{""via"": ""exact_alias"", ""source_token"": ""CD3"", ""tokens"": [""CD3""]}, {""via"": ""exact_alias"", ""source_token"": ""CD3E"", ""tokens"": [""CD3E""]}, {""via"": ""exact_alias"", ""source_token"": ""CD3E"", ""tokens"": [""CD3E""]}, {""via"": ""pro_id"", ""pr"": ""PR:000001020"", ""tokens"": [""CD3""]}]}, {""sense"": ""negative"", ""pr"": ""PR:000001024"", ""asserted"": ""False"", ""paths"": [{""via"": ""exact_alias"", ""source_token"": ""CD56"", ""tokens"": [""CD56""]}, {""via"": ""pro_id"", ""pr"": ""PR:000001024"", ""tokens"": [""CD56""]}]}, {""sense"": ""negative"", ""pr"": ""PR:000001289"", ""asserted"": ""False"", ""paths"": [{""via"": ""exact_alias"", ""source_token"": ""CD20"", ""tokens"": [""CD20""]}, {""via"": ""pro_id"", ""pr"": ""PR:000001289"", ""tokens"": [""CD20""]}]}, {""sense"": ""positive"", ""pr"": ""PR:000001006"", ""asserted"": ""False"", ""paths"": [{""via"": ""pro_id"", ""pr"": ""PR:000001006"", ""tokens"": [""CD45""]}]}, {""sense"": ""positive"", ""pr"": ""PR:000001014"", ""asserted"": ""False"", ""paths"": [{""via"": ""exact_alias"", ""source_token"": ""CD45RABC"", ""tokens"": [""CD45RABC""]}]}, {""sense"": ""positive"", ""pr"": ""PR:000001310"", ""asserted"": ""True"", ""paths"": [{""via"": ""exact_alias"", ""source_token"": ""CD83"", ""tokens"": [""CD83""]}]}, {""sense"": ""positive"", ""pr"": ""PR:000002978"", ""asserted"": ""False"", ""paths"": []}]"
SOULCAP:SC000008		ILC1	Innate Lymphoid Cell 1	ILC	Surface Only (SO)		1	CL:0000989	CD11c-low plasmacytoid dendritic cell	27	1	CD34-, CD3-, CD19-, CD45+, CD3-, CD56-, CD11C:not:high (dim) (1 of 2 alt.)		CD14-/CD33-/CD64- (no axiom on any alt.), CD127+, CD117-, CD294-, CD15-/CD66B- (no axiom on any alt.), CD123-	no		"[""marker_axioms""]"	null	"[{""sense"": ""low"", ""pr"": ""PR:000001013"", ""asserted"": ""True"", ""paths"": [{""via"": ""exact_alias"", ""source_token"": ""CD11"", ""tokens"": [""CD11""]}, {""via"": ""exact_alias"", ""source_token"": ""CD11C"", ""tokens"": [""CD11C""]}, {""via"": ""pro_id"", ""pr"": ""PR:000001013"", ""tokens"": [""CD11C""]}]}, {""sense"": ""negative"", ""pr"": ""PR:000001002"", ""asserted"": ""False"", ""paths"": [{""via"": ""exact_alias"", ""source_token"": ""CD19"", ""tokens"": [""CD19""]}, {""via"": ""pro_id"", ""pr"": ""PR:000001002"", ""tokens"": [""CD19""]}]}, {""sense"": ""negative"", ""pr"": ""PR:000001003"", ""asserted"": ""False"", ""paths"": [{""via"": ""exact_alias"", ""source_token"": ""CD34"", ""tokens"": [""CD34""]}, {""via"": ""pro_id"", ""pr"": ""PR:000001003"", ""tokens"": [""CD34""]}]}, {""sense"": ""negative"", ""pr"": ""PR:000001012"", ""asserted"": ""True"", ""paths"": [{""via"": ""exact_alias"", ""source_token"": ""CD11"", ""tokens"": [""CD11""]}, {""via"": ""exact_alias"", ""source_token"": ""CD11B"", ""tokens"": [""CD11B""]}]}, {""sense"": ""negative"", ""pr"": ""PR:000001020"", ""asserted"": ""False"", ""paths"": [{""via"": ""exact_alias"", ""source_token"": ""CD3"", ""tokens"": [""CD3""]}, {""via"": ""exact_alias"", ""source_token"": ""CD3E"", ""tokens"": [""CD3E""]}, {""via"": ""exact_alias"", ""source_token"": ""CD3E"", ""tokens"": [""CD3E""]}, {""via"": ""pro_id"", ""pr"": ""PR:000001020"", ""tokens"": [""CD3""]}]}, {""sense"": ""negative"", ""pr"": ""PR:000001024"", ""asserted"": ""False"", ""paths"": [{""via"": ""exact_alias"", ""source_token"": ""CD56"", ""tokens"": [""CD56""]}, {""via"": ""pro_id"", ""pr"": ""PR:000001024"", ""tokens"": [""CD56""]}]}, {""sense"": ""negative"", ""pr"": ""PR:000001289"", ""asserted"": ""False"", ""paths"": [{""via"": ""exact_alias"", ""source_token"": ""CD20"", ""tokens"": [""CD20""]}, {""via"": ""pro_id"", ""pr"": ""PR:000001289"", ""tokens"": [""CD20""]}]}, {""sense"": ""positive"", ""pr"": ""PR:000001006"", ""asserted"": ""False"", ""paths"": [{""via"": ""pro_id"", ""pr"": ""PR:000001006"", ""tokens"": [""CD45""]}]}, {""sense"": ""positive"", ""pr"": ""PR:000001014"", ""asserted"": ""True"", ""paths"": [{""via"": ""exact_alias"", ""source_token"": ""CD45RABC"", ""tokens"": [""CD45RABC""]}]}, {""sense"": ""positive"", ""pr"": ""PR:000002978"", ""asserted"": ""True"", ""paths"": []}]"
SOULCAP:SC000008		ILC1	Innate Lymphoid Cell 1	ILC	Surface Only (SO)		2	CL:0000992	immature CD11c-low plasmacytoid dendritic cell	27	1	CD34-, CD3-, CD19-, CD45+, CD3-, CD56-, CD11C:not:high (dim) (1 of 2 alt.)		CD14-/CD33-/CD64- (no axiom on any alt.), CD127+, CD117-, CD294-, CD15-/CD66B- (no axiom on any alt.), CD123-	no		"[""marker_axioms""]"	null	"[{""sense"": ""low"", ""pr"": ""PR:000001013"", ""asserted"": ""False"", ""paths"": [{""via"": ""exact_alias"", ""source_token"": ""CD11"", ""tokens"": [""CD11""]}, {""via"": ""exact_alias"", ""source_token"": ""CD11C"", ""tokens"": [""CD11C""]}, {""via"": ""pro_id"", ""pr"": ""PR:000001013"", ""tokens"": [""CD11C""]}]}, {""sense"": ""low"", ""pr"": ""PR:000001412"", ""asserted"": ""True"", ""paths"": [{""via"": ""exact_alias"", ""source_token"": ""CD86"", ""tokens"": [""CD86""]}]}, {""sense"": ""low"", ""pr"": ""PR:000001438"", ""asserted"": ""True"", ""paths"": [{""via"": ""exact_alias"", ""source_token"": ""CD80"", ""tokens"": [""CD80""]}]}, {""sense"": ""negative"", ""pr"": ""PR:000001002"", ""asserted"": ""False"", ""paths"": [{""via"": ""exact_alias"", ""source_token"": ""CD19"", ""tokens"": [""CD19""]}, {""via"": ""pro_id"", ""pr"": ""PR:000001002"", ""tokens"": [""CD19""]}]}, {""sense"": ""negative"", ""pr"": ""PR:000001003"", ""asserted"": ""False"", ""paths"": [{""via"": ""exact_alias"", ""source_token"": ""CD34"", ""tokens"": [""CD34""]}, {""via"": ""pro_id"", ""pr"": ""PR:000001003"", ""tokens"": [""CD34""]}]}, {""sense"": ""negative"", ""pr"": ""PR:000001012"", ""asserted"": ""False"", ""paths"": [{""via"": ""exact_alias"", ""source_token"": ""CD11"", ""tokens"": [""CD11""]}, {""via"": ""exact_alias"", ""source_token"": ""CD11B"", ""tokens"": [""CD11B""]}]}, {""sense"": ""negative"", ""pr"": ""PR:000001020"", ""asserted"": ""False"", ""paths"": [{""via"": ""exact_alias"", ""source_token"": ""CD3"", ""tokens"": [""CD3""]}, {""via"": ""exact_alias"", ""source_token"": ""CD3E"", ""tokens"": [""CD3E""]}, {""via"": ""exact_alias"", ""source_token"": ""CD3E"", ""tokens"": [""CD3E""]}, {""via"": ""pro_id"", ""pr"": ""PR:000001020"", ""tokens"": [""CD3""]}]}, {""sense"": ""negative"", ""pr"": ""PR:000001024"", ""asserted"": ""False"", ""paths"": [{""via"": ""exact_alias"", ""source_token"": ""CD56"", ""tokens"": [""CD56""]}, {""via"": ""pro_id"", ""pr"": ""PR:000001024"", ""tokens"": [""CD56""]}]}, {""sense"": ""negative"", ""pr"": ""PR:000001289"", ""asserted"": ""False"", ""paths"": [{""via"": ""exact_alias"", ""source_token"": ""CD20"", ""tokens"": [""CD20""]}, {""via"": ""pro_id"", ""pr"": ""PR:000001289"", ""tokens"": [""CD20""]}]}, {""sense"": ""positive"", ""pr"": ""PR:000001006"", ""asserted"": ""False"", ""paths"": [{""via"": ""pro_id"", ""pr"": ""PR:000001006"", ""tokens"": [""CD45""]}]}, {""sense"": ""positive"", ""pr"": ""PR:000001014"", ""asserted"": ""False"", ""paths"": [{""via"": ""exact_alias"", ""source_token"": ""CD45RABC"", ""tokens"": [""CD45RABC""]}]}, {""sense"": ""positive"", ""pr"": ""PR:000002978"", ""asserted"": ""False"", ""paths"": []}]"
SOULCAP:SC000008		ILC1	Innate Lymphoid Cell 1	ILC	Surface Only (SO)		3	CL:0000993	mature CD11c-low plasmacytoid dendritic cell	27	1	CD34-, CD3-, CD19-, CD45+, CD3-, CD56-, CD11C:not:high (dim) (1 of 2 alt.)		CD14-/CD33-/CD64- (no axiom on any alt.), CD127+, CD117-, CD294-, CD15-/CD66B- (no axiom on any alt.), CD123-	no		"[""marker_axioms""]"	null	"[{""sense"": ""high"", ""pr"": ""PR:000001412"", ""asserted"": ""True"", ""paths"": [{""via"": ""exact_alias"", ""source_token"": ""CD86"", ""tokens"": [""CD86""]}]}, {""sense"": ""high"", ""pr"": ""PR:000001438"", ""asserted"": ""True"", ""paths"": [{""via"": ""exact_alias"", ""source_token"": ""CD80"", ""tokens"": [""CD80""]}]}, {""sense"": ""low"", ""pr"": ""PR:000001013"", ""asserted"": ""False"", ""paths"": [{""via"": ""exact_alias"", ""source_token"": ""CD11"", ""tokens"": [""CD11""]}, {""via"": ""exact_alias"", ""source_token"": ""CD11C"", ""tokens"": [""CD11C""]}, {""via"": ""pro_id"", ""pr"": ""PR:000001013"", ""tokens"": [""CD11C""]}]}, {""sense"": ""negative"", ""pr"": ""PR:000001002"", ""asserted"": ""False"", ""paths"": [{""via"": ""exact_alias"", ""source_token"": ""CD19"", ""tokens"": [""CD19""]}, {""via"": ""pro_id"", ""pr"": ""PR:000001002"", ""tokens"": [""CD19""]}]}, {""sense"": ""negative"", ""pr"": ""PR:000001003"", ""asserted"": ""False"", ""paths"": [{""via"": ""exact_alias"", ""source_token"": ""CD34"", ""tokens"": [""CD34""]}, {""via"": ""pro_id"", ""pr"": ""PR:000001003"", ""tokens"": [""CD34""]}]}, {""sense"": ""negative"", ""pr"": ""PR:000001012"", ""asserted"": ""False"", ""paths"": [{""via"": ""exact_alias"", ""source_token"": ""CD11"", ""tokens"": [""CD11""]}, {""via"": ""exact_alias"", ""source_token"": ""CD11B"", ""tokens"": [""CD11B""]}]}, {""sense"": ""negative"", ""pr"": ""PR:000001020"", ""asserted"": ""False"", ""paths"": [{""via"": ""exact_alias"", ""source_token"": ""CD3"", ""tokens"": [""CD3""]}, {""via"": ""exact_alias"", ""source_token"": ""CD3E"", ""tokens"": [""CD3E""]}, {""via"": ""exact_alias"", ""source_token"": ""CD3E"", ""tokens"": [""CD3E""]}, {""via"": ""pro_id"", ""pr"": ""PR:000001020"", ""tokens"": [""CD3""]}]}, {""sense"": ""negative"", ""pr"": ""PR:000001024"", ""asserted"": ""False"", ""paths"": [{""via"": ""exact_alias"", ""source_token"": ""CD56"", ""tokens"": [""CD56""]}, {""via"": ""pro_id"", ""pr"": ""PR:000001024"", ""tokens"": [""CD56""]}]}, {""sense"": ""negative"", ""pr"": ""PR:000001289"", ""asserted"": ""False"", ""paths"": [{""via"": ""exact_alias"", ""source_token"": ""CD20"", ""tokens"": [""CD20""]}, {""via"": ""pro_id"", ""pr"": ""PR:000001289"", ""tokens"": [""CD20""]}]}, {""sense"": ""positive"", ""pr"": ""PR:000001006"", ""asserted"": ""False"", ""paths"": [{""via"": ""pro_id"", ""pr"": ""PR:000001006"", ""tokens"": [""CD45""]}]}, {""sense"": ""positive"", ""pr"": ""PR:000001014"", ""asserted"": ""False"", ""paths"": [{""via"": ""exact_alias"", ""source_token"": ""CD45RABC"", ""tokens"": [""CD45RABC""]}]}, {""sense"": ""positive"", ""pr"": ""PR:000001310"", ""asserted"": ""True"", ""paths"": [{""via"": ""exact_alias"", ""source_token"": ""CD83"", ""tokens"": [""CD83""]}]}, {""sense"": ""positive"", ""pr"": ""PR:000002978"", ""asserted"": ""False"", ""paths"": []}]"
SOULCAP:SC000009		ILC2	Innate Lymphoid Cell 2	ILC	Surface Only (SO)		1	CL:0002029	Fc-epsilon RIalpha-low mast cell progenitor	29	1	CD14- (1 of 3 alt.), CD3-, CD19-, CD45+, CD3-, CD56-, CD117:low (dim) (1 of 2 alt.)		CD34-, CD127+, CD294+, HLA-DR:not:positive/CD11C:not:high (no axiom on any alt.), CD15-/CD66B- (no axiom on any alt.), CD123-	no		"[""marker_axioms""]"	null	"[{""sense"": ""high"", ""pr"": ""PR:000009143"", ""asserted"": ""False"", ""paths"": []}, {""sense"": ""low"", ""pr"": ""PR:000002065"", ""asserted"": ""False"", ""paths"": [{""via"": ""exact_alias"", ""source_token"": ""CD117"", ""tokens"": [""CD117""]}, {""via"": ""pro_id"", ""pr"": ""PR:000002065"", ""tokens"": [""CD117""]}]}, {""sense"": ""low"", ""pr"": ""PR:000007431"", ""asserted"": ""False"", ""paths"": [{""via"": ""pro_id"", ""pr"": ""PR:000007431"", ""tokens"": [""FCER1A""]}]}, {""sense"": ""negative"", ""pr"": ""PR:000001002"", ""asserted"": ""False"", ""paths"": [{""via"": ""exact_alias"", ""source_token"": ""CD19"", ""tokens"": [""CD19""]}, {""via"": ""pro_id"", ""pr"": ""PR:000001002"", ""tokens"": [""CD19""]}]}, {""sense"": ""negative"", ""pr"": ""PR:000001004"", ""asserted"": ""False"", ""paths"": [{""via"": ""exact_alias"", ""source_token"": ""CD4"", ""tokens"": [""CD4""]}, {""via"": ""pro_id"", ""pr"": ""PR:000001004"", ""tokens"": [""CD4""]}]}, {""sense"": ""negative"", ""pr"": ""PR:000001012"", ""asserted"": ""False"", ""paths"": [{""via"": ""exact_alias"", ""source_token"": ""CD11"", ""tokens"": [""CD11""]}, {""via"": ""exact_alias"", ""source_token"": ""CD11B"", ""tokens"": [""CD11B""]}]}, {""sense"": ""negative"", ""pr"": ""PR:000001020"", ""asserted"": ""False"", ""paths"": [{""via"": ""exact_alias"", ""source_token"": ""CD3"", ""tokens"": [""CD3""]}, {""via"": ""exact_alias"", ""source_token"": ""CD3E"", ""tokens"": [""CD3E""]}, {""via"": ""exact_alias"", ""source_token"": ""CD3E"", ""tokens"": [""CD3E""]}, {""via"": ""pro_id"", ""pr"": ""PR:000001020"", ""tokens"": [""CD3""]}]}, {""sense"": ""negative"", ""pr"": ""PR:000001024"", ""asserted"": ""False"", ""paths"": [{""via"": ""exact_alias"", ""source_token"": ""CD56"", ""tokens"": [""CD56""]}, {""via"": ""pro_id"", ""pr"": ""PR:000001024"", ""tokens"": [""CD56""]}]}, {""sense"": ""negative"", ""pr"": ""PR:000001083"", ""asserted"": ""False"", ""paths"": [{""via"": ""exact_alias"", ""source_token"": ""CD2"", ""tokens"": [""CD2""]}]}, {""sense"": ""negative"", ""pr"": ""PR:000001084"", ""asserted"": ""False"", ""paths"": [{""via"": ""exact_alias"", ""source_token"": ""CD8"", ""tokens"": [""CD8""]}, {""via"": ""exact_alias"", ""source_token"": ""CD8A"", ""tokens"": [""CD8A""]}, {""via"": ""exact_alias"", ""source_token"": ""CD8A"", ""tokens"": [""CD8A""]}, {""via"": ""pro_id"", ""pr"": ""PR:000001084"", ""tokens"": [""CD8""]}]}, {""sense"": ""negative"", ""pr"": ""PR:000001289"", ""asserted"": ""False"", ""paths"": [{""via"": ""exact_alias"", ""source_token"": ""CD20"", ""tokens"": [""CD20""]}, {""via"": ""pro_id"", ""pr"": ""PR:000001289"", ""tokens"": [""CD20""]}]}, {""sense"": ""negative"", ""pr"": ""PR:000001839"", ""asserted"": ""False"", ""paths"": [{""via"": ""exact_alias"", ""source_token"": ""CD5"", ""tokens"": [""CD5""]}]}, {""sense"": ""negative"", ""pr"": ""PR:000001889"", ""asserted"": ""False"", ""paths"": [{""via"": ""exact_alias"", ""source_token"": ""CD14"", ""tokens"": [""CD14""]}, {""via"": ""pro_id"", ""pr"": ""PR:000001889"", ""tokens"": [""CD14""]}]}, {""sense"": ""negative"", ""pr"": ""PR:000001963"", ""asserted"": ""False"", ""paths"": [{""via"": ""exact_alias"", ""source_token"": ""CD27"", ""tokens"": [""CD27""]}, {""via"": ""exact_alias"", ""source_token"": ""CD27L"", ""tokens"": [""CD27L""]}, {""via"": ""pro_id"", ""pr"": ""PR:000001963"", ""tokens"": [""CD27""]}]}, {""sense"": ""negative"", ""pr"": ""PR:000002978"", ""asserted"": ""False"", ""paths"": []}, {""sense"": ""negative"", ""pr"": ""PR:000002979"", ""asserted"": ""False"", ""paths"": []}, {""sense"": ""negative"", ""pr"": ""PR:000002980"", ""asserted"": ""False"", ""paths"": []}, {""sense"": ""negative"", ""pr"": ""PR:000002981"", ""asserted"": ""False"", ""paths"": []}, {""sense"": ""negative"", ""pr"": ""PR:000005307"", ""asserted"": ""False"", ""paths"": []}, {""sense"": ""positive"", ""pr"": ""PR:000001006"", ""asserted"": ""True"", ""paths"": [{""via"": ""pro_id"", ""pr"": ""PR:000001006"", ""tokens"": [""CD45""]}]}, {""sense"": ""positive"", ""pr"": ""PR:000005178"", ""asserted"": ""False"", ""paths"": [{""via"": ""exact_alias"", ""source_token"": ""CD9"", ""tokens"": [""CD9""]}]}, {""sense"": ""positive"", ""pr"": ""PR:000007857"", ""asserted"": ""False"", ""paths"": []}, {""sense"": ""positive"", ""pr"": ""PR:000007858"", ""asserted"": ""False"", ""paths"": []}, {""sense"": ""positive"", ""pr"": ""PR:000016401"", ""asserted"": ""False"", ""paths"": []}]"
SOULCAP:SC000009		ILC2	Innate Lymphoid Cell 2	ILC	Surface Only (SO)		2	CL:0000989	CD11c-low plasmacytoid dendritic cell	27	1	CD34-, CD3-, CD19-, CD45+, CD3-, CD56-, CD11C:not:high (dim) (1 of 2 alt.)		CD14-/CD33-/CD64- (no axiom on any alt.), CD127+, CD117:low/CD117- (no axiom on any alt.), CD294+, CD15-/CD66B- (no axiom on any alt.), CD123-	no		"[""marker_axioms""]"	null	"[{""sense"": ""low"", ""pr"": ""PR:000001013"", ""asserted"": ""True"", ""paths"": [{""via"": ""exact_alias"", ""source_token"": ""CD11"", ""tokens"": [""CD11""]}, {""via"": ""exact_alias"", ""source_token"": ""CD11C"", ""tokens"": [""CD11C""]}, {""via"": ""pro_id"", ""pr"": ""PR:000001013"", ""tokens"": [""CD11C""]}]}, {""sense"": ""negative"", ""pr"": ""PR:000001002"", ""asserted"": ""False"", ""paths"": [{""via"": ""exact_alias"", ""source_token"": ""CD19"", ""tokens"": [""CD19""]}, {""via"": ""pro_id"", ""pr"": ""PR:000001002"", ""tokens"": [""CD19""]}]}, {""sense"": ""negative"", ""pr"": ""PR:000001003"", ""asserted"": ""False"", ""paths"": [{""via"": ""exact_alias"", ""source_token"": ""CD34"", ""tokens"": [""CD34""]}, {""via"": ""pro_id"", ""pr"": ""PR:000001003"", ""tokens"": [""CD34""]}]}, {""sense"": ""negative"", ""pr"": ""PR:000001012"", ""asserted"": ""True"", ""paths"": [{""via"": ""exact_alias"", ""source_token"": ""CD11"", ""tokens"": [""CD11""]}, {""via"": ""exact_alias"", ""source_token"": ""CD11B"", ""tokens"": [""CD11B""]}]}, {""sense"": ""negative"", ""pr"": ""PR:000001020"", ""asserted"": ""False"", ""paths"": [{""via"": ""exact_alias"", ""source_token"": ""CD3"", ""tokens"": [""CD3""]}, {""via"": ""exact_alias"", ""source_token"": ""CD3E"", ""tokens"": [""CD3E""]}, {""via"": ""exact_alias"", ""source_token"": ""CD3E"", ""tokens"": [""CD3E""]}, {""via"": ""pro_id"", ""pr"": ""PR:000001020"", ""tokens"": [""CD3""]}]}, {""sense"": ""negative"", ""pr"": ""PR:000001024"", ""asserted"": ""False"", ""paths"": [{""via"": ""exact_alias"", ""source_token"": ""CD56"", ""tokens"": [""CD56""]}, {""via"": ""pro_id"", ""pr"": ""PR:000001024"", ""tokens"": [""CD56""]}]}, {""sense"": ""negative"", ""pr"": ""PR:000001289"", ""asserted"": ""False"", ""paths"": [{""via"": ""exact_alias"", ""source_token"": ""CD20"", ""tokens"": [""CD20""]}, {""via"": ""pro_id"", ""pr"": ""PR:000001289"", ""tokens"": [""CD20""]}]}, {""sense"": ""positive"", ""pr"": ""PR:000001006"", ""asserted"": ""False"", ""paths"": [{""via"": ""pro_id"", ""pr"": ""PR:000001006"", ""tokens"": [""CD45""]}]}, {""sense"": ""positive"", ""pr"": ""PR:000001014"", ""asserted"": ""True"", ""paths"": [{""via"": ""exact_alias"", ""source_token"": ""CD45RABC"", ""tokens"": [""CD45RABC""]}]}, {""sense"": ""positive"", ""pr"": ""PR:000002978"", ""asserted"": ""True"", ""paths"": []}]"
SOULCAP:SC000009		ILC2	Innate Lymphoid Cell 2	ILC	Surface Only (SO)		3	CL:0000992	immature CD11c-low plasmacytoid dendritic cell	27	1	CD34-, CD3-, CD19-, CD45+, CD3-, CD56-, CD11C:not:high (dim) (1 of 2 alt.)		CD14-/CD33-/CD64- (no axiom on any alt.), CD127+, CD117:low/CD117- (no axiom on any alt.), CD294+, CD15-/CD66B- (no axiom on any alt.), CD123-	no		"[""marker_axioms""]"	null	"[{""sense"": ""low"", ""pr"": ""PR:000001013"", ""asserted"": ""False"", ""paths"": [{""via"": ""exact_alias"", ""source_token"": ""CD11"", ""tokens"": [""CD11""]}, {""via"": ""exact_alias"", ""source_token"": ""CD11C"", ""tokens"": [""CD11C""]}, {""via"": ""pro_id"", ""pr"": ""PR:000001013"", ""tokens"": [""CD11C""]}]}, {""sense"": ""low"", ""pr"": ""PR:000001412"", ""asserted"": ""True"", ""paths"": [{""via"": ""exact_alias"", ""source_token"": ""CD86"", ""tokens"": [""CD86""]}]}, {""sense"": ""low"", ""pr"": ""PR:000001438"", ""asserted"": ""True"", ""paths"": [{""via"": ""exact_alias"", ""source_token"": ""CD80"", ""tokens"": [""CD80""]}]}, {""sense"": ""negative"", ""pr"": ""PR:000001002"", ""asserted"": ""False"", ""paths"": [{""via"": ""exact_alias"", ""source_token"": ""CD19"", ""tokens"": [""CD19""]}, {""via"": ""pro_id"", ""pr"": ""PR:000001002"", ""tokens"": [""CD19""]}]}, {""sense"": ""negative"", ""pr"": ""PR:000001003"", ""asserted"": ""False"", ""paths"": [{""via"": ""exact_alias"", ""source_token"": ""CD34"", ""tokens"": [""CD34""]}, {""via"": ""pro_id"", ""pr"": ""PR:000001003"", ""tokens"": [""CD34""]}]}, {""sense"": ""negative"", ""pr"": ""PR:000001012"", ""asserted"": ""False"", ""paths"": [{""via"": ""exact_alias"", ""source_token"": ""CD11"", ""tokens"": [""CD11""]}, {""via"": ""exact_alias"", ""source_token"": ""CD11B"", ""tokens"": [""CD11B""]}]}, {""sense"": ""negative"", ""pr"": ""PR:000001020"", ""asserted"": ""False"", ""paths"": [{""via"": ""exact_alias"", ""source_token"": ""CD3"", ""tokens"": [""CD3""]}, {""via"": ""exact_alias"", ""source_token"": ""CD3E"", ""tokens"": [""CD3E""]}, {""via"": ""exact_alias"", ""source_token"": ""CD3E"", ""tokens"": [""CD3E""]}, {""via"": ""pro_id"", ""pr"": ""PR:000001020"", ""tokens"": [""CD3""]}]}, {""sense"": ""negative"", ""pr"": ""PR:000001024"", ""asserted"": ""False"", ""paths"": [{""via"": ""exact_alias"", ""source_token"": ""CD56"", ""tokens"": [""CD56""]}, {""via"": ""pro_id"", ""pr"": ""PR:000001024"", ""tokens"": [""CD56""]}]}, {""sense"": ""negative"", ""pr"": ""PR:000001289"", ""asserted"": ""False"", ""paths"": [{""via"": ""exact_alias"", ""source_token"": ""CD20"", ""tokens"": [""CD20""]}, {""via"": ""pro_id"", ""pr"": ""PR:000001289"", ""tokens"": [""CD20""]}]}, {""sense"": ""positive"", ""pr"": ""PR:000001006"", ""asserted"": ""False"", ""paths"": [{""via"": ""pro_id"", ""pr"": ""PR:000001006"", ""tokens"": [""CD45""]}]}, {""sense"": ""positive"", ""pr"": ""PR:000001014"", ""asserted"": ""False"", ""paths"": [{""via"": ""exact_alias"", ""source_token"": ""CD45RABC"", ""tokens"": [""CD45RABC""]}]}, {""sense"": ""positive"", ""pr"": ""PR:000002978"", ""asserted"": ""False"", ""paths"": []}]"
SOULCAP:SC000010		ILC3	Innate Lymphoid Cell 3	ILC	Surface Only (SO)		1	CL:0002029	Fc-epsilon RIalpha-low mast cell progenitor	29	1	CD14- (1 of 3 alt.), CD3-, CD19-, CD45+, CD3-, CD56- (1 of 2 alt.), CD117+ (dim)		CD34-, CD127+, CD294-, HLA-DR:not:positive/CD11C:not:high (no axiom on any alt.), CD15-/CD66B- (no axiom on any alt.), CD123-	no		"[""marker_axioms""]"	null	"[{""sense"": ""high"", ""pr"": ""PR:000009143"", ""asserted"": ""False"", ""paths"": []}, {""sense"": ""low"", ""pr"": ""PR:000002065"", ""asserted"": ""False"", ""paths"": [{""via"": ""exact_alias"", ""source_token"": ""CD117"", ""tokens"": [""CD117""]}, {""via"": ""pro_id"", ""pr"": ""PR:000002065"", ""tokens"": [""CD117""]}]}, {""sense"": ""low"", ""pr"": ""PR:000007431"", ""asserted"": ""False"", ""paths"": [{""via"": ""pro_id"", ""pr"": ""PR:000007431"", ""tokens"": [""FCER1A""]}]}, {""sense"": ""negative"", ""pr"": ""PR:000001002"", ""asserted"": ""False"", ""paths"": [{""via"": ""exact_alias"", ""source_token"": ""CD19"", ""tokens"": [""CD19""]}, {""via"": ""pro_id"", ""pr"": ""PR:000001002"", ""tokens"": [""CD19""]}]}, {""sense"": ""negative"", ""pr"": ""PR:000001004"", ""asserted"": ""False"", ""paths"": [{""via"": ""exact_alias"", ""source_token"": ""CD4"", ""tokens"": [""CD4""]}, {""via"": ""pro_id"", ""pr"": ""PR:000001004"", ""tokens"": [""CD4""]}]}, {""sense"": ""negative"", ""pr"": ""PR:000001012"", ""asserted"": ""False"", ""paths"": [{""via"": ""exact_alias"", ""source_token"": ""CD11"", ""tokens"": [""CD11""]}, {""via"": ""exact_alias"", ""source_token"": ""CD11B"", ""tokens"": [""CD11B""]}]}, {""sense"": ""negative"", ""pr"": ""PR:000001020"", ""asserted"": ""False"", ""paths"": [{""via"": ""exact_alias"", ""source_token"": ""CD3"", ""tokens"": [""CD3""]}, {""via"": ""exact_alias"", ""source_token"": ""CD3E"", ""tokens"": [""CD3E""]}, {""via"": ""exact_alias"", ""source_token"": ""CD3E"", ""tokens"": [""CD3E""]}, {""via"": ""pro_id"", ""pr"": ""PR:000001020"", ""tokens"": [""CD3""]}]}, {""sense"": ""negative"", ""pr"": ""PR:000001024"", ""asserted"": ""False"", ""paths"": [{""via"": ""exact_alias"", ""source_token"": ""CD56"", ""tokens"": [""CD56""]}, {""via"": ""pro_id"", ""pr"": ""PR:000001024"", ""tokens"": [""CD56""]}]}, {""sense"": ""negative"", ""pr"": ""PR:000001083"", ""asserted"": ""False"", ""paths"": [{""via"": ""exact_alias"", ""source_token"": ""CD2"", ""tokens"": [""CD2""]}]}, {""sense"": ""negative"", ""pr"": ""PR:000001084"", ""asserted"": ""False"", ""paths"": [{""via"": ""exact_alias"", ""source_token"": ""CD8"", ""tokens"": [""CD8""]}, {""via"": ""exact_alias"", ""source_token"": ""CD8A"", ""tokens"": [""CD8A""]}, {""via"": ""exact_alias"", ""source_token"": ""CD8A"", ""tokens"": [""CD8A""]}, {""via"": ""pro_id"", ""pr"": ""PR:000001084"", ""tokens"": [""CD8""]}]}, {""sense"": ""negative"", ""pr"": ""PR:000001289"", ""asserted"": ""False"", ""paths"": [{""via"": ""exact_alias"", ""source_token"": ""CD20"", ""tokens"": [""CD20""]}, {""via"": ""pro_id"", ""pr"": ""PR:000001289"", ""tokens"": [""CD20""]}]}, {""sense"": ""negative"", ""pr"": ""PR:000001839"", ""asserted"": ""False"", ""paths"": [{""via"": ""exact_alias"", ""source_token"": ""CD5"", ""tokens"": [""CD5""]}]}, {""sense"": ""negative"", ""pr"": ""PR:000001889"", ""asserted"": ""False"", ""paths"": [{""via"": ""exact_alias"", ""source_token"": ""CD14"", ""tokens"": [""CD14""]}, {""via"": ""pro_id"", ""pr"": ""PR:000001889"", ""tokens"": [""CD14""]}]}, {""sense"": ""negative"", ""pr"": ""PR:000001963"", ""asserted"": ""False"", ""paths"": [{""via"": ""exact_alias"", ""source_token"": ""CD27"", ""tokens"": [""CD27""]}, {""via"": ""exact_alias"", ""source_token"": ""CD27L"", ""tokens"": [""CD27L""]}, {""via"": ""pro_id"", ""pr"": ""PR:000001963"", ""tokens"": [""CD27""]}]}, {""sense"": ""negative"", ""pr"": ""PR:000002978"", ""asserted"": ""False"", ""paths"": []}, {""sense"": ""negative"", ""pr"": ""PR:000002979"", ""asserted"": ""False"", ""paths"": []}, {""sense"": ""negative"", ""pr"": ""PR:000002980"", ""asserted"": ""False"", ""paths"": []}, {""sense"": ""negative"", ""pr"": ""PR:000002981"", ""asserted"": ""False"", ""paths"": []}, {""sense"": ""negative"", ""pr"": ""PR:000005307"", ""asserted"": ""False"", ""paths"": []}, {""sense"": ""positive"", ""pr"": ""PR:000001006"", ""asserted"": ""True"", ""paths"": [{""via"": ""pro_id"", ""pr"": ""PR:000001006"", ""tokens"": [""CD45""]}]}, {""sense"": ""positive"", ""pr"": ""PR:000005178"", ""asserted"": ""False"", ""paths"": [{""via"": ""exact_alias"", ""source_token"": ""CD9"", ""tokens"": [""CD9""]}]}, {""sense"": ""positive"", ""pr"": ""PR:000007857"", ""asserted"": ""False"", ""paths"": []}, {""sense"": ""positive"", ""pr"": ""PR:000007858"", ""asserted"": ""False"", ""paths"": []}, {""sense"": ""positive"", ""pr"": ""PR:000016401"", ""asserted"": ""False"", ""paths"": []}]"
SOULCAP:SC000010		ILC3	Innate Lymphoid Cell 3	ILC	Surface Only (SO)		2	CL:0002344	CD56-negative, CD161-positive immature natural killer cell, human	29	1	CD14- (1 of 3 alt.), CD34-, CD3-, CD19-, CD3-, CD56- (1 of 2 alt.), CD117+		CD45+, CD127+, CD294-, HLA-DR:not:positive/CD11C:not:high (no axiom on any alt.), CD15-/CD66B- (no axiom on any alt.), CD123-	no		"[""marker_axioms""]"	null	"[{""sense"": ""negative"", ""pr"": ""PR:000001002"", ""asserted"": ""False"", ""paths"": [{""via"": ""exact_alias"", ""source_token"": ""CD19"", ""tokens"": [""CD19""]}, {""via"": ""pro_id"", ""pr"": ""PR:000001002"", ""tokens"": [""CD19""]}]}, {""sense"": ""negative"", ""pr"": ""PR:000001003"", ""asserted"": ""True"", ""paths"": [{""via"": ""exact_alias"", ""source_token"": ""CD34"", ""tokens"": [""CD34""]}, {""via"": ""pro_id"", ""pr"": ""PR:000001003"", ""tokens"": [""CD34""]}]}, {""sense"": ""negative"", ""pr"": ""PR:000001020"", ""asserted"": ""False"", ""paths"": [{""via"": ""exact_alias"", ""source_token"": ""CD3"", ""tokens"": [""CD3""]}, {""via"": ""exact_alias"", ""source_token"": ""CD3E"", ""tokens"": [""CD3E""]}, {""via"": ""exact_alias"", ""source_token"": ""CD3E"", ""tokens"": [""CD3E""]}, {""via"": ""pro_id"", ""pr"": ""PR:000001020"", ""tokens"": [""CD3""]}]}, {""sense"": ""negative"", ""pr"": ""PR:000001024"", ""asserted"": ""True"", ""paths"": [{""via"": ""exact_alias"", ""source_token"": ""CD56"", ""tokens"": [""CD56""]}, {""via"": ""pro_id"", ""pr"": ""PR:000001024"", ""tokens"": [""CD56""]}]}, {""sense"": ""negative"", ""pr"": ""PR:000001289"", ""asserted"": ""False"", ""paths"": [{""via"": ""exact_alias"", ""source_token"": ""CD20"", ""tokens"": [""CD20""]}, {""via"": ""pro_id"", ""pr"": ""PR:000001289"", ""tokens"": [""CD20""]}]}, {""sense"": ""negative"", ""pr"": ""PR:000001889"", ""asserted"": ""False"", ""paths"": [{""via"": ""exact_alias"", ""source_token"": ""CD14"", ""tokens"": [""CD14""]}, {""via"": ""pro_id"", ""pr"": ""PR:000001889"", ""tokens"": [""CD14""]}]}, {""sense"": ""positive"", ""pr"": ""PR:000001381"", ""asserted"": ""True"", ""paths"": [{""via"": ""exact_alias"", ""source_token"": ""CD122"", ""tokens"": [""CD122""]}]}, {""sense"": ""positive"", ""pr"": ""PR:000001874"", ""asserted"": ""True"", ""paths"": []}, {""sense"": ""positive"", ""pr"": ""PR:000002065"", ""asserted"": ""True"", ""paths"": [{""via"": ""exact_alias"", ""source_token"": ""CD117"", ""tokens"": [""CD117""]}, {""via"": ""pro_id"", ""pr"": ""PR:000002065"", ""tokens"": [""CD117""]}]}]"
SOULCAP:SC000010		ILC3	Innate Lymphoid Cell 3	ILC	Surface Only (SO)		3	CL:0000989	CD11c-low plasmacytoid dendritic cell	27	1	CD34-, CD3-, CD19-, CD45+, CD3-, CD56- (1 of 2 alt.), CD11C:not:high (dim) (1 of 2 alt.)		CD14-/CD33-/CD64- (no axiom on any alt.), CD127+, CD117+, CD294-, CD15-/CD66B- (no axiom on any alt.), CD123-	no		"[""marker_axioms""]"	null	"[{""sense"": ""low"", ""pr"": ""PR:000001013"", ""asserted"": ""True"", ""paths"": [{""via"": ""exact_alias"", ""source_token"": ""CD11"", ""tokens"": [""CD11""]}, {""via"": ""exact_alias"", ""source_token"": ""CD11C"", ""tokens"": [""CD11C""]}, {""via"": ""pro_id"", ""pr"": ""PR:000001013"", ""tokens"": [""CD11C""]}]}, {""sense"": ""negative"", ""pr"": ""PR:000001002"", ""asserted"": ""False"", ""paths"": [{""via"": ""exact_alias"", ""source_token"": ""CD19"", ""tokens"": [""CD19""]}, {""via"": ""pro_id"", ""pr"": ""PR:000001002"", ""tokens"": [""CD19""]}]}, {""sense"": ""negative"", ""pr"": ""PR:000001003"", ""asserted"": ""False"", ""paths"": [{""via"": ""exact_alias"", ""source_token"": ""CD34"", ""tokens"": [""CD34""]}, {""via"": ""pro_id"", ""pr"": ""PR:000001003"", ""tokens"": [""CD34""]}]}, {""sense"": ""negative"", ""pr"": ""PR:000001012"", ""asserted"": ""True"", ""paths"": [{""via"": ""exact_alias"", ""source_token"": ""CD11"", ""tokens"": [""CD11""]}, {""via"": ""exact_alias"", ""source_token"": ""CD11B"", ""tokens"": [""CD11B""]}]}, {""sense"": ""negative"", ""pr"": ""PR:000001020"", ""asserted"": ""False"", ""paths"": [{""via"": ""exact_alias"", ""source_token"": ""CD3"", ""tokens"": [""CD3""]}, {""via"": ""exact_alias"", ""source_token"": ""CD3E"", ""tokens"": [""CD3E""]}, {""via"": ""exact_alias"", ""source_token"": ""CD3E"", ""tokens"": [""CD3E""]}, {""via"": ""pro_id"", ""pr"": ""PR:000001020"", ""tokens"": [""CD3""]}]}, {""sense"": ""negative"", ""pr"": ""PR:000001024"", ""asserted"": ""False"", ""paths"": [{""via"": ""exact_alias"", ""source_token"": ""CD56"", ""tokens"": [""CD56""]}, {""via"": ""pro_id"", ""pr"": ""PR:000001024"", ""tokens"": [""CD56""]}]}, {""sense"": ""negative"", ""pr"": ""PR:000001289"", ""asserted"": ""False"", ""paths"": [{""via"": ""exact_alias"", ""source_token"": ""CD20"", ""tokens"": [""CD20""]}, {""via"": ""pro_id"", ""pr"": ""PR:000001289"", ""tokens"": [""CD20""]}]}, {""sense"": ""positive"", ""pr"": ""PR:000001006"", ""asserted"": ""False"", ""paths"": [{""via"": ""pro_id"", ""pr"": ""PR:000001006"", ""tokens"": [""CD45""]}]}, {""sense"": ""positive"", ""pr"": ""PR:000001014"", ""asserted"": ""True"", ""paths"": [{""via"": ""exact_alias"", ""source_token"": ""CD45RABC"", ""tokens"": [""CD45RABC""]}]}, {""sense"": ""positive"", ""pr"": ""PR:000002978"", ""asserted"": ""True"", ""paths"": []}]"
SOULCAP:SC000011		cDC	Conventional Dendritic Cell		Exact		1	CL:0001057	myeloid dendritic cell, human	24	2	CD123:not:high (1 of 2 alt.), CD123:not:high (1 of 2 alt.), CD14-, CD11C:high (hi), CD3-, CD19-, CD56-		CD16-, CD45+, CD33:high/CD64+ (no axiom on any alt.), HLA-DR+, CD127-	no		"[""marker_axioms""]"	null	"[{""sense"": ""high"", ""pr"": ""PR:000001013"", ""asserted"": ""False"", ""paths"": [{""via"": ""exact_alias"", ""source_token"": ""CD11"", ""tokens"": [""CD11""]}, {""via"": ""exact_alias"", ""source_token"": ""CD11C"", ""tokens"": [""CD11C""]}, {""via"": ""pro_id"", ""pr"": ""PR:000001013"", ""tokens"": [""CD11C""]}]}, {""sense"": ""negative"", ""pr"": ""PR:000001002"", ""asserted"": ""False"", ""paths"": [{""via"": ""exact_alias"", ""source_token"": ""CD19"", ""tokens"": [""CD19""]}, {""via"": ""pro_id"", ""pr"": ""PR:000001002"", ""tokens"": [""CD19""]}]}, {""sense"": ""negative"", ""pr"": ""PR:000001003"", ""asserted"": ""False"", ""paths"": [{""via"": ""exact_alias"", ""source_token"": ""CD34"", ""tokens"": [""CD34""]}, {""via"": ""pro_id"", ""pr"": ""PR:000001003"", ""tokens"": [""CD34""]}]}, {""sense"": ""negative"", ""pr"": ""PR:000001020"", ""asserted"": ""False"", ""paths"": [{""via"": ""exact_alias"", ""source_token"": ""CD3"", ""tokens"": [""CD3""]}, {""via"": ""exact_alias"", ""source_token"": ""CD3E"", ""tokens"": [""CD3E""]}, {""via"": ""exact_alias"", ""source_token"": ""CD3E"", ""tokens"": [""CD3E""]}, {""via"": ""pro_id"", ""pr"": ""PR:000001020"", ""tokens"": [""CD3""]}]}, {""sense"": ""negative"", ""pr"": ""PR:000001024"", ""asserted"": ""False"", ""paths"": [{""via"": ""exact_alias"", ""source_token"": ""CD56"", ""tokens"": [""CD56""]}, {""via"": ""pro_id"", ""pr"": ""PR:000001024"", ""tokens"": [""CD56""]}]}, {""sense"": ""negative"", ""pr"": ""PR:000001289"", ""asserted"": ""False"", ""paths"": [{""via"": ""exact_alias"", ""source_token"": ""CD20"", ""tokens"": [""CD20""]}, {""via"": ""pro_id"", ""pr"": ""PR:000001289"", ""tokens"": [""CD20""]}]}, {""sense"": ""negative"", ""pr"": ""PR:000001865"", ""asserted"": ""False"", ""paths"": [{""via"": ""exact_alias"", ""source_token"": ""CD123"", ""tokens"": [""CD123""]}, {""via"": ""pro_id"", ""pr"": ""PR:000001865"", ""tokens"": [""CD123""]}]}, {""sense"": ""negative"", ""pr"": ""PR:000001889"", ""asserted"": ""True"", ""paths"": [{""via"": ""exact_alias"", ""source_token"": ""CD14"", ""tokens"": [""CD14""]}, {""via"": ""pro_id"", ""pr"": ""PR:000001889"", ""tokens"": [""CD14""]}]}, {""sense"": ""positive"", ""pr"": ""PR:000002015"", ""asserted"": ""False"", ""paths"": []}]"
SOULCAP:SC000011		cDC	Conventional Dendritic Cell		Exact		2	CL:0002000	Kit-positive erythroid progenitor cell	21	1	CD123:not:high (1 of 2 alt.), CD123:not:high (1 of 2 alt.), CD14-, CD3-, CD19-, CD56-, CD127-		CD16-, CD45+, CD33:high/CD64+ (no axiom on any alt.), CD11C:high, HLA-DR+	no		"[""marker_axioms""]"	null	"[{""sense"": ""negative"", ""pr"": ""PR:000001002"", ""asserted"": ""False"", ""paths"": [{""via"": ""exact_alias"", ""source_token"": ""CD19"", ""tokens"": [""CD19""]}, {""via"": ""pro_id"", ""pr"": ""PR:000001002"", ""tokens"": [""CD19""]}]}, {""sense"": ""negative"", ""pr"": ""PR:000001004"", ""asserted"": ""False"", ""paths"": [{""via"": ""exact_alias"", ""source_token"": ""CD4"", ""tokens"": [""CD4""]}, {""via"": ""pro_id"", ""pr"": ""PR:000001004"", ""tokens"": [""CD4""]}]}, {""sense"": ""negative"", ""pr"": ""PR:000001012"", ""asserted"": ""False"", ""paths"": [{""via"": ""exact_alias"", ""source_token"": ""CD11"", ""tokens"": [""CD11""]}, {""via"": ""exact_alias"", ""source_token"": ""CD11B"", ""tokens"": [""CD11B""]}]}, {""sense"": ""negative"", ""pr"": ""PR:000001020"", ""asserted"": ""False"", ""paths"": [{""via"": ""exact_alias"", ""source_token"": ""CD3"", ""tokens"": [""CD3""]}, {""via"": ""exact_alias"", ""source_token"": ""CD3E"", ""tokens"": [""CD3E""]}, {""via"": ""exact_alias"", ""source_token"": ""CD3E"", ""tokens"": [""CD3E""]}, {""via"": ""pro_id"", ""pr"": ""PR:000001020"", ""tokens"": [""CD3""]}]}, {""sense"": ""negative"", ""pr"": ""PR:000001024"", ""asserted"": ""False"", ""paths"": [{""via"": ""exact_alias"", ""source_token"": ""CD56"", ""tokens"": [""CD56""]}, {""via"": ""pro_id"", ""pr"": ""PR:000001024"", ""tokens"": [""CD56""]}]}, {""sense"": ""negative"", ""pr"": ""PR:000001083"", ""asserted"": ""False"", ""paths"": [{""via"": ""exact_alias"", ""source_token"": ""CD2"", ""tokens"": [""CD2""]}]}, {""sense"": ""negative"", ""pr"": ""PR:000001084"", ""asserted"": ""False"", ""paths"": [{""via"": ""exact_alias"", ""source_token"": ""CD8"", ""tokens"": [""CD8""]}, {""via"": ""exact_alias"", ""source_token"": ""CD8A"", ""tokens"": [""CD8A""]}, {""via"": ""exact_alias"", ""source_token"": ""CD8A"", ""tokens"": [""CD8A""]}, {""via"": ""pro_id"", ""pr"": ""PR:000001084"", ""tokens"": [""CD8""]}]}, {""sense"": ""negative"", ""pr"": ""PR:000001289"", ""asserted"": ""False"", ""paths"": [{""via"": ""exact_alias"", ""source_token"": ""CD20"", ""tokens"": [""CD20""]}, {""via"": ""pro_id"", ""pr"": ""PR:000001289"", ""tokens"": [""CD20""]}]}, {""sense"": ""negative"", ""pr"": ""PR:000001833"", ""asserted"": ""True"", ""paths"": [{""via"": ""exact_alias"", ""source_token"": ""CD150"", ""tokens"": [""CD150""]}, {""via"": ""exact_alias"", ""source_token"": ""CDW150"", ""tokens"": [""CDW150""]}]}, {""sense"": ""negative"", ""pr"": ""PR:000001839"", ""asserted"": ""False"", ""paths"": [{""via"": ""exact_alias"", ""source_token"": ""CD5"", ""tokens"": [""CD5""]}]}, {""sense"": ""negative"", ""pr"": ""PR:000001865"", ""asserted"": ""True"", ""paths"": [{""via"": ""exact_alias"", ""source_token"": ""CD123"", ""tokens"": [""CD123""]}, {""via"": ""pro_id"", ""pr"": ""PR:000001865"", ""tokens"": [""CD123""]}]}, {""sense"": ""negative"", ""pr"": ""PR:000001869"", ""asserted"": ""True"", ""paths"": [{""via"": ""exact_alias"", ""source_token"": ""CD127"", ""tokens"": [""CD127""]}, {""via"": ""exact_alias"", ""source_token"": ""CDW127"", ""tokens"": [""CDW127""]}, {""via"": ""pro_id"", ""pr"": ""PR:000001869"", ""tokens"": [""CD127""]}]}, {""sense"": ""negative"", ""pr"": ""PR:000001889"", ""asserted"": ""False"", ""paths"": [{""via"": ""exact_alias"", ""source_token"": ""CD14"", ""tokens"": [""CD14""]}, {""via"": ""pro_id"", ""pr"": ""PR:000001889"", ""tokens"": [""CD14""]}]}, {""sense"": ""negative"", ""pr"": ""PR:000002978"", ""asserted"": ""False"", ""paths"": []}, {""sense"": ""negative"", ""pr"": ""PR:000002979"", ""asserted"": ""True"", ""paths"": []}, {""sense"": ""negative"", ""pr"": ""PR:000009127"", ""asserted"": ""True"", ""paths"": [{""via"": ""exact_alias"", ""source_token"": ""CD41"", ""tokens"": [""CD41""]}]}, {""sense"": ""positive"", ""pr"": ""PR:000001345"", ""asserted"": ""True"", ""paths"": [{""via"": ""exact_alias"", ""source_token"": ""CD105"", ""tokens"": [""CD105""]}]}, {""sense"": ""positive"", ""pr"": ""PR:000001945"", ""asserted"": ""False"", ""paths"": [{""via"": ""exact_alias"", ""source_token"": ""CD71"", ""tokens"": [""CD71""]}]}, {""sense"": ""positive"", ""pr"": ""PR:000002065"", ""asserted"": ""True"", ""paths"": [{""via"": ""exact_alias"", ""source_token"": ""CD117"", ""tokens"": [""CD117""]}, {""via"": ""pro_id"", ""pr"": ""PR:000002065"", ""tokens"": [""CD117""]}]}]"
SOULCAP:SC000011		cDC	Conventional Dendritic Cell		Exact		3	CL:0000782	myeloid dendritic cell	20	2	CD123:not:high (1 of 2 alt.), CD123:not:high (1 of 2 alt.), CD11C:high (hi), CD3-, CD19-, CD56-		CD14-, CD16-, CD45+, CD33:high/CD64+ (no axiom on any alt.), HLA-DR+, CD127-	no		"[""marker_axioms""]"	null	"[{""sense"": ""high"", ""pr"": ""PR:000001013"", ""asserted"": ""False"", ""paths"": [{""via"": ""exact_alias"", ""source_token"": ""CD11"", ""tokens"": [""CD11""]}, {""via"": ""exact_alias"", ""source_token"": ""CD11C"", ""tokens"": [""CD11C""]}, {""via"": ""pro_id"", ""pr"": ""PR:000001013"", ""tokens"": [""CD11C""]}]}, {""sense"": ""negative"", ""pr"": ""PR:000001002"", ""asserted"": ""False"", ""paths"": [{""via"": ""exact_alias"", ""source_token"": ""CD19"", ""tokens"": [""CD19""]}, {""via"": ""pro_id"", ""pr"": ""PR:000001002"", ""tokens"": [""CD19""]}]}, {""sense"": ""negative"", ""pr"": ""PR:000001003"", ""asserted"": ""False"", ""paths"": [{""via"": ""exact_alias"", ""source_token"": ""CD34"", ""tokens"": [""CD34""]}, {""via"": ""pro_id"", ""pr"": ""PR:000001003"", ""tokens"": [""CD34""]}]}, {""sense"": ""negative"", ""pr"": ""PR:000001020"", ""asserted"": ""False"", ""paths"": [{""via"": ""exact_alias"", ""source_token"": ""CD3"", ""tokens"": [""CD3""]}, {""via"": ""exact_alias"", ""source_token"": ""CD3E"", ""tokens"": [""CD3E""]}, {""via"": ""exact_alias"", ""source_token"": ""CD3E"", ""tokens"": [""CD3E""]}, {""via"": ""pro_id"", ""pr"": ""PR:000001020"", ""tokens"": [""CD3""]}]}, {""sense"": ""negative"", ""pr"": ""PR:000001024"", ""asserted"": ""False"", ""paths"": [{""via"": ""exact_alias"", ""source_token"": ""CD56"", ""tokens"": [""CD56""]}, {""via"": ""pro_id"", ""pr"": ""PR:000001024"", ""tokens"": [""CD56""]}]}, {""sense"": ""negative"", ""pr"": ""PR:000001289"", ""asserted"": ""False"", ""paths"": [{""via"": ""exact_alias"", ""source_token"": ""CD20"", ""tokens"": [""CD20""]}, {""via"": ""pro_id"", ""pr"": ""PR:000001289"", ""tokens"": [""CD20""]}]}, {""sense"": ""negative"", ""pr"": ""PR:000001865"", ""asserted"": ""True"", ""paths"": [{""via"": ""exact_alias"", ""source_token"": ""CD123"", ""tokens"": [""CD123""]}, {""via"": ""pro_id"", ""pr"": ""PR:000001865"", ""tokens"": [""CD123""]}]}]"
SOULCAP:SC000012		cDC1	Conventional Dendritic Cell 1	DCM	Exact		1	CL:0001057	myeloid dendritic cell, human	24	2	CD123:not:high (1 of 2 alt.), CD123:not:high (1 of 2 alt.), CD14-, CD11C:high (hi), CD3-, CD19-, CD56-		CD16-, CD45+, CD33:high/CD64+ (no axiom on any alt.), HLA-DR+, CD1C-, CD141+, CD127-, CD172A-, FCER1A-	no		"[""marker_axioms""]"	null	"[{""sense"": ""high"", ""pr"": ""PR:000001013"", ""asserted"": ""False"", ""paths"": [{""via"": ""exact_alias"", ""source_token"": ""CD11"", ""tokens"": [""CD11""]}, {""via"": ""exact_alias"", ""source_token"": ""CD11C"", ""tokens"": [""CD11C""]}, {""via"": ""pro_id"", ""pr"": ""PR:000001013"", ""tokens"": [""CD11C""]}]}, {""sense"": ""negative"", ""pr"": ""PR:000001002"", ""asserted"": ""False"", ""paths"": [{""via"": ""exact_alias"", ""source_token"": ""CD19"", ""tokens"": [""CD19""]}, {""via"": ""pro_id"", ""pr"": ""PR:000001002"", ""tokens"": [""CD19""]}]}, {""sense"": ""negative"", ""pr"": ""PR:000001003"", ""asserted"": ""False"", ""paths"": [{""via"": ""exact_alias"", ""source_token"": ""CD34"", ""tokens"": [""CD34""]}, {""via"": ""pro_id"", ""pr"": ""PR:000001003"", ""tokens"": [""CD34""]}]}, {""sense"": ""negative"", ""pr"": ""PR:000001020"", ""asserted"": ""False"", ""paths"": [{""via"": ""exact_alias"", ""source_token"": ""CD3"", ""tokens"": [""CD3""]}, {""via"": ""exact_alias"", ""source_token"": ""CD3E"", ""tokens"": [""CD3E""]}, {""via"": ""exact_alias"", ""source_token"": ""CD3E"", ""tokens"": [""CD3E""]}, {""via"": ""pro_id"", ""pr"": ""PR:000001020"", ""tokens"": [""CD3""]}]}, {""sense"": ""negative"", ""pr"": ""PR:000001024"", ""asserted"": ""False"", ""paths"": [{""via"": ""exact_alias"", ""source_token"": ""CD56"", ""tokens"": [""CD56""]}, {""via"": ""pro_id"", ""pr"": ""PR:000001024"", ""tokens"": [""CD56""]}]}, {""sense"": ""negative"", ""pr"": ""PR:000001289"", ""asserted"": ""False"", ""paths"": [{""via"": ""exact_alias"", ""source_token"": ""CD20"", ""tokens"": [""CD20""]}, {""via"": ""pro_id"", ""pr"": ""PR:000001289"", ""tokens"": [""CD20""]}]}, {""sense"": ""negative"", ""pr"": ""PR:000001865"", ""asserted"": ""False"", ""paths"": [{""via"": ""exact_alias"", ""source_token"": ""CD123"", ""tokens"": [""CD123""]}, {""via"": ""pro_id"", ""pr"": ""PR:000001865"", ""tokens"": [""CD123""]}]}, {""sense"": ""negative"", ""pr"": ""PR:000001889"", ""asserted"": ""True"", ""paths"": [{""via"": ""exact_alias"", ""source_token"": ""CD14"", ""tokens"": [""CD14""]}, {""via"": ""pro_id"", ""pr"": ""PR:000001889"", ""tokens"": [""CD14""]}]}, {""sense"": ""positive"", ""pr"": ""PR:000002015"", ""asserted"": ""False"", ""paths"": []}]"
SOULCAP:SC000012		cDC1	Conventional Dendritic Cell 1	DCM	Exact		2	CL:0002394	CD141-positive myeloid dendritic cell	24	2	CD123:not:high (1 of 2 alt.), CD123:not:high (1 of 2 alt.), CD11C:high (hi), CD141+, CD3-, CD19-, CD56-		CD14-, CD16-, CD45+, CD33:high/CD64+ (no axiom on any alt.), HLA-DR+, CD1C-, CD127-, CD172A-, FCER1A-	no		"[""marker_axioms""]"	null	"[{""sense"": ""high"", ""pr"": ""PR:000001013"", ""asserted"": ""False"", ""paths"": [{""via"": ""exact_alias"", ""source_token"": ""CD11"", ""tokens"": [""CD11""]}, {""via"": ""exact_alias"", ""source_token"": ""CD11C"", ""tokens"": [""CD11C""]}, {""via"": ""pro_id"", ""pr"": ""PR:000001013"", ""tokens"": [""CD11C""]}]}, {""sense"": ""negative"", ""pr"": ""PR:000001002"", ""asserted"": ""False"", ""paths"": [{""via"": ""exact_alias"", ""source_token"": ""CD19"", ""tokens"": [""CD19""]}, {""via"": ""pro_id"", ""pr"": ""PR:000001002"", ""tokens"": [""CD19""]}]}, {""sense"": ""negative"", ""pr"": ""PR:000001003"", ""asserted"": ""False"", ""paths"": [{""via"": ""exact_alias"", ""source_token"": ""CD34"", ""tokens"": [""CD34""]}, {""via"": ""pro_id"", ""pr"": ""PR:000001003"", ""tokens"": [""CD34""]}]}, {""sense"": ""negative"", ""pr"": ""PR:000001020"", ""asserted"": ""False"", ""paths"": [{""via"": ""exact_alias"", ""source_token"": ""CD3"", ""tokens"": [""CD3""]}, {""via"": ""exact_alias"", ""source_token"": ""CD3E"", ""tokens"": [""CD3E""]}, {""via"": ""exact_alias"", ""source_token"": ""CD3E"", ""tokens"": [""CD3E""]}, {""via"": ""pro_id"", ""pr"": ""PR:000001020"", ""tokens"": [""CD3""]}]}, {""sense"": ""negative"", ""pr"": ""PR:000001024"", ""asserted"": ""False"", ""paths"": [{""via"": ""exact_alias"", ""source_token"": ""CD56"", ""tokens"": [""CD56""]}, {""via"": ""pro_id"", ""pr"": ""PR:000001024"", ""tokens"": [""CD56""]}]}, {""sense"": ""negative"", ""pr"": ""PR:000001289"", ""asserted"": ""False"", ""paths"": [{""via"": ""exact_alias"", ""source_token"": ""CD20"", ""tokens"": [""CD20""]}, {""via"": ""pro_id"", ""pr"": ""PR:000001289"", ""tokens"": [""CD20""]}]}, {""sense"": ""negative"", ""pr"": ""PR:000001865"", ""asserted"": ""False"", ""paths"": [{""via"": ""exact_alias"", ""source_token"": ""CD123"", ""tokens"": [""CD123""]}, {""via"": ""pro_id"", ""pr"": ""PR:000001865"", ""tokens"": [""CD123""]}]}, {""sense"": ""positive"", ""pr"": ""PR:000002105"", ""asserted"": ""True"", ""paths"": [{""via"": ""exact_alias"", ""source_token"": ""CD141"", ""tokens"": [""CD141""]}, {""via"": ""pro_id"", ""pr"": ""PR:000002105"", ""tokens"": [""CD141""]}]}]"
SOULCAP:SC000012		cDC1	Conventional Dendritic Cell 1	DCM	Exact		3	CL:0002000	Kit-positive erythroid progenitor cell	21	1	CD123:not:high (1 of 2 alt.), CD123:not:high (1 of 2 alt.), CD14-, CD3-, CD19-, CD56-, CD127-		CD16-, CD45+, CD33:high/CD64+ (no axiom on any alt.), CD11C:high, HLA-DR+, CD1C-, CD141+, CD172A-, FCER1A-	no		"[""marker_axioms""]"	null	"[{""sense"": ""negative"", ""pr"": ""PR:000001002"", ""asserted"": ""False"", ""paths"": [{""via"": ""exact_alias"", ""source_token"": ""CD19"", ""tokens"": [""CD19""]}, {""via"": ""pro_id"", ""pr"": ""PR:000001002"", ""tokens"": [""CD19""]}]}, {""sense"": ""negative"", ""pr"": ""PR:000001004"", ""asserted"": ""False"", ""paths"": [{""via"": ""exact_alias"", ""source_token"": ""CD4"", ""tokens"": [""CD4""]}, {""via"": ""pro_id"", ""pr"": ""PR:000001004"", ""tokens"": [""CD4""]}]}, {""sense"": ""negative"", ""pr"": ""PR:000001012"", ""asserted"": ""False"", ""paths"": [{""via"": ""exact_alias"", ""source_token"": ""CD11"", ""tokens"": [""CD11""]}, {""via"": ""exact_alias"", ""source_token"": ""CD11B"", ""tokens"": [""CD11B""]}]}, {""sense"": ""negative"", ""pr"": ""PR:000001020"", ""asserted"": ""False"", ""paths"": [{""via"": ""exact_alias"", ""source_token"": ""CD3"", ""tokens"": [""CD3""]}, {""via"": ""exact_alias"", ""source_token"": ""CD3E"", ""tokens"": [""CD3E""]}, {""via"": ""exact_alias"", ""source_token"": ""CD3E"", ""tokens"": [""CD3E""]}, {""via"": ""pro_id"", ""pr"": ""PR:000001020"", ""tokens"": [""CD3""]}]}, {""sense"": ""negative"", ""pr"": ""PR:000001024"", ""asserted"": ""False"", ""paths"": [{""via"": ""exact_alias"", ""source_token"": ""CD56"", ""tokens"": [""CD56""]}, {""via"": ""pro_id"", ""pr"": ""PR:000001024"", ""tokens"": [""CD56""]}]}, {""sense"": ""negative"", ""pr"": ""PR:000001083"", ""asserted"": ""False"", ""paths"": [{""via"": ""exact_alias"", ""source_token"": ""CD2"", ""tokens"": [""CD2""]}]}, {""sense"": ""negative"", ""pr"": ""PR:000001084"", ""asserted"": ""False"", ""paths"": [{""via"": ""exact_alias"", ""source_token"": ""CD8"", ""tokens"": [""CD8""]}, {""via"": ""exact_alias"", ""source_token"": ""CD8A"", ""tokens"": [""CD8A""]}, {""via"": ""exact_alias"", ""source_token"": ""CD8A"", ""tokens"": [""CD8A""]}, {""via"": ""pro_id"", ""pr"": ""PR:000001084"", ""tokens"": [""CD8""]}]}, {""sense"": ""negative"", ""pr"": ""PR:000001289"", ""asserted"": ""False"", ""paths"": [{""via"": ""exact_alias"", ""source_token"": ""CD20"", ""tokens"": [""CD20""]}, {""via"": ""pro_id"", ""pr"": ""PR:000001289"", ""tokens"": [""CD20""]}]}, {""sense"": ""negative"", ""pr"": ""PR:000001833"", ""asserted"": ""True"", ""paths"": [{""via"": ""exact_alias"", ""source_token"": ""CD150"", ""tokens"": [""CD150""]}, {""via"": ""exact_alias"", ""source_token"": ""CDW150"", ""tokens"": [""CDW150""]}]}, {""sense"": ""negative"", ""pr"": ""PR:000001839"", ""asserted"": ""False"", ""paths"": [{""via"": ""exact_alias"", ""source_token"": ""CD5"", ""tokens"": [""CD5""]}]}, {""sense"": ""negative"", ""pr"": ""PR:000001865"", ""asserted"": ""True"", ""paths"": [{""via"": ""exact_alias"", ""source_token"": ""CD123"", ""tokens"": [""CD123""]}, {""via"": ""pro_id"", ""pr"": ""PR:000001865"", ""tokens"": [""CD123""]}]}, {""sense"": ""negative"", ""pr"": ""PR:000001869"", ""asserted"": ""True"", ""paths"": [{""via"": ""exact_alias"", ""source_token"": ""CD127"", ""tokens"": [""CD127""]}, {""via"": ""exact_alias"", ""source_token"": ""CDW127"", ""tokens"": [""CDW127""]}, {""via"": ""pro_id"", ""pr"": ""PR:000001869"", ""tokens"": [""CD127""]}]}, {""sense"": ""negative"", ""pr"": ""PR:000001889"", ""asserted"": ""False"", ""paths"": [{""via"": ""exact_alias"", ""source_token"": ""CD14"", ""tokens"": [""CD14""]}, {""via"": ""pro_id"", ""pr"": ""PR:000001889"", ""tokens"": [""CD14""]}]}, {""sense"": ""negative"", ""pr"": ""PR:000002978"", ""asserted"": ""False"", ""paths"": []}, {""sense"": ""negative"", ""pr"": ""PR:000002979"", ""asserted"": ""True"", ""paths"": []}, {""sense"": ""negative"", ""pr"": ""PR:000009127"", ""asserted"": ""True"", ""paths"": [{""via"": ""exact_alias"", ""source_token"": ""CD41"", ""tokens"": [""CD41""]}]}, {""sense"": ""positive"", ""pr"": ""PR:000001345"", ""asserted"": ""True"", ""paths"": [{""via"": ""exact_alias"", ""source_token"": ""CD105"", ""tokens"": [""CD105""]}]}, {""sense"": ""positive"", ""pr"": ""PR:000001945"", ""asserted"": ""False"", ""paths"": [{""via"": ""exact_alias"", ""source_token"": ""CD71"", ""tokens"": [""CD71""]}]}, {""sense"": ""positive"", ""pr"": ""PR:000002065"", ""asserted"": ""True"", ""paths"": [{""via"": ""exact_alias"", ""source_token"": ""CD117"", ""tokens"": [""CD117""]}, {""via"": ""pro_id"", ""pr"": ""PR:000002065"", ""tokens"": [""CD117""]}]}]"
SOULCAP:SC000013		cDC2	Conventional Dendritic Cell 2	DCM	Exact		1	CL:0001057	myeloid dendritic cell, human	24	2	CD123:not:high (1 of 2 alt.), CD123:not:high (1 of 2 alt.), CD14-, CD11C:high (hi), CD3-, CD19-, CD56-		CD16-, CD45+, CD33:high/CD64+ (no axiom on any alt.), HLA-DR+, CD1C+, CD141:low/CD141- (no axiom on any alt.), CD127-, CD172A+, FCER1A:low/FCER1A- (no axiom on any alt.)	no		"[""marker_axioms""]"	null	"[{""sense"": ""high"", ""pr"": ""PR:000001013"", ""asserted"": ""False"", ""paths"": [{""via"": ""exact_alias"", ""source_token"": ""CD11"", ""tokens"": [""CD11""]}, {""via"": ""exact_alias"", ""source_token"": ""CD11C"", ""tokens"": [""CD11C""]}, {""via"": ""pro_id"", ""pr"": ""PR:000001013"", ""tokens"": [""CD11C""]}]}, {""sense"": ""negative"", ""pr"": ""PR:000001002"", ""asserted"": ""False"", ""paths"": [{""via"": ""exact_alias"", ""source_token"": ""CD19"", ""tokens"": [""CD19""]}, {""via"": ""pro_id"", ""pr"": ""PR:000001002"", ""tokens"": [""CD19""]}]}, {""sense"": ""negative"", ""pr"": ""PR:000001003"", ""asserted"": ""False"", ""paths"": [{""via"": ""exact_alias"", ""source_token"": ""CD34"", ""tokens"": [""CD34""]}, {""via"": ""pro_id"", ""pr"": ""PR:000001003"", ""tokens"": [""CD34""]}]}, {""sense"": ""negative"", ""pr"": ""PR:000001020"", ""asserted"": ""False"", ""paths"": [{""via"": ""exact_alias"", ""source_token"": ""CD3"", ""tokens"": [""CD3""]}, {""via"": ""exact_alias"", ""source_token"": ""CD3E"", ""tokens"": [""CD3E""]}, {""via"": ""exact_alias"", ""source_token"": ""CD3E"", ""tokens"": [""CD3E""]}, {""via"": ""pro_id"", ""pr"": ""PR:000001020"", ""tokens"": [""CD3""]}]}, {""sense"": ""negative"", ""pr"": ""PR:000001024"", ""asserted"": ""False"", ""paths"": [{""via"": ""exact_alias"", ""source_token"": ""CD56"", ""tokens"": [""CD56""]}, {""via"": ""pro_id"", ""pr"": ""PR:000001024"", ""tokens"": [""CD56""]}]}, {""sense"": ""negative"", ""pr"": ""PR:000001289"", ""asserted"": ""False"", ""paths"": [{""via"": ""exact_alias"", ""source_token"": ""CD20"", ""tokens"": [""CD20""]}, {""via"": ""pro_id"", ""pr"": ""PR:000001289"", ""tokens"": [""CD20""]}]}, {""sense"": ""negative"", ""pr"": ""PR:000001865"", ""asserted"": ""False"", ""paths"": [{""via"": ""exact_alias"", ""source_token"": ""CD123"", ""tokens"": [""CD123""]}, {""via"": ""pro_id"", ""pr"": ""PR:000001865"", ""tokens"": [""CD123""]}]}, {""sense"": ""negative"", ""pr"": ""PR:000001889"", ""asserted"": ""True"", ""paths"": [{""via"": ""exact_alias"", ""source_token"": ""CD14"", ""tokens"": [""CD14""]}, {""via"": ""pro_id"", ""pr"": ""PR:000001889"", ""tokens"": [""CD14""]}]}, {""sense"": ""positive"", ""pr"": ""PR:000002015"", ""asserted"": ""False"", ""paths"": []}]"
SOULCAP:SC000013		cDC2	Conventional Dendritic Cell 2	DCM	Exact		2	CL:0002399	CD1c-positive myeloid dendritic cell	24	2	CD123:not:high (1 of 2 alt.), CD123:not:high (1 of 2 alt.), CD11C:high (hi), CD1C+, CD3-, CD19-, CD56-		CD14-, CD16-, CD45+, CD33:high/CD64+ (no axiom on any alt.), HLA-DR+, CD141:low/CD141- (no axiom on any alt.), CD127-, CD172A+, FCER1A:low/FCER1A- (no axiom on any alt.)	no		"[""marker_axioms""]"	null	"[{""sense"": ""high"", ""pr"": ""PR:000001013"", ""asserted"": ""False"", ""paths"": [{""via"": ""exact_alias"", ""source_token"": ""CD11"", ""tokens"": [""CD11""]}, {""via"": ""exact_alias"", ""source_token"": ""CD11C"", ""tokens"": [""CD11C""]}, {""via"": ""pro_id"", ""pr"": ""PR:000001013"", ""tokens"": [""CD11C""]}]}, {""sense"": ""negative"", ""pr"": ""PR:000001002"", ""asserted"": ""False"", ""paths"": [{""via"": ""exact_alias"", ""source_token"": ""CD19"", ""tokens"": [""CD19""]}, {""via"": ""pro_id"", ""pr"": ""PR:000001002"", ""tokens"": [""CD19""]}]}, {""sense"": ""negative"", ""pr"": ""PR:000001003"", ""asserted"": ""False"", ""paths"": [{""via"": ""exact_alias"", ""source_token"": ""CD34"", ""tokens"": [""CD34""]}, {""via"": ""pro_id"", ""pr"": ""PR:000001003"", ""tokens"": [""CD34""]}]}, {""sense"": ""negative"", ""pr"": ""PR:000001020"", ""asserted"": ""False"", ""paths"": [{""via"": ""exact_alias"", ""source_token"": ""CD3"", ""tokens"": [""CD3""]}, {""via"": ""exact_alias"", ""source_token"": ""CD3E"", ""tokens"": [""CD3E""]}, {""via"": ""exact_alias"", ""source_token"": ""CD3E"", ""tokens"": [""CD3E""]}, {""via"": ""pro_id"", ""pr"": ""PR:000001020"", ""tokens"": [""CD3""]}]}, {""sense"": ""negative"", ""pr"": ""PR:000001024"", ""asserted"": ""False"", ""paths"": [{""via"": ""exact_alias"", ""source_token"": ""CD56"", ""tokens"": [""CD56""]}, {""via"": ""pro_id"", ""pr"": ""PR:000001024"", ""tokens"": [""CD56""]}]}, {""sense"": ""negative"", ""pr"": ""PR:000001289"", ""asserted"": ""False"", ""paths"": [{""via"": ""exact_alias"", ""source_token"": ""CD20"", ""tokens"": [""CD20""]}, {""via"": ""pro_id"", ""pr"": ""PR:000001289"", ""tokens"": [""CD20""]}]}, {""sense"": ""negative"", ""pr"": ""PR:000001865"", ""asserted"": ""False"", ""paths"": [{""via"": ""exact_alias"", ""source_token"": ""CD123"", ""tokens"": [""CD123""]}, {""via"": ""pro_id"", ""pr"": ""PR:000001865"", ""tokens"": [""CD123""]}]}, {""sense"": ""positive"", ""pr"": ""PR:000002027"", ""asserted"": ""True"", ""paths"": [{""via"": ""exact_alias"", ""source_token"": ""CD1C"", ""tokens"": [""CD1C""]}, {""via"": ""exact_alias"", ""source_token"": ""CD1C"", ""tokens"": [""CD1C""]}, {""via"": ""pro_id"", ""pr"": ""PR:000002027"", ""tokens"": [""CD1C""]}]}]"
SOULCAP:SC000013		cDC2	Conventional Dendritic Cell 2	DCM	Exact		3	CL:0002000	Kit-positive erythroid progenitor cell	21	1	CD123:not:high (1 of 2 alt.), CD123:not:high (1 of 2 alt.), CD14-, CD3-, CD19-, CD56-, CD127-		CD16-, CD45+, CD33:high/CD64+ (no axiom on any alt.), CD11C:high, HLA-DR+, CD1C+, CD141:low/CD141- (no axiom on any alt.), CD172A+, FCER1A:low/FCER1A- (no axiom on any alt.)	no		"[""marker_axioms""]"	null	"[{""sense"": ""negative"", ""pr"": ""PR:000001002"", ""asserted"": ""False"", ""paths"": [{""via"": ""exact_alias"", ""source_token"": ""CD19"", ""tokens"": [""CD19""]}, {""via"": ""pro_id"", ""pr"": ""PR:000001002"", ""tokens"": [""CD19""]}]}, {""sense"": ""negative"", ""pr"": ""PR:000001004"", ""asserted"": ""False"", ""paths"": [{""via"": ""exact_alias"", ""source_token"": ""CD4"", ""tokens"": [""CD4""]}, {""via"": ""pro_id"", ""pr"": ""PR:000001004"", ""tokens"": [""CD4""]}]}, {""sense"": ""negative"", ""pr"": ""PR:000001012"", ""asserted"": ""False"", ""paths"": [{""via"": ""exact_alias"", ""source_token"": ""CD11"", ""tokens"": [""CD11""]}, {""via"": ""exact_alias"", ""source_token"": ""CD11B"", ""tokens"": [""CD11B""]}]}, {""sense"": ""negative"", ""pr"": ""PR:000001020"", ""asserted"": ""False"", ""paths"": [{""via"": ""exact_alias"", ""source_token"": ""CD3"", ""tokens"": [""CD3""]}, {""via"": ""exact_alias"", ""source_token"": ""CD3E"", ""tokens"": [""CD3E""]}, {""via"": ""exact_alias"", ""source_token"": ""CD3E"", ""tokens"": [""CD3E""]}, {""via"": ""pro_id"", ""pr"": ""PR:000001020"", ""tokens"": [""CD3""]}]}, {""sense"": ""negative"", ""pr"": ""PR:000001024"", ""asserted"": ""False"", ""paths"": [{""via"": ""exact_alias"", ""source_token"": ""CD56"", ""tokens"": [""CD56""]}, {""via"": ""pro_id"", ""pr"": ""PR:000001024"", ""tokens"": [""CD56""]}]}, {""sense"": ""negative"", ""pr"": ""PR:000001083"", ""asserted"": ""False"", ""paths"": [{""via"": ""exact_alias"", ""source_token"": ""CD2"", ""tokens"": [""CD2""]}]}, {""sense"": ""negative"", ""pr"": ""PR:000001084"", ""asserted"": ""False"", ""paths"": [{""via"": ""exact_alias"", ""source_token"": ""CD8"", ""tokens"": [""CD8""]}, {""via"": ""exact_alias"", ""source_token"": ""CD8A"", ""tokens"": [""CD8A""]}, {""via"": ""exact_alias"", ""source_token"": ""CD8A"", ""tokens"": [""CD8A""]}, {""via"": ""pro_id"", ""pr"": ""PR:000001084"", ""tokens"": [""CD8""]}]}, {""sense"": ""negative"", ""pr"": ""PR:000001289"", ""asserted"": ""False"", ""paths"": [{""via"": ""exact_alias"", ""source_token"": ""CD20"", ""tokens"": [""CD20""]}, {""via"": ""pro_id"", ""pr"": ""PR:000001289"", ""tokens"": [""CD20""]}]}, {""sense"": ""negative"", ""pr"": ""PR:000001833"", ""asserted"": ""True"", ""paths"": [{""via"": ""exact_alias"", ""source_token"": ""CD150"", ""tokens"": [""CD150""]}, {""via"": ""exact_alias"", ""source_token"": ""CDW150"", ""tokens"": [""CDW150""]}]}, {""sense"": ""negative"", ""pr"": ""PR:000001839"", ""asserted"": ""False"", ""paths"": [{""via"": ""exact_alias"", ""source_token"": ""CD5"", ""tokens"": [""CD5""]}]}, {""sense"": ""negative"", ""pr"": ""PR:000001865"", ""asserted"": ""True"", ""paths"": [{""via"": ""exact_alias"", ""source_token"": ""CD123"", ""tokens"": [""CD123""]}, {""via"": ""pro_id"", ""pr"": ""PR:000001865"", ""tokens"": [""CD123""]}]}, {""sense"": ""negative"", ""pr"": ""PR:000001869"", ""asserted"": ""True"", ""paths"": [{""via"": ""exact_alias"", ""source_token"": ""CD127"", ""tokens"": [""CD127""]}, {""via"": ""exact_alias"", ""source_token"": ""CDW127"", ""tokens"": [""CDW127""]}, {""via"": ""pro_id"", ""pr"": ""PR:000001869"", ""tokens"": [""CD127""]}]}, {""sense"": ""negative"", ""pr"": ""PR:000001889"", ""asserted"": ""False"", ""paths"": [{""via"": ""exact_alias"", ""source_token"": ""CD14"", ""tokens"": [""CD14""]}, {""via"": ""pro_id"", ""pr"": ""PR:000001889"", ""tokens"": [""CD14""]}]}, {""sense"": ""negative"", ""pr"": ""PR:000002978"", ""asserted"": ""False"", ""paths"": []}, {""sense"": ""negative"", ""pr"": ""PR:000002979"", ""asserted"": ""True"", ""paths"": []}, {""sense"": ""negative"", ""pr"": ""PR:000009127"", ""asserted"": ""True"", ""paths"": [{""via"": ""exact_alias"", ""source_token"": ""CD41"", ""tokens"": [""CD41""]}]}, {""sense"": ""positive"", ""pr"": ""PR:000001345"", ""asserted"": ""True"", ""paths"": [{""via"": ""exact_alias"", ""source_token"": ""CD105"", ""tokens"": [""CD105""]}]}, {""sense"": ""positive"", ""pr"": ""PR:000001945"", ""asserted"": ""False"", ""paths"": [{""via"": ""exact_alias"", ""source_token"": ""CD71"", ""tokens"": [""CD71""]}]}, {""sense"": ""positive"", ""pr"": ""PR:000002065"", ""asserted"": ""True"", ""paths"": [{""via"": ""exact_alias"", ""source_token"": ""CD117"", ""tokens"": [""CD117""]}, {""via"": ""pro_id"", ""pr"": ""PR:000002065"", ""tokens"": [""CD117""]}]}]"
SOULCAP:SC000014	PBMC	pDC	Peripheral Dendritic Cell		Exact		1	CL:0000991	CD11c-negative plasmacytoid dendritic cell	18	2	CD3-, CD45+, CD303+ (1 of 3 alt.), CD56-, CD19-		CD33:low/CD33+/CD123:high (no axiom on any alt.), CD127-, CD15-/CD66B- (no axiom on any alt.), CD14-, CD16-	no		"[""marker_axioms""]"	null	"[{""sense"": ""negative"", ""pr"": ""PR:000001002"", ""asserted"": ""False"", ""paths"": [{""via"": ""exact_alias"", ""source_token"": ""CD19"", ""tokens"": [""CD19""]}, {""via"": ""pro_id"", ""pr"": ""PR:000001002"", ""tokens"": [""CD19""]}]}, {""sense"": ""negative"", ""pr"": ""PR:000001003"", ""asserted"": ""False"", ""paths"": [{""via"": ""exact_alias"", ""source_token"": ""CD34"", ""tokens"": [""CD34""]}, {""via"": ""pro_id"", ""pr"": ""PR:000001003"", ""tokens"": [""CD34""]}]}, {""sense"": ""negative"", ""pr"": ""PR:000001013"", ""asserted"": ""True"", ""paths"": [{""via"": ""exact_alias"", ""source_token"": ""CD11"", ""tokens"": [""CD11""]}, {""via"": ""exact_alias"", ""source_token"": ""CD11C"", ""tokens"": [""CD11C""]}, {""via"": ""pro_id"", ""pr"": ""PR:000001013"", ""tokens"": [""CD11C""]}]}, {""sense"": ""negative"", ""pr"": ""PR:000001020"", ""asserted"": ""False"", ""paths"": [{""via"": ""exact_alias"", ""source_token"": ""CD3"", ""tokens"": [""CD3""]}, {""via"": ""exact_alias"", ""source_token"": ""CD3E"", ""tokens"": [""CD3E""]}, {""via"": ""exact_alias"", ""source_token"": ""CD3E"", ""tokens"": [""CD3E""]}, {""via"": ""pro_id"", ""pr"": ""PR:000001020"", ""tokens"": [""CD3""]}]}, {""sense"": ""negative"", ""pr"": ""PR:000001024"", ""asserted"": ""False"", ""paths"": [{""via"": ""exact_alias"", ""source_token"": ""CD56"", ""tokens"": [""CD56""]}, {""via"": ""pro_id"", ""pr"": ""PR:000001024"", ""tokens"": [""CD56""]}]}, {""sense"": ""negative"", ""pr"": ""PR:000001289"", ""asserted"": ""False"", ""paths"": [{""via"": ""exact_alias"", ""source_token"": ""CD20"", ""tokens"": [""CD20""]}, {""via"": ""pro_id"", ""pr"": ""PR:000001289"", ""tokens"": [""CD20""]}]}, {""sense"": ""positive"", ""pr"": ""PR:000001006"", ""asserted"": ""False"", ""paths"": [{""via"": ""pro_id"", ""pr"": ""PR:000001006"", ""tokens"": [""CD45""]}]}, {""sense"": ""positive"", ""pr"": ""PR:000001014"", ""asserted"": ""True"", ""paths"": [{""via"": ""exact_alias"", ""source_token"": ""CD45RABC"", ""tokens"": [""CD45RABC""]}]}, {""sense"": ""positive"", ""pr"": ""PR:000001292"", ""asserted"": ""True"", ""paths"": [{""via"": ""exact_alias"", ""source_token"": ""CD303"", ""tokens"": [""CD303""]}, {""via"": ""pro_id"", ""pr"": ""PR:000001292"", ""tokens"": [""CD303""]}]}, {""sense"": ""positive"", ""pr"": ""PR:000001398"", ""asserted"": ""True"", ""paths"": [{""via"": ""exact_alias"", ""source_token"": ""CD85"", ""tokens"": [""CD85""]}, {""via"": ""exact_alias"", ""source_token"": ""CD85G"", ""tokens"": [""CD85G""]}]}, {""sense"": ""positive"", ""pr"": ""PR:000001865"", ""asserted"": ""True"", ""paths"": [{""via"": ""exact_alias"", ""source_token"": ""CD123"", ""tokens"": [""CD123""]}, {""via"": ""pro_id"", ""pr"": ""PR:000001865"", ""tokens"": [""CD123""]}]}]"
SOULCAP:SC000014	PBMC	pDC	Peripheral Dendritic Cell		Exact		2	CL:0000994	immature CD11c-negative plasmacytoid dendritic cell	18	2	CD3-, CD45+, CD303+ (1 of 3 alt.), CD56-, CD19-		CD33:low/CD33+/CD123:high (no axiom on any alt.), CD127-, CD15-/CD66B- (no axiom on any alt.), CD14-, CD16-	no		"[""marker_axioms""]"	null	"[{""sense"": ""low"", ""pr"": ""PR:000001412"", ""asserted"": ""True"", ""paths"": [{""via"": ""exact_alias"", ""source_token"": ""CD86"", ""tokens"": [""CD86""]}]}, {""sense"": ""negative"", ""pr"": ""PR:000001002"", ""asserted"": ""False"", ""paths"": [{""via"": ""exact_alias"", ""source_token"": ""CD19"", ""tokens"": [""CD19""]}, {""via"": ""pro_id"", ""pr"": ""PR:000001002"", ""tokens"": [""CD19""]}]}, {""sense"": ""negative"", ""pr"": ""PR:000001003"", ""asserted"": ""False"", ""paths"": [{""via"": ""exact_alias"", ""source_token"": ""CD34"", ""tokens"": [""CD34""]}, {""via"": ""pro_id"", ""pr"": ""PR:000001003"", ""tokens"": [""CD34""]}]}, {""sense"": ""negative"", ""pr"": ""PR:000001013"", ""asserted"": ""False"", ""paths"": [{""via"": ""exact_alias"", ""source_token"": ""CD11"", ""tokens"": [""CD11""]}, {""via"": ""exact_alias"", ""source_token"": ""CD11C"", ""tokens"": [""CD11C""]}, {""via"": ""pro_id"", ""pr"": ""PR:000001013"", ""tokens"": [""CD11C""]}]}, {""sense"": ""negative"", ""pr"": ""PR:000001020"", ""asserted"": ""False"", ""paths"": [{""via"": ""exact_alias"", ""source_token"": ""CD3"", ""tokens"": [""CD3""]}, {""via"": ""exact_alias"", ""source_token"": ""CD3E"", ""tokens"": [""CD3E""]}, {""via"": ""exact_alias"", ""source_token"": ""CD3E"", ""tokens"": [""CD3E""]}, {""via"": ""pro_id"", ""pr"": ""PR:000001020"", ""tokens"": [""CD3""]}]}, {""sense"": ""negative"", ""pr"": ""PR:000001024"", ""asserted"": ""False"", ""paths"": [{""via"": ""exact_alias"", ""source_token"": ""CD56"", ""tokens"": [""CD56""]}, {""via"": ""pro_id"", ""pr"": ""PR:000001024"", ""tokens"": [""CD56""]}]}, {""sense"": ""negative"", ""pr"": ""PR:000001289"", ""asserted"": ""False"", ""paths"": [{""via"": ""exact_alias"", ""source_token"": ""CD20"", ""tokens"": [""CD20""]}, {""via"": ""pro_id"", ""pr"": ""PR:000001289"", ""tokens"": [""CD20""]}]}, {""sense"": ""negative"", ""pr"": ""PR:000001438"", ""asserted"": ""True"", ""paths"": [{""via"": ""exact_alias"", ""source_token"": ""CD80"", ""tokens"": [""CD80""]}]}, {""sense"": ""positive"", ""pr"": ""PR:000001006"", ""asserted"": ""False"", ""paths"": [{""via"": ""pro_id"", ""pr"": ""PR:000001006"", ""tokens"": [""CD45""]}]}, {""sense"": ""positive"", ""pr"": ""PR:000001014"", ""asserted"": ""False"", ""paths"": [{""via"": ""exact_alias"", ""source_token"": ""CD45RABC"", ""tokens"": [""CD45RABC""]}]}, {""sense"": ""positive"", ""pr"": ""PR:000001292"", ""asserted"": ""False"", ""paths"": [{""via"": ""exact_alias"", ""source_token"": ""CD303"", ""tokens"": [""CD303""]}, {""via"": ""pro_id"", ""pr"": ""PR:000001292"", ""tokens"": [""CD303""]}]}, {""sense"": ""positive"", ""pr"": ""PR:000001398"", ""asserted"": ""False"", ""paths"": [{""via"": ""exact_alias"", ""source_token"": ""CD85"", ""tokens"": [""CD85""]}, {""via"": ""exact_alias"", ""source_token"": ""CD85G"", ""tokens"": [""CD85G""]}]}, {""sense"": ""positive"", ""pr"": ""PR:000001865"", ""asserted"": ""False"", ""paths"": [{""via"": ""exact_alias"", ""source_token"": ""CD123"", ""tokens"": [""CD123""]}, {""via"": ""pro_id"", ""pr"": ""PR:000001865"", ""tokens"": [""CD123""]}]}]"
SOULCAP:SC000014	PBMC	pDC	Peripheral Dendritic Cell		Exact		3	CL:0000996	mature CD11c-negative plasmacytoid dendritic cell	18	2	CD3-, CD45+, CD303+ (1 of 3 alt.), CD56-, CD19-		CD33:low/CD33+/CD123:high (no axiom on any alt.), CD127-, CD15-/CD66B- (no axiom on any alt.), CD14-, CD16-	no		"[""marker_axioms""]"	null	"[{""sense"": ""high"", ""pr"": ""PR:000001412"", ""asserted"": ""True"", ""paths"": [{""via"": ""exact_alias"", ""source_token"": ""CD86"", ""tokens"": [""CD86""]}]}, {""sense"": ""high"", ""pr"": ""PR:000001438"", ""asserted"": ""True"", ""paths"": [{""via"": ""exact_alias"", ""source_token"": ""CD80"", ""tokens"": [""CD80""]}]}, {""sense"": ""negative"", ""pr"": ""PR:000001002"", ""asserted"": ""False"", ""paths"": [{""via"": ""exact_alias"", ""source_token"": ""CD19"", ""tokens"": [""CD19""]}, {""via"": ""pro_id"", ""pr"": ""PR:000001002"", ""tokens"": [""CD19""]}]}, {""sense"": ""negative"", ""pr"": ""PR:000001003"", ""asserted"": ""False"", ""paths"": [{""via"": ""exact_alias"", ""source_token"": ""CD34"", ""tokens"": [""CD34""]}, {""via"": ""pro_id"", ""pr"": ""PR:000001003"", ""tokens"": [""CD34""]}]}, {""sense"": ""negative"", ""pr"": ""PR:000001013"", ""asserted"": ""False"", ""paths"": [{""via"": ""exact_alias"", ""source_token"": ""CD11"", ""tokens"": [""CD11""]}, {""via"": ""exact_alias"", ""source_token"": ""CD11C"", ""tokens"": [""CD11C""]}, {""via"": ""pro_id"", ""pr"": ""PR:000001013"", ""tokens"": [""CD11C""]}]}, {""sense"": ""negative"", ""pr"": ""PR:000001020"", ""asserted"": ""False"", ""paths"": [{""via"": ""exact_alias"", ""source_token"": ""CD3"", ""tokens"": [""CD3""]}, {""via"": ""exact_alias"", ""source_token"": ""CD3E"", ""tokens"": [""CD3E""]}, {""via"": ""exact_alias"", ""source_token"": ""CD3E"", ""tokens"": [""CD3E""]}, {""via"": ""pro_id"", ""pr"": ""PR:000001020"", ""tokens"": [""CD3""]}]}, {""sense"": ""negative"", ""pr"": ""PR:000001024"", ""asserted"": ""False"", ""paths"": [{""via"": ""exact_alias"", ""source_token"": ""CD56"", ""tokens"": [""CD56""]}, {""via"": ""pro_id"", ""pr"": ""PR:000001024"", ""tokens"": [""CD56""]}]}, {""sense"": ""negative"", ""pr"": ""PR:000001289"", ""asserted"": ""False"", ""paths"": [{""via"": ""exact_alias"", ""source_token"": ""CD20"", ""tokens"": [""CD20""]}, {""via"": ""pro_id"", ""pr"": ""PR:000001289"", ""tokens"": [""CD20""]}]}, {""sense"": ""positive"", ""pr"": ""PR:000001006"", ""asserted"": ""False"", ""paths"": [{""via"": ""pro_id"", ""pr"": ""PR:000001006"", ""tokens"": [""CD45""]}]}, {""sense"": ""positive"", ""pr"": ""PR:000001014"", ""asserted"": ""False"", ""paths"": [{""via"": ""exact_alias"", ""source_token"": ""CD45RABC"", ""tokens"": [""CD45RABC""]}]}, {""sense"": ""positive"", ""pr"": ""PR:000001292"", ""asserted"": ""False"", ""paths"": [{""via"": ""exact_alias"", ""source_token"": ""CD303"", ""tokens"": [""CD303""]}, {""via"": ""pro_id"", ""pr"": ""PR:000001292"", ""tokens"": [""CD303""]}]}, {""sense"": ""positive"", ""pr"": ""PR:000001310"", ""asserted"": ""True"", ""paths"": [{""via"": ""exact_alias"", ""source_token"": ""CD83"", ""tokens"": [""CD83""]}]}, {""sense"": ""positive"", ""pr"": ""PR:000001398"", ""asserted"": ""False"", ""paths"": [{""via"": ""exact_alias"", ""source_token"": ""CD85"", ""tokens"": [""CD85""]}, {""via"": ""exact_alias"", ""source_token"": ""CD85G"", ""tokens"": [""CD85G""]}]}, {""sense"": ""positive"", ""pr"": ""PR:000001865"", ""asserted"": ""False"", ""paths"": [{""via"": ""exact_alias"", ""source_token"": ""CD123"", ""tokens"": [""CD123""]}, {""via"": ""pro_id"", ""pr"": ""PR:000001865"", ""tokens"": [""CD123""]}]}]"
SOULCAP:SC000015	PBMC	Basophil	Basophil		Exact		1	CL:0000614	basophilic myelocyte	20	1	CD3-, CD33+ (1 of 2 alt.), CD193+ (hi) (1 of 4 alt.), CD56-, CD19-, CD16-, FCER1A+ (hi)	CD15-/CD66B- (all alt. conflict)	CD45+, CD127-, CD14-, HLA-DR-	no		"[""marker_axioms""]"	null	"[{""sense"": ""high"", ""pr"": ""PR:000001255"", ""asserted"": ""False"", ""paths"": [{""via"": ""exact_alias"", ""source_token"": ""CD193"", ""tokens"": [""CD193""]}, {""via"": ""pro_id"", ""pr"": ""PR:000001255"", ""tokens"": [""CD193""]}]}, {""sense"": ""high"", ""pr"": ""PR:000001865"", ""asserted"": ""False"", ""paths"": [{""via"": ""exact_alias"", ""source_token"": ""CD123"", ""tokens"": [""CD123""]}, {""via"": ""pro_id"", ""pr"": ""PR:000001865"", ""tokens"": [""CD123""]}]}, {""sense"": ""high"", ""pr"": ""PR:000007431"", ""asserted"": ""False"", ""paths"": [{""via"": ""pro_id"", ""pr"": ""PR:000007431"", ""tokens"": [""FCER1A""]}]}, {""sense"": ""negative"", ""pr"": ""PR:000001002"", ""asserted"": ""False"", ""paths"": [{""via"": ""exact_alias"", ""source_token"": ""CD19"", ""tokens"": [""CD19""]}, {""via"": ""pro_id"", ""pr"": ""PR:000001002"", ""tokens"": [""CD19""]}]}, {""sense"": ""negative"", ""pr"": ""PR:000001020"", ""asserted"": ""False"", ""paths"": [{""via"": ""exact_alias"", ""source_token"": ""CD3"", ""tokens"": [""CD3""]}, {""via"": ""exact_alias"", ""source_token"": ""CD3E"", ""tokens"": [""CD3E""]}, {""via"": ""exact_alias"", ""source_token"": ""CD3E"", ""tokens"": [""CD3E""]}, {""via"": ""pro_id"", ""pr"": ""PR:000001020"", ""tokens"": [""CD3""]}]}, {""sense"": ""negative"", ""pr"": ""PR:000001024"", ""asserted"": ""False"", ""paths"": [{""via"": ""exact_alias"", ""source_token"": ""CD56"", ""tokens"": [""CD56""]}, {""via"": ""pro_id"", ""pr"": ""PR:000001024"", ""tokens"": [""CD56""]}]}, {""sense"": ""negative"", ""pr"": ""PR:000001084"", ""asserted"": ""False"", ""paths"": [{""via"": ""exact_alias"", ""source_token"": ""CD8"", ""tokens"": [""CD8""]}, {""via"": ""exact_alias"", ""source_token"": ""CD8A"", ""tokens"": [""CD8A""]}, {""via"": ""exact_alias"", ""source_token"": ""CD8A"", ""tokens"": [""CD8A""]}, {""via"": ""pro_id"", ""pr"": ""PR:000001084"", ""tokens"": [""CD8""]}]}, {""sense"": ""negative"", ""pr"": ""PR:000001483"", ""asserted"": ""True"", ""paths"": [{""via"": ""exact_alias"", ""source_token"": ""CD16"", ""tokens"": [""CD16""]}, {""via"": ""pro_id"", ""pr"": ""PR:000001483"", ""tokens"": [""CD16""]}]}, {""sense"": ""positive"", ""pr"": ""PR:000001012"", ""asserted"": ""False"", ""paths"": [{""via"": ""exact_alias"", ""source_token"": ""CD11"", ""tokens"": [""CD11""]}, {""via"": ""exact_alias"", ""source_token"": ""CD11B"", ""tokens"": [""CD11B""]}]}, {""sense"": ""positive"", ""pr"": ""PR:000001332"", ""asserted"": ""False"", ""paths"": [{""via"": ""exact_alias"", ""source_token"": ""CD66B"", ""tokens"": [""CD66B""]}, {""via"": ""exact_alias"", ""source_token"": ""CD67"", ""tokens"": [""CD67""]}, {""via"": ""pro_id"", ""pr"": ""PR:000001332"", ""tokens"": [""CD66B""]}]}, {""sense"": ""positive"", ""pr"": ""PR:000001344"", ""asserted"": ""False"", ""paths"": [{""via"": ""exact_alias"", ""source_token"": ""CD203C"", ""tokens"": [""CD203C""]}]}, {""sense"": ""positive"", ""pr"": ""PR:000001456"", ""asserted"": ""True"", ""paths"": [{""via"": ""exact_alias"", ""source_token"": ""CD15"", ""tokens"": [""CD15""]}, {""via"": ""pro_id"", ""pr"": ""PR:000001456"", ""tokens"": [""CD15""]}]}, {""sense"": ""positive"", ""pr"": ""PR:000001892"", ""asserted"": ""True"", ""paths"": [{""via"": ""exact_alias"", ""source_token"": ""CD33"", ""tokens"": [""CD33""]}, {""via"": ""pro_id"", ""pr"": ""PR:000001892"", ""tokens"": [""CD33""]}]}, {""sense"": ""positive"", ""pr"": ""PR:000001932"", ""asserted"": ""True"", ""paths"": [{""via"": ""exact_alias"", ""source_token"": ""CD24"", ""tokens"": [""CD24""]}, {""via"": ""pro_id"", ""pr"": ""PR:000001932"", ""tokens"": [""CD24""]}]}, {""sense"": ""positive"", ""pr"": ""PR:000001950"", ""asserted"": ""False"", ""paths"": [{""via"": ""exact_alias"", ""source_token"": ""CD154"", ""tokens"": [""CD154""]}, {""via"": ""exact_alias"", ""source_token"": ""CD40"", ""tokens"": [""CD40""]}, {""via"": ""exact_alias"", ""source_token"": ""CD40LG"", ""tokens"": [""CD40LG""]}]}, {""sense"": ""positive"", ""pr"": ""PR:000001969"", ""asserted"": ""False"", ""paths"": [{""via"": ""exact_alias"", ""source_token"": ""CD87"", ""tokens"": [""CD87""]}]}, {""sense"": ""positive"", ""pr"": ""PR:000002031"", ""asserted"": ""True"", ""paths"": [{""via"": ""exact_alias"", ""source_token"": ""CD13"", ""tokens"": [""CD13""]}]}]"
SOULCAP:SC000015	PBMC	Basophil	Basophil		Exact		2	CL:0002029	Fc-epsilon RIalpha-low mast cell progenitor	20	0	CD3-, CD45+, FCER1A+ (dim) (1 of 4 alt.), CD56-, CD19-, CD14-, FCER1A+ (dim)		CD33+/CD123+ (no axiom on any alt.), CD127-, CD15-/CD66B- (no axiom on any alt.), CD16-, HLA-DR-	no		"[""marker_axioms""]"	null	"[{""sense"": ""high"", ""pr"": ""PR:000009143"", ""asserted"": ""False"", ""paths"": []}, {""sense"": ""low"", ""pr"": ""PR:000002065"", ""asserted"": ""False"", ""paths"": [{""via"": ""exact_alias"", ""source_token"": ""CD117"", ""tokens"": [""CD117""]}, {""via"": ""pro_id"", ""pr"": ""PR:000002065"", ""tokens"": [""CD117""]}]}, {""sense"": ""low"", ""pr"": ""PR:000007431"", ""asserted"": ""False"", ""paths"": [{""via"": ""pro_id"", ""pr"": ""PR:000007431"", ""tokens"": [""FCER1A""]}]}, {""sense"": ""negative"", ""pr"": ""PR:000001002"", ""asserted"": ""False"", ""paths"": [{""via"": ""exact_alias"", ""source_token"": ""CD19"", ""tokens"": [""CD19""]}, {""via"": ""pro_id"", ""pr"": ""PR:000001002"", ""tokens"": [""CD19""]}]}, {""sense"": ""negative"", ""pr"": ""PR:000001004"", ""asserted"": ""False"", ""paths"": [{""via"": ""exact_alias"", ""source_token"": ""CD4"", ""tokens"": [""CD4""]}, {""via"": ""pro_id"", ""pr"": ""PR:000001004"", ""tokens"": [""CD4""]}]}, {""sense"": ""negative"", ""pr"": ""PR:000001012"", ""asserted"": ""False"", ""paths"": [{""via"": ""exact_alias"", ""source_token"": ""CD11"", ""tokens"": [""CD11""]}, {""via"": ""exact_alias"", ""source_token"": ""CD11B"", ""tokens"": [""CD11B""]}]}, {""sense"": ""negative"", ""pr"": ""PR:000001020"", ""asserted"": ""False"", ""paths"": [{""via"": ""exact_alias"", ""source_token"": ""CD3"", ""tokens"": [""CD3""]}, {""via"": ""exact_alias"", ""source_token"": ""CD3E"", ""tokens"": [""CD3E""]}, {""via"": ""exact_alias"", ""source_token"": ""CD3E"", ""tokens"": [""CD3E""]}, {""via"": ""pro_id"", ""pr"": ""PR:000001020"", ""tokens"": [""CD3""]}]}, {""sense"": ""negative"", ""pr"": ""PR:000001024"", ""asserted"": ""False"", ""paths"": [{""via"": ""exact_alias"", ""source_token"": ""CD56"", ""tokens"": [""CD56""]}, {""via"": ""pro_id"", ""pr"": ""PR:000001024"", ""tokens"": [""CD56""]}]}, {""sense"": ""negative"", ""pr"": ""PR:000001083"", ""asserted"": ""False"", ""paths"": [{""via"": ""exact_alias"", ""source_token"": ""CD2"", ""tokens"": [""CD2""]}]}, {""sense"": ""negative"", ""pr"": ""PR:000001084"", ""asserted"": ""False"", ""paths"": [{""via"": ""exact_alias"", ""source_token"": ""CD8"", ""tokens"": [""CD8""]}, {""via"": ""exact_alias"", ""source_token"": ""CD8A"", ""tokens"": [""CD8A""]}, {""via"": ""exact_alias"", ""source_token"": ""CD8A"", ""tokens"": [""CD8A""]}, {""via"": ""pro_id"", ""pr"": ""PR:000001084"", ""tokens"": [""CD8""]}]}, {""sense"": ""negative"", ""pr"": ""PR:000001289"", ""asserted"": ""False"", ""paths"": [{""via"": ""exact_alias"", ""source_token"": ""CD20"", ""tokens"": [""CD20""]}, {""via"": ""pro_id"", ""pr"": ""PR:000001289"", ""tokens"": [""CD20""]}]}, {""sense"": ""negative"", ""pr"": ""PR:000001839"", ""asserted"": ""False"", ""paths"": [{""via"": ""exact_alias"", ""source_token"": ""CD5"", ""tokens"": [""CD5""]}]}, {""sense"": ""negative"", ""pr"": ""PR:000001889"", ""asserted"": ""False"", ""paths"": [{""via"": ""exact_alias"", ""source_token"": ""CD14"", ""tokens"": [""CD14""]}, {""via"": ""pro_id"", ""pr"": ""PR:000001889"", ""tokens"": [""CD14""]}]}, {""sense"": ""negative"", ""pr"": ""PR:000001963"", ""asserted"": ""False"", ""paths"": [{""via"": ""exact_alias"", ""source_token"": ""CD27"", ""tokens"": [""CD27""]}, {""via"": ""exact_alias"", ""source_token"": ""CD27L"", ""tokens"": [""CD27L""]}, {""via"": ""pro_id"", ""pr"": ""PR:000001963"", ""tokens"": [""CD27""]}]}, {""sense"": ""negative"", ""pr"": ""PR:000002978"", ""asserted"": ""False"", ""paths"": []}, {""sense"": ""negative"", ""pr"": ""PR:000002979"", ""asserted"": ""False"", ""paths"": []}, {""sense"": ""negative"", ""pr"": ""PR:000002980"", ""asserted"": ""False"", ""paths"": []}, {""sense"": ""negative"", ""pr"": ""PR:000002981"", ""asserted"": ""False"", ""paths"": []}, {""sense"": ""negative"", ""pr"": ""PR:000005307"", ""asserted"": ""False"", ""paths"": []}, {""sense"": ""positive"", ""pr"": ""PR:000001006"", ""asserted"": ""True"", ""paths"": [{""via"": ""pro_id"", ""pr"": ""PR:000001006"", ""tokens"": [""CD45""]}]}, {""sense"": ""positive"", ""pr"": ""PR:000005178"", ""asserted"": ""False"", ""paths"": [{""via"": ""exact_alias"", ""source_token"": ""CD9"", ""tokens"": [""CD9""]}]}, {""sense"": ""positive"", ""pr"": ""PR:000007857"", ""asserted"": ""False"", ""paths"": []}, {""sense"": ""positive"", ""pr"": ""PR:000007858"", ""asserted"": ""False"", ""paths"": []}, {""sense"": ""positive"", ""pr"": ""PR:000016401"", ""asserted"": ""False"", ""paths"": []}]"
SOULCAP:SC000015	PBMC	Basophil	Basophil		Exact		3	CL:0000043	mature basophil	19	1	CD3-, CD123+ (hi) (1 of 2 alt.), CD193+ (hi) (1 of 4 alt.), CD56-, CD19-, FCER1A+ (hi)		CD45+, CD127-, CD15-/CD66B- (no axiom on any alt.), CD14-, CD16-, HLA-DR-	no		"[""marker_axioms"", ""local_lexical""]"	"{""query"": ""basophil"", ""exact"": false, ""token_jaccard"": 0.5}"	"[{""sense"": ""high"", ""pr"": ""PR:000001255"", ""asserted"": ""False"", ""paths"": [{""via"": ""exact_alias"", ""source_token"": ""CD193"", ""tokens"": [""CD193""]}, {""via"": ""pro_id"", ""pr"": ""PR:000001255"", ""tokens"": [""CD193""]}]}, {""sense"": ""high"", ""pr"": ""PR:000001865"", ""asserted"": ""False"", ""paths"": [{""via"": ""exact_alias"", ""source_token"": ""CD123"", ""tokens"": [""CD123""]}, {""via"": ""pro_id"", ""pr"": ""PR:000001865"", ""tokens"": [""CD123""]}]}, {""sense"": ""high"", ""pr"": ""PR:000007431"", ""asserted"": ""False"", ""paths"": [{""via"": ""pro_id"", ""pr"": ""PR:000007431"", ""tokens"": [""FCER1A""]}]}, {""sense"": ""negative"", ""pr"": ""PR:000001002"", ""asserted"": ""False"", ""paths"": [{""via"": ""exact_alias"", ""source_token"": ""CD19"", ""tokens"": [""CD19""]}, {""via"": ""pro_id"", ""pr"": ""PR:000001002"", ""tokens"": [""CD19""]}]}, {""sense"": ""negative"", ""pr"": ""PR:000001020"", ""asserted"": ""False"", ""paths"": [{""via"": ""exact_alias"", ""source_token"": ""CD3"", ""tokens"": [""CD3""]}, {""via"": ""exact_alias"", ""source_token"": ""CD3E"", ""tokens"": [""CD3E""]}, {""via"": ""exact_alias"", ""source_token"": ""CD3E"", ""tokens"": [""CD3E""]}, {""via"": ""pro_id"", ""pr"": ""PR:000001020"", ""tokens"": [""CD3""]}]}, {""sense"": ""negative"", ""pr"": ""PR:000001024"", ""asserted"": ""False"", ""paths"": [{""via"": ""exact_alias"", ""source_token"": ""CD56"", ""tokens"": [""CD56""]}, {""via"": ""pro_id"", ""pr"": ""PR:000001024"", ""tokens"": [""CD56""]}]}, {""sense"": ""negative"", ""pr"": ""PR:000001084"", ""asserted"": ""False"", ""paths"": [{""via"": ""exact_alias"", ""source_token"": ""CD8"", ""tokens"": [""CD8""]}, {""via"": ""exact_alias"", ""source_token"": ""CD8A"", ""tokens"": [""CD8A""]}, {""via"": ""exact_alias"", ""source_token"": ""CD8A"", ""tokens"": [""CD8A""]}, {""via"": ""pro_id"", ""pr"": ""PR:000001084"", ""tokens"": [""CD8""]}]}, {""sense"": ""positive"", ""pr"": ""PR:000001012"", ""asserted"": ""False"", ""paths"": [{""via"": ""exact_alias"", ""source_token"": ""CD11"", ""tokens"": [""CD11""]}, {""via"": ""exact_alias"", ""source_token"": ""CD11B"", ""tokens"": [""CD11B""]}]}, {""sense"": ""positive"", ""pr"": ""PR:000001332"", ""asserted"": ""False"", ""paths"": [{""via"": ""exact_alias"", ""source_token"": ""CD66B"", ""tokens"": [""CD66B""]}, {""via"": ""exact_alias"", ""source_token"": ""CD67"", ""tokens"": [""CD67""]}, {""via"": ""pro_id"", ""pr"": ""PR:000001332"", ""tokens"": [""CD66B""]}]}, {""sense"": ""positive"", ""pr"": ""PR:000001344"", ""asserted"": ""False"", ""paths"": [{""via"": ""exact_alias"", ""source_token"": ""CD203C"", ""tokens"": [""CD203C""]}]}, {""sense"": ""positive"", ""pr"": ""PR:000001950"", ""asserted"": ""False"", ""paths"": [{""via"": ""exact_alias"", ""source_token"": ""CD154"", ""tokens"": [""CD154""]}, {""via"": ""exact_alias"", ""source_token"": ""CD40"", ""tokens"": [""CD40""]}, {""via"": ""exact_alias"", ""source_token"": ""CD40LG"", ""tokens"": [""CD40LG""]}]}, {""sense"": ""positive"", ""pr"": ""PR:000001969"", ""asserted"": ""False"", ""paths"": [{""via"": ""exact_alias"", ""source_token"": ""CD87"", ""tokens"": [""CD87""]}]}]"
SOULCAP:SC000016	WB	Basophil	Basophil		Exact		1	CL:0000043	mature basophil	17	1	CD3-, CD193+ (hi), CD123+ (hi), CD56-, CD19-		CD15-/CD66B- (no axiom on any alt.), CD45+, CD127-	no		"[""marker_axioms"", ""local_lexical""]"	"{""query"": ""basophil"", ""exact"": false, ""token_jaccard"": 0.5}"	"[{""sense"": ""high"", ""pr"": ""PR:000001255"", ""asserted"": ""False"", ""paths"": [{""via"": ""exact_alias"", ""source_token"": ""CD193"", ""tokens"": [""CD193""]}, {""via"": ""pro_id"", ""pr"": ""PR:000001255"", ""tokens"": [""CD193""]}]}, {""sense"": ""high"", ""pr"": ""PR:000001865"", ""asserted"": ""False"", ""paths"": [{""via"": ""exact_alias"", ""source_token"": ""CD123"", ""tokens"": [""CD123""]}, {""via"": ""pro_id"", ""pr"": ""PR:000001865"", ""tokens"": [""CD123""]}]}, {""sense"": ""high"", ""pr"": ""PR:000007431"", ""asserted"": ""False"", ""paths"": [{""via"": ""pro_id"", ""pr"": ""PR:000007431"", ""tokens"": [""FCER1A""]}]}, {""sense"": ""negative"", ""pr"": ""PR:000001002"", ""asserted"": ""False"", ""paths"": [{""via"": ""exact_alias"", ""source_token"": ""CD19"", ""tokens"": [""CD19""]}, {""via"": ""pro_id"", ""pr"": ""PR:000001002"", ""tokens"": [""CD19""]}]}, {""sense"": ""negative"", ""pr"": ""PR:000001020"", ""asserted"": ""False"", ""paths"": [{""via"": ""exact_alias"", ""source_token"": ""CD3"", ""tokens"": [""CD3""]}, {""via"": ""exact_alias"", ""source_token"": ""CD3E"", ""tokens"": [""CD3E""]}, {""via"": ""exact_alias"", ""source_token"": ""CD3E"", ""tokens"": [""CD3E""]}, {""via"": ""pro_id"", ""pr"": ""PR:000001020"", ""tokens"": [""CD3""]}]}, {""sense"": ""negative"", ""pr"": ""PR:000001024"", ""asserted"": ""False"", ""paths"": [{""via"": ""exact_alias"", ""source_token"": ""CD56"", ""tokens"": [""CD56""]}, {""via"": ""pro_id"", ""pr"": ""PR:000001024"", ""tokens"": [""CD56""]}]}, {""sense"": ""negative"", ""pr"": ""PR:000001084"", ""asserted"": ""False"", ""paths"": [{""via"": ""exact_alias"", ""source_token"": ""CD8"", ""tokens"": [""CD8""]}, {""via"": ""exact_alias"", ""source_token"": ""CD8A"", ""tokens"": [""CD8A""]}, {""via"": ""exact_alias"", ""source_token"": ""CD8A"", ""tokens"": [""CD8A""]}, {""via"": ""pro_id"", ""pr"": ""PR:000001084"", ""tokens"": [""CD8""]}]}, {""sense"": ""positive"", ""pr"": ""PR:000001012"", ""asserted"": ""False"", ""paths"": [{""via"": ""exact_alias"", ""source_token"": ""CD11"", ""tokens"": [""CD11""]}, {""via"": ""exact_alias"", ""source_token"": ""CD11B"", ""tokens"": [""CD11B""]}]}, {""sense"": ""positive"", ""pr"": ""PR:000001332"", ""asserted"": ""False"", ""paths"": [{""via"": ""exact_alias"", ""source_token"": ""CD66B"", ""tokens"": [""CD66B""]}, {""via"": ""exact_alias"", ""source_token"": ""CD67"", ""tokens"": [""CD67""]}, {""via"": ""pro_id"", ""pr"": ""PR:000001332"", ""tokens"": [""CD66B""]}]}, {""sense"": ""positive"", ""pr"": ""PR:000001344"", ""asserted"": ""False"", ""paths"": [{""via"": ""exact_alias"", ""source_token"": ""CD203C"", ""tokens"": [""CD203C""]}]}, {""sense"": ""positive"", ""pr"": ""PR:000001950"", ""asserted"": ""False"", ""paths"": [{""via"": ""exact_alias"", ""source_token"": ""CD154"", ""tokens"": [""CD154""]}, {""via"": ""exact_alias"", ""source_token"": ""CD40"", ""tokens"": [""CD40""]}, {""via"": ""exact_alias"", ""source_token"": ""CD40LG"", ""tokens"": [""CD40LG""]}]}, {""sense"": ""positive"", ""pr"": ""PR:000001969"", ""asserted"": ""False"", ""paths"": [{""via"": ""exact_alias"", ""source_token"": ""CD87"", ""tokens"": [""CD87""]}]}]"
SOULCAP:SC000016	WB	Basophil	Basophil		Exact		2	CL:0000767	basophil	17	1	CD3-, CD193+ (hi), CD123+ (hi), CD56-, CD19-		CD15-/CD66B- (no axiom on any alt.), CD45+, CD127-	no		"[""marker_axioms"", ""local_lexical""]"	"{""query"": ""basophil"", ""exact"": true, ""token_jaccard"": 1.0}"	"[{""sense"": ""high"", ""pr"": ""PR:000001255"", ""asserted"": ""True"", ""paths"": [{""via"": ""exact_alias"", ""source_token"": ""CD193"", ""tokens"": [""CD193""]}, {""via"": ""pro_id"", ""pr"": ""PR:000001255"", ""tokens"": [""CD193""]}]}, {""sense"": ""high"", ""pr"": ""PR:000001865"", ""asserted"": ""True"", ""paths"": [{""via"": ""exact_alias"", ""source_token"": ""CD123"", ""tokens"": [""CD123""]}, {""via"": ""pro_id"", ""pr"": ""PR:000001865"", ""tokens"": [""CD123""]}]}, {""sense"": ""high"", ""pr"": ""PR:000007431"", ""asserted"": ""True"", ""paths"": [{""via"": ""pro_id"", ""pr"": ""PR:000007431"", ""tokens"": [""FCER1A""]}]}, {""sense"": ""negative"", ""pr"": ""PR:000001002"", ""asserted"": ""False"", ""paths"": [{""via"": ""exact_alias"", ""source_token"": ""CD19"", ""tokens"": [""CD19""]}, {""via"": ""pro_id"", ""pr"": ""PR:000001002"", ""tokens"": [""CD19""]}]}, {""sense"": ""negative"", ""pr"": ""PR:000001020"", ""asserted"": ""False"", ""paths"": [{""via"": ""exact_alias"", ""source_token"": ""CD3"", ""tokens"": [""CD3""]}, {""via"": ""exact_alias"", ""source_token"": ""CD3E"", ""tokens"": [""CD3E""]}, {""via"": ""exact_alias"", ""source_token"": ""CD3E"", ""tokens"": [""CD3E""]}, {""via"": ""pro_id"", ""pr"": ""PR:000001020"", ""tokens"": [""CD3""]}]}, {""sense"": ""negative"", ""pr"": ""PR:000001024"", ""asserted"": ""False"", ""paths"": [{""via"": ""exact_alias"", ""source_token"": ""CD56"", ""tokens"": [""CD56""]}, {""via"": ""pro_id"", ""pr"": ""PR:000001024"", ""tokens"": [""CD56""]}]}, {""sense"": ""negative"", ""pr"": ""PR:000001084"", ""asserted"": ""False"", ""paths"": [{""via"": ""exact_alias"", ""source_token"": ""CD8"", ""tokens"": [""CD8""]}, {""via"": ""exact_alias"", ""source_token"": ""CD8A"", ""tokens"": [""CD8A""]}, {""via"": ""exact_alias"", ""source_token"": ""CD8A"", ""tokens"": [""CD8A""]}, {""via"": ""pro_id"", ""pr"": ""PR:000001084"", ""tokens"": [""CD8""]}]}, {""sense"": ""positive"", ""pr"": ""PR:000001012"", ""asserted"": ""False"", ""paths"": [{""via"": ""exact_alias"", ""source_token"": ""CD11"", ""tokens"": [""CD11""]}, {""via"": ""exact_alias"", ""source_token"": ""CD11B"", ""tokens"": [""CD11B""]}]}, {""sense"": ""positive"", ""pr"": ""PR:000001332"", ""asserted"": ""False"", ""paths"": [{""via"": ""exact_alias"", ""source_token"": ""CD66B"", ""tokens"": [""CD66B""]}, {""via"": ""exact_alias"", ""source_token"": ""CD67"", ""tokens"": [""CD67""]}, {""via"": ""pro_id"", ""pr"": ""PR:000001332"", ""tokens"": [""CD66B""]}]}, {""sense"": ""positive"", ""pr"": ""PR:000001344"", ""asserted"": ""True"", ""paths"": [{""via"": ""exact_alias"", ""source_token"": ""CD203C"", ""tokens"": [""CD203C""]}]}, {""sense"": ""positive"", ""pr"": ""PR:000001950"", ""asserted"": ""True"", ""paths"": [{""via"": ""exact_alias"", ""source_token"": ""CD154"", ""tokens"": [""CD154""]}, {""via"": ""exact_alias"", ""source_token"": ""CD40"", ""tokens"": [""CD40""]}, {""via"": ""exact_alias"", ""source_token"": ""CD40LG"", ""tokens"": [""CD40LG""]}]}, {""sense"": ""positive"", ""pr"": ""PR:000001969"", ""asserted"": ""False"", ""paths"": [{""via"": ""exact_alias"", ""source_token"": ""CD87"", ""tokens"": [""CD87""]}]}]"
SOULCAP:SC000016	WB	Basophil	Basophil		Exact		3	CL:0000768	immature basophil	17	1	CD3-, CD193+ (hi), CD123+ (hi), CD56-, CD19-		CD15-/CD66B- (no axiom on any alt.), CD45+, CD127-	no		"[""marker_axioms"", ""local_lexical""]"	"{""query"": ""basophil"", ""exact"": false, ""token_jaccard"": 0.5}"	"[{""sense"": ""high"", ""pr"": ""PR:000001255"", ""asserted"": ""False"", ""paths"": [{""via"": ""exact_alias"", ""source_token"": ""CD193"", ""tokens"": [""CD193""]}, {""via"": ""pro_id"", ""pr"": ""PR:000001255"", ""tokens"": [""CD193""]}]}, {""sense"": ""high"", ""pr"": ""PR:000001865"", ""asserted"": ""False"", ""paths"": [{""via"": ""exact_alias"", ""source_token"": ""CD123"", ""tokens"": [""CD123""]}, {""via"": ""pro_id"", ""pr"": ""PR:000001865"", ""tokens"": [""CD123""]}]}, {""sense"": ""high"", ""pr"": ""PR:000007431"", ""asserted"": ""False"", ""paths"": [{""via"": ""pro_id"", ""pr"": ""PR:000007431"", ""tokens"": [""FCER1A""]}]}, {""sense"": ""negative"", ""pr"": ""PR:000001002"", ""asserted"": ""False"", ""paths"": [{""via"": ""exact_alias"", ""source_token"": ""CD19"", ""tokens"": [""CD19""]}, {""via"": ""pro_id"", ""pr"": ""PR:000001002"", ""tokens"": [""CD19""]}]}, {""sense"": ""negative"", ""pr"": ""PR:000001020"", ""asserted"": ""False"", ""paths"": [{""via"": ""exact_alias"", ""source_token"": ""CD3"", ""tokens"": [""CD3""]}, {""via"": ""exact_alias"", ""source_token"": ""CD3E"", ""tokens"": [""CD3E""]}, {""via"": ""exact_alias"", ""source_token"": ""CD3E"", ""tokens"": [""CD3E""]}, {""via"": ""pro_id"", ""pr"": ""PR:000001020"", ""tokens"": [""CD3""]}]}, {""sense"": ""negative"", ""pr"": ""PR:000001024"", ""asserted"": ""False"", ""paths"": [{""via"": ""exact_alias"", ""source_token"": ""CD56"", ""tokens"": [""CD56""]}, {""via"": ""pro_id"", ""pr"": ""PR:000001024"", ""tokens"": [""CD56""]}]}, {""sense"": ""negative"", ""pr"": ""PR:000001084"", ""asserted"": ""False"", ""paths"": [{""via"": ""exact_alias"", ""source_token"": ""CD8"", ""tokens"": [""CD8""]}, {""via"": ""exact_alias"", ""source_token"": ""CD8A"", ""tokens"": [""CD8A""]}, {""via"": ""exact_alias"", ""source_token"": ""CD8A"", ""tokens"": [""CD8A""]}, {""via"": ""pro_id"", ""pr"": ""PR:000001084"", ""tokens"": [""CD8""]}]}, {""sense"": ""positive"", ""pr"": ""PR:000001012"", ""asserted"": ""False"", ""paths"": [{""via"": ""exact_alias"", ""source_token"": ""CD11"", ""tokens"": [""CD11""]}, {""via"": ""exact_alias"", ""source_token"": ""CD11B"", ""tokens"": [""CD11B""]}]}, {""sense"": ""positive"", ""pr"": ""PR:000001332"", ""asserted"": ""False"", ""paths"": [{""via"": ""exact_alias"", ""source_token"": ""CD66B"", ""tokens"": [""CD66B""]}, {""via"": ""exact_alias"", ""source_token"": ""CD67"", ""tokens"": [""CD67""]}, {""via"": ""pro_id"", ""pr"": ""PR:000001332"", ""tokens"": [""CD66B""]}]}, {""sense"": ""positive"", ""pr"": ""PR:000001344"", ""asserted"": ""False"", ""paths"": [{""via"": ""exact_alias"", ""source_token"": ""CD203C"", ""tokens"": [""CD203C""]}]}, {""sense"": ""positive"", ""pr"": ""PR:000001950"", ""asserted"": ""False"", ""paths"": [{""via"": ""exact_alias"", ""source_token"": ""CD154"", ""tokens"": [""CD154""]}, {""via"": ""exact_alias"", ""source_token"": ""CD40"", ""tokens"": [""CD40""]}, {""via"": ""exact_alias"", ""source_token"": ""CD40LG"", ""tokens"": [""CD40LG""]}]}, {""sense"": ""positive"", ""pr"": ""PR:000001969"", ""asserted"": ""False"", ""paths"": [{""via"": ""exact_alias"", ""source_token"": ""CD87"", ""tokens"": [""CD87""]}]}]"
SOULCAP:SC000017	WB and PBMC	Mono	Monocyte		Exact	CL:0000576										invalid expression in Required exclusion: unexpected ')' in group			
SOULCAP:SC000018	WB and PBMC	CMo	Classical Monocyte	Mono	Exact	CL:0000860										invalid expression in Required exclusion: unexpected ')' in group			
SOULCAP:SC000019	WB and PBMC	NCMo	Non-classical Monocyte	Mono	Exact	CL:0000875										invalid expression in Required exclusion: unexpected ')' in group			
SOULCAP:SC000020	WB and PBMC	IntMo	Intermediate Monocyte	Mono	Exact	CL:0002393										invalid expression in Required exclusion: unexpected ')' in group			
SOULCAP:SC000021	WB and PBMC	Neut	Neutrophil		Exact		1	CL:0000582	neutrophilic metamyelocyte	18	2	CD3-, CD56-, CD66B+ (1 of 2 alt.), CD19-, CD33+ (1 of 2 alt.)		CD14:low/CD14- (no axiom on any alt.), CD123-, CD45+, CD193-, CD16:high, HLA-DR:not:positive/CD11C:not:high (no axiom on any alt.)	no		"[""marker_axioms"", ""local_lexical""]"	"{""query"": ""neutrophil"", ""exact"": false, ""token_jaccard"": 0.5}"	"[{""sense"": ""negative"", ""pr"": ""PR:000001002"", ""asserted"": ""False"", ""paths"": [{""via"": ""exact_alias"", ""source_token"": ""CD19"", ""tokens"": [""CD19""]}, {""via"": ""pro_id"", ""pr"": ""PR:000001002"", ""tokens"": [""CD19""]}]}, {""sense"": ""negative"", ""pr"": ""PR:000001020"", ""asserted"": ""False"", ""paths"": [{""via"": ""exact_alias"", ""source_token"": ""CD3"", ""tokens"": [""CD3""]}, {""via"": ""exact_alias"", ""source_token"": ""CD3E"", ""tokens"": [""CD3E""]}, {""via"": ""exact_alias"", ""source_token"": ""CD3E"", ""tokens"": [""CD3E""]}, {""via"": ""pro_id"", ""pr"": ""PR:000001020"", ""tokens"": [""CD3""]}]}, {""sense"": ""negative"", ""pr"": ""PR:000001024"", ""asserted"": ""False"", ""paths"": [{""via"": ""exact_alias"", ""source_token"": ""CD56"", ""tokens"": [""CD56""]}, {""via"": ""pro_id"", ""pr"": ""PR:000001024"", ""tokens"": [""CD56""]}]}, {""sense"": ""negative"", ""pr"": ""PR:000001084"", ""asserted"": ""False"", ""paths"": [{""via"": ""exact_alias"", ""source_token"": ""CD8"", ""tokens"": [""CD8""]}, {""via"": ""exact_alias"", ""source_token"": ""CD8A"", ""tokens"": [""CD8A""]}, {""via"": ""exact_alias"", ""source_token"": ""CD8A"", ""tokens"": [""CD8A""]}, {""via"": ""pro_id"", ""pr"": ""PR:000001084"", ""tokens"": [""CD8""]}]}, {""sense"": ""negative"", ""pr"": ""PR:000001580"", ""asserted"": ""True"", ""paths"": []}, {""sense"": ""positive"", ""pr"": ""PR:000001012"", ""asserted"": ""False"", ""paths"": [{""via"": ""exact_alias"", ""source_token"": ""CD11"", ""tokens"": [""CD11""]}, {""via"": ""exact_alias"", ""source_token"": ""CD11B"", ""tokens"": [""CD11B""]}]}, {""sense"": ""positive"", ""pr"": ""PR:000001332"", ""asserted"": ""False"", ""paths"": [{""via"": ""exact_alias"", ""source_token"": ""CD66B"", ""tokens"": [""CD66B""]}, {""via"": ""exact_alias"", ""source_token"": ""CD67"", ""tokens"": [""CD67""]}, {""via"": ""pro_id"", ""pr"": ""PR:000001332"", ""tokens"": [""CD66B""]}]}, {""sense"": ""positive"", ""pr"": ""PR:000001456"", ""asserted"": ""True"", ""paths"": [{""via"": ""exact_alias"", ""source_token"": ""CD15"", ""tokens"": [""CD15""]}, {""via"": ""pro_id"", ""pr"": ""PR:000001456"", ""tokens"": [""CD15""]}]}, {""sense"": ""positive"", ""pr"": ""PR:000001479"", ""asserted"": ""False"", ""paths"": []}, {""sense"": ""positive"", ""pr"": ""PR:000001483"", ""asserted"": ""True"", ""paths"": [{""via"": ""exact_alias"", ""source_token"": ""CD16"", ""tokens"": [""CD16""]}, {""via"": ""pro_id"", ""pr"": ""PR:000001483"", ""tokens"": [""CD16""]}]}, {""sense"": ""positive"", ""pr"": ""PR:000001879"", ""asserted"": ""False"", ""paths"": []}, {""sense"": ""positive"", ""pr"": ""PR:000001892"", ""asserted"": ""True"", ""paths"": [{""via"": ""exact_alias"", ""source_token"": ""CD33"", ""tokens"": [""CD33""]}, {""via"": ""pro_id"", ""pr"": ""PR:000001892"", ""tokens"": [""CD33""]}]}, {""sense"": ""positive"", ""pr"": ""PR:000001932"", ""asserted"": ""True"", ""paths"": [{""via"": ""exact_alias"", ""source_token"": ""CD24"", ""tokens"": [""CD24""]}, {""via"": ""pro_id"", ""pr"": ""PR:000001932"", ""tokens"": [""CD24""]}]}, {""sense"": ""positive"", ""pr"": ""PR:000001944"", ""asserted"": ""True"", ""paths"": []}, {""sense"": ""positive"", ""pr"": ""PR:000001969"", ""asserted"": ""False"", ""paths"": [{""via"": ""exact_alias"", ""source_token"": ""CD87"", ""tokens"": [""CD87""]}]}, {""sense"": ""positive"", ""pr"": ""PR:000002031"", ""asserted"": ""True"", ""paths"": [{""via"": ""exact_alias"", ""source_token"": ""CD13"", ""tokens"": [""CD13""]}]}, {""sense"": ""positive"", ""pr"": ""PR:000005307"", ""asserted"": ""True"", ""paths"": []}, {""sense"": ""positive"", ""pr"": ""PR:000005310"", ""asserted"": ""True"", ""paths"": []}, {""sense"": ""positive"", ""pr"": ""PR:000009725"", ""asserted"": ""True"", ""paths"": []}, {""sense"": ""positive"", ""pr"": ""PR:000009978"", ""asserted"": ""True"", ""paths"": []}, {""sense"": ""positive"", ""pr"": ""PR:000010543"", ""asserted"": ""True"", ""paths"": []}]"
SOULCAP:SC000021	WB and PBMC	Neut	Neutrophil		Exact		2	CL:0001021	CD34-positive, CD38-positive common lymphoid progenitor	18	0	CD3-, CD56-, CD14- (1 of 2 alt.), CD45+, CD19-		CD123-, CD15:high/CD66B+ (no axiom on any alt.), CD193-, CD16:high, HLA-DR:not:positive/CD11C:not:high (no axiom on any alt.), CD64-/CD33+ (no axiom on any alt.)	no		"[""marker_axioms""]"	null	"[{""sense"": ""negative"", ""pr"": ""PR:000001002"", ""asserted"": ""False"", ""paths"": [{""via"": ""exact_alias"", ""source_token"": ""CD19"", ""tokens"": [""CD19""]}, {""via"": ""pro_id"", ""pr"": ""PR:000001002"", ""tokens"": [""CD19""]}]}, {""sense"": ""negative"", ""pr"": ""PR:000001004"", ""asserted"": ""False"", ""paths"": [{""via"": ""exact_alias"", ""source_token"": ""CD4"", ""tokens"": [""CD4""]}, {""via"": ""pro_id"", ""pr"": ""PR:000001004"", ""tokens"": [""CD4""]}]}, {""sense"": ""negative"", ""pr"": ""PR:000001012"", ""asserted"": ""False"", ""paths"": [{""via"": ""exact_alias"", ""source_token"": ""CD11"", ""tokens"": [""CD11""]}, {""via"": ""exact_alias"", ""source_token"": ""CD11B"", ""tokens"": [""CD11B""]}]}, {""sense"": ""negative"", ""pr"": ""PR:000001020"", ""asserted"": ""False"", ""paths"": [{""via"": ""exact_alias"", ""source_token"": ""CD3"", ""tokens"": [""CD3""]}, {""via"": ""exact_alias"", ""source_token"": ""CD3E"", ""tokens"": [""CD3E""]}, {""via"": ""exact_alias"", ""source_token"": ""CD3E"", ""tokens"": [""CD3E""]}, {""via"": ""pro_id"", ""pr"": ""PR:000001020"", ""tokens"": [""CD3""]}]}, {""sense"": ""negative"", ""pr"": ""PR:000001024"", ""asserted"": ""False"", ""paths"": [{""via"": ""exact_alias"", ""source_token"": ""CD56"", ""tokens"": [""CD56""]}, {""via"": ""pro_id"", ""pr"": ""PR:000001024"", ""tokens"": [""CD56""]}]}, {""sense"": ""negative"", ""pr"": ""PR:000001083"", ""asserted"": ""False"", ""paths"": [{""via"": ""exact_alias"", ""source_token"": ""CD2"", ""tokens"": [""CD2""]}]}, {""sense"": ""negative"", ""pr"": ""PR:000001084"", ""asserted"": ""False"", ""paths"": [{""via"": ""exact_alias"", ""source_token"": ""CD8"", ""tokens"": [""CD8""]}, {""via"": ""exact_alias"", ""source_token"": ""CD8A"", ""tokens"": [""CD8A""]}, {""via"": ""exact_alias"", ""source_token"": ""CD8A"", ""tokens"": [""CD8A""]}, {""via"": ""pro_id"", ""pr"": ""PR:000001084"", ""tokens"": [""CD8""]}]}, {""sense"": ""negative"", ""pr"": ""PR:000001289"", ""asserted"": ""False"", ""paths"": [{""via"": ""exact_alias"", ""source_token"": ""CD20"", ""tokens"": [""CD20""]}, {""via"": ""pro_id"", ""pr"": ""PR:000001289"", ""tokens"": [""CD20""]}]}, {""sense"": ""negative"", ""pr"": ""PR:000001839"", ""asserted"": ""False"", ""paths"": [{""via"": ""exact_alias"", ""source_token"": ""CD5"", ""tokens"": [""CD5""]}]}, {""sense"": ""negative"", ""pr"": ""PR:000001889"", ""asserted"": ""False"", ""paths"": [{""via"": ""exact_alias"", ""source_token"": ""CD14"", ""tokens"": [""CD14""]}, {""via"": ""pro_id"", ""pr"": ""PR:000001889"", ""tokens"": [""CD14""]}]}, {""sense"": ""negative"", ""pr"": ""PR:000002978"", ""asserted"": ""False"", ""paths"": []}, {""sense"": ""negative"", ""pr"": ""PR:000002981"", ""asserted"": ""False"", ""paths"": []}, {""sense"": ""positive"", ""pr"": ""PR:000001003"", ""asserted"": ""False"", ""paths"": [{""via"": ""exact_alias"", ""source_token"": ""CD34"", ""tokens"": [""CD34""]}, {""via"": ""pro_id"", ""pr"": ""PR:000001003"", ""tokens"": [""CD34""]}]}, {""sense"": ""positive"", ""pr"": ""PR:000001006"", ""asserted"": ""False"", ""paths"": [{""via"": ""pro_id"", ""pr"": ""PR:000001006"", ""tokens"": [""CD45""]}]}, {""sense"": ""positive"", ""pr"": ""PR:000001015"", ""asserted"": ""True"", ""paths"": [{""via"": ""exact_alias"", ""source_token"": ""CD45RA"", ""tokens"": [""CD45RA""]}]}, {""sense"": ""positive"", ""pr"": ""PR:000001408"", ""asserted"": ""False"", ""paths"": [{""via"": ""exact_alias"", ""source_token"": ""CD38"", ""tokens"": [""CD38""]}, {""via"": ""pro_id"", ""pr"": ""PR:000001408"", ""tokens"": [""CD38""]}]}, {""sense"": ""positive"", ""pr"": ""PR:000001898"", ""asserted"": ""True"", ""paths"": [{""via"": ""exact_alias"", ""source_token"": ""CD10"", ""tokens"": [""CD10""]}, {""via"": ""pro_id"", ""pr"": ""PR:000001898"", ""tokens"": [""CD10""]}]}]"
SOULCAP:SC000021	WB and PBMC	Neut	Neutrophil		Exact		3	CL:0001057	myeloid dendritic cell, human	18	0	CD3-, CD56-, CD14- (1 of 2 alt.), CD123-, CD19-		CD45+, CD15:high/CD66B+ (no axiom on any alt.), CD193-, CD16:high, HLA-DR:not:positive/CD11C:not:high (hi) (no axiom on any alt.), CD64-/CD33+ (no axiom on any alt.)	no		"[""marker_axioms""]"	null	"[{""sense"": ""high"", ""pr"": ""PR:000001013"", ""asserted"": ""False"", ""paths"": [{""via"": ""exact_alias"", ""source_token"": ""CD11"", ""tokens"": [""CD11""]}, {""via"": ""exact_alias"", ""source_token"": ""CD11C"", ""tokens"": [""CD11C""]}, {""via"": ""pro_id"", ""pr"": ""PR:000001013"", ""tokens"": [""CD11C""]}]}, {""sense"": ""negative"", ""pr"": ""PR:000001002"", ""asserted"": ""False"", ""paths"": [{""via"": ""exact_alias"", ""source_token"": ""CD19"", ""tokens"": [""CD19""]}, {""via"": ""pro_id"", ""pr"": ""PR:000001002"", ""tokens"": [""CD19""]}]}, {""sense"": ""negative"", ""pr"": ""PR:000001003"", ""asserted"": ""False"", ""paths"": [{""via"": ""exact_alias"", ""source_token"": ""CD34"", ""tokens"": [""CD34""]}, {""via"": ""pro_id"", ""pr"": ""PR:000001003"", ""tokens"": [""CD34""]}]}, {""sense"": ""negative"", ""pr"": ""PR:000001020"", ""asserted"": ""False"", ""paths"": [{""via"": ""exact_alias"", ""source_token"": ""CD3"", ""tokens"": [""CD3""]}, {""via"": ""exact_alias"", ""source_token"": ""CD3E"", ""tokens"": [""CD3E""]}, {""via"": ""exact_alias"", ""source_token"": ""CD3E"", ""tokens"": [""CD3E""]}, {""via"": ""pro_id"", ""pr"": ""PR:000001020"", ""tokens"": [""CD3""]}]}, {""sense"": ""negative"", ""pr"": ""PR:000001024"", ""asserted"": ""False"", ""paths"": [{""via"": ""exact_alias"", ""source_token"": ""CD56"", ""tokens"": [""CD56""]}, {""via"": ""pro_id"", ""pr"": ""PR:000001024"", ""tokens"": [""CD56""]}]}, {""sense"": ""negative"", ""pr"": ""PR:000001289"", ""asserted"": ""False"", ""paths"": [{""via"": ""exact_alias"", ""source_token"": ""CD20"", ""tokens"": [""CD20""]}, {""via"": ""pro_id"", ""pr"": ""PR:000001289"", ""tokens"": [""CD20""]}]}, {""sense"": ""negative"", ""pr"": ""PR:000001865"", ""asserted"": ""False"", ""paths"": [{""via"": ""exact_alias"", ""source_token"": ""CD123"", ""tokens"": [""CD123""]}, {""via"": ""pro_id"", ""pr"": ""PR:000001865"", ""tokens"": [""CD123""]}]}, {""sense"": ""negative"", ""pr"": ""PR:000001889"", ""asserted"": ""True"", ""paths"": [{""via"": ""exact_alias"", ""source_token"": ""CD14"", ""tokens"": [""CD14""]}, {""via"": ""pro_id"", ""pr"": ""PR:000001889"", ""tokens"": [""CD14""]}]}, {""sense"": ""positive"", ""pr"": ""PR:000002015"", ""asserted"": ""False"", ""paths"": []}]"
SOULCAP:SC000022	WB	Eos	Eosinophil		Exact		1	CL:0000612	eosinophilic myelocyte	26	2	CD3-, CD56-, CD66B+ (1 of 2 alt.), CD193+, CD16-, CD19-, CD33+ (1 of 2 alt.)		CD14:low/CD14- (no axiom on any alt.), CD123-, CD45+, HLA-DR:not:positive/CD11C:not:high (no axiom on any alt.)	no		"[""marker_axioms""]"	null	"[{""sense"": ""negative"", ""pr"": ""PR:000001002"", ""asserted"": ""False"", ""paths"": [{""via"": ""exact_alias"", ""source_token"": ""CD19"", ""tokens"": [""CD19""]}, {""via"": ""pro_id"", ""pr"": ""PR:000001002"", ""tokens"": [""CD19""]}]}, {""sense"": ""negative"", ""pr"": ""PR:000001020"", ""asserted"": ""False"", ""paths"": [{""via"": ""exact_alias"", ""source_token"": ""CD3"", ""tokens"": [""CD3""]}, {""via"": ""exact_alias"", ""source_token"": ""CD3E"", ""tokens"": [""CD3E""]}, {""via"": ""exact_alias"", ""source_token"": ""CD3E"", ""tokens"": [""CD3E""]}, {""via"": ""pro_id"", ""pr"": ""PR:000001020"", ""tokens"": [""CD3""]}]}, {""sense"": ""negative"", ""pr"": ""PR:000001024"", ""asserted"": ""False"", ""paths"": [{""via"": ""exact_alias"", ""source_token"": ""CD56"", ""tokens"": [""CD56""]}, {""via"": ""pro_id"", ""pr"": ""PR:000001024"", ""tokens"": [""CD56""]}]}, {""sense"": ""negative"", ""pr"": ""PR:000001084"", ""asserted"": ""False"", ""paths"": [{""via"": ""exact_alias"", ""source_token"": ""CD8"", ""tokens"": [""CD8""]}, {""via"": ""exact_alias"", ""source_token"": ""CD8A"", ""tokens"": [""CD8A""]}, {""via"": ""exact_alias"", ""source_token"": ""CD8A"", ""tokens"": [""CD8A""]}, {""via"": ""pro_id"", ""pr"": ""PR:000001084"", ""tokens"": [""CD8""]}]}, {""sense"": ""negative"", ""pr"": ""PR:000001483"", ""asserted"": ""True"", ""paths"": [{""via"": ""exact_alias"", ""source_token"": ""CD16"", ""tokens"": [""CD16""]}, {""via"": ""pro_id"", ""pr"": ""PR:000001483"", ""tokens"": [""CD16""]}]}, {""sense"": ""positive"", ""pr"": ""PR:000001012"", ""asserted"": ""False"", ""paths"": [{""via"": ""exact_alias"", ""source_token"": ""CD11"", ""tokens"": [""CD11""]}, {""via"": ""exact_alias"", ""source_token"": ""CD11B"", ""tokens"": [""CD11B""]}]}, {""sense"": ""positive"", ""pr"": ""PR:000001254"", ""asserted"": ""False"", ""paths"": [{""via"": ""exact_alias"", ""source_token"": ""CD191"", ""tokens"": [""CD191""]}]}, {""sense"": ""positive"", ""pr"": ""PR:000001255"", ""asserted"": ""False"", ""paths"": [{""via"": ""exact_alias"", ""source_token"": ""CD193"", ""tokens"": [""CD193""]}, {""via"": ""pro_id"", ""pr"": ""PR:000001255"", ""tokens"": [""CD193""]}]}, {""sense"": ""positive"", ""pr"": ""PR:000001307"", ""asserted"": ""False"", ""paths"": [{""via"": ""exact_alias"", ""source_token"": ""CD44"", ""tokens"": [""CD44""]}, {""via"": ""exact_alias"", ""source_token"": ""CDW44"", ""tokens"": [""CDW44""]}]}, {""sense"": ""positive"", ""pr"": ""PR:000001332"", ""asserted"": ""False"", ""paths"": [{""via"": ""exact_alias"", ""source_token"": ""CD66B"", ""tokens"": [""CD66B""]}, {""via"": ""exact_alias"", ""source_token"": ""CD67"", ""tokens"": [""CD67""]}, {""via"": ""pro_id"", ""pr"": ""PR:000001332"", ""tokens"": [""CD66B""]}]}, {""sense"": ""positive"", ""pr"": ""PR:000001343"", ""asserted"": ""False"", ""paths"": [{""via"": ""exact_alias"", ""source_token"": ""CD69"", ""tokens"": [""CD69""]}]}, {""sense"": ""positive"", ""pr"": ""PR:000001456"", ""asserted"": ""True"", ""paths"": [{""via"": ""exact_alias"", ""source_token"": ""CD15"", ""tokens"": [""CD15""]}, {""via"": ""pro_id"", ""pr"": ""PR:000001456"", ""tokens"": [""CD15""]}]}, {""sense"": ""positive"", ""pr"": ""PR:000001892"", ""asserted"": ""True"", ""paths"": [{""via"": ""exact_alias"", ""source_token"": ""CD33"", ""tokens"": [""CD33""]}, {""via"": ""pro_id"", ""pr"": ""PR:000001892"", ""tokens"": [""CD33""]}]}, {""sense"": ""positive"", ""pr"": ""PR:000001932"", ""asserted"": ""True"", ""paths"": [{""via"": ""exact_alias"", ""source_token"": ""CD24"", ""tokens"": [""CD24""]}, {""via"": ""pro_id"", ""pr"": ""PR:000001932"", ""tokens"": [""CD24""]}]}, {""sense"": ""positive"", ""pr"": ""PR:000001969"", ""asserted"": ""False"", ""paths"": [{""via"": ""exact_alias"", ""source_token"": ""CD87"", ""tokens"": [""CD87""]}]}, {""sense"": ""positive"", ""pr"": ""PR:000002031"", ""asserted"": ""True"", ""paths"": [{""via"": ""exact_alias"", ""source_token"": ""CD13"", ""tokens"": [""CD13""]}]}, {""sense"": ""positive"", ""pr"": ""PR:000005178"", ""asserted"": ""False"", ""paths"": [{""via"": ""exact_alias"", ""source_token"": ""CD9"", ""tokens"": [""CD9""]}]}]"
SOULCAP:SC000022	WB	Eos	Eosinophil		Exact		2	CL:0000041	mature eosinophil	20	2	CD3-, CD56-, CD66B+ (1 of 2 alt.), CD193+, CD19-		CD14:low/CD14- (no axiom on any alt.), CD123-, CD45+, CD16-, HLA-DR:not:positive/CD11C:not:high (no axiom on any alt.), CD64-/CD33+ (no axiom on any alt.)	no		"[""marker_axioms"", ""local_lexical""]"	"{""query"": ""eosinophil"", ""exact"": false, ""token_jaccard"": 0.5}"	"[{""sense"": ""negative"", ""pr"": ""PR:000001002"", ""asserted"": ""False"", ""paths"": [{""via"": ""exact_alias"", ""source_token"": ""CD19"", ""tokens"": [""CD19""]}, {""via"": ""pro_id"", ""pr"": ""PR:000001002"", ""tokens"": [""CD19""]}]}, {""sense"": ""negative"", ""pr"": ""PR:000001020"", ""asserted"": ""False"", ""paths"": [{""via"": ""exact_alias"", ""source_token"": ""CD3"", ""tokens"": [""CD3""]}, {""via"": ""exact_alias"", ""source_token"": ""CD3E"", ""tokens"": [""CD3E""]}, {""via"": ""exact_alias"", ""source_token"": ""CD3E"", ""tokens"": [""CD3E""]}, {""via"": ""pro_id"", ""pr"": ""PR:000001020"", ""tokens"": [""CD3""]}]}, {""sense"": ""negative"", ""pr"": ""PR:000001024"", ""asserted"": ""False"", ""paths"": [{""via"": ""exact_alias"", ""source_token"": ""CD56"", ""tokens"": [""CD56""]}, {""via"": ""pro_id"", ""pr"": ""PR:000001024"", ""tokens"": [""CD56""]}]}, {""sense"": ""negative"", ""pr"": ""PR:000001084"", ""asserted"": ""False"", ""paths"": [{""via"": ""exact_alias"", ""source_token"": ""CD8"", ""tokens"": [""CD8""]}, {""via"": ""exact_alias"", ""source_token"": ""CD8A"", ""tokens"": [""CD8A""]}, {""via"": ""exact_alias"", ""source_token"": ""CD8A"", ""tokens"": [""CD8A""]}, {""via"": ""pro_id"", ""pr"": ""PR:000001084"", ""tokens"": [""CD8""]}]}, {""sense"": ""positive"", ""pr"": ""PR:000001012"", ""asserted"": ""False"", ""paths"": [{""via"": ""exact_alias"", ""source_token"": ""CD11"", ""tokens"": [""CD11""]}, {""via"": ""exact_alias"", ""source_token"": ""CD11B"", ""tokens"": [""CD11B""]}]}, {""sense"": ""positive"", ""pr"": ""PR:000001254"", ""asserted"": ""False"", ""paths"": [{""via"": ""exact_alias"", ""source_token"": ""CD191"", ""tokens"": [""CD191""]}]}, {""sense"": ""positive"", ""pr"": ""PR:000001255"", ""asserted"": ""False"", ""paths"": [{""via"": ""exact_alias"", ""source_token"": ""CD193"", ""tokens"": [""CD193""]}, {""via"": ""pro_id"", ""pr"": ""PR:000001255"", ""tokens"": [""CD193""]}]}, {""sense"": ""positive"", ""pr"": ""PR:000001307"", ""asserted"": ""False"", ""paths"": [{""via"": ""exact_alias"", ""source_token"": ""CD44"", ""tokens"": [""CD44""]}, {""via"": ""exact_alias"", ""source_token"": ""CDW44"", ""tokens"": [""CDW44""]}]}, {""sense"": ""positive"", ""pr"": ""PR:000001332"", ""asserted"": ""False"", ""paths"": [{""via"": ""exact_alias"", ""source_token"": ""CD66B"", ""tokens"": [""CD66B""]}, {""via"": ""exact_alias"", ""source_token"": ""CD67"", ""tokens"": [""CD67""]}, {""via"": ""pro_id"", ""pr"": ""PR:000001332"", ""tokens"": [""CD66B""]}]}, {""sense"": ""positive"", ""pr"": ""PR:000001343"", ""asserted"": ""False"", ""paths"": [{""via"": ""exact_alias"", ""source_token"": ""CD69"", ""tokens"": [""CD69""]}]}, {""sense"": ""positive"", ""pr"": ""PR:000001969"", ""asserted"": ""False"", ""paths"": [{""via"": ""exact_alias"", ""source_token"": ""CD87"", ""tokens"": [""CD87""]}]}, {""sense"": ""positive"", ""pr"": ""PR:000005178"", ""asserted"": ""False"", ""paths"": [{""via"": ""exact_alias"", ""source_token"": ""CD9"", ""tokens"": [""CD9""]}]}, {""sense"": ""positive"", ""pr"": ""PR:000007152"", ""asserted"": ""True"", ""paths"": []}, {""sense"": ""positive"", ""pr"": ""PR:000007857"", ""asserted"": ""True"", ""paths"": []}, {""sense"": ""positive"", ""pr"": ""PR:000007858"", ""asserted"": ""True"", ""paths"": []}, {""sense"": ""positive"", ""pr"": ""PR:000009129"", ""asserted"": ""True"", ""paths"": [{""via"": ""exact_alias"", ""source_token"": ""CD49"", ""tokens"": [""CD49""]}, {""via"": ""exact_alias"", ""source_token"": ""CD49D"", ""tokens"": [""CD49D""]}]}, {""sense"": ""positive"", ""pr"": ""PR:000014046"", ""asserted"": ""True"", ""paths"": []}, {""sense"": ""positive"", ""pr"": ""PR:000014047"", ""asserted"": ""True"", ""paths"": []}, {""sense"": ""positive"", ""pr"": ""PR:000022006"", ""asserted"": ""True"", ""paths"": []}]"
SOULCAP:SC000022	WB	Eos	Eosinophil		Exact		3	CL:0000580	neutrophilic myelocyte	20	0	CD3-, CD56-, CD66B+ (1 of 2 alt.), CD16-, CD19-, CD33+ (1 of 2 alt.)		CD14:low/CD14- (no axiom on any alt.), CD123-, CD45+, CD193+, HLA-DR:not:positive/CD11C:not:high (no axiom on any alt.)	no		"[""marker_axioms""]"	null	"[{""sense"": ""negative"", ""pr"": ""PR:000001002"", ""asserted"": ""False"", ""paths"": [{""via"": ""exact_alias"", ""source_token"": ""CD19"", ""tokens"": [""CD19""]}, {""via"": ""pro_id"", ""pr"": ""PR:000001002"", ""tokens"": [""CD19""]}]}, {""sense"": ""negative"", ""pr"": ""PR:000001020"", ""asserted"": ""False"", ""paths"": [{""via"": ""exact_alias"", ""source_token"": ""CD3"", ""tokens"": [""CD3""]}, {""via"": ""exact_alias"", ""source_token"": ""CD3E"", ""tokens"": [""CD3E""]}, {""via"": ""exact_alias"", ""source_token"": ""CD3E"", ""tokens"": [""CD3E""]}, {""via"": ""pro_id"", ""pr"": ""PR:000001020"", ""tokens"": [""CD3""]}]}, {""sense"": ""negative"", ""pr"": ""PR:000001024"", ""asserted"": ""False"", ""paths"": [{""via"": ""exact_alias"", ""source_token"": ""CD56"", ""tokens"": [""CD56""]}, {""via"": ""pro_id"", ""pr"": ""PR:000001024"", ""tokens"": [""CD56""]}]}, {""sense"": ""negative"", ""pr"": ""PR:000001084"", ""asserted"": ""False"", ""paths"": [{""via"": ""exact_alias"", ""source_token"": ""CD8"", ""tokens"": [""CD8""]}, {""via"": ""exact_alias"", ""source_token"": ""CD8A"", ""tokens"": [""CD8A""]}, {""via"": ""exact_alias"", ""source_token"": ""CD8A"", ""tokens"": [""CD8A""]}, {""via"": ""pro_id"", ""pr"": ""PR:000001084"", ""tokens"": [""CD8""]}]}, {""sense"": ""negative"", ""pr"": ""PR:000001483"", ""asserted"": ""True"", ""paths"": [{""via"": ""exact_alias"", ""source_token"": ""CD16"", ""tokens"": [""CD16""]}, {""via"": ""pro_id"", ""pr"": ""PR:000001483"", ""tokens"": [""CD16""]}]}, {""sense"": ""positive"", ""pr"": ""PR:000001012"", ""asserted"": ""False"", ""paths"": [{""via"": ""exact_alias"", ""source_token"": ""CD11"", ""tokens"": [""CD11""]}, {""via"": ""exact_alias"", ""source_token"": ""CD11B"", ""tokens"": [""CD11B""]}]}, {""sense"": ""positive"", ""pr"": ""PR:000001332"", ""asserted"": ""False"", ""paths"": [{""via"": ""exact_alias"", ""source_token"": ""CD66B"", ""tokens"": [""CD66B""]}, {""via"": ""exact_alias"", ""source_token"": ""CD67"", ""tokens"": [""CD67""]}, {""via"": ""pro_id"", ""pr"": ""PR:000001332"", ""tokens"": [""CD66B""]}]}, {""sense"": ""positive"", ""pr"": ""PR:000001456"", ""asserted"": ""True"", ""paths"": [{""via"": ""exact_alias"", ""source_token"": ""CD15"", ""tokens"": [""CD15""]}, {""via"": ""pro_id"", ""pr"": ""PR:000001456"", ""tokens"": [""CD15""]}]}, {""sense"": ""positive"", ""pr"": ""PR:000001479"", ""asserted"": ""False"", ""paths"": []}, {""sense"": ""positive"", ""pr"": ""PR:000001879"", ""asserted"": ""False"", ""paths"": []}, {""sense"": ""positive"", ""pr"": ""PR:000001892"", ""asserted"": ""True"", ""paths"": [{""via"": ""exact_alias"", ""source_token"": ""CD33"", ""tokens"": [""CD33""]}, {""via"": ""pro_id"", ""pr"": ""PR:000001892"", ""tokens"": [""CD33""]}]}, {""sense"": ""positive"", ""pr"": ""PR:000001932"", ""asserted"": ""True"", ""paths"": [{""via"": ""exact_alias"", ""source_token"": ""CD24"", ""tokens"": [""CD24""]}, {""via"": ""pro_id"", ""pr"": ""PR:000001932"", ""tokens"": [""CD24""]}]}, {""sense"": ""positive"", ""pr"": ""PR:000001944"", ""asserted"": ""True"", ""paths"": []}, {""sense"": ""positive"", ""pr"": ""PR:000001969"", ""asserted"": ""False"", ""paths"": [{""via"": ""exact_alias"", ""source_token"": ""CD87"", ""tokens"": [""CD87""]}]}, {""sense"": ""positive"", ""pr"": ""PR:000002031"", ""asserted"": ""True"", ""paths"": [{""via"": ""exact_alias"", ""source_token"": ""CD13"", ""tokens"": [""CD13""]}]}, {""sense"": ""positive"", ""pr"": ""PR:000005307"", ""asserted"": ""True"", ""paths"": []}, {""sense"": ""positive"", ""pr"": ""PR:000005310"", ""asserted"": ""True"", ""paths"": []}, {""sense"": ""positive"", ""pr"": ""PR:000009725"", ""asserted"": ""True"", ""paths"": []}, {""sense"": ""positive"", ""pr"": ""PR:000009978"", ""asserted"": ""True"", ""paths"": []}, {""sense"": ""positive"", ""pr"": ""PR:000010543"", ""asserted"": ""True"", ""paths"": []}]"
SOULCAP:SC000023		B cell	B cell		Exact		1	CL:0000819	B-1 B cell	15	1	CD3-, CD45+, CD20+ (1 of 2 alt.), CD20+		CD14-/CD33-/CD64- (no axiom on any alt.), CD56-, CD127-, CD16-, CD15-/CD66B- (no axiom on any alt.), HLA-DR:not:positive/CD11C:not:high (no axiom on any alt.), CD123-	no		"[""marker_axioms"", ""local_lexical""]"	"{""query"": ""b cell"", ""exact"": false, ""token_jaccard"": 0.5}"	"[{""sense"": ""negative"", ""pr"": ""PR:000001020"", ""asserted"": ""False"", ""paths"": [{""via"": ""exact_alias"", ""source_token"": ""CD3"", ""tokens"": [""CD3""]}, {""via"": ""exact_alias"", ""source_token"": ""CD3E"", ""tokens"": [""CD3E""]}, {""via"": ""exact_alias"", ""source_token"": ""CD3E"", ""tokens"": [""CD3E""]}, {""via"": ""pro_id"", ""pr"": ""PR:000001020"", ""tokens"": [""CD3""]}]}, {""sense"": ""positive"", ""pr"": ""PR:000001002"", ""asserted"": ""False"", ""paths"": [{""via"": ""exact_alias"", ""source_token"": ""CD19"", ""tokens"": [""CD19""]}, {""via"": ""pro_id"", ""pr"": ""PR:000001002"", ""tokens"": [""CD19""]}]}, {""sense"": ""positive"", ""pr"": ""PR:000001006"", ""asserted"": ""False"", ""paths"": [{""via"": ""pro_id"", ""pr"": ""PR:000001006"", ""tokens"": [""CD45""]}]}, {""sense"": ""positive"", ""pr"": ""PR:000001014"", ""asserted"": ""True"", ""paths"": [{""via"": ""exact_alias"", ""source_token"": ""CD45RABC"", ""tokens"": [""CD45RABC""]}]}, {""sense"": ""positive"", ""pr"": ""PR:000001289"", ""asserted"": ""True"", ""paths"": [{""via"": ""exact_alias"", ""source_token"": ""CD20"", ""tokens"": [""CD20""]}, {""via"": ""pro_id"", ""pr"": ""PR:000001289"", ""tokens"": [""CD20""]}]}, {""sense"": ""positive"", ""pr"": ""PR:000001879"", ""asserted"": ""True"", ""paths"": []}]"
SOULCAP:SC000023		B cell	B cell		Exact		2	CL:0000820	B-1a B cell	15	1	CD3-, CD45+, CD20+ (1 of 2 alt.), CD20+		CD14-/CD33-/CD64- (no axiom on any alt.), CD56-, CD127-, CD16-, CD15-/CD66B- (no axiom on any alt.), HLA-DR:not:positive/CD11C:not:high (no axiom on any alt.), CD123-	no		"[""marker_axioms"", ""local_lexical""]"	"{""query"": ""b cell"", ""exact"": false, ""token_jaccard"": 0.5}"	"[{""sense"": ""negative"", ""pr"": ""PR:000001020"", ""asserted"": ""False"", ""paths"": [{""via"": ""exact_alias"", ""source_token"": ""CD3"", ""tokens"": [""CD3""]}, {""via"": ""exact_alias"", ""source_token"": ""CD3E"", ""tokens"": [""CD3E""]}, {""via"": ""exact_alias"", ""source_token"": ""CD3E"", ""tokens"": [""CD3E""]}, {""via"": ""pro_id"", ""pr"": ""PR:000001020"", ""tokens"": [""CD3""]}]}, {""sense"": ""positive"", ""pr"": ""PR:000001002"", ""asserted"": ""False"", ""paths"": [{""via"": ""exact_alias"", ""source_token"": ""CD19"", ""tokens"": [""CD19""]}, {""via"": ""pro_id"", ""pr"": ""PR:000001002"", ""tokens"": [""CD19""]}]}, {""sense"": ""positive"", ""pr"": ""PR:000001006"", ""asserted"": ""False"", ""paths"": [{""via"": ""pro_id"", ""pr"": ""PR:000001006"", ""tokens"": [""CD45""]}]}, {""sense"": ""positive"", ""pr"": ""PR:000001014"", ""asserted"": ""False"", ""paths"": [{""via"": ""exact_alias"", ""source_token"": ""CD45RABC"", ""tokens"": [""CD45RABC""]}]}, {""sense"": ""positive"", ""pr"": ""PR:000001289"", ""asserted"": ""False"", ""paths"": [{""via"": ""exact_alias"", ""source_token"": ""CD20"", ""tokens"": [""CD20""]}, {""via"": ""pro_id"", ""pr"": ""PR:000001289"", ""tokens"": [""CD20""]}]}, {""sense"": ""positive"", ""pr"": ""PR:000001839"", ""asserted"": ""True"", ""paths"": [{""via"": ""exact_alias"", ""source_token"": ""CD5"", ""tokens"": [""CD5""]}]}, {""sense"": ""positive"", ""pr"": ""PR:000001879"", ""asserted"": ""False"", ""paths"": []}]"
SOULCAP:SC000023		B cell	B cell		Exact		3	CL:0000821	B-1b B cell	15	1	CD3-, CD45+, CD20+ (1 of 2 alt.), CD20+		CD14-/CD33-/CD64- (no axiom on any alt.), CD56-, CD127-, CD16-, CD15-/CD66B- (no axiom on any alt.), HLA-DR:not:positive/CD11C:not:high (no axiom on any alt.), CD123-	no		"[""marker_axioms"", ""local_lexical""]"	"{""query"": ""b cell"", ""exact"": false, ""token_jaccard"": 0.5}"	"[{""sense"": ""negative"", ""pr"": ""PR:000001020"", ""asserted"": ""False"", ""paths"": [{""via"": ""exact_alias"", ""source_token"": ""CD3"", ""tokens"": [""CD3""]}, {""via"": ""exact_alias"", ""source_token"": ""CD3E"", ""tokens"": [""CD3E""]}, {""via"": ""exact_alias"", ""source_token"": ""CD3E"", ""tokens"": [""CD3E""]}, {""via"": ""pro_id"", ""pr"": ""PR:000001020"", ""tokens"": [""CD3""]}]}, {""sense"": ""negative"", ""pr"": ""PR:000001839"", ""asserted"": ""True"", ""paths"": [{""via"": ""exact_alias"", ""source_token"": ""CD5"", ""tokens"": [""CD5""]}]}, {""sense"": ""positive"", ""pr"": ""PR:000001002"", ""asserted"": ""False"", ""paths"": [{""via"": ""exact_alias"", ""source_token"": ""CD19"", ""tokens"": [""CD19""]}, {""via"": ""pro_id"", ""pr"": ""PR:000001002"", ""tokens"": [""CD19""]}]}, {""sense"": ""positive"", ""pr"": ""PR:000001006"", ""asserted"": ""False"", ""paths"": [{""via"": ""pro_id"", ""pr"": ""PR:000001006"", ""tokens"": [""CD45""]}]}, {""sense"": ""positive"", ""pr"": ""PR:000001014"", ""asserted"": ""False"", ""paths"": [{""via"": ""exact_alias"", ""source_token"": ""CD45RABC"", ""tokens"": [""CD45RABC""]}]}, {""sense"": ""positive"", ""pr"": ""PR:000001289"", ""asserted"": ""False"", ""paths"": [{""via"": ""exact_alias"", ""source_token"": ""CD20"", ""tokens"": [""CD20""]}, {""via"": ""pro_id"", ""pr"": ""PR:000001289"", ""tokens"": [""CD20""]}]}, {""sense"": ""positive"", ""pr"": ""PR:000001879"", ""asserted"": ""False"", ""paths"": []}]"
SOULCAP:SC000024		ASC	Antibody Secreting Cell		Surface Only (SO)		1	CL:0000949	IgD plasmablast	18	0	CD3-, CD19+, CD27+ (hi) (1 of 2 alt.), CD38:high (hi), CD20- (1 of 2 alt.)		CD14-/CD33-/CD64- (no axiom on any alt.), CD56-, CD45+, CD127-, CD16-, CD15-/CD66B- (no axiom on any alt.), HLA-DR:not:positive/CD11C:not:high (no axiom on any alt.), CD123-	no		"[""marker_axioms""]"	null	"[{""sense"": ""high"", ""pr"": ""PR:000001408"", ""asserted"": ""False"", ""paths"": [{""via"": ""exact_alias"", ""source_token"": ""CD38"", ""tokens"": [""CD38""]}, {""via"": ""pro_id"", ""pr"": ""PR:000001408"", ""tokens"": [""CD38""]}]}, {""sense"": ""high"", ""pr"": ""PR:000001963"", ""asserted"": ""False"", ""paths"": [{""via"": ""exact_alias"", ""source_token"": ""CD27"", ""tokens"": [""CD27""]}, {""via"": ""exact_alias"", ""source_token"": ""CD27L"", ""tokens"": [""CD27L""]}, {""via"": ""pro_id"", ""pr"": ""PR:000001963"", ""tokens"": [""CD27""]}]}, {""sense"": ""negative"", ""pr"": ""PR:000001020"", ""asserted"": ""False"", ""paths"": [{""via"": ""exact_alias"", ""source_token"": ""CD3"", ""tokens"": [""CD3""]}, {""via"": ""exact_alias"", ""source_token"": ""CD3E"", ""tokens"": [""CD3E""]}, {""via"": ""exact_alias"", ""source_token"": ""CD3E"", ""tokens"": [""CD3E""]}, {""via"": ""pro_id"", ""pr"": ""PR:000001020"", ""tokens"": [""CD3""]}]}, {""sense"": ""negative"", ""pr"": ""PR:000001289"", ""asserted"": ""False"", ""paths"": [{""via"": ""exact_alias"", ""source_token"": ""CD20"", ""tokens"": [""CD20""]}, {""via"": ""pro_id"", ""pr"": ""PR:000001289"", ""tokens"": [""CD20""]}]}, {""sense"": ""negative"", ""pr"": ""PR:000001935"", ""asserted"": ""False"", ""paths"": [{""via"": ""exact_alias"", ""source_token"": ""CD138"", ""tokens"": [""CD138""]}, {""via"": ""pro_id"", ""pr"": ""PR:000001935"", ""tokens"": [""CD138""]}]}, {""sense"": ""positive"", ""pr"": ""PR:000001002"", ""asserted"": ""False"", ""paths"": [{""via"": ""exact_alias"", ""source_token"": ""CD19"", ""tokens"": [""CD19""]}, {""via"": ""pro_id"", ""pr"": ""PR:000001002"", ""tokens"": [""CD19""]}]}]"
SOULCAP:SC000024		ASC	Antibody Secreting Cell		Surface Only (SO)		2	CL:0000950	IgE plasmablast	18	0	CD3-, CD19+, CD27+ (hi) (1 of 2 alt.), CD38:high (hi), CD20- (1 of 2 alt.)		CD14-/CD33-/CD64- (no axiom on any alt.), CD56-, CD45+, CD127-, CD16-, CD15-/CD66B- (no axiom on any alt.), HLA-DR:not:positive/CD11C:not:high (no axiom on any alt.), CD123-	no		"[""marker_axioms""]"	null	"[{""sense"": ""high"", ""pr"": ""PR:000001408"", ""asserted"": ""False"", ""paths"": [{""via"": ""exact_alias"", ""source_token"": ""CD38"", ""tokens"": [""CD38""]}, {""via"": ""pro_id"", ""pr"": ""PR:000001408"", ""tokens"": [""CD38""]}]}, {""sense"": ""high"", ""pr"": ""PR:000001963"", ""asserted"": ""False"", ""paths"": [{""via"": ""exact_alias"", ""source_token"": ""CD27"", ""tokens"": [""CD27""]}, {""via"": ""exact_alias"", ""source_token"": ""CD27L"", ""tokens"": [""CD27L""]}, {""via"": ""pro_id"", ""pr"": ""PR:000001963"", ""tokens"": [""CD27""]}]}, {""sense"": ""negative"", ""pr"": ""PR:000001020"", ""asserted"": ""False"", ""paths"": [{""via"": ""exact_alias"", ""source_token"": ""CD3"", ""tokens"": [""CD3""]}, {""via"": ""exact_alias"", ""source_token"": ""CD3E"", ""tokens"": [""CD3E""]}, {""via"": ""exact_alias"", ""source_token"": ""CD3E"", ""tokens"": [""CD3E""]}, {""via"": ""pro_id"", ""pr"": ""PR:000001020"", ""tokens"": [""CD3""]}]}, {""sense"": ""negative"", ""pr"": ""PR:000001289"", ""asserted"": ""False"", ""paths"": [{""via"": ""exact_alias"", ""source_token"": ""CD20"", ""tokens"": [""CD20""]}, {""via"": ""pro_id"", ""pr"": ""PR:000001289"", ""tokens"": [""CD20""]}]}, {""sense"": ""negative"", ""pr"": ""PR:000001935"", ""asserted"": ""False"", ""paths"": [{""via"": ""exact_alias"", ""source_token"": ""CD138"", ""tokens"": [""CD138""]}, {""via"": ""pro_id"", ""pr"": ""PR:000001935"", ""tokens"": [""CD138""]}]}, {""sense"": ""positive"", ""pr"": ""PR:000001002"", ""asserted"": ""False"", ""paths"": [{""via"": ""exact_alias"", ""source_token"": ""CD19"", ""tokens"": [""CD19""]}, {""via"": ""pro_id"", ""pr"": ""PR:000001002"", ""tokens"": [""CD19""]}]}]"
SOULCAP:SC000024		ASC	Antibody Secreting Cell		Surface Only (SO)		3	CL:0000980	plasmablast	18	0	CD3-, CD19+, CD27+ (hi) (1 of 2 alt.), CD38:high (hi), CD20- (1 of 2 alt.)		CD14-/CD33-/CD64- (no axiom on any alt.), CD56-, CD45+, CD127-, CD16-, CD15-/CD66B- (no axiom on any alt.), HLA-DR:not:positive/CD11C:not:high (no axiom on any alt.), CD123-	no		"[""marker_axioms""]"	null	"[{""sense"": ""high"", ""pr"": ""PR:000001408"", ""asserted"": ""True"", ""paths"": [{""via"": ""exact_alias"", ""source_token"": ""CD38"", ""tokens"": [""CD38""]}, {""via"": ""pro_id"", ""pr"": ""PR:000001408"", ""tokens"": [""CD38""]}]}, {""sense"": ""high"", ""pr"": ""PR:000001963"", ""asserted"": ""True"", ""paths"": [{""via"": ""exact_alias"", ""source_token"": ""CD27"", ""tokens"": [""CD27""]}, {""via"": ""exact_alias"", ""source_token"": ""CD27L"", ""tokens"": [""CD27L""]}, {""via"": ""pro_id"", ""pr"": ""PR:000001963"", ""tokens"": [""CD27""]}]}, {""sense"": ""negative"", ""pr"": ""PR:000001020"", ""asserted"": ""False"", ""paths"": [{""via"": ""exact_alias"", ""source_token"": ""CD3"", ""tokens"": [""CD3""]}, {""via"": ""exact_alias"", ""source_token"": ""CD3E"", ""tokens"": [""CD3E""]}, {""via"": ""exact_alias"", ""source_token"": ""CD3E"", ""tokens"": [""CD3E""]}, {""via"": ""pro_id"", ""pr"": ""PR:000001020"", ""tokens"": [""CD3""]}]}, {""sense"": ""negative"", ""pr"": ""PR:000001289"", ""asserted"": ""True"", ""paths"": [{""via"": ""exact_alias"", ""source_token"": ""CD20"", ""tokens"": [""CD20""]}, {""via"": ""pro_id"", ""pr"": ""PR:000001289"", ""tokens"": [""CD20""]}]}, {""sense"": ""negative"", ""pr"": ""PR:000001935"", ""asserted"": ""True"", ""paths"": [{""via"": ""exact_alias"", ""source_token"": ""CD138"", ""tokens"": [""CD138""]}, {""via"": ""pro_id"", ""pr"": ""PR:000001935"", ""tokens"": [""CD138""]}]}, {""sense"": ""positive"", ""pr"": ""PR:000001002"", ""asserted"": ""False"", ""paths"": [{""via"": ""exact_alias"", ""source_token"": ""CD19"", ""tokens"": [""CD19""]}, {""via"": ""pro_id"", ""pr"": ""PR:000001002"", ""tokens"": [""CD19""]}]}]"
SOULCAP:SC000025		PB	Plasmablast	ASC	Surface Only (SO)		1	CL:0000949	IgD plasmablast	23	1	CD3-, CD19+, CD27+ (hi) (1 of 2 alt.), CD38:high (hi), CD138-, CD20- (1 of 2 alt.)		CD14-/CD33-/CD64- (no axiom on any alt.), CD56-, CD45+, CD127-, CD16-, CD15-/CD66B- (no axiom on any alt.), HLA-DR:not:positive/CD11C:not:high (no axiom on any alt.), CD123-	no		"[""marker_axioms"", ""local_lexical""]"	"{""query"": ""plasmablast"", ""exact"": false, ""token_jaccard"": 0.5}"	"[{""sense"": ""high"", ""pr"": ""PR:000001408"", ""asserted"": ""False"", ""paths"": [{""via"": ""exact_alias"", ""source_token"": ""CD38"", ""tokens"": [""CD38""]}, {""via"": ""pro_id"", ""pr"": ""PR:000001408"", ""tokens"": [""CD38""]}]}, {""sense"": ""high"", ""pr"": ""PR:000001963"", ""asserted"": ""False"", ""paths"": [{""via"": ""exact_alias"", ""source_token"": ""CD27"", ""tokens"": [""CD27""]}, {""via"": ""exact_alias"", ""source_token"": ""CD27L"", ""tokens"": [""CD27L""]}, {""via"": ""pro_id"", ""pr"": ""PR:000001963"", ""tokens"": [""CD27""]}]}, {""sense"": ""negative"", ""pr"": ""PR:000001020"", ""asserted"": ""False"", ""paths"": [{""via"": ""exact_alias"", ""source_token"": ""CD3"", ""tokens"": [""CD3""]}, {""via"": ""exact_alias"", ""source_token"": ""CD3E"", ""tokens"": [""CD3E""]}, {""via"": ""exact_alias"", ""source_token"": ""CD3E"", ""tokens"": [""CD3E""]}, {""via"": ""pro_id"", ""pr"": ""PR:000001020"", ""tokens"": [""CD3""]}]}, {""sense"": ""negative"", ""pr"": ""PR:000001289"", ""asserted"": ""False"", ""paths"": [{""via"": ""exact_alias"", ""source_token"": ""CD20"", ""tokens"": [""CD20""]}, {""via"": ""pro_id"", ""pr"": ""PR:000001289"", ""tokens"": [""CD20""]}]}, {""sense"": ""negative"", ""pr"": ""PR:000001935"", ""asserted"": ""False"", ""paths"": [{""via"": ""exact_alias"", ""source_token"": ""CD138"", ""tokens"": [""CD138""]}, {""via"": ""pro_id"", ""pr"": ""PR:000001935"", ""tokens"": [""CD138""]}]}, {""sense"": ""positive"", ""pr"": ""PR:000001002"", ""asserted"": ""False"", ""paths"": [{""via"": ""exact_alias"", ""source_token"": ""CD19"", ""tokens"": [""CD19""]}, {""via"": ""pro_id"", ""pr"": ""PR:000001002"", ""tokens"": [""CD19""]}]}]"
SOULCAP:SC000025		PB	Plasmablast	ASC	Surface Only (SO)		2	CL:0000950	IgE plasmablast	23	1	CD3-, CD19+, CD27+ (hi) (1 of 2 alt.), CD38:high (hi), CD138-, CD20- (1 of 2 alt.)		CD14-/CD33-/CD64- (no axiom on any alt.), CD56-, CD45+, CD127-, CD16-, CD15-/CD66B- (no axiom on any alt.), HLA-DR:not:positive/CD11C:not:high (no axiom on any alt.), CD123-	no		"[""marker_axioms"", ""local_lexical""]"	"{""query"": ""plasmablast"", ""exact"": false, ""token_jaccard"": 0.5}"	"[{""sense"": ""high"", ""pr"": ""PR:000001408"", ""asserted"": ""False"", ""paths"": [{""via"": ""exact_alias"", ""source_token"": ""CD38"", ""tokens"": [""CD38""]}, {""via"": ""pro_id"", ""pr"": ""PR:000001408"", ""tokens"": [""CD38""]}]}, {""sense"": ""high"", ""pr"": ""PR:000001963"", ""asserted"": ""False"", ""paths"": [{""via"": ""exact_alias"", ""source_token"": ""CD27"", ""tokens"": [""CD27""]}, {""via"": ""exact_alias"", ""source_token"": ""CD27L"", ""tokens"": [""CD27L""]}, {""via"": ""pro_id"", ""pr"": ""PR:000001963"", ""tokens"": [""CD27""]}]}, {""sense"": ""negative"", ""pr"": ""PR:000001020"", ""asserted"": ""False"", ""paths"": [{""via"": ""exact_alias"", ""source_token"": ""CD3"", ""tokens"": [""CD3""]}, {""via"": ""exact_alias"", ""source_token"": ""CD3E"", ""tokens"": [""CD3E""]}, {""via"": ""exact_alias"", ""source_token"": ""CD3E"", ""tokens"": [""CD3E""]}, {""via"": ""pro_id"", ""pr"": ""PR:000001020"", ""tokens"": [""CD3""]}]}, {""sense"": ""negative"", ""pr"": ""PR:000001289"", ""asserted"": ""False"", ""paths"": [{""via"": ""exact_alias"", ""source_token"": ""CD20"", ""tokens"": [""CD20""]}, {""via"": ""pro_id"", ""pr"": ""PR:000001289"", ""tokens"": [""CD20""]}]}, {""sense"": ""negative"", ""pr"": ""PR:000001935"", ""asserted"": ""False"", ""paths"": [{""via"": ""exact_alias"", ""source_token"": ""CD138"", ""tokens"": [""CD138""]}, {""via"": ""pro_id"", ""pr"": ""PR:000001935"", ""tokens"": [""CD138""]}]}, {""sense"": ""positive"", ""pr"": ""PR:000001002"", ""asserted"": ""False"", ""paths"": [{""via"": ""exact_alias"", ""source_token"": ""CD19"", ""tokens"": [""CD19""]}, {""via"": ""pro_id"", ""pr"": ""PR:000001002"", ""tokens"": [""CD19""]}]}]"
SOULCAP:SC000025		PB	Plasmablast	ASC	Surface Only (SO)		3	CL:0000980	plasmablast	23	1	CD3-, CD19+, CD27+ (hi) (1 of 2 alt.), CD38:high (hi), CD138-, CD20- (1 of 2 alt.)		CD14-/CD33-/CD64- (no axiom on any alt.), CD56-, CD45+, CD127-, CD16-, CD15-/CD66B- (no axiom on any alt.), HLA-DR:not:positive/CD11C:not:high (no axiom on any alt.), CD123-	no		"[""marker_axioms"", ""local_lexical""]"	"{""query"": ""plasmablast"", ""exact"": true, ""token_jaccard"": 1.0}"	"[{""sense"": ""high"", ""pr"": ""PR:000001408"", ""asserted"": ""True"", ""paths"": [{""via"": ""exact_alias"", ""source_token"": ""CD38"", ""tokens"": [""CD38""]}, {""via"": ""pro_id"", ""pr"": ""PR:000001408"", ""tokens"": [""CD38""]}]}, {""sense"": ""high"", ""pr"": ""PR:000001963"", ""asserted"": ""True"", ""paths"": [{""via"": ""exact_alias"", ""source_token"": ""CD27"", ""tokens"": [""CD27""]}, {""via"": ""exact_alias"", ""source_token"": ""CD27L"", ""tokens"": [""CD27L""]}, {""via"": ""pro_id"", ""pr"": ""PR:000001963"", ""tokens"": [""CD27""]}]}, {""sense"": ""negative"", ""pr"": ""PR:000001020"", ""asserted"": ""False"", ""paths"": [{""via"": ""exact_alias"", ""source_token"": ""CD3"", ""tokens"": [""CD3""]}, {""via"": ""exact_alias"", ""source_token"": ""CD3E"", ""tokens"": [""CD3E""]}, {""via"": ""exact_alias"", ""source_token"": ""CD3E"", ""tokens"": [""CD3E""]}, {""via"": ""pro_id"", ""pr"": ""PR:000001020"", ""tokens"": [""CD3""]}]}, {""sense"": ""negative"", ""pr"": ""PR:000001289"", ""asserted"": ""True"", ""paths"": [{""via"": ""exact_alias"", ""source_token"": ""CD20"", ""tokens"": [""CD20""]}, {""via"": ""pro_id"", ""pr"": ""PR:000001289"", ""tokens"": [""CD20""]}]}, {""sense"": ""negative"", ""pr"": ""PR:000001935"", ""asserted"": ""True"", ""paths"": [{""via"": ""exact_alias"", ""source_token"": ""CD138"", ""tokens"": [""CD138""]}, {""via"": ""pro_id"", ""pr"": ""PR:000001935"", ""tokens"": [""CD138""]}]}, {""sense"": ""positive"", ""pr"": ""PR:000001002"", ""asserted"": ""False"", ""paths"": [{""via"": ""exact_alias"", ""source_token"": ""CD19"", ""tokens"": [""CD19""]}, {""via"": ""pro_id"", ""pr"": ""PR:000001002"", ""tokens"": [""CD19""]}]}]"
SOULCAP:SC000026		PC	Plasma Cell	ASC	Surface Only (SO)		1	CL:0002047	fraction B precursor B cell	13	1	CD3-, CD45+, CD19+		CD14-/CD33-/CD64- (no axiom on any alt.), CD56-, CD27+/CD27:high (no axiom on any alt.), CD38:high, CD138+, CD127-, CD16-, CD15-/CD66B- (no axiom on any alt.), HLA-DR:not:positive/CD11C:not:high (no axiom on any alt.), CD123-, CD20-	no		"[""marker_axioms""]"	null	"[{""sense"": ""negative"", ""pr"": ""PR:000001020"", ""asserted"": ""False"", ""paths"": [{""via"": ""exact_alias"", ""source_token"": ""CD3"", ""tokens"": [""CD3""]}, {""via"": ""exact_alias"", ""source_token"": ""CD3E"", ""tokens"": [""CD3E""]}, {""via"": ""exact_alias"", ""source_token"": ""CD3E"", ""tokens"": [""CD3E""]}, {""via"": ""pro_id"", ""pr"": ""PR:000001020"", ""tokens"": [""CD3""]}]}, {""sense"": ""negative"", ""pr"": ""PR:000002039"", ""asserted"": ""True"", ""paths"": [{""via"": ""exact_alias"", ""source_token"": ""CD249"", ""tokens"": [""CD249""]}]}, {""sense"": ""positive"", ""pr"": ""PR:000001002"", ""asserted"": ""False"", ""paths"": [{""via"": ""exact_alias"", ""source_token"": ""CD19"", ""tokens"": [""CD19""]}, {""via"": ""pro_id"", ""pr"": ""PR:000001002"", ""tokens"": [""CD19""]}]}, {""sense"": ""positive"", ""pr"": ""PR:000001006"", ""asserted"": ""False"", ""paths"": [{""via"": ""pro_id"", ""pr"": ""PR:000001006"", ""tokens"": [""CD45""]}]}, {""sense"": ""positive"", ""pr"": ""PR:000001014"", ""asserted"": ""True"", ""paths"": [{""via"": ""exact_alias"", ""source_token"": ""CD45RABC"", ""tokens"": [""CD45RABC""]}]}, {""sense"": ""positive"", ""pr"": ""PR:000001879"", ""asserted"": ""False"", ""paths"": []}, {""sense"": ""positive"", ""pr"": ""PR:000001898"", ""asserted"": ""False"", ""paths"": [{""via"": ""exact_alias"", ""source_token"": ""CD10"", ""tokens"": [""CD10""]}, {""via"": ""pro_id"", ""pr"": ""PR:000001898"", ""tokens"": [""CD10""]}]}, {""sense"": ""positive"", ""pr"": ""PR:000001932"", ""asserted"": ""False"", ""paths"": [{""via"": ""exact_alias"", ""source_token"": ""CD24"", ""tokens"": [""CD24""]}, {""via"": ""pro_id"", ""pr"": ""PR:000001932"", ""tokens"": [""CD24""]}]}, {""sense"": ""positive"", ""pr"": ""PR:000002037"", ""asserted"": ""False"", ""paths"": [{""via"": ""exact_alias"", ""source_token"": ""CD93"", ""tokens"": [""CD93""]}, {""via"": ""exact_alias"", ""source_token"": ""CDW93"", ""tokens"": [""CDW93""]}]}]"
SOULCAP:SC000026		PC	Plasma Cell	ASC	Surface Only (SO)		2	CL:0002049	fraction C precursor B cell	13	1	CD3-, CD45+, CD19+		CD14-/CD33-/CD64- (no axiom on any alt.), CD56-, CD27+/CD27:high (no axiom on any alt.), CD38:high, CD138+, CD127-, CD16-, CD15-/CD66B- (no axiom on any alt.), HLA-DR:not:positive/CD11C:not:high (no axiom on any alt.), CD123-, CD20-	no		"[""marker_axioms""]"	null	"[{""sense"": ""negative"", ""pr"": ""PR:000001020"", ""asserted"": ""False"", ""paths"": [{""via"": ""exact_alias"", ""source_token"": ""CD3"", ""tokens"": [""CD3""]}, {""via"": ""exact_alias"", ""source_token"": ""CD3E"", ""tokens"": [""CD3E""]}, {""via"": ""exact_alias"", ""source_token"": ""CD3E"", ""tokens"": [""CD3E""]}, {""via"": ""pro_id"", ""pr"": ""PR:000001020"", ""tokens"": [""CD3""]}]}, {""sense"": ""positive"", ""pr"": ""PR:000001002"", ""asserted"": ""False"", ""paths"": [{""via"": ""exact_alias"", ""source_token"": ""CD19"", ""tokens"": [""CD19""]}, {""via"": ""pro_id"", ""pr"": ""PR:000001002"", ""tokens"": [""CD19""]}]}, {""sense"": ""positive"", ""pr"": ""PR:000001006"", ""asserted"": ""False"", ""paths"": [{""via"": ""pro_id"", ""pr"": ""PR:000001006"", ""tokens"": [""CD45""]}]}, {""sense"": ""positive"", ""pr"": ""PR:000001014"", ""asserted"": ""True"", ""paths"": [{""via"": ""exact_alias"", ""source_token"": ""CD45RABC"", ""tokens"": [""CD45RABC""]}]}, {""sense"": ""positive"", ""pr"": ""PR:000001858"", ""asserted"": ""True"", ""paths"": [{""via"": ""exact_alias"", ""source_token"": ""CD179"", ""tokens"": [""CD179""]}, {""via"": ""exact_alias"", ""source_token"": ""CD179A"", ""tokens"": [""CD179A""]}]}, {""sense"": ""positive"", ""pr"": ""PR:000001859"", ""asserted"": ""True"", ""paths"": [{""via"": ""exact_alias"", ""source_token"": ""CD179"", ""tokens"": [""CD179""]}, {""via"": ""exact_alias"", ""source_token"": ""CD179B"", ""tokens"": [""CD179B""]}]}, {""sense"": ""positive"", ""pr"": ""PR:000001879"", ""asserted"": ""False"", ""paths"": []}, {""sense"": ""positive"", ""pr"": ""PR:000001898"", ""asserted"": ""False"", ""paths"": [{""via"": ""exact_alias"", ""source_token"": ""CD10"", ""tokens"": [""CD10""]}, {""via"": ""pro_id"", ""pr"": ""PR:000001898"", ""tokens"": [""CD10""]}]}, {""sense"": ""positive"", ""pr"": ""PR:000001932"", ""asserted"": ""False"", ""paths"": [{""via"": ""exact_alias"", ""source_token"": ""CD24"", ""tokens"": [""CD24""]}, {""via"": ""pro_id"", ""pr"": ""PR:000001932"", ""tokens"": [""CD24""]}]}, {""sense"": ""positive"", ""pr"": ""PR:000002037"", ""asserted"": ""False"", ""paths"": [{""via"": ""exact_alias"", ""source_token"": ""CD93"", ""tokens"": [""CD93""]}, {""via"": ""exact_alias"", ""source_token"": ""CDW93"", ""tokens"": [""CDW93""]}]}, {""sense"": ""positive"", ""pr"": ""PR:000002039"", ""asserted"": ""True"", ""paths"": [{""via"": ""exact_alias"", ""source_token"": ""CD249"", ""tokens"": [""CD249""]}]}, {""sense"": ""positive"", ""pr"": ""PR:000003457"", ""asserted"": ""True"", ""paths"": []}, {""sense"": ""positive"", ""pr"": ""PR:000003460"", ""asserted"": ""True"", ""paths"": []}]"
SOULCAP:SC000026		PC	Plasma Cell	ASC	Surface Only (SO)		3	CL:0002050	fraction C' precursor B cell	13	1	CD3-, CD45+, CD19+		CD14-/CD33-/CD64- (no axiom on any alt.), CD56-, CD27+/CD27:high (no axiom on any alt.), CD38:high, CD138+, CD127-, CD16-, CD15-/CD66B- (no axiom on any alt.), HLA-DR:not:positive/CD11C:not:high (no axiom on any alt.), CD123-, CD20-	no		"[""marker_axioms""]"	null	"[{""sense"": ""high"", ""pr"": ""PR:000001932"", ""asserted"": ""True"", ""paths"": [{""via"": ""exact_alias"", ""source_token"": ""CD24"", ""tokens"": [""CD24""]}, {""via"": ""pro_id"", ""pr"": ""PR:000001932"", ""tokens"": [""CD24""]}]}, {""sense"": ""negative"", ""pr"": ""PR:000001020"", ""asserted"": ""False"", ""paths"": [{""via"": ""exact_alias"", ""source_token"": ""CD3"", ""tokens"": [""CD3""]}, {""via"": ""exact_alias"", ""source_token"": ""CD3E"", ""tokens"": [""CD3E""]}, {""via"": ""exact_alias"", ""source_token"": ""CD3E"", ""tokens"": [""CD3E""]}, {""via"": ""pro_id"", ""pr"": ""PR:000001020"", ""tokens"": [""CD3""]}]}, {""sense"": ""positive"", ""pr"": ""PR:000001002"", ""asserted"": ""False"", ""paths"": [{""via"": ""exact_alias"", ""source_token"": ""CD19"", ""tokens"": [""CD19""]}, {""via"": ""pro_id"", ""pr"": ""PR:000001002"", ""tokens"": [""CD19""]}]}, {""sense"": ""positive"", ""pr"": ""PR:000001006"", ""asserted"": ""False"", ""paths"": [{""via"": ""pro_id"", ""pr"": ""PR:000001006"", ""tokens"": [""CD45""]}]}, {""sense"": ""positive"", ""pr"": ""PR:000001014"", ""asserted"": ""True"", ""paths"": [{""via"": ""exact_alias"", ""source_token"": ""CD45RABC"", ""tokens"": [""CD45RABC""]}]}, {""sense"": ""positive"", ""pr"": ""PR:000001380"", ""asserted"": ""True"", ""paths"": [{""via"": ""exact_alias"", ""source_token"": ""CD25"", ""tokens"": [""CD25""]}, {""via"": ""pro_id"", ""pr"": ""PR:000001380"", ""tokens"": [""CD25""]}]}, {""sense"": ""positive"", ""pr"": ""PR:000001879"", ""asserted"": ""True"", ""paths"": []}, {""sense"": ""positive"", ""pr"": ""PR:000001898"", ""asserted"": ""False"", ""paths"": [{""via"": ""exact_alias"", ""source_token"": ""CD10"", ""tokens"": [""CD10""]}, {""via"": ""pro_id"", ""pr"": ""PR:000001898"", ""tokens"": [""CD10""]}]}, {""sense"": ""positive"", ""pr"": ""PR:000002039"", ""asserted"": ""True"", ""paths"": [{""via"": ""exact_alias"", ""source_token"": ""CD249"", ""tokens"": [""CD249""]}]}]"
SOULCAP:SC000027		Transitional	Transitional B cell		Exact											no qualified markers found			
SOULCAP:SC000028		T1/T2 B	Transitonal B cell 1 and 2				1	CL:0000818	transitional stage B cell	19	1	CD3-, CD20+ (1 of 2 alt.), CD38:high (hi) (1 of 2 alt.), CD24:high (hi), CD20+		CD14-/CD33-/CD64- (no axiom on any alt.), CD56-, CD45+, CD27-, CD127-, CD16-, CD15-/CD66B- (no axiom on any alt.), HLA-DR:not:positive/CD11C:not:high (no axiom on any alt.), CD123-	no		"[""marker_axioms""]"	null	"[{""sense"": ""high"", ""pr"": ""PR:000001408"", ""asserted"": ""True"", ""paths"": [{""via"": ""exact_alias"", ""source_token"": ""CD38"", ""tokens"": [""CD38""]}, {""via"": ""pro_id"", ""pr"": ""PR:000001408"", ""tokens"": [""CD38""]}]}, {""sense"": ""high"", ""pr"": ""PR:000001932"", ""asserted"": ""True"", ""paths"": [{""via"": ""exact_alias"", ""source_token"": ""CD24"", ""tokens"": [""CD24""]}, {""via"": ""pro_id"", ""pr"": ""PR:000001932"", ""tokens"": [""CD24""]}]}, {""sense"": ""negative"", ""pr"": ""PR:000001020"", ""asserted"": ""False"", ""paths"": [{""via"": ""exact_alias"", ""source_token"": ""CD3"", ""tokens"": [""CD3""]}, {""via"": ""exact_alias"", ""source_token"": ""CD3E"", ""tokens"": [""CD3E""]}, {""via"": ""exact_alias"", ""source_token"": ""CD3E"", ""tokens"": [""CD3E""]}, {""via"": ""pro_id"", ""pr"": ""PR:000001020"", ""tokens"": [""CD3""]}]}, {""sense"": ""positive"", ""pr"": ""PR:000001002"", ""asserted"": ""False"", ""paths"": [{""via"": ""exact_alias"", ""source_token"": ""CD19"", ""tokens"": [""CD19""]}, {""via"": ""pro_id"", ""pr"": ""PR:000001002"", ""tokens"": [""CD19""]}]}, {""sense"": ""positive"", ""pr"": ""PR:000001289"", ""asserted"": ""True"", ""paths"": [{""via"": ""exact_alias"", ""source_token"": ""CD20"", ""tokens"": [""CD20""]}, {""via"": ""pro_id"", ""pr"": ""PR:000001289"", ""tokens"": [""CD20""]}]}]"
SOULCAP:SC000028		T1/T2 B	Transitonal B cell 1 and 2				2	CL:0000958	T1 B cell	19	1	CD3-, CD20+ (1 of 2 alt.), CD38:high (hi) (1 of 2 alt.), CD24:high (hi), CD20+		CD14-/CD33-/CD64- (no axiom on any alt.), CD56-, CD45+, CD27-, CD127-, CD16-, CD15-/CD66B- (no axiom on any alt.), HLA-DR:not:positive/CD11C:not:high (no axiom on any alt.), CD123-	no		"[""marker_axioms""]"	null	"[{""sense"": ""high"", ""pr"": ""PR:000001408"", ""asserted"": ""False"", ""paths"": [{""via"": ""exact_alias"", ""source_token"": ""CD38"", ""tokens"": [""CD38""]}, {""via"": ""pro_id"", ""pr"": ""PR:000001408"", ""tokens"": [""CD38""]}]}, {""sense"": ""high"", ""pr"": ""PR:000001932"", ""asserted"": ""False"", ""paths"": [{""via"": ""exact_alias"", ""source_token"": ""CD24"", ""tokens"": [""CD24""]}, {""via"": ""pro_id"", ""pr"": ""PR:000001932"", ""tokens"": [""CD24""]}]}, {""sense"": ""negative"", ""pr"": ""PR:000001020"", ""asserted"": ""False"", ""paths"": [{""via"": ""exact_alias"", ""source_token"": ""CD3"", ""tokens"": [""CD3""]}, {""via"": ""exact_alias"", ""source_token"": ""CD3E"", ""tokens"": [""CD3E""]}, {""via"": ""exact_alias"", ""source_token"": ""CD3E"", ""tokens"": [""CD3E""]}, {""via"": ""pro_id"", ""pr"": ""PR:000001020"", ""tokens"": [""CD3""]}]}, {""sense"": ""negative"", ""pr"": ""PR:000001318"", ""asserted"": ""True"", ""paths"": [{""via"": ""exact_alias"", ""source_token"": ""CD62"", ""tokens"": [""CD62""]}, {""via"": ""exact_alias"", ""source_token"": ""CD62L"", ""tokens"": [""CD62L""]}]}, {""sense"": ""negative"", ""pr"": ""PR:000001338"", ""asserted"": ""True"", ""paths"": [{""via"": ""exact_alias"", ""source_token"": ""CD21"", ""tokens"": [""CD21""]}, {""via"": ""pro_id"", ""pr"": ""PR:000001338"", ""tokens"": [""CD21""]}]}, {""sense"": ""negative"", ""pr"": ""PR:000001880"", ""asserted"": ""True"", ""paths"": [{""via"": ""exact_alias"", ""source_token"": ""CD23"", ""tokens"": [""CD23""]}]}, {""sense"": ""positive"", ""pr"": ""PR:000001002"", ""asserted"": ""False"", ""paths"": [{""via"": ""exact_alias"", ""source_token"": ""CD19"", ""tokens"": [""CD19""]}, {""via"": ""pro_id"", ""pr"": ""PR:000001002"", ""tokens"": [""CD19""]}]}, {""sense"": ""positive"", ""pr"": ""PR:000001289"", ""asserted"": ""False"", ""paths"": [{""via"": ""exact_alias"", ""source_token"": ""CD20"", ""tokens"": [""CD20""]}, {""via"": ""pro_id"", ""pr"": ""PR:000001289"", ""tokens"": [""CD20""]}]}, {""sense"": ""positive"", ""pr"": ""PR:000002037"", ""asserted"": ""True"", ""paths"": [{""via"": ""exact_alias"", ""source_token"": ""CD93"", ""tokens"": [""CD93""]}, {""via"": ""exact_alias"", ""source_token"": ""CDW93"", ""tokens"": [""CDW93""]}]}]"
SOULCAP:SC000028		T1/T2 B	Transitonal B cell 1 and 2				3	CL:0000959	T2 B cell	19	1	CD3-, CD20+ (1 of 2 alt.), CD38:high (hi) (1 of 2 alt.), CD24:high (hi), CD20+		CD14-/CD33-/CD64- (no axiom on any alt.), CD56-, CD45+, CD27-, CD127-, CD16-, CD15-/CD66B- (no axiom on any alt.), HLA-DR:not:positive/CD11C:not:high (no axiom on any alt.), CD123-	no		"[""marker_axioms""]"	null	"[{""sense"": ""high"", ""pr"": ""PR:000001408"", ""asserted"": ""False"", ""paths"": [{""via"": ""exact_alias"", ""source_token"": ""CD38"", ""tokens"": [""CD38""]}, {""via"": ""pro_id"", ""pr"": ""PR:000001408"", ""tokens"": [""CD38""]}]}, {""sense"": ""high"", ""pr"": ""PR:000001932"", ""asserted"": ""False"", ""paths"": [{""via"": ""exact_alias"", ""source_token"": ""CD24"", ""tokens"": [""CD24""]}, {""via"": ""pro_id"", ""pr"": ""PR:000001932"", ""tokens"": [""CD24""]}]}, {""sense"": ""negative"", ""pr"": ""PR:000001020"", ""asserted"": ""False"", ""paths"": [{""via"": ""exact_alias"", ""source_token"": ""CD3"", ""tokens"": [""CD3""]}, {""via"": ""exact_alias"", ""source_token"": ""CD3E"", ""tokens"": [""CD3E""]}, {""via"": ""exact_alias"", ""source_token"": ""CD3E"", ""tokens"": [""CD3E""]}, {""via"": ""pro_id"", ""pr"": ""PR:000001020"", ""tokens"": [""CD3""]}]}, {""sense"": ""negative"", ""pr"": ""PR:000001318"", ""asserted"": ""True"", ""paths"": [{""via"": ""exact_alias"", ""source_token"": ""CD62"", ""tokens"": [""CD62""]}, {""via"": ""exact_alias"", ""source_token"": ""CD62L"", ""tokens"": [""CD62L""]}]}, {""sense"": ""positive"", ""pr"": ""PR:000001002"", ""asserted"": ""False"", ""paths"": [{""via"": ""exact_alias"", ""source_token"": ""CD19"", ""tokens"": [""CD19""]}, {""via"": ""pro_id"", ""pr"": ""PR:000001002"", ""tokens"": [""CD19""]}]}, {""sense"": ""positive"", ""pr"": ""PR:000001289"", ""asserted"": ""False"", ""paths"": [{""via"": ""exact_alias"", ""source_token"": ""CD20"", ""tokens"": [""CD20""]}, {""via"": ""pro_id"", ""pr"": ""PR:000001289"", ""tokens"": [""CD20""]}]}, {""sense"": ""positive"", ""pr"": ""PR:000001338"", ""asserted"": ""True"", ""paths"": [{""via"": ""exact_alias"", ""source_token"": ""CD21"", ""tokens"": [""CD21""]}, {""via"": ""pro_id"", ""pr"": ""PR:000001338"", ""tokens"": [""CD21""]}]}, {""sense"": ""positive"", ""pr"": ""PR:000001880"", ""asserted"": ""True"", ""paths"": [{""via"": ""exact_alias"", ""source_token"": ""CD23"", ""tokens"": [""CD23""]}]}, {""sense"": ""positive"", ""pr"": ""PR:000002037"", ""asserted"": ""True"", ""paths"": [{""via"": ""exact_alias"", ""source_token"": ""CD93"", ""tokens"": [""CD93""]}, {""via"": ""exact_alias"", ""source_token"": ""CDW93"", ""tokens"": [""CDW93""]}]}]"
SOULCAP:SC000029		Mature B	Mature B cell		Exact		1	CL:0000961	Bm1 B cell	19	1	CD3-, CD45+, CD20+ (1 of 2 alt.), CD38- (1 of 2 alt.), CD20+		CD14-/CD33-/CD64- (no axiom on any alt.), CD56-, CD27-, CD127-, CD16-, CD15-/CD66B- (no axiom on any alt.), HLA-DR:not:positive/CD11C:not:high (no axiom on any alt.), CD123-	no		"[""marker_axioms""]"	null	"[{""sense"": ""negative"", ""pr"": ""PR:000001020"", ""asserted"": ""False"", ""paths"": [{""via"": ""exact_alias"", ""source_token"": ""CD3"", ""tokens"": [""CD3""]}, {""via"": ""exact_alias"", ""source_token"": ""CD3E"", ""tokens"": [""CD3E""]}, {""via"": ""exact_alias"", ""source_token"": ""CD3E"", ""tokens"": [""CD3E""]}, {""via"": ""pro_id"", ""pr"": ""PR:000001020"", ""tokens"": [""CD3""]}]}, {""sense"": ""negative"", ""pr"": ""PR:000001408"", ""asserted"": ""True"", ""paths"": [{""via"": ""exact_alias"", ""source_token"": ""CD38"", ""tokens"": [""CD38""]}, {""via"": ""pro_id"", ""pr"": ""PR:000001408"", ""tokens"": [""CD38""]}]}, {""sense"": ""negative"", ""pr"": ""PR:000001839"", ""asserted"": ""False"", ""paths"": [{""via"": ""exact_alias"", ""source_token"": ""CD5"", ""tokens"": [""CD5""]}]}, {""sense"": ""negative"", ""pr"": ""PR:000001879"", ""asserted"": ""False"", ""paths"": []}, {""sense"": ""negative"", ""pr"": ""PR:000001880"", ""asserted"": ""True"", ""paths"": [{""via"": ""exact_alias"", ""source_token"": ""CD23"", ""tokens"": [""CD23""]}]}, {""sense"": ""negative"", ""pr"": ""PR:000002037"", ""asserted"": ""False"", ""paths"": [{""via"": ""exact_alias"", ""source_token"": ""CD93"", ""tokens"": [""CD93""]}, {""via"": ""exact_alias"", ""source_token"": ""CDW93"", ""tokens"": [""CDW93""]}]}, {""sense"": ""positive"", ""pr"": ""PR:000001002"", ""asserted"": ""False"", ""paths"": [{""via"": ""exact_alias"", ""source_token"": ""CD19"", ""tokens"": [""CD19""]}, {""via"": ""pro_id"", ""pr"": ""PR:000001002"", ""tokens"": [""CD19""]}]}, {""sense"": ""positive"", ""pr"": ""PR:000001006"", ""asserted"": ""False"", ""paths"": [{""via"": ""pro_id"", ""pr"": ""PR:000001006"", ""tokens"": [""CD45""]}]}, {""sense"": ""positive"", ""pr"": ""PR:000001014"", ""asserted"": ""False"", ""paths"": [{""via"": ""exact_alias"", ""source_token"": ""CD45RABC"", ""tokens"": [""CD45RABC""]}]}, {""sense"": ""positive"", ""pr"": ""PR:000001289"", ""asserted"": ""False"", ""paths"": [{""via"": ""exact_alias"", ""source_token"": ""CD20"", ""tokens"": [""CD20""]}, {""via"": ""pro_id"", ""pr"": ""PR:000001289"", ""tokens"": [""CD20""]}]}, {""sense"": ""positive"", ""pr"": ""PR:000001338"", ""asserted"": ""False"", ""paths"": [{""via"": ""exact_alias"", ""source_token"": ""CD21"", ""tokens"": [""CD21""]}, {""via"": ""pro_id"", ""pr"": ""PR:000001338"", ""tokens"": [""CD21""]}]}]"
SOULCAP:SC000029		Mature B	Mature B cell		Exact		2	CL:0002102	CD38-negative naive B cell	19	1	CD3-, CD20+ (1 of 2 alt.), CD27-, CD38- (1 of 2 alt.), CD20+		CD14-/CD33-/CD64- (no axiom on any alt.), CD56-, CD45+, CD127-, CD16-, CD15-/CD66B- (no axiom on any alt.), HLA-DR:not:positive/CD11C:not:high (no axiom on any alt.), CD123-	no		"[""marker_axioms""]"	null	"[{""sense"": ""negative"", ""pr"": ""PR:000001020"", ""asserted"": ""False"", ""paths"": [{""via"": ""exact_alias"", ""source_token"": ""CD3"", ""tokens"": [""CD3""]}, {""via"": ""exact_alias"", ""source_token"": ""CD3E"", ""tokens"": [""CD3E""]}, {""via"": ""exact_alias"", ""source_token"": ""CD3E"", ""tokens"": [""CD3E""]}, {""via"": ""pro_id"", ""pr"": ""PR:000001020"", ""tokens"": [""CD3""]}]}, {""sense"": ""negative"", ""pr"": ""PR:000001408"", ""asserted"": ""True"", ""paths"": [{""via"": ""exact_alias"", ""source_token"": ""CD38"", ""tokens"": [""CD38""]}, {""via"": ""pro_id"", ""pr"": ""PR:000001408"", ""tokens"": [""CD38""]}]}, {""sense"": ""negative"", ""pr"": ""PR:000001963"", ""asserted"": ""False"", ""paths"": [{""via"": ""exact_alias"", ""source_token"": ""CD27"", ""tokens"": [""CD27""]}, {""via"": ""exact_alias"", ""source_token"": ""CD27L"", ""tokens"": [""CD27L""]}, {""via"": ""pro_id"", ""pr"": ""PR:000001963"", ""tokens"": [""CD27""]}]}, {""sense"": ""positive"", ""pr"": ""PR:000001002"", ""asserted"": ""False"", ""paths"": [{""via"": ""exact_alias"", ""source_token"": ""CD19"", ""tokens"": [""CD19""]}, {""via"": ""pro_id"", ""pr"": ""PR:000001002"", ""tokens"": [""CD19""]}]}, {""sense"": ""positive"", ""pr"": ""PR:000001289"", ""asserted"": ""False"", ""paths"": [{""via"": ""exact_alias"", ""source_token"": ""CD20"", ""tokens"": [""CD20""]}, {""via"": ""pro_id"", ""pr"": ""PR:000001289"", ""tokens"": [""CD20""]}]}]"
SOULCAP:SC000029		Mature B	Mature B cell		Exact		3	CL:0002109	B220-positive CD38-positive naive B cell	19	1	CD3-, CD45+, CD20+ (1 of 2 alt.), CD27-, CD20+		CD14-/CD33-/CD64- (no axiom on any alt.), CD56-, CD38:low/CD38- (no axiom on any alt.), CD127-, CD16-, CD15-/CD66B- (no axiom on any alt.), HLA-DR:not:positive/CD11C:not:high (no axiom on any alt.), CD123-	no		"[""marker_axioms""]"	null	"[{""sense"": ""negative"", ""pr"": ""PR:000001020"", ""asserted"": ""False"", ""paths"": [{""via"": ""exact_alias"", ""source_token"": ""CD3"", ""tokens"": [""CD3""]}, {""via"": ""exact_alias"", ""source_token"": ""CD3E"", ""tokens"": [""CD3E""]}, {""via"": ""exact_alias"", ""source_token"": ""CD3E"", ""tokens"": [""CD3E""]}, {""via"": ""pro_id"", ""pr"": ""PR:000001020"", ""tokens"": [""CD3""]}]}, {""sense"": ""negative"", ""pr"": ""PR:000001963"", ""asserted"": ""False"", ""paths"": [{""via"": ""exact_alias"", ""source_token"": ""CD27"", ""tokens"": [""CD27""]}, {""via"": ""exact_alias"", ""source_token"": ""CD27L"", ""tokens"": [""CD27L""]}, {""via"": ""pro_id"", ""pr"": ""PR:000001963"", ""tokens"": [""CD27""]}]}, {""sense"": ""positive"", ""pr"": ""PR:000001002"", ""asserted"": ""False"", ""paths"": [{""via"": ""exact_alias"", ""source_token"": ""CD19"", ""tokens"": [""CD19""]}, {""via"": ""pro_id"", ""pr"": ""PR:000001002"", ""tokens"": [""CD19""]}]}, {""sense"": ""positive"", ""pr"": ""PR:000001006"", ""asserted"": ""False"", ""paths"": [{""via"": ""pro_id"", ""pr"": ""PR:000001006"", ""tokens"": [""CD45""]}]}, {""sense"": ""positive"", ""pr"": ""PR:000001014"", ""asserted"": ""True"", ""paths"": [{""via"": ""exact_alias"", ""source_token"": ""CD45RABC"", ""tokens"": [""CD45RABC""]}]}, {""sense"": ""positive"", ""pr"": ""PR:000001289"", ""asserted"": ""False"", ""paths"": [{""via"": ""exact_alias"", ""source_token"": ""CD20"", ""tokens"": [""CD20""]}, {""via"": ""pro_id"", ""pr"": ""PR:000001289"", ""tokens"": [""CD20""]}]}, {""sense"": ""positive"", ""pr"": ""PR:000001408"", ""asserted"": ""False"", ""paths"": [{""via"": ""exact_alias"", ""source_token"": ""CD38"", ""tokens"": [""CD38""]}, {""via"": ""pro_id"", ""pr"": ""PR:000001408"", ""tokens"": [""CD38""]}]}]"
SOULCAP:SC000030		T3	Transitional B cell 3	Mature B	Exact		1	CL:0000961	Bm1 B cell	19	1	CD3-, CD45+, CD20+ (1 of 2 alt.), CD38- (1 of 3 alt.), CD20+		CD14-/CD33-/CD64- (no axiom on any alt.), CD56-, CD27-, CD24+, IGD+, CD127-, CD16-, CD15-/CD66B- (no axiom on any alt.), HLA-DR:not:positive/CD11C:not:high (no axiom on any alt.), CD123-	no		"[""marker_axioms""]"	null	"[{""sense"": ""negative"", ""pr"": ""PR:000001020"", ""asserted"": ""False"", ""paths"": [{""via"": ""exact_alias"", ""source_token"": ""CD3"", ""tokens"": [""CD3""]}, {""via"": ""exact_alias"", ""source_token"": ""CD3E"", ""tokens"": [""CD3E""]}, {""via"": ""exact_alias"", ""source_token"": ""CD3E"", ""tokens"": [""CD3E""]}, {""via"": ""pro_id"", ""pr"": ""PR:000001020"", ""tokens"": [""CD3""]}]}, {""sense"": ""negative"", ""pr"": ""PR:000001408"", ""asserted"": ""True"", ""paths"": [{""via"": ""exact_alias"", ""source_token"": ""CD38"", ""tokens"": [""CD38""]}, {""via"": ""pro_id"", ""pr"": ""PR:000001408"", ""tokens"": [""CD38""]}]}, {""sense"": ""negative"", ""pr"": ""PR:000001839"", ""asserted"": ""False"", ""paths"": [{""via"": ""exact_alias"", ""source_token"": ""CD5"", ""tokens"": [""CD5""]}]}, {""sense"": ""negative"", ""pr"": ""PR:000001879"", ""asserted"": ""False"", ""paths"": []}, {""sense"": ""negative"", ""pr"": ""PR:000001880"", ""asserted"": ""True"", ""paths"": [{""via"": ""exact_alias"", ""source_token"": ""CD23"", ""tokens"": [""CD23""]}]}, {""sense"": ""negative"", ""pr"": ""PR:000002037"", ""asserted"": ""False"", ""paths"": [{""via"": ""exact_alias"", ""source_token"": ""CD93"", ""tokens"": [""CD93""]}, {""via"": ""exact_alias"", ""source_token"": ""CDW93"", ""tokens"": [""CDW93""]}]}, {""sense"": ""positive"", ""pr"": ""PR:000001002"", ""asserted"": ""False"", ""paths"": [{""via"": ""exact_alias"", ""source_token"": ""CD19"", ""tokens"": [""CD19""]}, {""via"": ""pro_id"", ""pr"": ""PR:000001002"", ""tokens"": [""CD19""]}]}, {""sense"": ""positive"", ""pr"": ""PR:000001006"", ""asserted"": ""False"", ""paths"": [{""via"": ""pro_id"", ""pr"": ""PR:000001006"", ""tokens"": [""CD45""]}]}, {""sense"": ""positive"", ""pr"": ""PR:000001014"", ""asserted"": ""False"", ""paths"": [{""via"": ""exact_alias"", ""source_token"": ""CD45RABC"", ""tokens"": [""CD45RABC""]}]}, {""sense"": ""positive"", ""pr"": ""PR:000001289"", ""asserted"": ""False"", ""paths"": [{""via"": ""exact_alias"", ""source_token"": ""CD20"", ""tokens"": [""CD20""]}, {""via"": ""pro_id"", ""pr"": ""PR:000001289"", ""tokens"": [""CD20""]}]}, {""sense"": ""positive"", ""pr"": ""PR:000001338"", ""asserted"": ""False"", ""paths"": [{""via"": ""exact_alias"", ""source_token"": ""CD21"", ""tokens"": [""CD21""]}, {""via"": ""pro_id"", ""pr"": ""PR:000001338"", ""tokens"": [""CD21""]}]}]"
SOULCAP:SC000030		T3	Transitional B cell 3	Mature B	Exact		2	CL:0002102	CD38-negative naive B cell	19	1	CD3-, CD20+ (1 of 2 alt.), CD27-, CD38- (1 of 3 alt.), CD20+		CD14-/CD33-/CD64- (no axiom on any alt.), CD56-, CD45+, CD24+, IGD+, CD127-, CD16-, CD15-/CD66B- (no axiom on any alt.), HLA-DR:not:positive/CD11C:not:high (no axiom on any alt.), CD123-	no		"[""marker_axioms""]"	null	"[{""sense"": ""negative"", ""pr"": ""PR:000001020"", ""asserted"": ""False"", ""paths"": [{""via"": ""exact_alias"", ""source_token"": ""CD3"", ""tokens"": [""CD3""]}, {""via"": ""exact_alias"", ""source_token"": ""CD3E"", ""tokens"": [""CD3E""]}, {""via"": ""exact_alias"", ""source_token"": ""CD3E"", ""tokens"": [""CD3E""]}, {""via"": ""pro_id"", ""pr"": ""PR:000001020"", ""tokens"": [""CD3""]}]}, {""sense"": ""negative"", ""pr"": ""PR:000001408"", ""asserted"": ""True"", ""paths"": [{""via"": ""exact_alias"", ""source_token"": ""CD38"", ""tokens"": [""CD38""]}, {""via"": ""pro_id"", ""pr"": ""PR:000001408"", ""tokens"": [""CD38""]}]}, {""sense"": ""negative"", ""pr"": ""PR:000001963"", ""asserted"": ""False"", ""paths"": [{""via"": ""exact_alias"", ""source_token"": ""CD27"", ""tokens"": [""CD27""]}, {""via"": ""exact_alias"", ""source_token"": ""CD27L"", ""tokens"": [""CD27L""]}, {""via"": ""pro_id"", ""pr"": ""PR:000001963"", ""tokens"": [""CD27""]}]}, {""sense"": ""positive"", ""pr"": ""PR:000001002"", ""asserted"": ""False"", ""paths"": [{""via"": ""exact_alias"", ""source_token"": ""CD19"", ""tokens"": [""CD19""]}, {""via"": ""pro_id"", ""pr"": ""PR:000001002"", ""tokens"": [""CD19""]}]}, {""sense"": ""positive"", ""pr"": ""PR:000001289"", ""asserted"": ""False"", ""paths"": [{""via"": ""exact_alias"", ""source_token"": ""CD20"", ""tokens"": [""CD20""]}, {""via"": ""pro_id"", ""pr"": ""PR:000001289"", ""tokens"": [""CD20""]}]}]"
SOULCAP:SC000030		T3	Transitional B cell 3	Mature B	Exact		3	CL:0002109	B220-positive CD38-positive naive B cell	19	1	CD3-, CD45+, CD20+ (1 of 2 alt.), CD27-, CD20+		CD14-/CD33-/CD64- (no axiom on any alt.), CD56-, CD38:low/CD38-/CD10:low (no axiom on any alt.), CD24+, IGD+, CD127-, CD16-, CD15-/CD66B- (no axiom on any alt.), HLA-DR:not:positive/CD11C:not:high (no axiom on any alt.), CD123-	no		"[""marker_axioms""]"	null	"[{""sense"": ""negative"", ""pr"": ""PR:000001020"", ""asserted"": ""False"", ""paths"": [{""via"": ""exact_alias"", ""source_token"": ""CD3"", ""tokens"": [""CD3""]}, {""via"": ""exact_alias"", ""source_token"": ""CD3E"", ""tokens"": [""CD3E""]}, {""via"": ""exact_alias"", ""source_token"": ""CD3E"", ""tokens"": [""CD3E""]}, {""via"": ""pro_id"", ""pr"": ""PR:000001020"", ""tokens"": [""CD3""]}]}, {""sense"": ""negative"", ""pr"": ""PR:000001963"", ""asserted"": ""False"", ""paths"": [{""via"": ""exact_alias"", ""source_token"": ""CD27"", ""tokens"": [""CD27""]}, {""via"": ""exact_alias"", ""source_token"": ""CD27L"", ""tokens"": [""CD27L""]}, {""via"": ""pro_id"", ""pr"": ""PR:000001963"", ""tokens"": [""CD27""]}]}, {""sense"": ""positive"", ""pr"": ""PR:000001002"", ""asserted"": ""False"", ""paths"": [{""via"": ""exact_alias"", ""source_token"": ""CD19"", ""tokens"": [""CD19""]}, {""via"": ""pro_id"", ""pr"": ""PR:000001002"", ""tokens"": [""CD19""]}]}, {""sense"": ""positive"", ""pr"": ""PR:000001006"", ""asserted"": ""False"", ""paths"": [{""via"": ""pro_id"", ""pr"": ""PR:000001006"", ""tokens"": [""CD45""]}]}, {""sense"": ""positive"", ""pr"": ""PR:000001014"", ""asserted"": ""True"", ""paths"": [{""via"": ""exact_alias"", ""source_token"": ""CD45RABC"", ""tokens"": [""CD45RABC""]}]}, {""sense"": ""positive"", ""pr"": ""PR:000001289"", ""asserted"": ""False"", ""paths"": [{""via"": ""exact_alias"", ""source_token"": ""CD20"", ""tokens"": [""CD20""]}, {""via"": ""pro_id"", ""pr"": ""PR:000001289"", ""tokens"": [""CD20""]}]}, {""sense"": ""positive"", ""pr"": ""PR:000001408"", ""asserted"": ""False"", ""paths"": [{""via"": ""exact_alias"", ""source_token"": ""CD38"", ""tokens"": [""CD38""]}, {""via"": ""pro_id"", ""pr"": ""PR:000001408"", ""tokens"": [""CD38""]}]}]"
SOULCAP:SC000031		Naive	Naive B cell	Mature B	Exact		1	CL:0002102	CD38-negative naive B cell	20	2	CD3-, CD20+ (1 of 2 alt.), CD27-, CD38- (1 of 3 alt.), CD20+		CD14-/CD33-/CD64- (no axiom on any alt.), CD56-, CD45+, CD24-, IGD+, CD127-, CD16-, CD15-/CD66B- (no axiom on any alt.), HLA-DR:not:positive/CD11C:not:high (no axiom on any alt.), CD123-	no		"[""marker_axioms"", ""local_lexical""]"	"{""query"": ""naive b cell"", ""exact"": false, ""token_jaccard"": 0.6666666666666666}"	"[{""sense"": ""negative"", ""pr"": ""PR:000001020"", ""asserted"": ""False"", ""paths"": [{""via"": ""exact_alias"", ""source_token"": ""CD3"", ""tokens"": [""CD3""]}, {""via"": ""exact_alias"", ""source_token"": ""CD3E"", ""tokens"": [""CD3E""]}, {""via"": ""exact_alias"", ""source_token"": ""CD3E"", ""tokens"": [""CD3E""]}, {""via"": ""pro_id"", ""pr"": ""PR:000001020"", ""tokens"": [""CD3""]}]}, {""sense"": ""negative"", ""pr"": ""PR:000001408"", ""asserted"": ""True"", ""paths"": [{""via"": ""exact_alias"", ""source_token"": ""CD38"", ""tokens"": [""CD38""]}, {""via"": ""pro_id"", ""pr"": ""PR:000001408"", ""tokens"": [""CD38""]}]}, {""sense"": ""negative"", ""pr"": ""PR:000001963"", ""asserted"": ""False"", ""paths"": [{""via"": ""exact_alias"", ""source_token"": ""CD27"", ""tokens"": [""CD27""]}, {""via"": ""exact_alias"", ""source_token"": ""CD27L"", ""tokens"": [""CD27L""]}, {""via"": ""pro_id"", ""pr"": ""PR:000001963"", ""tokens"": [""CD27""]}]}, {""sense"": ""positive"", ""pr"": ""PR:000001002"", ""asserted"": ""False"", ""paths"": [{""via"": ""exact_alias"", ""source_token"": ""CD19"", ""tokens"": [""CD19""]}, {""via"": ""pro_id"", ""pr"": ""PR:000001002"", ""tokens"": [""CD19""]}]}, {""sense"": ""positive"", ""pr"": ""PR:000001289"", ""asserted"": ""False"", ""paths"": [{""via"": ""exact_alias"", ""source_token"": ""CD20"", ""tokens"": [""CD20""]}, {""via"": ""pro_id"", ""pr"": ""PR:000001289"", ""tokens"": [""CD20""]}]}]"
SOULCAP:SC000031		Naive	Naive B cell	Mature B	Exact		2	CL:0002109	B220-positive CD38-positive naive B cell	20	2	CD3-, CD45+, CD20+ (1 of 2 alt.), CD27-, CD20+		CD14-/CD33-/CD64- (no axiom on any alt.), CD56-, CD38:low/CD38-/CD10- (no axiom on any alt.), CD24-, IGD+, CD127-, CD16-, CD15-/CD66B- (no axiom on any alt.), HLA-DR:not:positive/CD11C:not:high (no axiom on any alt.), CD123-	no		"[""marker_axioms"", ""local_lexical""]"	"{""query"": ""naive b cell"", ""exact"": false, ""token_jaccard"": 0.5}"	"[{""sense"": ""negative"", ""pr"": ""PR:000001020"", ""asserted"": ""False"", ""paths"": [{""via"": ""exact_alias"", ""source_token"": ""CD3"", ""tokens"": [""CD3""]}, {""via"": ""exact_alias"", ""source_token"": ""CD3E"", ""tokens"": [""CD3E""]}, {""via"": ""exact_alias"", ""source_token"": ""CD3E"", ""tokens"": [""CD3E""]}, {""via"": ""pro_id"", ""pr"": ""PR:000001020"", ""tokens"": [""CD3""]}]}, {""sense"": ""negative"", ""pr"": ""PR:000001963"", ""asserted"": ""False"", ""paths"": [{""via"": ""exact_alias"", ""source_token"": ""CD27"", ""tokens"": [""CD27""]}, {""via"": ""exact_alias"", ""source_token"": ""CD27L"", ""tokens"": [""CD27L""]}, {""via"": ""pro_id"", ""pr"": ""PR:000001963"", ""tokens"": [""CD27""]}]}, {""sense"": ""positive"", ""pr"": ""PR:000001002"", ""asserted"": ""False"", ""paths"": [{""via"": ""exact_alias"", ""source_token"": ""CD19"", ""tokens"": [""CD19""]}, {""via"": ""pro_id"", ""pr"": ""PR:000001002"", ""tokens"": [""CD19""]}]}, {""sense"": ""positive"", ""pr"": ""PR:000001006"", ""asserted"": ""False"", ""paths"": [{""via"": ""pro_id"", ""pr"": ""PR:000001006"", ""tokens"": [""CD45""]}]}, {""sense"": ""positive"", ""pr"": ""PR:000001014"", ""asserted"": ""True"", ""paths"": [{""via"": ""exact_alias"", ""source_token"": ""CD45RABC"", ""tokens"": [""CD45RABC""]}]}, {""sense"": ""positive"", ""pr"": ""PR:000001289"", ""asserted"": ""False"", ""paths"": [{""via"": ""exact_alias"", ""source_token"": ""CD20"", ""tokens"": [""CD20""]}, {""via"": ""pro_id"", ""pr"": ""PR:000001289"", ""tokens"": [""CD20""]}]}, {""sense"": ""positive"", ""pr"": ""PR:000001408"", ""asserted"": ""False"", ""paths"": [{""via"": ""exact_alias"", ""source_token"": ""CD38"", ""tokens"": [""CD38""]}, {""via"": ""pro_id"", ""pr"": ""PR:000001408"", ""tokens"": [""CD38""]}]}]"
SOULCAP:SC000031		Naive	Naive B cell	Mature B	Exact		3	CL:0002110	B220-low CD38-positive naive B cell	20	2	CD3-, CD45+ (dim), CD20+ (1 of 2 alt.), CD27-, CD20+		CD14-/CD33-/CD64- (no axiom on any alt.), CD56-, CD38:low/CD38-/CD10- (no axiom on any alt.), CD24-, IGD+, CD127-, CD16-, CD15-/CD66B- (no axiom on any alt.), HLA-DR:not:positive/CD11C:not:high (no axiom on any alt.), CD123-	no		"[""marker_axioms""]"	null	"[{""sense"": ""low"", ""pr"": ""PR:000001006"", ""asserted"": ""False"", ""paths"": [{""via"": ""pro_id"", ""pr"": ""PR:000001006"", ""tokens"": [""CD45""]}]}, {""sense"": ""low"", ""pr"": ""PR:000001014"", ""asserted"": ""True"", ""paths"": [{""via"": ""exact_alias"", ""source_token"": ""CD45RABC"", ""tokens"": [""CD45RABC""]}]}, {""sense"": ""negative"", ""pr"": ""PR:000001020"", ""asserted"": ""False"", ""paths"": [{""via"": ""exact_alias"", ""source_token"": ""CD3"", ""tokens"": [""CD3""]}, {""via"": ""exact_alias"", ""source_token"": ""CD3E"", ""tokens"": [""CD3E""]}, {""via"": ""exact_alias"", ""source_token"": ""CD3E"", ""tokens"": [""CD3E""]}, {""via"": ""pro_id"", ""pr"": ""PR:000001020"", ""tokens"": [""CD3""]}]}, {""sense"": ""negative"", ""pr"": ""PR:000001963"", ""asserted"": ""False"", ""paths"": [{""via"": ""exact_alias"", ""source_token"": ""CD27"", ""tokens"": [""CD27""]}, {""via"": ""exact_alias"", ""source_token"": ""CD27L"", ""tokens"": [""CD27L""]}, {""via"": ""pro_id"", ""pr"": ""PR:000001963"", ""tokens"": [""CD27""]}]}, {""sense"": ""positive"", ""pr"": ""PR:000001002"", ""asserted"": ""False"", ""paths"": [{""via"": ""exact_alias"", ""source_token"": ""CD19"", ""tokens"": [""CD19""]}, {""via"": ""pro_id"", ""pr"": ""PR:000001002"", ""tokens"": [""CD19""]}]}, {""sense"": ""positive"", ""pr"": ""PR:000001289"", ""asserted"": ""False"", ""paths"": [{""via"": ""exact_alias"", ""source_token"": ""CD20"", ""tokens"": [""CD20""]}, {""via"": ""pro_id"", ""pr"": ""PR:000001289"", ""tokens"": [""CD20""]}]}, {""sense"": ""positive"", ""pr"": ""PR:000001408"", ""asserted"": ""False"", ""paths"": [{""via"": ""exact_alias"", ""source_token"": ""CD38"", ""tokens"": [""CD38""]}, {""via"": ""pro_id"", ""pr"": ""PR:000001408"", ""tokens"": [""CD38""]}]}]"
SOULCAP:SC000032		BDN	Double Negative B cells	Mature B	Exact		1	CL:0002102	CD38-negative naive B cell	19	1	CD3-, CD20+ (1 of 2 alt.), CD27-, CD38- (1 of 3 alt.), CD20+		CD14-/CD33-/CD64- (no axiom on any alt.), CD56-, CD45+, CD24-, IGD-, CD127-, CD16-, CD15-/CD66B- (no axiom on any alt.), HLA-DR:not:positive/CD11C:not:high (no axiom on any alt.), CD123-	no		"[""marker_axioms""]"	null	"[{""sense"": ""negative"", ""pr"": ""PR:000001020"", ""asserted"": ""False"", ""paths"": [{""via"": ""exact_alias"", ""source_token"": ""CD3"", ""tokens"": [""CD3""]}, {""via"": ""exact_alias"", ""source_token"": ""CD3E"", ""tokens"": [""CD3E""]}, {""via"": ""exact_alias"", ""source_token"": ""CD3E"", ""tokens"": [""CD3E""]}, {""via"": ""pro_id"", ""pr"": ""PR:000001020"", ""tokens"": [""CD3""]}]}, {""sense"": ""negative"", ""pr"": ""PR:000001408"", ""asserted"": ""True"", ""paths"": [{""via"": ""exact_alias"", ""source_token"": ""CD38"", ""tokens"": [""CD38""]}, {""via"": ""pro_id"", ""pr"": ""PR:000001408"", ""tokens"": [""CD38""]}]}, {""sense"": ""negative"", ""pr"": ""PR:000001963"", ""asserted"": ""False"", ""paths"": [{""via"": ""exact_alias"", ""source_token"": ""CD27"", ""tokens"": [""CD27""]}, {""via"": ""exact_alias"", ""source_token"": ""CD27L"", ""tokens"": [""CD27L""]}, {""via"": ""pro_id"", ""pr"": ""PR:000001963"", ""tokens"": [""CD27""]}]}, {""sense"": ""positive"", ""pr"": ""PR:000001002"", ""asserted"": ""False"", ""paths"": [{""via"": ""exact_alias"", ""source_token"": ""CD19"", ""tokens"": [""CD19""]}, {""via"": ""pro_id"", ""pr"": ""PR:000001002"", ""tokens"": [""CD19""]}]}, {""sense"": ""positive"", ""pr"": ""PR:000001289"", ""asserted"": ""False"", ""paths"": [{""via"": ""exact_alias"", ""source_token"": ""CD20"", ""tokens"": [""CD20""]}, {""via"": ""pro_id"", ""pr"": ""PR:000001289"", ""tokens"": [""CD20""]}]}]"
SOULCAP:SC000032		BDN	Double Negative B cells	Mature B	Exact		2	CL:0000961	Bm1 B cell	18	0	CD3-, CD45+, CD20+ (1 of 2 alt.), CD38- (1 of 3 alt.), CD20+		CD14-/CD33-/CD64- (no axiom on any alt.), CD56-, CD27-, CD24-, IGD-, CD127-, CD16-, CD15-/CD66B- (no axiom on any alt.), HLA-DR:not:positive/CD11C:not:high (no axiom on any alt.), CD123-	no		"[""marker_axioms""]"	null	"[{""sense"": ""negative"", ""pr"": ""PR:000001020"", ""asserted"": ""False"", ""paths"": [{""via"": ""exact_alias"", ""source_token"": ""CD3"", ""tokens"": [""CD3""]}, {""via"": ""exact_alias"", ""source_token"": ""CD3E"", ""tokens"": [""CD3E""]}, {""via"": ""exact_alias"", ""source_token"": ""CD3E"", ""tokens"": [""CD3E""]}, {""via"": ""pro_id"", ""pr"": ""PR:000001020"", ""tokens"": [""CD3""]}]}, {""sense"": ""negative"", ""pr"": ""PR:000001408"", ""asserted"": ""True"", ""paths"": [{""via"": ""exact_alias"", ""source_token"": ""CD38"", ""tokens"": [""CD38""]}, {""via"": ""pro_id"", ""pr"": ""PR:000001408"", ""tokens"": [""CD38""]}]}, {""sense"": ""negative"", ""pr"": ""PR:000001839"", ""asserted"": ""False"", ""paths"": [{""via"": ""exact_alias"", ""source_token"": ""CD5"", ""tokens"": [""CD5""]}]}, {""sense"": ""negative"", ""pr"": ""PR:000001879"", ""asserted"": ""False"", ""paths"": []}, {""sense"": ""negative"", ""pr"": ""PR:000001880"", ""asserted"": ""True"", ""paths"": [{""via"": ""exact_alias"", ""source_token"": ""CD23"", ""tokens"": [""CD23""]}]}, {""sense"": ""negative"", ""pr"": ""PR:000002037"", ""asserted"": ""False"", ""paths"": [{""via"": ""exact_alias"", ""source_token"": ""CD93"", ""tokens"": [""CD93""]}, {""via"": ""exact_alias"", ""source_token"": ""CDW93"", ""tokens"": [""CDW93""]}]}, {""sense"": ""positive"", ""pr"": ""PR:000001002"", ""asserted"": ""False"", ""paths"": [{""via"": ""exact_alias"", ""source_token"": ""CD19"", ""tokens"": [""CD19""]}, {""via"": ""pro_id"", ""pr"": ""PR:000001002"", ""tokens"": [""CD19""]}]}, {""sense"": ""positive"", ""pr"": ""PR:000001006"", ""asserted"": ""False"", ""paths"": [{""via"": ""pro_id"", ""pr"": ""PR:000001006"", ""tokens"": [""CD45""]}]}, {""sense"": ""positive"", ""pr"": ""PR:000001014"", ""asserted"": ""False"", ""paths"": [{""via"": ""exact_alias"", ""source_token"": ""CD45RABC"", ""tokens"": [""CD45RABC""]}]}, {""sense"": ""positive"", ""pr"": ""PR:000001289"", ""asserted"": ""False"", ""paths"": [{""via"": ""exact_alias"", ""source_token"": ""CD20"", ""tokens"": [""CD20""]}, {""via"": ""pro_id"", ""pr"": ""PR:000001289"", ""tokens"": [""CD20""]}]}, {""sense"": ""positive"", ""pr"": ""PR:000001338"", ""asserted"": ""False"", ""paths"": [{""via"": ""exact_alias"", ""source_token"": ""CD21"", ""tokens"": [""CD21""]}, {""via"": ""pro_id"", ""pr"": ""PR:000001338"", ""tokens"": [""CD21""]}]}]"
SOULCAP:SC000032		BDN	Double Negative B cells	Mature B	Exact		3	CL:0002109	B220-positive CD38-positive naive B cell	18	0	CD3-, CD45+, CD20+ (1 of 2 alt.), CD27-, CD20+		CD14-/CD33-/CD64- (no axiom on any alt.), CD56-, CD38:low/CD38-/CD10- (no axiom on any alt.), CD24-, IGD-, CD127-, CD16-, CD15-/CD66B- (no axiom on any alt.), HLA-DR:not:positive/CD11C:not:high (no axiom on any alt.), CD123-	no		"[""marker_axioms""]"	null	"[{""sense"": ""negative"", ""pr"": ""PR:000001020"", ""asserted"": ""False"", ""paths"": [{""via"": ""exact_alias"", ""source_token"": ""CD3"", ""tokens"": [""CD3""]}, {""via"": ""exact_alias"", ""source_token"": ""CD3E"", ""tokens"": [""CD3E""]}, {""via"": ""exact_alias"", ""source_token"": ""CD3E"", ""tokens"": [""CD3E""]}, {""via"": ""pro_id"", ""pr"": ""PR:000001020"", ""tokens"": [""CD3""]}]}, {""sense"": ""negative"", ""pr"": ""PR:000001963"", ""asserted"": ""False"", ""paths"": [{""via"": ""exact_alias"", ""source_token"": ""CD27"", ""tokens"": [""CD27""]}, {""via"": ""exact_alias"", ""source_token"": ""CD27L"", ""tokens"": [""CD27L""]}, {""via"": ""pro_id"", ""pr"": ""PR:000001963"", ""tokens"": [""CD27""]}]}, {""sense"": ""positive"", ""pr"": ""PR:000001002"", ""asserted"": ""False"", ""paths"": [{""via"": ""exact_alias"", ""source_token"": ""CD19"", ""tokens"": [""CD19""]}, {""via"": ""pro_id"", ""pr"": ""PR:000001002"", ""tokens"": [""CD19""]}]}, {""sense"": ""positive"", ""pr"": ""PR:000001006"", ""asserted"": ""False"", ""paths"": [{""via"": ""pro_id"", ""pr"": ""PR:000001006"", ""tokens"": [""CD45""]}]}, {""sense"": ""positive"", ""pr"": ""PR:000001014"", ""asserted"": ""True"", ""paths"": [{""via"": ""exact_alias"", ""source_token"": ""CD45RABC"", ""tokens"": [""CD45RABC""]}]}, {""sense"": ""positive"", ""pr"": ""PR:000001289"", ""asserted"": ""False"", ""paths"": [{""via"": ""exact_alias"", ""source_token"": ""CD20"", ""tokens"": [""CD20""]}, {""via"": ""pro_id"", ""pr"": ""PR:000001289"", ""tokens"": [""CD20""]}]}, {""sense"": ""positive"", ""pr"": ""PR:000001408"", ""asserted"": ""False"", ""paths"": [{""via"": ""exact_alias"", ""source_token"": ""CD38"", ""tokens"": [""CD38""]}, {""via"": ""pro_id"", ""pr"": ""PR:000001408"", ""tokens"": [""CD38""]}]}]"
SOULCAP:SC000033		BDN1	Double Negative B cell 1	BDN	Exact		1	CL:0000961	Bm1 B cell	23	1	CD3-, CD45+, CD20+ (1 of 2 alt.), CD38- (1 of 3 alt.), CD21+, CD20+		CD14-/CD33-/CD64- (no axiom on any alt.), CD56-, CD27-, CD24+, IGD-, CD11C-, CD185+, IGE-, CD127-, CD16-, CD15-/CD66B- (no axiom on any alt.), HLA-DR:not:positive/CD11C:not:high (no axiom on any alt.), CD123-	no		"[""marker_axioms""]"	null	"[{""sense"": ""negative"", ""pr"": ""PR:000001020"", ""asserted"": ""False"", ""paths"": [{""via"": ""exact_alias"", ""source_token"": ""CD3"", ""tokens"": [""CD3""]}, {""via"": ""exact_alias"", ""source_token"": ""CD3E"", ""tokens"": [""CD3E""]}, {""via"": ""exact_alias"", ""source_token"": ""CD3E"", ""tokens"": [""CD3E""]}, {""via"": ""pro_id"", ""pr"": ""PR:000001020"", ""tokens"": [""CD3""]}]}, {""sense"": ""negative"", ""pr"": ""PR:000001408"", ""asserted"": ""True"", ""paths"": [{""via"": ""exact_alias"", ""source_token"": ""CD38"", ""tokens"": [""CD38""]}, {""via"": ""pro_id"", ""pr"": ""PR:000001408"", ""tokens"": [""CD38""]}]}, {""sense"": ""negative"", ""pr"": ""PR:000001839"", ""asserted"": ""False"", ""paths"": [{""via"": ""exact_alias"", ""source_token"": ""CD5"", ""tokens"": [""CD5""]}]}, {""sense"": ""negative"", ""pr"": ""PR:000001879"", ""asserted"": ""False"", ""paths"": []}, {""sense"": ""negative"", ""pr"": ""PR:000001880"", ""asserted"": ""True"", ""paths"": [{""via"": ""exact_alias"", ""source_token"": ""CD23"", ""tokens"": [""CD23""]}]}, {""sense"": ""negative"", ""pr"": ""PR:000002037"", ""asserted"": ""False"", ""paths"": [{""via"": ""exact_alias"", ""source_token"": ""CD93"", ""tokens"": [""CD93""]}, {""via"": ""exact_alias"", ""source_token"": ""CDW93"", ""tokens"": [""CDW93""]}]}, {""sense"": ""positive"", ""pr"": ""PR:000001002"", ""asserted"": ""False"", ""paths"": [{""via"": ""exact_alias"", ""source_token"": ""CD19"", ""tokens"": [""CD19""]}, {""via"": ""pro_id"", ""pr"": ""PR:000001002"", ""tokens"": [""CD19""]}]}, {""sense"": ""positive"", ""pr"": ""PR:000001006"", ""asserted"": ""False"", ""paths"": [{""via"": ""pro_id"", ""pr"": ""PR:000001006"", ""tokens"": [""CD45""]}]}, {""sense"": ""positive"", ""pr"": ""PR:000001014"", ""asserted"": ""False"", ""paths"": [{""via"": ""exact_alias"", ""source_token"": ""CD45RABC"", ""tokens"": [""CD45RABC""]}]}, {""sense"": ""positive"", ""pr"": ""PR:000001289"", ""asserted"": ""False"", ""paths"": [{""via"": ""exact_alias"", ""source_token"": ""CD20"", ""tokens"": [""CD20""]}, {""via"": ""pro_id"", ""pr"": ""PR:000001289"", ""tokens"": [""CD20""]}]}, {""sense"": ""positive"", ""pr"": ""PR:000001338"", ""asserted"": ""False"", ""paths"": [{""via"": ""exact_alias"", ""source_token"": ""CD21"", ""tokens"": [""CD21""]}, {""via"": ""pro_id"", ""pr"": ""PR:000001338"", ""tokens"": [""CD21""]}]}]"
SOULCAP:SC000033		BDN1	Double Negative B cell 1	BDN	Exact		2	CL:0002055	CD38-negative immature B cell	20	2	CD3-, CD20+ (1 of 2 alt.), CD38- (1 of 3 alt.), CD21+ (dim), CD20+		CD14-/CD33-/CD64- (no axiom on any alt.), CD56-, CD45+, CD27-, CD24+, IGD-, CD11C-, CD185+, IGE-, CD127-, CD16-, CD15-/CD66B- (no axiom on any alt.), HLA-DR:not:positive/CD11C:not:high (no axiom on any alt.), CD123-	no		"[""marker_axioms""]"	null	"[{""sense"": ""high"", ""pr"": ""PR:000001288"", ""asserted"": ""True"", ""paths"": [{""via"": ""exact_alias"", ""source_token"": ""CD22"", ""tokens"": [""CD22""]}]}, {""sense"": ""low"", ""pr"": ""PR:000001338"", ""asserted"": ""True"", ""paths"": [{""via"": ""exact_alias"", ""source_token"": ""CD21"", ""tokens"": [""CD21""]}, {""via"": ""pro_id"", ""pr"": ""PR:000001338"", ""tokens"": [""CD21""]}]}, {""sense"": ""low"", ""pr"": ""PR:000001898"", ""asserted"": ""True"", ""paths"": [{""via"": ""exact_alias"", ""source_token"": ""CD10"", ""tokens"": [""CD10""]}, {""via"": ""pro_id"", ""pr"": ""PR:000001898"", ""tokens"": [""CD10""]}]}, {""sense"": ""negative"", ""pr"": ""PR:000001020"", ""asserted"": ""False"", ""paths"": [{""via"": ""exact_alias"", ""source_token"": ""CD3"", ""tokens"": [""CD3""]}, {""via"": ""exact_alias"", ""source_token"": ""CD3E"", ""tokens"": [""CD3E""]}, {""via"": ""exact_alias"", ""source_token"": ""CD3E"", ""tokens"": [""CD3E""]}, {""via"": ""pro_id"", ""pr"": ""PR:000001020"", ""tokens"": [""CD3""]}]}, {""sense"": ""negative"", ""pr"": ""PR:000001408"", ""asserted"": ""True"", ""paths"": [{""via"": ""exact_alias"", ""source_token"": ""CD38"", ""tokens"": [""CD38""]}, {""via"": ""pro_id"", ""pr"": ""PR:000001408"", ""tokens"": [""CD38""]}]}, {""sense"": ""positive"", ""pr"": ""PR:000001002"", ""asserted"": ""False"", ""paths"": [{""via"": ""exact_alias"", ""source_token"": ""CD19"", ""tokens"": [""CD19""]}, {""via"": ""pro_id"", ""pr"": ""PR:000001002"", ""tokens"": [""CD19""]}]}, {""sense"": ""positive"", ""pr"": ""PR:000001289"", ""asserted"": ""False"", ""paths"": [{""via"": ""exact_alias"", ""source_token"": ""CD20"", ""tokens"": [""CD20""]}, {""via"": ""pro_id"", ""pr"": ""PR:000001289"", ""tokens"": [""CD20""]}]}]"
SOULCAP:SC000033		BDN1	Double Negative B cell 1	BDN	Exact		3	CL:0002102	CD38-negative naive B cell	20	2	CD3-, CD20+ (1 of 2 alt.), CD27-, CD38- (1 of 3 alt.), CD20+		CD14-/CD33-/CD64- (no axiom on any alt.), CD56-, CD45+, CD24+, IGD-, CD21+, CD11C-, CD185+, IGE-, CD127-, CD16-, CD15-/CD66B- (no axiom on any alt.), HLA-DR:not:positive/CD11C:not:high (no axiom on any alt.), CD123-	no		"[""marker_axioms""]"	null	"[{""sense"": ""negative"", ""pr"": ""PR:000001020"", ""asserted"": ""False"", ""paths"": [{""via"": ""exact_alias"", ""source_token"": ""CD3"", ""tokens"": [""CD3""]}, {""via"": ""exact_alias"", ""source_token"": ""CD3E"", ""tokens"": [""CD3E""]}, {""via"": ""exact_alias"", ""source_token"": ""CD3E"", ""tokens"": [""CD3E""]}, {""via"": ""pro_id"", ""pr"": ""PR:000001020"", ""tokens"": [""CD3""]}]}, {""sense"": ""negative"", ""pr"": ""PR:000001408"", ""asserted"": ""True"", ""paths"": [{""via"": ""exact_alias"", ""source_token"": ""CD38"", ""tokens"": [""CD38""]}, {""via"": ""pro_id"", ""pr"": ""PR:000001408"", ""tokens"": [""CD38""]}]}, {""sense"": ""negative"", ""pr"": ""PR:000001963"", ""asserted"": ""False"", ""paths"": [{""via"": ""exact_alias"", ""source_token"": ""CD27"", ""tokens"": [""CD27""]}, {""via"": ""exact_alias"", ""source_token"": ""CD27L"", ""tokens"": [""CD27L""]}, {""via"": ""pro_id"", ""pr"": ""PR:000001963"", ""tokens"": [""CD27""]}]}, {""sense"": ""positive"", ""pr"": ""PR:000001002"", ""asserted"": ""False"", ""paths"": [{""via"": ""exact_alias"", ""source_token"": ""CD19"", ""tokens"": [""CD19""]}, {""via"": ""pro_id"", ""pr"": ""PR:000001002"", ""tokens"": [""CD19""]}]}, {""sense"": ""positive"", ""pr"": ""PR:000001289"", ""asserted"": ""False"", ""paths"": [{""via"": ""exact_alias"", ""source_token"": ""CD20"", ""tokens"": [""CD20""]}, {""via"": ""pro_id"", ""pr"": ""PR:000001289"", ""tokens"": [""CD20""]}]}]"
SOULCAP:SC000034		BDN2	Double Negative B cell 2	BDN	Exact		1	CL:0002102	CD38-negative naive B cell	20	2	CD3-, CD20+ (1 of 2 alt.), CD27-, CD38- (1 of 3 alt.), CD20+		CD14-/CD33-/CD64- (no axiom on any alt.), CD56-, CD45+, CD24-, IGD-, CD21-, CD11C+, CD185-, CD127-, CD16-, CD15-/CD66B- (no axiom on any alt.), HLA-DR:not:positive/CD11C:not:high (no axiom on any alt.), CD123-	no		"[""marker_axioms""]"	null	"[{""sense"": ""negative"", ""pr"": ""PR:000001020"", ""asserted"": ""False"", ""paths"": [{""via"": ""exact_alias"", ""source_token"": ""CD3"", ""tokens"": [""CD3""]}, {""via"": ""exact_alias"", ""source_token"": ""CD3E"", ""tokens"": [""CD3E""]}, {""via"": ""exact_alias"", ""source_token"": ""CD3E"", ""tokens"": [""CD3E""]}, {""via"": ""pro_id"", ""pr"": ""PR:000001020"", ""tokens"": [""CD3""]}]}, {""sense"": ""negative"", ""pr"": ""PR:000001408"", ""asserted"": ""True"", ""paths"": [{""via"": ""exact_alias"", ""source_token"": ""CD38"", ""tokens"": [""CD38""]}, {""via"": ""pro_id"", ""pr"": ""PR:000001408"", ""tokens"": [""CD38""]}]}, {""sense"": ""negative"", ""pr"": ""PR:000001963"", ""asserted"": ""False"", ""paths"": [{""via"": ""exact_alias"", ""source_token"": ""CD27"", ""tokens"": [""CD27""]}, {""via"": ""exact_alias"", ""source_token"": ""CD27L"", ""tokens"": [""CD27L""]}, {""via"": ""pro_id"", ""pr"": ""PR:000001963"", ""tokens"": [""CD27""]}]}, {""sense"": ""positive"", ""pr"": ""PR:000001002"", ""asserted"": ""False"", ""paths"": [{""via"": ""exact_alias"", ""source_token"": ""CD19"", ""tokens"": [""CD19""]}, {""via"": ""pro_id"", ""pr"": ""PR:000001002"", ""tokens"": [""CD19""]}]}, {""sense"": ""positive"", ""pr"": ""PR:000001289"", ""asserted"": ""False"", ""paths"": [{""via"": ""exact_alias"", ""source_token"": ""CD20"", ""tokens"": [""CD20""]}, {""via"": ""pro_id"", ""pr"": ""PR:000001289"", ""tokens"": [""CD20""]}]}]"
SOULCAP:SC000034		BDN2	Double Negative B cell 2	BDN	Exact		2	CL:0002109	B220-positive CD38-positive naive B cell	19	1	CD3-, CD45+, CD20+ (1 of 2 alt.), CD27-, CD20+		CD14-/CD33-/CD64- (no axiom on any alt.), CD56-, CD38:low/CD38-/CD10- (no axiom on any alt.), CD24-, IGD-, CD21-, CD11C+, CD185-, CD127-, CD16-, CD15-/CD66B- (no axiom on any alt.), HLA-DR:not:positive/CD11C:not:high (no axiom on any alt.), CD123-	no		"[""marker_axioms""]"	null	"[{""sense"": ""negative"", ""pr"": ""PR:000001020"", ""asserted"": ""False"", ""paths"": [{""via"": ""exact_alias"", ""source_token"": ""CD3"", ""tokens"": [""CD3""]}, {""via"": ""exact_alias"", ""source_token"": ""CD3E"", ""tokens"": [""CD3E""]}, {""via"": ""exact_alias"", ""source_token"": ""CD3E"", ""tokens"": [""CD3E""]}, {""via"": ""pro_id"", ""pr"": ""PR:000001020"", ""tokens"": [""CD3""]}]}, {""sense"": ""negative"", ""pr"": ""PR:000001963"", ""asserted"": ""False"", ""paths"": [{""via"": ""exact_alias"", ""source_token"": ""CD27"", ""tokens"": [""CD27""]}, {""via"": ""exact_alias"", ""source_token"": ""CD27L"", ""tokens"": [""CD27L""]}, {""via"": ""pro_id"", ""pr"": ""PR:000001963"", ""tokens"": [""CD27""]}]}, {""sense"": ""positive"", ""pr"": ""PR:000001002"", ""asserted"": ""False"", ""paths"": [{""via"": ""exact_alias"", ""source_token"": ""CD19"", ""tokens"": [""CD19""]}, {""via"": ""pro_id"", ""pr"": ""PR:000001002"", ""tokens"": [""CD19""]}]}, {""sense"": ""positive"", ""pr"": ""PR:000001006"", ""asserted"": ""False"", ""paths"": [{""via"": ""pro_id"", ""pr"": ""PR:000001006"", ""tokens"": [""CD45""]}]}, {""sense"": ""positive"", ""pr"": ""PR:000001014"", ""asserted"": ""True"", ""paths"": [{""via"": ""exact_alias"", ""source_token"": ""CD45RABC"", ""tokens"": [""CD45RABC""]}]}, {""sense"": ""positive"", ""pr"": ""PR:000001289"", ""asserted"": ""False"", ""paths"": [{""via"": ""exact_alias"", ""source_token"": ""CD20"", ""tokens"": [""CD20""]}, {""via"": ""pro_id"", ""pr"": ""PR:000001289"", ""tokens"": [""CD20""]}]}, {""sense"": ""positive"", ""pr"": ""PR:000001408"", ""asserted"": ""False"", ""paths"": [{""via"": ""exact_alias"", ""source_token"": ""CD38"", ""tokens"": [""CD38""]}, {""via"": ""pro_id"", ""pr"": ""PR:000001408"", ""tokens"": [""CD38""]}]}]"
SOULCAP:SC000034		BDN2	Double Negative B cell 2	BDN	Exact		3	CL:0002110	B220-low CD38-positive naive B cell	19	1	CD3-, CD45+ (dim), CD20+ (1 of 2 alt.), CD27-, CD20+		CD14-/CD33-/CD64- (no axiom on any alt.), CD56-, CD38:low/CD38-/CD10- (no axiom on any alt.), CD24-, IGD-, CD21-, CD11C+, CD185-, CD127-, CD16-, CD15-/CD66B- (no axiom on any alt.), HLA-DR:not:positive/CD11C:not:high (no axiom on any alt.), CD123-	no		"[""marker_axioms""]"	null	"[{""sense"": ""low"", ""pr"": ""PR:000001006"", ""asserted"": ""False"", ""paths"": [{""via"": ""pro_id"", ""pr"": ""PR:000001006"", ""tokens"": [""CD45""]}]}, {""sense"": ""low"", ""pr"": ""PR:000001014"", ""asserted"": ""True"", ""paths"": [{""via"": ""exact_alias"", ""source_token"": ""CD45RABC"", ""tokens"": [""CD45RABC""]}]}, {""sense"": ""negative"", ""pr"": ""PR:000001020"", ""asserted"": ""False"", ""paths"": [{""via"": ""exact_alias"", ""source_token"": ""CD3"", ""tokens"": [""CD3""]}, {""via"": ""exact_alias"", ""source_token"": ""CD3E"", ""tokens"": [""CD3E""]}, {""via"": ""exact_alias"", ""source_token"": ""CD3E"", ""tokens"": [""CD3E""]}, {""via"": ""pro_id"", ""pr"": ""PR:000001020"", ""tokens"": [""CD3""]}]}, {""sense"": ""negative"", ""pr"": ""PR:000001963"", ""asserted"": ""False"", ""paths"": [{""via"": ""exact_alias"", ""source_token"": ""CD27"", ""tokens"": [""CD27""]}, {""via"": ""exact_alias"", ""source_token"": ""CD27L"", ""tokens"": [""CD27L""]}, {""via"": ""pro_id"", ""pr"": ""PR:000001963"", ""tokens"": [""CD27""]}]}, {""sense"": ""positive"", ""pr"": ""PR:000001002"", ""asserted"": ""False"", ""paths"": [{""via"": ""exact_alias"", ""source_token"": ""CD19"", ""tokens"": [""CD19""]}, {""via"": ""pro_id"", ""pr"": ""PR:000001002"", ""tokens"": [""CD19""]}]}, {""sense"": ""positive"", ""pr"": ""PR:000001289"", ""asserted"": ""False"", ""paths"": [{""via"": ""exact_alias"", ""source_token"": ""CD20"", ""tokens"": [""CD20""]}, {""via"": ""pro_id"", ""pr"": ""PR:000001289"", ""tokens"": [""CD20""]}]}, {""sense"": ""positive"", ""pr"": ""PR:000001408"", ""asserted"": ""False"", ""paths"": [{""via"": ""exact_alias"", ""source_token"": ""CD38"", ""tokens"": [""CD38""]}, {""via"": ""pro_id"", ""pr"": ""PR:000001408"", ""tokens"": [""CD38""]}]}]"
SOULCAP:SC000035		BDN3	Double Negative B cell 3	BDN	Exact		1	CL:0002102	CD38-negative naive B cell	20	2	CD3-, CD20+ (1 of 2 alt.), CD27-, CD38- (1 of 3 alt.), CD20+		CD14-/CD33-/CD64- (no axiom on any alt.), CD56-, CD45+, CD24+, IGD-, CD21-, CD11C-, CD185-, CD127-, CD16-, CD15-/CD66B- (no axiom on any alt.), HLA-DR:not:positive/CD11C:not:high (no axiom on any alt.), CD123-	no		"[""marker_axioms""]"	null	"[{""sense"": ""negative"", ""pr"": ""PR:000001020"", ""asserted"": ""False"", ""paths"": [{""via"": ""exact_alias"", ""source_token"": ""CD3"", ""tokens"": [""CD3""]}, {""via"": ""exact_alias"", ""source_token"": ""CD3E"", ""tokens"": [""CD3E""]}, {""via"": ""exact_alias"", ""source_token"": ""CD3E"", ""tokens"": [""CD3E""]}, {""via"": ""pro_id"", ""pr"": ""PR:000001020"", ""tokens"": [""CD3""]}]}, {""sense"": ""negative"", ""pr"": ""PR:000001408"", ""asserted"": ""True"", ""paths"": [{""via"": ""exact_alias"", ""source_token"": ""CD38"", ""tokens"": [""CD38""]}, {""via"": ""pro_id"", ""pr"": ""PR:000001408"", ""tokens"": [""CD38""]}]}, {""sense"": ""negative"", ""pr"": ""PR:000001963"", ""asserted"": ""False"", ""paths"": [{""via"": ""exact_alias"", ""source_token"": ""CD27"", ""tokens"": [""CD27""]}, {""via"": ""exact_alias"", ""source_token"": ""CD27L"", ""tokens"": [""CD27L""]}, {""via"": ""pro_id"", ""pr"": ""PR:000001963"", ""tokens"": [""CD27""]}]}, {""sense"": ""positive"", ""pr"": ""PR:000001002"", ""asserted"": ""False"", ""paths"": [{""via"": ""exact_alias"", ""source_token"": ""CD19"", ""tokens"": [""CD19""]}, {""via"": ""pro_id"", ""pr"": ""PR:000001002"", ""tokens"": [""CD19""]}]}, {""sense"": ""positive"", ""pr"": ""PR:000001289"", ""asserted"": ""False"", ""paths"": [{""via"": ""exact_alias"", ""source_token"": ""CD20"", ""tokens"": [""CD20""]}, {""via"": ""pro_id"", ""pr"": ""PR:000001289"", ""tokens"": [""CD20""]}]}]"
SOULCAP:SC000035		BDN3	Double Negative B cell 3	BDN	Exact		2	CL:0000958	T1 B cell	19	1	CD3-, CD20+ (1 of 2 alt.), CD24+ (hi), CD21-, CD20+		CD14-/CD33-/CD64- (no axiom on any alt.), CD56-, CD45+, CD27-, CD38:low (hi)/CD38- (hi)/CD10- (no axiom on any alt.), IGD-, CD11C-, CD185-, CD127-, CD16-, CD15-/CD66B- (no axiom on any alt.), HLA-DR:not:positive/CD11C:not:high (no axiom on any alt.), CD123-	no		"[""marker_axioms""]"	null	"[{""sense"": ""high"", ""pr"": ""PR:000001408"", ""asserted"": ""False"", ""paths"": [{""via"": ""exact_alias"", ""source_token"": ""CD38"", ""tokens"": [""CD38""]}, {""via"": ""pro_id"", ""pr"": ""PR:000001408"", ""tokens"": [""CD38""]}]}, {""sense"": ""high"", ""pr"": ""PR:000001932"", ""asserted"": ""False"", ""paths"": [{""via"": ""exact_alias"", ""source_token"": ""CD24"", ""tokens"": [""CD24""]}, {""via"": ""pro_id"", ""pr"": ""PR:000001932"", ""tokens"": [""CD24""]}]}, {""sense"": ""negative"", ""pr"": ""PR:000001020"", ""asserted"": ""False"", ""paths"": [{""via"": ""exact_alias"", ""source_token"": ""CD3"", ""tokens"": [""CD3""]}, {""via"": ""exact_alias"", ""source_token"": ""CD3E"", ""tokens"": [""CD3E""]}, {""via"": ""exact_alias"", ""source_token"": ""CD3E"", ""tokens"": [""CD3E""]}, {""via"": ""pro_id"", ""pr"": ""PR:000001020"", ""tokens"": [""CD3""]}]}, {""sense"": ""negative"", ""pr"": ""PR:000001318"", ""asserted"": ""True"", ""paths"": [{""via"": ""exact_alias"", ""source_token"": ""CD62"", ""tokens"": [""CD62""]}, {""via"": ""exact_alias"", ""source_token"": ""CD62L"", ""tokens"": [""CD62L""]}]}, {""sense"": ""negative"", ""pr"": ""PR:000001338"", ""asserted"": ""True"", ""paths"": [{""via"": ""exact_alias"", ""source_token"": ""CD21"", ""tokens"": [""CD21""]}, {""via"": ""pro_id"", ""pr"": ""PR:000001338"", ""tokens"": [""CD21""]}]}, {""sense"": ""negative"", ""pr"": ""PR:000001880"", ""asserted"": ""True"", ""paths"": [{""via"": ""exact_alias"", ""source_token"": ""CD23"", ""tokens"": [""CD23""]}]}, {""sense"": ""positive"", ""pr"": ""PR:000001002"", ""asserted"": ""False"", ""paths"": [{""via"": ""exact_alias"", ""source_token"": ""CD19"", ""tokens"": [""CD19""]}, {""via"": ""pro_id"", ""pr"": ""PR:000001002"", ""tokens"": [""CD19""]}]}, {""sense"": ""positive"", ""pr"": ""PR:000001289"", ""asserted"": ""False"", ""paths"": [{""via"": ""exact_alias"", ""source_token"": ""CD20"", ""tokens"": [""CD20""]}, {""via"": ""pro_id"", ""pr"": ""PR:000001289"", ""tokens"": [""CD20""]}]}, {""sense"": ""positive"", ""pr"": ""PR:000002037"", ""asserted"": ""True"", ""paths"": [{""via"": ""exact_alias"", ""source_token"": ""CD93"", ""tokens"": [""CD93""]}, {""via"": ""exact_alias"", ""source_token"": ""CDW93"", ""tokens"": [""CDW93""]}]}]"
SOULCAP:SC000035		BDN3	Double Negative B cell 3	BDN	Exact		3	CL:0002109	B220-positive CD38-positive naive B cell	19	1	CD3-, CD45+, CD20+ (1 of 2 alt.), CD27-, CD20+		CD14-/CD33-/CD64- (no axiom on any alt.), CD56-, CD38:low/CD38-/CD10- (no axiom on any alt.), CD24+, IGD-, CD21-, CD11C-, CD185-, CD127-, CD16-, CD15-/CD66B- (no axiom on any alt.), HLA-DR:not:positive/CD11C:not:high (no axiom on any alt.), CD123-	no		"[""marker_axioms""]"	null	"[{""sense"": ""negative"", ""pr"": ""PR:000001020"", ""asserted"": ""False"", ""paths"": [{""via"": ""exact_alias"", ""source_token"": ""CD3"", ""tokens"": [""CD3""]}, {""via"": ""exact_alias"", ""source_token"": ""CD3E"", ""tokens"": [""CD3E""]}, {""via"": ""exact_alias"", ""source_token"": ""CD3E"", ""tokens"": [""CD3E""]}, {""via"": ""pro_id"", ""pr"": ""PR:000001020"", ""tokens"": [""CD3""]}]}, {""sense"": ""negative"", ""pr"": ""PR:000001963"", ""asserted"": ""False"", ""paths"": [{""via"": ""exact_alias"", ""source_token"": ""CD27"", ""tokens"": [""CD27""]}, {""via"": ""exact_alias"", ""source_token"": ""CD27L"", ""tokens"": [""CD27L""]}, {""via"": ""pro_id"", ""pr"": ""PR:000001963"", ""tokens"": [""CD27""]}]}, {""sense"": ""positive"", ""pr"": ""PR:000001002"", ""asserted"": ""False"", ""paths"": [{""via"": ""exact_alias"", ""source_token"": ""CD19"", ""tokens"": [""CD19""]}, {""via"": ""pro_id"", ""pr"": ""PR:000001002"", ""tokens"": [""CD19""]}]}, {""sense"": ""positive"", ""pr"": ""PR:000001006"", ""asserted"": ""False"", ""paths"": [{""via"": ""pro_id"", ""pr"": ""PR:000001006"", ""tokens"": [""CD45""]}]}, {""sense"": ""positive"", ""pr"": ""PR:000001014"", ""asserted"": ""True"", ""paths"": [{""via"": ""exact_alias"", ""source_token"": ""CD45RABC"", ""tokens"": [""CD45RABC""]}]}, {""sense"": ""positive"", ""pr"": ""PR:000001289"", ""asserted"": ""False"", ""paths"": [{""via"": ""exact_alias"", ""source_token"": ""CD20"", ""tokens"": [""CD20""]}, {""via"": ""pro_id"", ""pr"": ""PR:000001289"", ""tokens"": [""CD20""]}]}, {""sense"": ""positive"", ""pr"": ""PR:000001408"", ""asserted"": ""False"", ""paths"": [{""via"": ""exact_alias"", ""source_token"": ""CD38"", ""tokens"": [""CD38""]}, {""via"": ""pro_id"", ""pr"": ""PR:000001408"", ""tokens"": [""CD38""]}]}]"
SOULCAP:SC000036		BDN4	Double Negative B cell 4	BDN	Exact		1	CL:0000961	Bm1 B cell	23	1	CD3-, CD45+, CD20+ (1 of 2 alt.), CD38- (1 of 3 alt.), CD21+, CD20+		CD14-/CD33-/CD64- (no axiom on any alt.), CD56-, CD27-, CD24+, IGD-, CD11C-, CD185+, IGE+, CD127-, CD16-, CD15-/CD66B- (no axiom on any alt.), HLA-DR:not:positive/CD11C:not:high (no axiom on any alt.), CD123-	no		"[""marker_axioms""]"	null	"[{""sense"": ""negative"", ""pr"": ""PR:000001020"", ""asserted"": ""False"", ""paths"": [{""via"": ""exact_alias"", ""source_token"": ""CD3"", ""tokens"": [""CD3""]}, {""via"": ""exact_alias"", ""source_token"": ""CD3E"", ""tokens"": [""CD3E""]}, {""via"": ""exact_alias"", ""source_token"": ""CD3E"", ""tokens"": [""CD3E""]}, {""via"": ""pro_id"", ""pr"": ""PR:000001020"", ""tokens"": [""CD3""]}]}, {""sense"": ""negative"", ""pr"": ""PR:000001408"", ""asserted"": ""True"", ""paths"": [{""via"": ""exact_alias"", ""source_token"": ""CD38"", ""tokens"": [""CD38""]}, {""via"": ""pro_id"", ""pr"": ""PR:000001408"", ""tokens"": [""CD38""]}]}, {""sense"": ""negative"", ""pr"": ""PR:000001839"", ""asserted"": ""False"", ""paths"": [{""via"": ""exact_alias"", ""source_token"": ""CD5"", ""tokens"": [""CD5""]}]}, {""sense"": ""negative"", ""pr"": ""PR:000001879"", ""asserted"": ""False"", ""paths"": []}, {""sense"": ""negative"", ""pr"": ""PR:000001880"", ""asserted"": ""True"", ""paths"": [{""via"": ""exact_alias"", ""source_token"": ""CD23"", ""tokens"": [""CD23""]}]}, {""sense"": ""negative"", ""pr"": ""PR:000002037"", ""asserted"": ""False"", ""paths"": [{""via"": ""exact_alias"", ""source_token"": ""CD93"", ""tokens"": [""CD93""]}, {""via"": ""exact_alias"", ""source_token"": ""CDW93"", ""tokens"": [""CDW93""]}]}, {""sense"": ""positive"", ""pr"": ""PR:000001002"", ""asserted"": ""False"", ""paths"": [{""via"": ""exact_alias"", ""source_token"": ""CD19"", ""tokens"": [""CD19""]}, {""via"": ""pro_id"", ""pr"": ""PR:000001002"", ""tokens"": [""CD19""]}]}, {""sense"": ""positive"", ""pr"": ""PR:000001006"", ""asserted"": ""False"", ""paths"": [{""via"": ""pro_id"", ""pr"": ""PR:000001006"", ""tokens"": [""CD45""]}]}, {""sense"": ""positive"", ""pr"": ""PR:000001014"", ""asserted"": ""False"", ""paths"": [{""via"": ""exact_alias"", ""source_token"": ""CD45RABC"", ""tokens"": [""CD45RABC""]}]}, {""sense"": ""positive"", ""pr"": ""PR:000001289"", ""asserted"": ""False"", ""paths"": [{""via"": ""exact_alias"", ""source_token"": ""CD20"", ""tokens"": [""CD20""]}, {""via"": ""pro_id"", ""pr"": ""PR:000001289"", ""tokens"": [""CD20""]}]}, {""sense"": ""positive"", ""pr"": ""PR:000001338"", ""asserted"": ""False"", ""paths"": [{""via"": ""exact_alias"", ""source_token"": ""CD21"", ""tokens"": [""CD21""]}, {""via"": ""pro_id"", ""pr"": ""PR:000001338"", ""tokens"": [""CD21""]}]}]"
SOULCAP:SC000036		BDN4	Double Negative B cell 4	BDN	Exact		2	CL:0002055	CD38-negative immature B cell	20	2	CD3-, CD20+ (1 of 2 alt.), CD38- (1 of 3 alt.), CD21+ (dim), CD20+		CD14-/CD33-/CD64- (no axiom on any alt.), CD56-, CD45+, CD27-, CD24+, IGD-, CD11C-, CD185+, IGE+, CD127-, CD16-, CD15-/CD66B- (no axiom on any alt.), HLA-DR:not:positive/CD11C:not:high (no axiom on any alt.), CD123-	no		"[""marker_axioms""]"	null	"[{""sense"": ""high"", ""pr"": ""PR:000001288"", ""asserted"": ""True"", ""paths"": [{""via"": ""exact_alias"", ""source_token"": ""CD22"", ""tokens"": [""CD22""]}]}, {""sense"": ""low"", ""pr"": ""PR:000001338"", ""asserted"": ""True"", ""paths"": [{""via"": ""exact_alias"", ""source_token"": ""CD21"", ""tokens"": [""CD21""]}, {""via"": ""pro_id"", ""pr"": ""PR:000001338"", ""tokens"": [""CD21""]}]}, {""sense"": ""low"", ""pr"": ""PR:000001898"", ""asserted"": ""True"", ""paths"": [{""via"": ""exact_alias"", ""source_token"": ""CD10"", ""tokens"": [""CD10""]}, {""via"": ""pro_id"", ""pr"": ""PR:000001898"", ""tokens"": [""CD10""]}]}, {""sense"": ""negative"", ""pr"": ""PR:000001020"", ""asserted"": ""False"", ""paths"": [{""via"": ""exact_alias"", ""source_token"": ""CD3"", ""tokens"": [""CD3""]}, {""via"": ""exact_alias"", ""source_token"": ""CD3E"", ""tokens"": [""CD3E""]}, {""via"": ""exact_alias"", ""source_token"": ""CD3E"", ""tokens"": [""CD3E""]}, {""via"": ""pro_id"", ""pr"": ""PR:000001020"", ""tokens"": [""CD3""]}]}, {""sense"": ""negative"", ""pr"": ""PR:000001408"", ""asserted"": ""True"", ""paths"": [{""via"": ""exact_alias"", ""source_token"": ""CD38"", ""tokens"": [""CD38""]}, {""via"": ""pro_id"", ""pr"": ""PR:000001408"", ""tokens"": [""CD38""]}]}, {""sense"": ""positive"", ""pr"": ""PR:000001002"", ""asserted"": ""False"", ""paths"": [{""via"": ""exact_alias"", ""source_token"": ""CD19"", ""tokens"": [""CD19""]}, {""via"": ""pro_id"", ""pr"": ""PR:000001002"", ""tokens"": [""CD19""]}]}, {""sense"": ""positive"", ""pr"": ""PR:000001289"", ""asserted"": ""False"", ""paths"": [{""via"": ""exact_alias"", ""source_token"": ""CD20"", ""tokens"": [""CD20""]}, {""via"": ""pro_id"", ""pr"": ""PR:000001289"", ""tokens"": [""CD20""]}]}]"
SOULCAP:SC000036		BDN4	Double Negative B cell 4	BDN	Exact		3	CL:0002102	CD38-negative naive B cell	20	2	CD3-, CD20+ (1 of 2 alt.), CD27-, CD38- (1 of 3 alt.), CD20+		CD14-/CD33-/CD64- (no axiom on any alt.), CD56-, CD45+, CD24+, IGD-, CD21+, CD11C-, CD185+, IGE+, CD127-, CD16-, CD15-/CD66B- (no axiom on any alt.), HLA-DR:not:positive/CD11C:not:high (no axiom on any alt.), CD123-	no		"[""marker_axioms""]"	null	"[{""sense"": ""negative"", ""pr"": ""PR:000001020"", ""asserted"": ""False"", ""paths"": [{""via"": ""exact_alias"", ""source_token"": ""CD3"", ""tokens"": [""CD3""]}, {""via"": ""exact_alias"", ""source_token"": ""CD3E"", ""tokens"": [""CD3E""]}, {""via"": ""exact_alias"", ""source_token"": ""CD3E"", ""tokens"": [""CD3E""]}, {""via"": ""pro_id"", ""pr"": ""PR:000001020"", ""tokens"": [""CD3""]}]}, {""sense"": ""negative"", ""pr"": ""PR:000001408"", ""asserted"": ""True"", ""paths"": [{""via"": ""exact_alias"", ""source_token"": ""CD38"", ""tokens"": [""CD38""]}, {""via"": ""pro_id"", ""pr"": ""PR:000001408"", ""tokens"": [""CD38""]}]}, {""sense"": ""negative"", ""pr"": ""PR:000001963"", ""asserted"": ""False"", ""paths"": [{""via"": ""exact_alias"", ""source_token"": ""CD27"", ""tokens"": [""CD27""]}, {""via"": ""exact_alias"", ""source_token"": ""CD27L"", ""tokens"": [""CD27L""]}, {""via"": ""pro_id"", ""pr"": ""PR:000001963"", ""tokens"": [""CD27""]}]}, {""sense"": ""positive"", ""pr"": ""PR:000001002"", ""asserted"": ""False"", ""paths"": [{""via"": ""exact_alias"", ""source_token"": ""CD19"", ""tokens"": [""CD19""]}, {""via"": ""pro_id"", ""pr"": ""PR:000001002"", ""tokens"": [""CD19""]}]}, {""sense"": ""positive"", ""pr"": ""PR:000001289"", ""asserted"": ""False"", ""paths"": [{""via"": ""exact_alias"", ""source_token"": ""CD20"", ""tokens"": [""CD20""]}, {""via"": ""pro_id"", ""pr"": ""PR:000001289"", ""tokens"": [""CD20""]}]}]"
SOULCAP:SC000037		Bmem	Memory B cell		Exact		1	CL:0002112	B220-positive CD38-negative unswitched memory B cell	24	2	CD3-, CD45+, CD20+ (1 of 2 alt.), CD27+, CD38- (1 of 2 alt.), CD20+		CD14-/CD33-/CD64- (no axiom on any alt.), CD56-, CD127-, CD16-, CD15-/CD66B- (no axiom on any alt.), HLA-DR:not:positive/CD11C:not:high (no axiom on any alt.), CD123-	no		"[""marker_axioms""]"	null	"[{""sense"": ""negative"", ""pr"": ""PR:000001020"", ""asserted"": ""False"", ""paths"": [{""via"": ""exact_alias"", ""source_token"": ""CD3"", ""tokens"": [""CD3""]}, {""via"": ""exact_alias"", ""source_token"": ""CD3E"", ""tokens"": [""CD3E""]}, {""via"": ""exact_alias"", ""source_token"": ""CD3E"", ""tokens"": [""CD3E""]}, {""via"": ""pro_id"", ""pr"": ""PR:000001020"", ""tokens"": [""CD3""]}]}, {""sense"": ""negative"", ""pr"": ""PR:000001408"", ""asserted"": ""False"", ""paths"": [{""via"": ""exact_alias"", ""source_token"": ""CD38"", ""tokens"": [""CD38""]}, {""via"": ""pro_id"", ""pr"": ""PR:000001408"", ""tokens"": [""CD38""]}]}, {""sense"": ""negative"", ""pr"": ""PR:000001935"", ""asserted"": ""False"", ""paths"": [{""via"": ""exact_alias"", ""source_token"": ""CD138"", ""tokens"": [""CD138""]}, {""via"": ""pro_id"", ""pr"": ""PR:000001935"", ""tokens"": [""CD138""]}]}, {""sense"": ""positive"", ""pr"": ""PR:000001002"", ""asserted"": ""False"", ""paths"": [{""via"": ""exact_alias"", ""source_token"": ""CD19"", ""tokens"": [""CD19""]}, {""via"": ""pro_id"", ""pr"": ""PR:000001002"", ""tokens"": [""CD19""]}]}, {""sense"": ""positive"", ""pr"": ""PR:000001006"", ""asserted"": ""False"", ""paths"": [{""via"": ""pro_id"", ""pr"": ""PR:000001006"", ""tokens"": [""CD45""]}]}, {""sense"": ""positive"", ""pr"": ""PR:000001014"", ""asserted"": ""True"", ""paths"": [{""via"": ""exact_alias"", ""source_token"": ""CD45RABC"", ""tokens"": [""CD45RABC""]}]}, {""sense"": ""positive"", ""pr"": ""PR:000001289"", ""asserted"": ""False"", ""paths"": [{""via"": ""exact_alias"", ""source_token"": ""CD20"", ""tokens"": [""CD20""]}, {""via"": ""pro_id"", ""pr"": ""PR:000001289"", ""tokens"": [""CD20""]}]}, {""sense"": ""positive"", ""pr"": ""PR:000001963"", ""asserted"": ""False"", ""paths"": [{""via"": ""exact_alias"", ""source_token"": ""CD27"", ""tokens"": [""CD27""]}, {""via"": ""exact_alias"", ""source_token"": ""CD27L"", ""tokens"": [""CD27L""]}, {""via"": ""pro_id"", ""pr"": ""PR:000001963"", ""tokens"": [""CD27""]}]}]"
SOULCAP:SC000037		Bmem	Memory B cell		Exact		2	CL:0002113	B220-low CD38-negative unswitched memory B cell	24	2	CD3-, CD45+ (dim), CD20+ (1 of 2 alt.), CD27+, CD38- (1 of 2 alt.), CD20+		CD14-/CD33-/CD64- (no axiom on any alt.), CD56-, CD127-, CD16-, CD15-/CD66B- (no axiom on any alt.), HLA-DR:not:positive/CD11C:not:high (no axiom on any alt.), CD123-	no		"[""marker_axioms""]"	null	"[{""sense"": ""low"", ""pr"": ""PR:000001006"", ""asserted"": ""False"", ""paths"": [{""via"": ""pro_id"", ""pr"": ""PR:000001006"", ""tokens"": [""CD45""]}]}, {""sense"": ""low"", ""pr"": ""PR:000001014"", ""asserted"": ""True"", ""paths"": [{""via"": ""exact_alias"", ""source_token"": ""CD45RABC"", ""tokens"": [""CD45RABC""]}]}, {""sense"": ""negative"", ""pr"": ""PR:000001020"", ""asserted"": ""False"", ""paths"": [{""via"": ""exact_alias"", ""source_token"": ""CD3"", ""tokens"": [""CD3""]}, {""via"": ""exact_alias"", ""source_token"": ""CD3E"", ""tokens"": [""CD3E""]}, {""via"": ""exact_alias"", ""source_token"": ""CD3E"", ""tokens"": [""CD3E""]}, {""via"": ""pro_id"", ""pr"": ""PR:000001020"", ""tokens"": [""CD3""]}]}, {""sense"": ""negative"", ""pr"": ""PR:000001408"", ""asserted"": ""False"", ""paths"": [{""via"": ""exact_alias"", ""source_token"": ""CD38"", ""tokens"": [""CD38""]}, {""via"": ""pro_id"", ""pr"": ""PR:000001408"", ""tokens"": [""CD38""]}]}, {""sense"": ""negative"", ""pr"": ""PR:000001935"", ""asserted"": ""False"", ""paths"": [{""via"": ""exact_alias"", ""source_token"": ""CD138"", ""tokens"": [""CD138""]}, {""via"": ""pro_id"", ""pr"": ""PR:000001935"", ""tokens"": [""CD138""]}]}, {""sense"": ""positive"", ""pr"": ""PR:000001002"", ""asserted"": ""False"", ""paths"": [{""via"": ""exact_alias"", ""source_token"": ""CD19"", ""tokens"": [""CD19""]}, {""via"": ""pro_id"", ""pr"": ""PR:000001002"", ""tokens"": [""CD19""]}]}, {""sense"": ""positive"", ""pr"": ""PR:000001289"", ""asserted"": ""False"", ""paths"": [{""via"": ""exact_alias"", ""source_token"": ""CD20"", ""tokens"": [""CD20""]}, {""via"": ""pro_id"", ""pr"": ""PR:000001289"", ""tokens"": [""CD20""]}]}, {""sense"": ""positive"", ""pr"": ""PR:000001963"", ""asserted"": ""False"", ""paths"": [{""via"": ""exact_alias"", ""source_token"": ""CD27"", ""tokens"": [""CD27""]}, {""via"": ""exact_alias"", ""source_token"": ""CD27L"", ""tokens"": [""CD27L""]}, {""via"": ""pro_id"", ""pr"": ""PR:000001963"", ""tokens"": [""CD27""]}]}]"
SOULCAP:SC000037		Bmem	Memory B cell		Exact		3	CL:0002108	CD38-negative IgG memory B cell	20	2	CD3-, CD20+ (1 of 2 alt.), CD27+, CD38- (1 of 2 alt.), CD20+		CD14-/CD33-/CD64- (no axiom on any alt.), CD56-, CD45+, CD127-, CD16-, CD15-/CD66B- (no axiom on any alt.), HLA-DR:not:positive/CD11C:not:high (no axiom on any alt.), CD123-	no		"[""marker_axioms""]"	null	"[{""sense"": ""negative"", ""pr"": ""PR:000001020"", ""asserted"": ""False"", ""paths"": [{""via"": ""exact_alias"", ""source_token"": ""CD3"", ""tokens"": [""CD3""]}, {""via"": ""exact_alias"", ""source_token"": ""CD3E"", ""tokens"": [""CD3E""]}, {""via"": ""exact_alias"", ""source_token"": ""CD3E"", ""tokens"": [""CD3E""]}, {""via"": ""pro_id"", ""pr"": ""PR:000001020"", ""tokens"": [""CD3""]}]}, {""sense"": ""negative"", ""pr"": ""PR:000001408"", ""asserted"": ""True"", ""paths"": [{""via"": ""exact_alias"", ""source_token"": ""CD38"", ""tokens"": [""CD38""]}, {""via"": ""pro_id"", ""pr"": ""PR:000001408"", ""tokens"": [""CD38""]}]}, {""sense"": ""negative"", ""pr"": ""PR:000001935"", ""asserted"": ""False"", ""paths"": [{""via"": ""exact_alias"", ""source_token"": ""CD138"", ""tokens"": [""CD138""]}, {""via"": ""pro_id"", ""pr"": ""PR:000001935"", ""tokens"": [""CD138""]}]}, {""sense"": ""positive"", ""pr"": ""PR:000001002"", ""asserted"": ""False"", ""paths"": [{""via"": ""exact_alias"", ""source_token"": ""CD19"", ""tokens"": [""CD19""]}, {""via"": ""pro_id"", ""pr"": ""PR:000001002"", ""tokens"": [""CD19""]}]}, {""sense"": ""positive"", ""pr"": ""PR:000001289"", ""asserted"": ""False"", ""paths"": [{""via"": ""exact_alias"", ""source_token"": ""CD20"", ""tokens"": [""CD20""]}, {""via"": ""pro_id"", ""pr"": ""PR:000001289"", ""tokens"": [""CD20""]}]}, {""sense"": ""positive"", ""pr"": ""PR:000001963"", ""asserted"": ""False"", ""paths"": [{""via"": ""exact_alias"", ""source_token"": ""CD27"", ""tokens"": [""CD27""]}, {""via"": ""exact_alias"", ""source_token"": ""CD27L"", ""tokens"": [""CD27L""]}, {""via"": ""pro_id"", ""pr"": ""PR:000001963"", ""tokens"": [""CD27""]}]}]"
SOULCAP:SC000038		IgD only	IgD only Memory B cell	Bmem	Exact		1	CL:0002112	B220-positive CD38-negative unswitched memory B cell	24	2	CD3-, CD45+, CD20+ (1 of 2 alt.), CD27+, CD38- (1 of 2 alt.), CD20+		CD14-/CD33-/CD64- (no axiom on any alt.), CD56-, IGD+, IGM-, CD127-, CD16-, CD15-/CD66B- (no axiom on any alt.), HLA-DR:not:positive/CD11C:not:high (no axiom on any alt.), CD123-	no		"[""marker_axioms""]"	null	"[{""sense"": ""negative"", ""pr"": ""PR:000001020"", ""asserted"": ""False"", ""paths"": [{""via"": ""exact_alias"", ""source_token"": ""CD3"", ""tokens"": [""CD3""]}, {""via"": ""exact_alias"", ""source_token"": ""CD3E"", ""tokens"": [""CD3E""]}, {""via"": ""exact_alias"", ""source_token"": ""CD3E"", ""tokens"": [""CD3E""]}, {""via"": ""pro_id"", ""pr"": ""PR:000001020"", ""tokens"": [""CD3""]}]}, {""sense"": ""negative"", ""pr"": ""PR:000001408"", ""asserted"": ""False"", ""paths"": [{""via"": ""exact_alias"", ""source_token"": ""CD38"", ""tokens"": [""CD38""]}, {""via"": ""pro_id"", ""pr"": ""PR:000001408"", ""tokens"": [""CD38""]}]}, {""sense"": ""negative"", ""pr"": ""PR:000001935"", ""asserted"": ""False"", ""paths"": [{""via"": ""exact_alias"", ""source_token"": ""CD138"", ""tokens"": [""CD138""]}, {""via"": ""pro_id"", ""pr"": ""PR:000001935"", ""tokens"": [""CD138""]}]}, {""sense"": ""positive"", ""pr"": ""PR:000001002"", ""asserted"": ""False"", ""paths"": [{""via"": ""exact_alias"", ""source_token"": ""CD19"", ""tokens"": [""CD19""]}, {""via"": ""pro_id"", ""pr"": ""PR:000001002"", ""tokens"": [""CD19""]}]}, {""sense"": ""positive"", ""pr"": ""PR:000001006"", ""asserted"": ""False"", ""paths"": [{""via"": ""pro_id"", ""pr"": ""PR:000001006"", ""tokens"": [""CD45""]}]}, {""sense"": ""positive"", ""pr"": ""PR:000001014"", ""asserted"": ""True"", ""paths"": [{""via"": ""exact_alias"", ""source_token"": ""CD45RABC"", ""tokens"": [""CD45RABC""]}]}, {""sense"": ""positive"", ""pr"": ""PR:000001289"", ""asserted"": ""False"", ""paths"": [{""via"": ""exact_alias"", ""source_token"": ""CD20"", ""tokens"": [""CD20""]}, {""via"": ""pro_id"", ""pr"": ""PR:000001289"", ""tokens"": [""CD20""]}]}, {""sense"": ""positive"", ""pr"": ""PR:000001963"", ""asserted"": ""False"", ""paths"": [{""via"": ""exact_alias"", ""source_token"": ""CD27"", ""tokens"": [""CD27""]}, {""via"": ""exact_alias"", ""source_token"": ""CD27L"", ""tokens"": [""CD27L""]}, {""via"": ""pro_id"", ""pr"": ""PR:000001963"", ""tokens"": [""CD27""]}]}]"
SOULCAP:SC000038		IgD only	IgD only Memory B cell	Bmem	Exact		2	CL:0002113	B220-low CD38-negative unswitched memory B cell	24	2	CD3-, CD45+ (dim), CD20+ (1 of 2 alt.), CD27+, CD38- (1 of 2 alt.), CD20+		CD14-/CD33-/CD64- (no axiom on any alt.), CD56-, IGD+, IGM-, CD127-, CD16-, CD15-/CD66B- (no axiom on any alt.), HLA-DR:not:positive/CD11C:not:high (no axiom on any alt.), CD123-	no		"[""marker_axioms""]"	null	"[{""sense"": ""low"", ""pr"": ""PR:000001006"", ""asserted"": ""False"", ""paths"": [{""via"": ""pro_id"", ""pr"": ""PR:000001006"", ""tokens"": [""CD45""]}]}, {""sense"": ""low"", ""pr"": ""PR:000001014"", ""asserted"": ""True"", ""paths"": [{""via"": ""exact_alias"", ""source_token"": ""CD45RABC"", ""tokens"": [""CD45RABC""]}]}, {""sense"": ""negative"", ""pr"": ""PR:000001020"", ""asserted"": ""False"", ""paths"": [{""via"": ""exact_alias"", ""source_token"": ""CD3"", ""tokens"": [""CD3""]}, {""via"": ""exact_alias"", ""source_token"": ""CD3E"", ""tokens"": [""CD3E""]}, {""via"": ""exact_alias"", ""source_token"": ""CD3E"", ""tokens"": [""CD3E""]}, {""via"": ""pro_id"", ""pr"": ""PR:000001020"", ""tokens"": [""CD3""]}]}, {""sense"": ""negative"", ""pr"": ""PR:000001408"", ""asserted"": ""False"", ""paths"": [{""via"": ""exact_alias"", ""source_token"": ""CD38"", ""tokens"": [""CD38""]}, {""via"": ""pro_id"", ""pr"": ""PR:000001408"", ""tokens"": [""CD38""]}]}, {""sense"": ""negative"", ""pr"": ""PR:000001935"", ""asserted"": ""False"", ""paths"": [{""via"": ""exact_alias"", ""source_token"": ""CD138"", ""tokens"": [""CD138""]}, {""via"": ""pro_id"", ""pr"": ""PR:000001935"", ""tokens"": [""CD138""]}]}, {""sense"": ""positive"", ""pr"": ""PR:000001002"", ""asserted"": ""False"", ""paths"": [{""via"": ""exact_alias"", ""source_token"": ""CD19"", ""tokens"": [""CD19""]}, {""via"": ""pro_id"", ""pr"": ""PR:000001002"", ""tokens"": [""CD19""]}]}, {""sense"": ""positive"", ""pr"": ""PR:000001289"", ""asserted"": ""False"", ""paths"": [{""via"": ""exact_alias"", ""source_token"": ""CD20"", ""tokens"": [""CD20""]}, {""via"": ""pro_id"", ""pr"": ""PR:000001289"", ""tokens"": [""CD20""]}]}, {""sense"": ""positive"", ""pr"": ""PR:000001963"", ""asserted"": ""False"", ""paths"": [{""via"": ""exact_alias"", ""source_token"": ""CD27"", ""tokens"": [""CD27""]}, {""via"": ""exact_alias"", ""source_token"": ""CD27L"", ""tokens"": [""CD27L""]}, {""via"": ""pro_id"", ""pr"": ""PR:000001963"", ""tokens"": [""CD27""]}]}]"
SOULCAP:SC000038		IgD only	IgD only Memory B cell	Bmem	Exact		3	CL:0002108	CD38-negative IgG memory B cell	20	2	CD3-, CD20+ (1 of 2 alt.), CD27+, CD38- (1 of 2 alt.), CD20+		CD14-/CD33-/CD64- (no axiom on any alt.), CD56-, CD45+, IGD+, IGM-, CD127-, CD16-, CD15-/CD66B- (no axiom on any alt.), HLA-DR:not:positive/CD11C:not:high (no axiom on any alt.), CD123-	no		"[""marker_axioms""]"	null	"[{""sense"": ""negative"", ""pr"": ""PR:000001020"", ""asserted"": ""False"", ""paths"": [{""via"": ""exact_alias"", ""source_token"": ""CD3"", ""tokens"": [""CD3""]}, {""via"": ""exact_alias"", ""source_token"": ""CD3E"", ""tokens"": [""CD3E""]}, {""via"": ""exact_alias"", ""source_token"": ""CD3E"", ""tokens"": [""CD3E""]}, {""via"": ""pro_id"", ""pr"": ""PR:000001020"", ""tokens"": [""CD3""]}]}, {""sense"": ""negative"", ""pr"": ""PR:000001408"", ""asserted"": ""True"", ""paths"": [{""via"": ""exact_alias"", ""source_token"": ""CD38"", ""tokens"": [""CD38""]}, {""via"": ""pro_id"", ""pr"": ""PR:000001408"", ""tokens"": [""CD38""]}]}, {""sense"": ""negative"", ""pr"": ""PR:000001935"", ""asserted"": ""False"", ""paths"": [{""via"": ""exact_alias"", ""source_token"": ""CD138"", ""tokens"": [""CD138""]}, {""via"": ""pro_id"", ""pr"": ""PR:000001935"", ""tokens"": [""CD138""]}]}, {""sense"": ""positive"", ""pr"": ""PR:000001002"", ""asserted"": ""False"", ""paths"": [{""via"": ""exact_alias"", ""source_token"": ""CD19"", ""tokens"": [""CD19""]}, {""via"": ""pro_id"", ""pr"": ""PR:000001002"", ""tokens"": [""CD19""]}]}, {""sense"": ""positive"", ""pr"": ""PR:000001289"", ""asserted"": ""False"", ""paths"": [{""via"": ""exact_alias"", ""source_token"": ""CD20"", ""tokens"": [""CD20""]}, {""via"": ""pro_id"", ""pr"": ""PR:000001289"", ""tokens"": [""CD20""]}]}, {""sense"": ""positive"", ""pr"": ""PR:000001963"", ""asserted"": ""False"", ""paths"": [{""via"": ""exact_alias"", ""source_token"": ""CD27"", ""tokens"": [""CD27""]}, {""via"": ""exact_alias"", ""source_token"": ""CD27L"", ""tokens"": [""CD27L""]}, {""via"": ""pro_id"", ""pr"": ""PR:000001963"", ""tokens"": [""CD27""]}]}]"
SOULCAP:SC000039		Unswitched	Unswitched Memory B cell	Bmem	Exact		1	CL:0002112	B220-positive CD38-negative unswitched memory B cell	25	3	CD3-, CD45+, CD20+ (1 of 2 alt.), CD27+, CD38- (1 of 2 alt.), CD20+		CD14-/CD33-/CD64- (no axiom on any alt.), CD56-, IGD+, IGM+, CD127-, CD16-, CD15-/CD66B- (no axiom on any alt.), HLA-DR:not:positive/CD11C:not:high (no axiom on any alt.), CD123-	no		"[""marker_axioms""]"	null	"[{""sense"": ""negative"", ""pr"": ""PR:000001020"", ""asserted"": ""False"", ""paths"": [{""via"": ""exact_alias"", ""source_token"": ""CD3"", ""tokens"": [""CD3""]}, {""via"": ""exact_alias"", ""source_token"": ""CD3E"", ""tokens"": [""CD3E""]}, {""via"": ""exact_alias"", ""source_token"": ""CD3E"", ""tokens"": [""CD3E""]}, {""via"": ""pro_id"", ""pr"": ""PR:000001020"", ""tokens"": [""CD3""]}]}, {""sense"": ""negative"", ""pr"": ""PR:000001408"", ""asserted"": ""False"", ""paths"": [{""via"": ""exact_alias"", ""source_token"": ""CD38"", ""tokens"": [""CD38""]}, {""via"": ""pro_id"", ""pr"": ""PR:000001408"", ""tokens"": [""CD38""]}]}, {""sense"": ""negative"", ""pr"": ""PR:000001935"", ""asserted"": ""False"", ""paths"": [{""via"": ""exact_alias"", ""source_token"": ""CD138"", ""tokens"": [""CD138""]}, {""via"": ""pro_id"", ""pr"": ""PR:000001935"", ""tokens"": [""CD138""]}]}, {""sense"": ""positive"", ""pr"": ""PR:000001002"", ""asserted"": ""False"", ""paths"": [{""via"": ""exact_alias"", ""source_token"": ""CD19"", ""tokens"": [""CD19""]}, {""via"": ""pro_id"", ""pr"": ""PR:000001002"", ""tokens"": [""CD19""]}]}, {""sense"": ""positive"", ""pr"": ""PR:000001006"", ""asserted"": ""False"", ""paths"": [{""via"": ""pro_id"", ""pr"": ""PR:000001006"", ""tokens"": [""CD45""]}]}, {""sense"": ""positive"", ""pr"": ""PR:000001014"", ""asserted"": ""True"", ""paths"": [{""via"": ""exact_alias"", ""source_token"": ""CD45RABC"", ""tokens"": [""CD45RABC""]}]}, {""sense"": ""positive"", ""pr"": ""PR:000001289"", ""asserted"": ""False"", ""paths"": [{""via"": ""exact_alias"", ""source_token"": ""CD20"", ""tokens"": [""CD20""]}, {""via"": ""pro_id"", ""pr"": ""PR:000001289"", ""tokens"": [""CD20""]}]}, {""sense"": ""positive"", ""pr"": ""PR:000001963"", ""asserted"": ""False"", ""paths"": [{""via"": ""exact_alias"", ""source_token"": ""CD27"", ""tokens"": [""CD27""]}, {""via"": ""exact_alias"", ""source_token"": ""CD27L"", ""tokens"": [""CD27L""]}, {""via"": ""pro_id"", ""pr"": ""PR:000001963"", ""tokens"": [""CD27""]}]}]"
SOULCAP:SC000039		Unswitched	Unswitched Memory B cell	Bmem	Exact		2	CL:0002113	B220-low CD38-negative unswitched memory B cell	25	3	CD3-, CD45+ (dim), CD20+ (1 of 2 alt.), CD27+, CD38- (1 of 2 alt.), CD20+		CD14-/CD33-/CD64- (no axiom on any alt.), CD56-, IGD+, IGM+, CD127-, CD16-, CD15-/CD66B- (no axiom on any alt.), HLA-DR:not:positive/CD11C:not:high (no axiom on any alt.), CD123-	no		"[""marker_axioms""]"	null	"[{""sense"": ""low"", ""pr"": ""PR:000001006"", ""asserted"": ""False"", ""paths"": [{""via"": ""pro_id"", ""pr"": ""PR:000001006"", ""tokens"": [""CD45""]}]}, {""sense"": ""low"", ""pr"": ""PR:000001014"", ""asserted"": ""True"", ""paths"": [{""via"": ""exact_alias"", ""source_token"": ""CD45RABC"", ""tokens"": [""CD45RABC""]}]}, {""sense"": ""negative"", ""pr"": ""PR:000001020"", ""asserted"": ""False"", ""paths"": [{""via"": ""exact_alias"", ""source_token"": ""CD3"", ""tokens"": [""CD3""]}, {""via"": ""exact_alias"", ""source_token"": ""CD3E"", ""tokens"": [""CD3E""]}, {""via"": ""exact_alias"", ""source_token"": ""CD3E"", ""tokens"": [""CD3E""]}, {""via"": ""pro_id"", ""pr"": ""PR:000001020"", ""tokens"": [""CD3""]}]}, {""sense"": ""negative"", ""pr"": ""PR:000001408"", ""asserted"": ""False"", ""paths"": [{""via"": ""exact_alias"", ""source_token"": ""CD38"", ""tokens"": [""CD38""]}, {""via"": ""pro_id"", ""pr"": ""PR:000001408"", ""tokens"": [""CD38""]}]}, {""sense"": ""negative"", ""pr"": ""PR:000001935"", ""asserted"": ""False"", ""paths"": [{""via"": ""exact_alias"", ""source_token"": ""CD138"", ""tokens"": [""CD138""]}, {""via"": ""pro_id"", ""pr"": ""PR:000001935"", ""tokens"": [""CD138""]}]}, {""sense"": ""positive"", ""pr"": ""PR:000001002"", ""asserted"": ""False"", ""paths"": [{""via"": ""exact_alias"", ""source_token"": ""CD19"", ""tokens"": [""CD19""]}, {""via"": ""pro_id"", ""pr"": ""PR:000001002"", ""tokens"": [""CD19""]}]}, {""sense"": ""positive"", ""pr"": ""PR:000001289"", ""asserted"": ""False"", ""paths"": [{""via"": ""exact_alias"", ""source_token"": ""CD20"", ""tokens"": [""CD20""]}, {""via"": ""pro_id"", ""pr"": ""PR:000001289"", ""tokens"": [""CD20""]}]}, {""sense"": ""positive"", ""pr"": ""PR:000001963"", ""asserted"": ""False"", ""paths"": [{""via"": ""exact_alias"", ""source_token"": ""CD27"", ""tokens"": [""CD27""]}, {""via"": ""exact_alias"", ""source_token"": ""CD27L"", ""tokens"": [""CD27L""]}, {""via"": ""pro_id"", ""pr"": ""PR:000001963"", ""tokens"": [""CD27""]}]}]"
SOULCAP:SC000039		Unswitched	Unswitched Memory B cell	Bmem	Exact		3	CL:0002111	CD38-negative unswitched memory B cell	21	3	CD3-, CD20+ (1 of 2 alt.), CD27+, CD38- (1 of 2 alt.), CD20+		CD14-/CD33-/CD64- (no axiom on any alt.), CD56-, CD45+, IGD+, IGM+, CD127-, CD16-, CD15-/CD66B- (no axiom on any alt.), HLA-DR:not:positive/CD11C:not:high (no axiom on any alt.), CD123-	no		"[""marker_axioms"", ""local_lexical""]"	"{""query"": ""unswitched memory b cell"", ""exact"": false, ""token_jaccard"": 0.75}"	"[{""sense"": ""negative"", ""pr"": ""PR:000001020"", ""asserted"": ""False"", ""paths"": [{""via"": ""exact_alias"", ""source_token"": ""CD3"", ""tokens"": [""CD3""]}, {""via"": ""exact_alias"", ""source_token"": ""CD3E"", ""tokens"": [""CD3E""]}, {""via"": ""exact_alias"", ""source_token"": ""CD3E"", ""tokens"": [""CD3E""]}, {""via"": ""pro_id"", ""pr"": ""PR:000001020"", ""tokens"": [""CD3""]}]}, {""sense"": ""negative"", ""pr"": ""PR:000001408"", ""asserted"": ""True"", ""paths"": [{""via"": ""exact_alias"", ""source_token"": ""CD38"", ""tokens"": [""CD38""]}, {""via"": ""pro_id"", ""pr"": ""PR:000001408"", ""tokens"": [""CD38""]}]}, {""sense"": ""negative"", ""pr"": ""PR:000001935"", ""asserted"": ""False"", ""paths"": [{""via"": ""exact_alias"", ""source_token"": ""CD138"", ""tokens"": [""CD138""]}, {""via"": ""pro_id"", ""pr"": ""PR:000001935"", ""tokens"": [""CD138""]}]}, {""sense"": ""positive"", ""pr"": ""PR:000001002"", ""asserted"": ""False"", ""paths"": [{""via"": ""exact_alias"", ""source_token"": ""CD19"", ""tokens"": [""CD19""]}, {""via"": ""pro_id"", ""pr"": ""PR:000001002"", ""tokens"": [""CD19""]}]}, {""sense"": ""positive"", ""pr"": ""PR:000001289"", ""asserted"": ""False"", ""paths"": [{""via"": ""exact_alias"", ""source_token"": ""CD20"", ""tokens"": [""CD20""]}, {""via"": ""pro_id"", ""pr"": ""PR:000001289"", ""tokens"": [""CD20""]}]}, {""sense"": ""positive"", ""pr"": ""PR:000001963"", ""asserted"": ""False"", ""paths"": [{""via"": ""exact_alias"", ""source_token"": ""CD27"", ""tokens"": [""CD27""]}, {""via"": ""exact_alias"", ""source_token"": ""CD27L"", ""tokens"": [""CD27L""]}, {""via"": ""pro_id"", ""pr"": ""PR:000001963"", ""tokens"": [""CD27""]}]}]"
SOULCAP:SC000040		IgM only	IgM-only Memory B cell	Bmem	Exact		1	CL:0002112	B220-positive CD38-negative unswitched memory B cell	24	2	CD3-, CD45+, CD20+ (1 of 2 alt.), CD27+, CD38- (1 of 2 alt.), CD20+		CD14-/CD33-/CD64- (no axiom on any alt.), CD56-, IGD-, IGM+, CD127-, CD16-, CD15-/CD66B- (no axiom on any alt.), HLA-DR:not:positive/CD11C:not:high (no axiom on any alt.), CD123-	no		"[""marker_axioms""]"	null	"[{""sense"": ""negative"", ""pr"": ""PR:000001020"", ""asserted"": ""False"", ""paths"": [{""via"": ""exact_alias"", ""source_token"": ""CD3"", ""tokens"": [""CD3""]}, {""via"": ""exact_alias"", ""source_token"": ""CD3E"", ""tokens"": [""CD3E""]}, {""via"": ""exact_alias"", ""source_token"": ""CD3E"", ""tokens"": [""CD3E""]}, {""via"": ""pro_id"", ""pr"": ""PR:000001020"", ""tokens"": [""CD3""]}]}, {""sense"": ""negative"", ""pr"": ""PR:000001408"", ""asserted"": ""False"", ""paths"": [{""via"": ""exact_alias"", ""source_token"": ""CD38"", ""tokens"": [""CD38""]}, {""via"": ""pro_id"", ""pr"": ""PR:000001408"", ""tokens"": [""CD38""]}]}, {""sense"": ""negative"", ""pr"": ""PR:000001935"", ""asserted"": ""False"", ""paths"": [{""via"": ""exact_alias"", ""source_token"": ""CD138"", ""tokens"": [""CD138""]}, {""via"": ""pro_id"", ""pr"": ""PR:000001935"", ""tokens"": [""CD138""]}]}, {""sense"": ""positive"", ""pr"": ""PR:000001002"", ""asserted"": ""False"", ""paths"": [{""via"": ""exact_alias"", ""source_token"": ""CD19"", ""tokens"": [""CD19""]}, {""via"": ""pro_id"", ""pr"": ""PR:000001002"", ""tokens"": [""CD19""]}]}, {""sense"": ""positive"", ""pr"": ""PR:000001006"", ""asserted"": ""False"", ""paths"": [{""via"": ""pro_id"", ""pr"": ""PR:000001006"", ""tokens"": [""CD45""]}]}, {""sense"": ""positive"", ""pr"": ""PR:000001014"", ""asserted"": ""True"", ""paths"": [{""via"": ""exact_alias"", ""source_token"": ""CD45RABC"", ""tokens"": [""CD45RABC""]}]}, {""sense"": ""positive"", ""pr"": ""PR:000001289"", ""asserted"": ""False"", ""paths"": [{""via"": ""exact_alias"", ""source_token"": ""CD20"", ""tokens"": [""CD20""]}, {""via"": ""pro_id"", ""pr"": ""PR:000001289"", ""tokens"": [""CD20""]}]}, {""sense"": ""positive"", ""pr"": ""PR:000001963"", ""asserted"": ""False"", ""paths"": [{""via"": ""exact_alias"", ""source_token"": ""CD27"", ""tokens"": [""CD27""]}, {""via"": ""exact_alias"", ""source_token"": ""CD27L"", ""tokens"": [""CD27L""]}, {""via"": ""pro_id"", ""pr"": ""PR:000001963"", ""tokens"": [""CD27""]}]}]"
SOULCAP:SC000040		IgM only	IgM-only Memory B cell	Bmem	Exact		2	CL:0002113	B220-low CD38-negative unswitched memory B cell	24	2	CD3-, CD45+ (dim), CD20+ (1 of 2 alt.), CD27+, CD38- (1 of 2 alt.), CD20+		CD14-/CD33-/CD64- (no axiom on any alt.), CD56-, IGD-, IGM+, CD127-, CD16-, CD15-/CD66B- (no axiom on any alt.), HLA-DR:not:positive/CD11C:not:high (no axiom on any alt.), CD123-	no		"[""marker_axioms""]"	null	"[{""sense"": ""low"", ""pr"": ""PR:000001006"", ""asserted"": ""False"", ""paths"": [{""via"": ""pro_id"", ""pr"": ""PR:000001006"", ""tokens"": [""CD45""]}]}, {""sense"": ""low"", ""pr"": ""PR:000001014"", ""asserted"": ""True"", ""paths"": [{""via"": ""exact_alias"", ""source_token"": ""CD45RABC"", ""tokens"": [""CD45RABC""]}]}, {""sense"": ""negative"", ""pr"": ""PR:000001020"", ""asserted"": ""False"", ""paths"": [{""via"": ""exact_alias"", ""source_token"": ""CD3"", ""tokens"": [""CD3""]}, {""via"": ""exact_alias"", ""source_token"": ""CD3E"", ""tokens"": [""CD3E""]}, {""via"": ""exact_alias"", ""source_token"": ""CD3E"", ""tokens"": [""CD3E""]}, {""via"": ""pro_id"", ""pr"": ""PR:000001020"", ""tokens"": [""CD3""]}]}, {""sense"": ""negative"", ""pr"": ""PR:000001408"", ""asserted"": ""False"", ""paths"": [{""via"": ""exact_alias"", ""source_token"": ""CD38"", ""tokens"": [""CD38""]}, {""via"": ""pro_id"", ""pr"": ""PR:000001408"", ""tokens"": [""CD38""]}]}, {""sense"": ""negative"", ""pr"": ""PR:000001935"", ""asserted"": ""False"", ""paths"": [{""via"": ""exact_alias"", ""source_token"": ""CD138"", ""tokens"": [""CD138""]}, {""via"": ""pro_id"", ""pr"": ""PR:000001935"", ""tokens"": [""CD138""]}]}, {""sense"": ""positive"", ""pr"": ""PR:000001002"", ""asserted"": ""False"", ""paths"": [{""via"": ""exact_alias"", ""source_token"": ""CD19"", ""tokens"": [""CD19""]}, {""via"": ""pro_id"", ""pr"": ""PR:000001002"", ""tokens"": [""CD19""]}]}, {""sense"": ""positive"", ""pr"": ""PR:000001289"", ""asserted"": ""False"", ""paths"": [{""via"": ""exact_alias"", ""source_token"": ""CD20"", ""tokens"": [""CD20""]}, {""via"": ""pro_id"", ""pr"": ""PR:000001289"", ""tokens"": [""CD20""]}]}, {""sense"": ""positive"", ""pr"": ""PR:000001963"", ""asserted"": ""False"", ""paths"": [{""via"": ""exact_alias"", ""source_token"": ""CD27"", ""tokens"": [""CD27""]}, {""via"": ""exact_alias"", ""source_token"": ""CD27L"", ""tokens"": [""CD27L""]}, {""via"": ""pro_id"", ""pr"": ""PR:000001963"", ""tokens"": [""CD27""]}]}]"
SOULCAP:SC000040		IgM only	IgM-only Memory B cell	Bmem	Exact		3	CL:0002108	CD38-negative IgG memory B cell	20	2	CD3-, CD20+ (1 of 2 alt.), CD27+, CD38- (1 of 2 alt.), CD20+		CD14-/CD33-/CD64- (no axiom on any alt.), CD56-, CD45+, IGD-, IGM+, CD127-, CD16-, CD15-/CD66B- (no axiom on any alt.), HLA-DR:not:positive/CD11C:not:high (no axiom on any alt.), CD123-	no		"[""marker_axioms""]"	null	"[{""sense"": ""negative"", ""pr"": ""PR:000001020"", ""asserted"": ""False"", ""paths"": [{""via"": ""exact_alias"", ""source_token"": ""CD3"", ""tokens"": [""CD3""]}, {""via"": ""exact_alias"", ""source_token"": ""CD3E"", ""tokens"": [""CD3E""]}, {""via"": ""exact_alias"", ""source_token"": ""CD3E"", ""tokens"": [""CD3E""]}, {""via"": ""pro_id"", ""pr"": ""PR:000001020"", ""tokens"": [""CD3""]}]}, {""sense"": ""negative"", ""pr"": ""PR:000001408"", ""asserted"": ""True"", ""paths"": [{""via"": ""exact_alias"", ""source_token"": ""CD38"", ""tokens"": [""CD38""]}, {""via"": ""pro_id"", ""pr"": ""PR:000001408"", ""tokens"": [""CD38""]}]}, {""sense"": ""negative"", ""pr"": ""PR:000001935"", ""asserted"": ""False"", ""paths"": [{""via"": ""exact_alias"", ""source_token"": ""CD138"", ""tokens"": [""CD138""]}, {""via"": ""pro_id"", ""pr"": ""PR:000001935"", ""tokens"": [""CD138""]}]}, {""sense"": ""positive"", ""pr"": ""PR:000001002"", ""asserted"": ""False"", ""paths"": [{""via"": ""exact_alias"", ""source_token"": ""CD19"", ""tokens"": [""CD19""]}, {""via"": ""pro_id"", ""pr"": ""PR:000001002"", ""tokens"": [""CD19""]}]}, {""sense"": ""positive"", ""pr"": ""PR:000001289"", ""asserted"": ""False"", ""paths"": [{""via"": ""exact_alias"", ""source_token"": ""CD20"", ""tokens"": [""CD20""]}, {""via"": ""pro_id"", ""pr"": ""PR:000001289"", ""tokens"": [""CD20""]}]}, {""sense"": ""positive"", ""pr"": ""PR:000001963"", ""asserted"": ""False"", ""paths"": [{""via"": ""exact_alias"", ""source_token"": ""CD27"", ""tokens"": [""CD27""]}, {""via"": ""exact_alias"", ""source_token"": ""CD27L"", ""tokens"": [""CD27L""]}, {""via"": ""pro_id"", ""pr"": ""PR:000001963"", ""tokens"": [""CD27""]}]}]"
SOULCAP:SC000041		Switched	Switched Memory B cell	Bmem	Exact		1	CL:0002112	B220-positive CD38-negative unswitched memory B cell	25	3	CD3-, CD45+, CD20+ (1 of 2 alt.), CD27+, CD38- (1 of 2 alt.), CD20+		CD14-/CD33-/CD64- (no axiom on any alt.), CD56-, IGD-, IGM-, CD127-, CD16-, CD15-/CD66B- (no axiom on any alt.), HLA-DR:not:positive/CD11C:not:high (no axiom on any alt.), CD123-	no		"[""marker_axioms""]"	null	"[{""sense"": ""negative"", ""pr"": ""PR:000001020"", ""asserted"": ""False"", ""paths"": [{""via"": ""exact_alias"", ""source_token"": ""CD3"", ""tokens"": [""CD3""]}, {""via"": ""exact_alias"", ""source_token"": ""CD3E"", ""tokens"": [""CD3E""]}, {""via"": ""exact_alias"", ""source_token"": ""CD3E"", ""tokens"": [""CD3E""]}, {""via"": ""pro_id"", ""pr"": ""PR:000001020"", ""tokens"": [""CD3""]}]}, {""sense"": ""negative"", ""pr"": ""PR:000001408"", ""asserted"": ""False"", ""paths"": [{""via"": ""exact_alias"", ""source_token"": ""CD38"", ""tokens"": [""CD38""]}, {""via"": ""pro_id"", ""pr"": ""PR:000001408"", ""tokens"": [""CD38""]}]}, {""sense"": ""negative"", ""pr"": ""PR:000001935"", ""asserted"": ""False"", ""paths"": [{""via"": ""exact_alias"", ""source_token"": ""CD138"", ""tokens"": [""CD138""]}, {""via"": ""pro_id"", ""pr"": ""PR:000001935"", ""tokens"": [""CD138""]}]}, {""sense"": ""positive"", ""pr"": ""PR:000001002"", ""asserted"": ""False"", ""paths"": [{""via"": ""exact_alias"", ""source_token"": ""CD19"", ""tokens"": [""CD19""]}, {""via"": ""pro_id"", ""pr"": ""PR:000001002"", ""tokens"": [""CD19""]}]}, {""sense"": ""positive"", ""pr"": ""PR:000001006"", ""asserted"": ""False"", ""paths"": [{""via"": ""pro_id"", ""pr"": ""PR:000001006"", ""tokens"": [""CD45""]}]}, {""sense"": ""positive"", ""pr"": ""PR:000001014"", ""asserted"": ""True"", ""paths"": [{""via"": ""exact_alias"", ""source_token"": ""CD45RABC"", ""tokens"": [""CD45RABC""]}]}, {""sense"": ""positive"", ""pr"": ""PR:000001289"", ""asserted"": ""False"", ""paths"": [{""via"": ""exact_alias"", ""source_token"": ""CD20"", ""tokens"": [""CD20""]}, {""via"": ""pro_id"", ""pr"": ""PR:000001289"", ""tokens"": [""CD20""]}]}, {""sense"": ""positive"", ""pr"": ""PR:000001963"", ""asserted"": ""False"", ""paths"": [{""via"": ""exact_alias"", ""source_token"": ""CD27"", ""tokens"": [""CD27""]}, {""via"": ""exact_alias"", ""source_token"": ""CD27L"", ""tokens"": [""CD27L""]}, {""via"": ""pro_id"", ""pr"": ""PR:000001963"", ""tokens"": [""CD27""]}]}]"
SOULCAP:SC000041		Switched	Switched Memory B cell	Bmem	Exact		2	CL:0002113	B220-low CD38-negative unswitched memory B cell	25	3	CD3-, CD45+ (dim), CD20+ (1 of 2 alt.), CD27+, CD38- (1 of 2 alt.), CD20+		CD14-/CD33-/CD64- (no axiom on any alt.), CD56-, IGD-, IGM-, CD127-, CD16-, CD15-/CD66B- (no axiom on any alt.), HLA-DR:not:positive/CD11C:not:high (no axiom on any alt.), CD123-	no		"[""marker_axioms""]"	null	"[{""sense"": ""low"", ""pr"": ""PR:000001006"", ""asserted"": ""False"", ""paths"": [{""via"": ""pro_id"", ""pr"": ""PR:000001006"", ""tokens"": [""CD45""]}]}, {""sense"": ""low"", ""pr"": ""PR:000001014"", ""asserted"": ""True"", ""paths"": [{""via"": ""exact_alias"", ""source_token"": ""CD45RABC"", ""tokens"": [""CD45RABC""]}]}, {""sense"": ""negative"", ""pr"": ""PR:000001020"", ""asserted"": ""False"", ""paths"": [{""via"": ""exact_alias"", ""source_token"": ""CD3"", ""tokens"": [""CD3""]}, {""via"": ""exact_alias"", ""source_token"": ""CD3E"", ""tokens"": [""CD3E""]}, {""via"": ""exact_alias"", ""source_token"": ""CD3E"", ""tokens"": [""CD3E""]}, {""via"": ""pro_id"", ""pr"": ""PR:000001020"", ""tokens"": [""CD3""]}]}, {""sense"": ""negative"", ""pr"": ""PR:000001408"", ""asserted"": ""False"", ""paths"": [{""via"": ""exact_alias"", ""source_token"": ""CD38"", ""tokens"": [""CD38""]}, {""via"": ""pro_id"", ""pr"": ""PR:000001408"", ""tokens"": [""CD38""]}]}, {""sense"": ""negative"", ""pr"": ""PR:000001935"", ""asserted"": ""False"", ""paths"": [{""via"": ""exact_alias"", ""source_token"": ""CD138"", ""tokens"": [""CD138""]}, {""via"": ""pro_id"", ""pr"": ""PR:000001935"", ""tokens"": [""CD138""]}]}, {""sense"": ""positive"", ""pr"": ""PR:000001002"", ""asserted"": ""False"", ""paths"": [{""via"": ""exact_alias"", ""source_token"": ""CD19"", ""tokens"": [""CD19""]}, {""via"": ""pro_id"", ""pr"": ""PR:000001002"", ""tokens"": [""CD19""]}]}, {""sense"": ""positive"", ""pr"": ""PR:000001289"", ""asserted"": ""False"", ""paths"": [{""via"": ""exact_alias"", ""source_token"": ""CD20"", ""tokens"": [""CD20""]}, {""via"": ""pro_id"", ""pr"": ""PR:000001289"", ""tokens"": [""CD20""]}]}, {""sense"": ""positive"", ""pr"": ""PR:000001963"", ""asserted"": ""False"", ""paths"": [{""via"": ""exact_alias"", ""source_token"": ""CD27"", ""tokens"": [""CD27""]}, {""via"": ""exact_alias"", ""source_token"": ""CD27L"", ""tokens"": [""CD27L""]}, {""via"": ""pro_id"", ""pr"": ""PR:000001963"", ""tokens"": [""CD27""]}]}]"
SOULCAP:SC000041		Switched	Switched Memory B cell	Bmem	Exact		3	CL:0002111	CD38-negative unswitched memory B cell	21	3	CD3-, CD20+ (1 of 2 alt.), CD27+, CD38- (1 of 2 alt.), CD20+		CD14-/CD33-/CD64- (no axiom on any alt.), CD56-, CD45+, IGD-, IGM-, CD127-, CD16-, CD15-/CD66B- (no axiom on any alt.), HLA-DR:not:positive/CD11C:not:high (no axiom on any alt.), CD123-	no		"[""marker_axioms""]"	null	"[{""sense"": ""negative"", ""pr"": ""PR:000001020"", ""asserted"": ""False"", ""paths"": [{""via"": ""exact_alias"", ""source_token"": ""CD3"", ""tokens"": [""CD3""]}, {""via"": ""exact_alias"", ""source_token"": ""CD3E"", ""tokens"": [""CD3E""]}, {""via"": ""exact_alias"", ""source_token"": ""CD3E"", ""tokens"": [""CD3E""]}, {""via"": ""pro_id"", ""pr"": ""PR:000001020"", ""tokens"": [""CD3""]}]}, {""sense"": ""negative"", ""pr"": ""PR:000001408"", ""asserted"": ""True"", ""paths"": [{""via"": ""exact_alias"", ""source_token"": ""CD38"", ""tokens"": [""CD38""]}, {""via"": ""pro_id"", ""pr"": ""PR:000001408"", ""tokens"": [""CD38""]}]}, {""sense"": ""negative"", ""pr"": ""PR:000001935"", ""asserted"": ""False"", ""paths"": [{""via"": ""exact_alias"", ""source_token"": ""CD138"", ""tokens"": [""CD138""]}, {""via"": ""pro_id"", ""pr"": ""PR:000001935"", ""tokens"": [""CD138""]}]}, {""sense"": ""positive"", ""pr"": ""PR:000001002"", ""asserted"": ""False"", ""paths"": [{""via"": ""exact_alias"", ""source_token"": ""CD19"", ""tokens"": [""CD19""]}, {""via"": ""pro_id"", ""pr"": ""PR:000001002"", ""tokens"": [""CD19""]}]}, {""sense"": ""positive"", ""pr"": ""PR:000001289"", ""asserted"": ""False"", ""paths"": [{""via"": ""exact_alias"", ""source_token"": ""CD20"", ""tokens"": [""CD20""]}, {""via"": ""pro_id"", ""pr"": ""PR:000001289"", ""tokens"": [""CD20""]}]}, {""sense"": ""positive"", ""pr"": ""PR:000001963"", ""asserted"": ""False"", ""paths"": [{""via"": ""exact_alias"", ""source_token"": ""CD27"", ""tokens"": [""CD27""]}, {""via"": ""exact_alias"", ""source_token"": ""CD27L"", ""tokens"": [""CD27L""]}, {""via"": ""pro_id"", ""pr"": ""PR:000001963"", ""tokens"": [""CD27""]}]}]"
SOULCAP:SC000042		IgA	IgA-Class Switched B cell	Switched	Surface Only (SO)		1	CL:0002112	B220-positive CD38-negative unswitched memory B cell	24	2	CD3-, CD45+, CD20+ (1 of 2 alt.), CD27+, CD38- (1 of 2 alt.), CD20+		CD14-/CD33-/CD64- (no axiom on any alt.), CD56-, IGD-, IGM-, IGA+, IGG-, IGE-, CD127-, CD16-, CD15-/CD66B- (no axiom on any alt.), HLA-DR:not:positive/CD11C:not:high (no axiom on any alt.), CD123-	no		"[""marker_axioms""]"	null	"[{""sense"": ""negative"", ""pr"": ""PR:000001020"", ""asserted"": ""False"", ""paths"": [{""via"": ""exact_alias"", ""source_token"": ""CD3"", ""tokens"": [""CD3""]}, {""via"": ""exact_alias"", ""source_token"": ""CD3E"", ""tokens"": [""CD3E""]}, {""via"": ""exact_alias"", ""source_token"": ""CD3E"", ""tokens"": [""CD3E""]}, {""via"": ""pro_id"", ""pr"": ""PR:000001020"", ""tokens"": [""CD3""]}]}, {""sense"": ""negative"", ""pr"": ""PR:000001408"", ""asserted"": ""False"", ""paths"": [{""via"": ""exact_alias"", ""source_token"": ""CD38"", ""tokens"": [""CD38""]}, {""via"": ""pro_id"", ""pr"": ""PR:000001408"", ""tokens"": [""CD38""]}]}, {""sense"": ""negative"", ""pr"": ""PR:000001935"", ""asserted"": ""False"", ""paths"": [{""via"": ""exact_alias"", ""source_token"": ""CD138"", ""tokens"": [""CD138""]}, {""via"": ""pro_id"", ""pr"": ""PR:000001935"", ""tokens"": [""CD138""]}]}, {""sense"": ""positive"", ""pr"": ""PR:000001002"", ""asserted"": ""False"", ""paths"": [{""via"": ""exact_alias"", ""source_token"": ""CD19"", ""tokens"": [""CD19""]}, {""via"": ""pro_id"", ""pr"": ""PR:000001002"", ""tokens"": [""CD19""]}]}, {""sense"": ""positive"", ""pr"": ""PR:000001006"", ""asserted"": ""False"", ""paths"": [{""via"": ""pro_id"", ""pr"": ""PR:000001006"", ""tokens"": [""CD45""]}]}, {""sense"": ""positive"", ""pr"": ""PR:000001014"", ""asserted"": ""True"", ""paths"": [{""via"": ""exact_alias"", ""source_token"": ""CD45RABC"", ""tokens"": [""CD45RABC""]}]}, {""sense"": ""positive"", ""pr"": ""PR:000001289"", ""asserted"": ""False"", ""paths"": [{""via"": ""exact_alias"", ""source_token"": ""CD20"", ""tokens"": [""CD20""]}, {""via"": ""pro_id"", ""pr"": ""PR:000001289"", ""tokens"": [""CD20""]}]}, {""sense"": ""positive"", ""pr"": ""PR:000001963"", ""asserted"": ""False"", ""paths"": [{""via"": ""exact_alias"", ""source_token"": ""CD27"", ""tokens"": [""CD27""]}, {""via"": ""exact_alias"", ""source_token"": ""CD27L"", ""tokens"": [""CD27L""]}, {""via"": ""pro_id"", ""pr"": ""PR:000001963"", ""tokens"": [""CD27""]}]}]"
SOULCAP:SC000042		IgA	IgA-Class Switched B cell	Switched	Surface Only (SO)		2	CL:0002113	B220-low CD38-negative unswitched memory B cell	24	2	CD3-, CD45+ (dim), CD20+ (1 of 2 alt.), CD27+, CD38- (1 of 2 alt.), CD20+		CD14-/CD33-/CD64- (no axiom on any alt.), CD56-, IGD-, IGM-, IGA+, IGG-, IGE-, CD127-, CD16-, CD15-/CD66B- (no axiom on any alt.), HLA-DR:not:positive/CD11C:not:high (no axiom on any alt.), CD123-	no		"[""marker_axioms""]"	null	"[{""sense"": ""low"", ""pr"": ""PR:000001006"", ""asserted"": ""False"", ""paths"": [{""via"": ""pro_id"", ""pr"": ""PR:000001006"", ""tokens"": [""CD45""]}]}, {""sense"": ""low"", ""pr"": ""PR:000001014"", ""asserted"": ""True"", ""paths"": [{""via"": ""exact_alias"", ""source_token"": ""CD45RABC"", ""tokens"": [""CD45RABC""]}]}, {""sense"": ""negative"", ""pr"": ""PR:000001020"", ""asserted"": ""False"", ""paths"": [{""via"": ""exact_alias"", ""source_token"": ""CD3"", ""tokens"": [""CD3""]}, {""via"": ""exact_alias"", ""source_token"": ""CD3E"", ""tokens"": [""CD3E""]}, {""via"": ""exact_alias"", ""source_token"": ""CD3E"", ""tokens"": [""CD3E""]}, {""via"": ""pro_id"", ""pr"": ""PR:000001020"", ""tokens"": [""CD3""]}]}, {""sense"": ""negative"", ""pr"": ""PR:000001408"", ""asserted"": ""False"", ""paths"": [{""via"": ""exact_alias"", ""source_token"": ""CD38"", ""tokens"": [""CD38""]}, {""via"": ""pro_id"", ""pr"": ""PR:000001408"", ""tokens"": [""CD38""]}]}, {""sense"": ""negative"", ""pr"": ""PR:000001935"", ""asserted"": ""False"", ""paths"": [{""via"": ""exact_alias"", ""source_token"": ""CD138"", ""tokens"": [""CD138""]}, {""via"": ""pro_id"", ""pr"": ""PR:000001935"", ""tokens"": [""CD138""]}]}, {""sense"": ""positive"", ""pr"": ""PR:000001002"", ""asserted"": ""False"", ""paths"": [{""via"": ""exact_alias"", ""source_token"": ""CD19"", ""tokens"": [""CD19""]}, {""via"": ""pro_id"", ""pr"": ""PR:000001002"", ""tokens"": [""CD19""]}]}, {""sense"": ""positive"", ""pr"": ""PR:000001289"", ""asserted"": ""False"", ""paths"": [{""via"": ""exact_alias"", ""source_token"": ""CD20"", ""tokens"": [""CD20""]}, {""via"": ""pro_id"", ""pr"": ""PR:000001289"", ""tokens"": [""CD20""]}]}, {""sense"": ""positive"", ""pr"": ""PR:000001963"", ""asserted"": ""False"", ""paths"": [{""via"": ""exact_alias"", ""source_token"": ""CD27"", ""tokens"": [""CD27""]}, {""via"": ""exact_alias"", ""source_token"": ""CD27L"", ""tokens"": [""CD27L""]}, {""via"": ""pro_id"", ""pr"": ""PR:000001963"", ""tokens"": [""CD27""]}]}]"
SOULCAP:SC000042		IgA	IgA-Class Switched B cell	Switched	Surface Only (SO)		3	CL:0002118	CD38-negative IgG-negative class switched memory B cell	21	3	CD3-, CD20+ (1 of 2 alt.), CD27+, CD38- (1 of 2 alt.), CD20+		CD14-/CD33-/CD64- (no axiom on any alt.), CD56-, CD45+, IGD-, IGM-, IGA+, IGG-, IGE-, CD127-, CD16-, CD15-/CD66B- (no axiom on any alt.), HLA-DR:not:positive/CD11C:not:high (no axiom on any alt.), CD123-	no		"[""marker_axioms""]"	null	"[{""sense"": ""negative"", ""pr"": ""PR:000001020"", ""asserted"": ""False"", ""paths"": [{""via"": ""exact_alias"", ""source_token"": ""CD3"", ""tokens"": [""CD3""]}, {""via"": ""exact_alias"", ""source_token"": ""CD3E"", ""tokens"": [""CD3E""]}, {""via"": ""exact_alias"", ""source_token"": ""CD3E"", ""tokens"": [""CD3E""]}, {""via"": ""pro_id"", ""pr"": ""PR:000001020"", ""tokens"": [""CD3""]}]}, {""sense"": ""negative"", ""pr"": ""PR:000001408"", ""asserted"": ""True"", ""paths"": [{""via"": ""exact_alias"", ""source_token"": ""CD38"", ""tokens"": [""CD38""]}, {""via"": ""pro_id"", ""pr"": ""PR:000001408"", ""tokens"": [""CD38""]}]}, {""sense"": ""negative"", ""pr"": ""PR:000001935"", ""asserted"": ""False"", ""paths"": [{""via"": ""exact_alias"", ""source_token"": ""CD138"", ""tokens"": [""CD138""]}, {""via"": ""pro_id"", ""pr"": ""PR:000001935"", ""tokens"": [""CD138""]}]}, {""sense"": ""positive"", ""pr"": ""PR:000001002"", ""asserted"": ""False"", ""paths"": [{""via"": ""exact_alias"", ""source_token"": ""CD19"", ""tokens"": [""CD19""]}, {""via"": ""pro_id"", ""pr"": ""PR:000001002"", ""tokens"": [""CD19""]}]}, {""sense"": ""positive"", ""pr"": ""PR:000001289"", ""asserted"": ""False"", ""paths"": [{""via"": ""exact_alias"", ""source_token"": ""CD20"", ""tokens"": [""CD20""]}, {""via"": ""pro_id"", ""pr"": ""PR:000001289"", ""tokens"": [""CD20""]}]}, {""sense"": ""positive"", ""pr"": ""PR:000001963"", ""asserted"": ""False"", ""paths"": [{""via"": ""exact_alias"", ""source_token"": ""CD27"", ""tokens"": [""CD27""]}, {""via"": ""exact_alias"", ""source_token"": ""CD27L"", ""tokens"": [""CD27L""]}, {""via"": ""pro_id"", ""pr"": ""PR:000001963"", ""tokens"": [""CD27""]}]}]"
SOULCAP:SC000043		IgG	IgG-Class Switched B cell	Switched	Surface Only (SO)		1	CL:0002112	B220-positive CD38-negative unswitched memory B cell	24	2	CD3-, CD45+, CD20+ (1 of 2 alt.), CD27+, CD38- (1 of 2 alt.), CD20+		CD14-/CD33-/CD64- (no axiom on any alt.), CD56-, IGD-, IGM-, IGA-, IGG+, IGE-, CD127-, CD16-, CD15-/CD66B- (no axiom on any alt.), HLA-DR:not:positive/CD11C:not:high (no axiom on any alt.), CD123-	no		"[""marker_axioms""]"	null	"[{""sense"": ""negative"", ""pr"": ""PR:000001020"", ""asserted"": ""False"", ""paths"": [{""via"": ""exact_alias"", ""source_token"": ""CD3"", ""tokens"": [""CD3""]}, {""via"": ""exact_alias"", ""source_token"": ""CD3E"", ""tokens"": [""CD3E""]}, {""via"": ""exact_alias"", ""source_token"": ""CD3E"", ""tokens"": [""CD3E""]}, {""via"": ""pro_id"", ""pr"": ""PR:000001020"", ""tokens"": [""CD3""]}]}, {""sense"": ""negative"", ""pr"": ""PR:000001408"", ""asserted"": ""False"", ""paths"": [{""via"": ""exact_alias"", ""source_token"": ""CD38"", ""tokens"": [""CD38""]}, {""via"": ""pro_id"", ""pr"": ""PR:000001408"", ""tokens"": [""CD38""]}]}, {""sense"": ""negative"", ""pr"": ""PR:000001935"", ""asserted"": ""False"", ""paths"": [{""via"": ""exact_alias"", ""source_token"": ""CD138"", ""tokens"": [""CD138""]}, {""via"": ""pro_id"", ""pr"": ""PR:000001935"", ""tokens"": [""CD138""]}]}, {""sense"": ""positive"", ""pr"": ""PR:000001002"", ""asserted"": ""False"", ""paths"": [{""via"": ""exact_alias"", ""source_token"": ""CD19"", ""tokens"": [""CD19""]}, {""via"": ""pro_id"", ""pr"": ""PR:000001002"", ""tokens"": [""CD19""]}]}, {""sense"": ""positive"", ""pr"": ""PR:000001006"", ""asserted"": ""False"", ""paths"": [{""via"": ""pro_id"", ""pr"": ""PR:000001006"", ""tokens"": [""CD45""]}]}, {""sense"": ""positive"", ""pr"": ""PR:000001014"", ""asserted"": ""True"", ""paths"": [{""via"": ""exact_alias"", ""source_token"": ""CD45RABC"", ""tokens"": [""CD45RABC""]}]}, {""sense"": ""positive"", ""pr"": ""PR:000001289"", ""asserted"": ""False"", ""paths"": [{""via"": ""exact_alias"", ""source_token"": ""CD20"", ""tokens"": [""CD20""]}, {""via"": ""pro_id"", ""pr"": ""PR:000001289"", ""tokens"": [""CD20""]}]}, {""sense"": ""positive"", ""pr"": ""PR:000001963"", ""asserted"": ""False"", ""paths"": [{""via"": ""exact_alias"", ""source_token"": ""CD27"", ""tokens"": [""CD27""]}, {""via"": ""exact_alias"", ""source_token"": ""CD27L"", ""tokens"": [""CD27L""]}, {""via"": ""pro_id"", ""pr"": ""PR:000001963"", ""tokens"": [""CD27""]}]}]"
SOULCAP:SC000043		IgG	IgG-Class Switched B cell	Switched	Surface Only (SO)		2	CL:0002113	B220-low CD38-negative unswitched memory B cell	24	2	CD3-, CD45+ (dim), CD20+ (1 of 2 alt.), CD27+, CD38- (1 of 2 alt.), CD20+		CD14-/CD33-/CD64- (no axiom on any alt.), CD56-, IGD-, IGM-, IGA-, IGG+, IGE-, CD127-, CD16-, CD15-/CD66B- (no axiom on any alt.), HLA-DR:not:positive/CD11C:not:high (no axiom on any alt.), CD123-	no		"[""marker_axioms""]"	null	"[{""sense"": ""low"", ""pr"": ""PR:000001006"", ""asserted"": ""False"", ""paths"": [{""via"": ""pro_id"", ""pr"": ""PR:000001006"", ""tokens"": [""CD45""]}]}, {""sense"": ""low"", ""pr"": ""PR:000001014"", ""asserted"": ""True"", ""paths"": [{""via"": ""exact_alias"", ""source_token"": ""CD45RABC"", ""tokens"": [""CD45RABC""]}]}, {""sense"": ""negative"", ""pr"": ""PR:000001020"", ""asserted"": ""False"", ""paths"": [{""via"": ""exact_alias"", ""source_token"": ""CD3"", ""tokens"": [""CD3""]}, {""via"": ""exact_alias"", ""source_token"": ""CD3E"", ""tokens"": [""CD3E""]}, {""via"": ""exact_alias"", ""source_token"": ""CD3E"", ""tokens"": [""CD3E""]}, {""via"": ""pro_id"", ""pr"": ""PR:000001020"", ""tokens"": [""CD3""]}]}, {""sense"": ""negative"", ""pr"": ""PR:000001408"", ""asserted"": ""False"", ""paths"": [{""via"": ""exact_alias"", ""source_token"": ""CD38"", ""tokens"": [""CD38""]}, {""via"": ""pro_id"", ""pr"": ""PR:000001408"", ""tokens"": [""CD38""]}]}, {""sense"": ""negative"", ""pr"": ""PR:000001935"", ""asserted"": ""False"", ""paths"": [{""via"": ""exact_alias"", ""source_token"": ""CD138"", ""tokens"": [""CD138""]}, {""via"": ""pro_id"", ""pr"": ""PR:000001935"", ""tokens"": [""CD138""]}]}, {""sense"": ""positive"", ""pr"": ""PR:000001002"", ""asserted"": ""False"", ""paths"": [{""via"": ""exact_alias"", ""source_token"": ""CD19"", ""tokens"": [""CD19""]}, {""via"": ""pro_id"", ""pr"": ""PR:000001002"", ""tokens"": [""CD19""]}]}, {""sense"": ""positive"", ""pr"": ""PR:000001289"", ""asserted"": ""False"", ""paths"": [{""via"": ""exact_alias"", ""source_token"": ""CD20"", ""tokens"": [""CD20""]}, {""via"": ""pro_id"", ""pr"": ""PR:000001289"", ""tokens"": [""CD20""]}]}, {""sense"": ""positive"", ""pr"": ""PR:000001963"", ""asserted"": ""False"", ""paths"": [{""via"": ""exact_alias"", ""source_token"": ""CD27"", ""tokens"": [""CD27""]}, {""via"": ""exact_alias"", ""source_token"": ""CD27L"", ""tokens"": [""CD27L""]}, {""via"": ""pro_id"", ""pr"": ""PR:000001963"", ""tokens"": [""CD27""]}]}]"
SOULCAP:SC000043		IgG	IgG-Class Switched B cell	Switched	Surface Only (SO)		3	CL:0002118	CD38-negative IgG-negative class switched memory B cell	22	4	CD3-, CD20+ (1 of 2 alt.), CD27+, CD38- (1 of 2 alt.), CD20+		CD14-/CD33-/CD64- (no axiom on any alt.), CD56-, CD45+, IGD-, IGM-, IGA-, IGG+, IGE-, CD127-, CD16-, CD15-/CD66B- (no axiom on any alt.), HLA-DR:not:positive/CD11C:not:high (no axiom on any alt.), CD123-	no		"[""marker_axioms"", ""local_lexical""]"	"{""query"": ""igg class switched b cell"", ""exact"": false, ""token_jaccard"": 0.5714285714285714}"	"[{""sense"": ""negative"", ""pr"": ""PR:000001020"", ""asserted"": ""False"", ""paths"": [{""via"": ""exact_alias"", ""source_token"": ""CD3"", ""tokens"": [""CD3""]}, {""via"": ""exact_alias"", ""source_token"": ""CD3E"", ""tokens"": [""CD3E""]}, {""via"": ""exact_alias"", ""source_token"": ""CD3E"", ""tokens"": [""CD3E""]}, {""via"": ""pro_id"", ""pr"": ""PR:000001020"", ""tokens"": [""CD3""]}]}, {""sense"": ""negative"", ""pr"": ""PR:000001408"", ""asserted"": ""True"", ""paths"": [{""via"": ""exact_alias"", ""source_token"": ""CD38"", ""tokens"": [""CD38""]}, {""via"": ""pro_id"", ""pr"": ""PR:000001408"", ""tokens"": [""CD38""]}]}, {""sense"": ""negative"", ""pr"": ""PR:000001935"", ""asserted"": ""False"", ""paths"": [{""via"": ""exact_alias"", ""source_token"": ""CD138"", ""tokens"": [""CD138""]}, {""via"": ""pro_id"", ""pr"": ""PR:000001935"", ""tokens"": [""CD138""]}]}, {""sense"": ""positive"", ""pr"": ""PR:000001002"", ""asserted"": ""False"", ""paths"": [{""via"": ""exact_alias"", ""source_token"": ""CD19"", ""tokens"": [""CD19""]}, {""via"": ""pro_id"", ""pr"": ""PR:000001002"", ""tokens"": [""CD19""]}]}, {""sense"": ""positive"", ""pr"": ""PR:000001289"", ""asserted"": ""False"", ""paths"": [{""via"": ""exact_alias"", ""source_token"": ""CD20"", ""tokens"": [""CD20""]}, {""via"": ""pro_id"", ""pr"": ""PR:000001289"", ""tokens"": [""CD20""]}]}, {""sense"": ""positive"", ""pr"": ""PR:000001963"", ""asserted"": ""False"", ""paths"": [{""via"": ""exact_alias"", ""source_token"": ""CD27"", ""tokens"": [""CD27""]}, {""via"": ""exact_alias"", ""source_token"": ""CD27L"", ""tokens"": [""CD27L""]}, {""via"": ""pro_id"", ""pr"": ""PR:000001963"", ""tokens"": [""CD27""]}]}]"
SOULCAP:SC000044		IgE	IgE-Class Switched B cell	Switched	Surface Only (SO)		1	CL:0002112	B220-positive CD38-negative unswitched memory B cell	24	2	CD3-, CD45+, CD20+ (1 of 2 alt.), CD27+, CD38- (1 of 2 alt.), CD20+		CD14-/CD33-/CD64- (no axiom on any alt.), CD56-, IGD-, IGM-, IGA-, IGG-, IGE+, CD127-, CD16-, CD15-/CD66B- (no axiom on any alt.), HLA-DR:not:positive/CD11C:not:high (no axiom on any alt.), CD123-	no		"[""marker_axioms""]"	null	"[{""sense"": ""negative"", ""pr"": ""PR:000001020"", ""asserted"": ""False"", ""paths"": [{""via"": ""exact_alias"", ""source_token"": ""CD3"", ""tokens"": [""CD3""]}, {""via"": ""exact_alias"", ""source_token"": ""CD3E"", ""tokens"": [""CD3E""]}, {""via"": ""exact_alias"", ""source_token"": ""CD3E"", ""tokens"": [""CD3E""]}, {""via"": ""pro_id"", ""pr"": ""PR:000001020"", ""tokens"": [""CD3""]}]}, {""sense"": ""negative"", ""pr"": ""PR:000001408"", ""asserted"": ""False"", ""paths"": [{""via"": ""exact_alias"", ""source_token"": ""CD38"", ""tokens"": [""CD38""]}, {""via"": ""pro_id"", ""pr"": ""PR:000001408"", ""tokens"": [""CD38""]}]}, {""sense"": ""negative"", ""pr"": ""PR:000001935"", ""asserted"": ""False"", ""paths"": [{""via"": ""exact_alias"", ""source_token"": ""CD138"", ""tokens"": [""CD138""]}, {""via"": ""pro_id"", ""pr"": ""PR:000001935"", ""tokens"": [""CD138""]}]}, {""sense"": ""positive"", ""pr"": ""PR:000001002"", ""asserted"": ""False"", ""paths"": [{""via"": ""exact_alias"", ""source_token"": ""CD19"", ""tokens"": [""CD19""]}, {""via"": ""pro_id"", ""pr"": ""PR:000001002"", ""tokens"": [""CD19""]}]}, {""sense"": ""positive"", ""pr"": ""PR:000001006"", ""asserted"": ""False"", ""paths"": [{""via"": ""pro_id"", ""pr"": ""PR:000001006"", ""tokens"": [""CD45""]}]}, {""sense"": ""positive"", ""pr"": ""PR:000001014"", ""asserted"": ""True"", ""paths"": [{""via"": ""exact_alias"", ""source_token"": ""CD45RABC"", ""tokens"": [""CD45RABC""]}]}, {""sense"": ""positive"", ""pr"": ""PR:000001289"", ""asserted"": ""False"", ""paths"": [{""via"": ""exact_alias"", ""source_token"": ""CD20"", ""tokens"": [""CD20""]}, {""via"": ""pro_id"", ""pr"": ""PR:000001289"", ""tokens"": [""CD20""]}]}, {""sense"": ""positive"", ""pr"": ""PR:000001963"", ""asserted"": ""False"", ""paths"": [{""via"": ""exact_alias"", ""source_token"": ""CD27"", ""tokens"": [""CD27""]}, {""via"": ""exact_alias"", ""source_token"": ""CD27L"", ""tokens"": [""CD27L""]}, {""via"": ""pro_id"", ""pr"": ""PR:000001963"", ""tokens"": [""CD27""]}]}]"
SOULCAP:SC000044		IgE	IgE-Class Switched B cell	Switched	Surface Only (SO)		2	CL:0002113	B220-low CD38-negative unswitched memory B cell	24	2	CD3-, CD45+ (dim), CD20+ (1 of 2 alt.), CD27+, CD38- (1 of 2 alt.), CD20+		CD14-/CD33-/CD64- (no axiom on any alt.), CD56-, IGD-, IGM-, IGA-, IGG-, IGE+, CD127-, CD16-, CD15-/CD66B- (no axiom on any alt.), HLA-DR:not:positive/CD11C:not:high (no axiom on any alt.), CD123-	no		"[""marker_axioms""]"	null	"[{""sense"": ""low"", ""pr"": ""PR:000001006"", ""asserted"": ""False"", ""paths"": [{""via"": ""pro_id"", ""pr"": ""PR:000001006"", ""tokens"": [""CD45""]}]}, {""sense"": ""low"", ""pr"": ""PR:000001014"", ""asserted"": ""True"", ""paths"": [{""via"": ""exact_alias"", ""source_token"": ""CD45RABC"", ""tokens"": [""CD45RABC""]}]}, {""sense"": ""negative"", ""pr"": ""PR:000001020"", ""asserted"": ""False"", ""paths"": [{""via"": ""exact_alias"", ""source_token"": ""CD3"", ""tokens"": [""CD3""]}, {""via"": ""exact_alias"", ""source_token"": ""CD3E"", ""tokens"": [""CD3E""]}, {""via"": ""exact_alias"", ""source_token"": ""CD3E"", ""tokens"": [""CD3E""]}, {""via"": ""pro_id"", ""pr"": ""PR:000001020"", ""tokens"": [""CD3""]}]}, {""sense"": ""negative"", ""pr"": ""PR:000001408"", ""asserted"": ""False"", ""paths"": [{""via"": ""exact_alias"", ""source_token"": ""CD38"", ""tokens"": [""CD38""]}, {""via"": ""pro_id"", ""pr"": ""PR:000001408"", ""tokens"": [""CD38""]}]}, {""sense"": ""negative"", ""pr"": ""PR:000001935"", ""asserted"": ""False"", ""paths"": [{""via"": ""exact_alias"", ""source_token"": ""CD138"", ""tokens"": [""CD138""]}, {""via"": ""pro_id"", ""pr"": ""PR:000001935"", ""tokens"": [""CD138""]}]}, {""sense"": ""positive"", ""pr"": ""PR:000001002"", ""asserted"": ""False"", ""paths"": [{""via"": ""exact_alias"", ""source_token"": ""CD19"", ""tokens"": [""CD19""]}, {""via"": ""pro_id"", ""pr"": ""PR:000001002"", ""tokens"": [""CD19""]}]}, {""sense"": ""positive"", ""pr"": ""PR:000001289"", ""asserted"": ""False"", ""paths"": [{""via"": ""exact_alias"", ""source_token"": ""CD20"", ""tokens"": [""CD20""]}, {""via"": ""pro_id"", ""pr"": ""PR:000001289"", ""tokens"": [""CD20""]}]}, {""sense"": ""positive"", ""pr"": ""PR:000001963"", ""asserted"": ""False"", ""paths"": [{""via"": ""exact_alias"", ""source_token"": ""CD27"", ""tokens"": [""CD27""]}, {""via"": ""exact_alias"", ""source_token"": ""CD27L"", ""tokens"": [""CD27L""]}, {""via"": ""pro_id"", ""pr"": ""PR:000001963"", ""tokens"": [""CD27""]}]}]"
SOULCAP:SC000044		IgE	IgE-Class Switched B cell	Switched	Surface Only (SO)		3	CL:0002118	CD38-negative IgG-negative class switched memory B cell	21	3	CD3-, CD20+ (1 of 2 alt.), CD27+, CD38- (1 of 2 alt.), CD20+		CD14-/CD33-/CD64- (no axiom on any alt.), CD56-, CD45+, IGD-, IGM-, IGA-, IGG-, IGE+, CD127-, CD16-, CD15-/CD66B- (no axiom on any alt.), HLA-DR:not:positive/CD11C:not:high (no axiom on any alt.), CD123-	no		"[""marker_axioms""]"	null	"[{""sense"": ""negative"", ""pr"": ""PR:000001020"", ""asserted"": ""False"", ""paths"": [{""via"": ""exact_alias"", ""source_token"": ""CD3"", ""tokens"": [""CD3""]}, {""via"": ""exact_alias"", ""source_token"": ""CD3E"", ""tokens"": [""CD3E""]}, {""via"": ""exact_alias"", ""source_token"": ""CD3E"", ""tokens"": [""CD3E""]}, {""via"": ""pro_id"", ""pr"": ""PR:000001020"", ""tokens"": [""CD3""]}]}, {""sense"": ""negative"", ""pr"": ""PR:000001408"", ""asserted"": ""True"", ""paths"": [{""via"": ""exact_alias"", ""source_token"": ""CD38"", ""tokens"": [""CD38""]}, {""via"": ""pro_id"", ""pr"": ""PR:000001408"", ""tokens"": [""CD38""]}]}, {""sense"": ""negative"", ""pr"": ""PR:000001935"", ""asserted"": ""False"", ""paths"": [{""via"": ""exact_alias"", ""source_token"": ""CD138"", ""tokens"": [""CD138""]}, {""via"": ""pro_id"", ""pr"": ""PR:000001935"", ""tokens"": [""CD138""]}]}, {""sense"": ""positive"", ""pr"": ""PR:000001002"", ""asserted"": ""False"", ""paths"": [{""via"": ""exact_alias"", ""source_token"": ""CD19"", ""tokens"": [""CD19""]}, {""via"": ""pro_id"", ""pr"": ""PR:000001002"", ""tokens"": [""CD19""]}]}, {""sense"": ""positive"", ""pr"": ""PR:000001289"", ""asserted"": ""False"", ""paths"": [{""via"": ""exact_alias"", ""source_token"": ""CD20"", ""tokens"": [""CD20""]}, {""via"": ""pro_id"", ""pr"": ""PR:000001289"", ""tokens"": [""CD20""]}]}, {""sense"": ""positive"", ""pr"": ""PR:000001963"", ""asserted"": ""False"", ""paths"": [{""via"": ""exact_alias"", ""source_token"": ""CD27"", ""tokens"": [""CD27""]}, {""via"": ""exact_alias"", ""source_token"": ""CD27L"", ""tokens"": [""CD27L""]}, {""via"": ""pro_id"", ""pr"": ""PR:000001963"", ""tokens"": [""CD27""]}]}]"
SOULCAP:SC000045		T cell	T lymphocyte		Exact		1	CL:0002467	Gr1-high myeloid suppressor cell	7	1	CD45+, CD11C:not:high (1 of 2 alt.)		CD14-/CD33-/CD64- (no axiom on any alt.), CD19-/CD20- (no axiom on any alt.), CD123-, CD3+, CD15-/CD66B- (no axiom on any alt.), CD16-	no		"[""marker_axioms""]"	null	"[{""sense"": ""high"", ""pr"": ""PR:000002980"", ""asserted"": ""True"", ""paths"": []}, {""sense"": ""negative"", ""pr"": ""PR:000001013"", ""asserted"": ""True"", ""paths"": [{""via"": ""exact_alias"", ""source_token"": ""CD11"", ""tokens"": [""CD11""]}, {""via"": ""exact_alias"", ""source_token"": ""CD11C"", ""tokens"": [""CD11C""]}, {""via"": ""pro_id"", ""pr"": ""PR:000001013"", ""tokens"": [""CD11C""]}]}, {""sense"": ""positive"", ""pr"": ""PR:000001006"", ""asserted"": ""False"", ""paths"": [{""via"": ""pro_id"", ""pr"": ""PR:000001006"", ""tokens"": [""CD45""]}]}, {""sense"": ""positive"", ""pr"": ""PR:000001012"", ""asserted"": ""False"", ""paths"": [{""via"": ""exact_alias"", ""source_token"": ""CD11"", ""tokens"": [""CD11""]}, {""via"": ""exact_alias"", ""source_token"": ""CD11B"", ""tokens"": [""CD11B""]}]}]"
SOULCAP:SC000045		T cell	T lymphocyte		Exact		2	CL:0000097	mast cell	5	1	CD123-		CD14-/CD33-/CD64- (no axiom on any alt.), CD19-/CD20- (no axiom on any alt.), CD45+, CD3+, HLA-DR:not:positive/CD11C:not:high (no axiom on any alt.), CD15-/CD66B- (no axiom on any alt.), CD16-	no		"[""marker_axioms""]"	null	"[{""sense"": ""high"", ""pr"": ""PR:000002065"", ""asserted"": ""True"", ""paths"": [{""via"": ""exact_alias"", ""source_token"": ""CD117"", ""tokens"": [""CD117""]}, {""via"": ""pro_id"", ""pr"": ""PR:000002065"", ""tokens"": [""CD117""]}]}, {""sense"": ""high"", ""pr"": ""PR:000007431"", ""asserted"": ""True"", ""paths"": [{""via"": ""pro_id"", ""pr"": ""PR:000007431"", ""tokens"": [""FCER1A""]}]}, {""sense"": ""negative"", ""pr"": ""PR:000001865"", ""asserted"": ""True"", ""paths"": [{""via"": ""exact_alias"", ""source_token"": ""CD123"", ""tokens"": [""CD123""]}, {""via"": ""pro_id"", ""pr"": ""PR:000001865"", ""tokens"": [""CD123""]}]}, {""sense"": ""positive"", ""pr"": ""PR:000001255"", ""asserted"": ""True"", ""paths"": [{""via"": ""exact_alias"", ""source_token"": ""CD193"", ""tokens"": [""CD193""]}, {""via"": ""pro_id"", ""pr"": ""PR:000001255"", ""tokens"": [""CD193""]}]}, {""sense"": ""positive"", ""pr"": ""PR:000006169"", ""asserted"": ""True"", ""paths"": [{""via"": ""exact_alias"", ""source_token"": ""CD200"", ""tokens"": [""CD200""]}, {""via"": ""exact_alias"", ""source_token"": ""CD200RLB"", ""tokens"": [""CD200RLB""]}]}]"
SOULCAP:SC000045		T cell	T lymphocyte		Exact		3	CL:0000484	connective tissue type mast cell	5	1	CD123-		CD14-/CD33-/CD64- (no axiom on any alt.), CD19-/CD20- (no axiom on any alt.), CD45+, CD3+, HLA-DR:not:positive/CD11C:not:high (no axiom on any alt.), CD15-/CD66B- (no axiom on any alt.), CD16-	no		"[""marker_axioms""]"	null	"[{""sense"": ""high"", ""pr"": ""PR:000002065"", ""asserted"": ""False"", ""paths"": [{""via"": ""exact_alias"", ""source_token"": ""CD117"", ""tokens"": [""CD117""]}, {""via"": ""pro_id"", ""pr"": ""PR:000002065"", ""tokens"": [""CD117""]}]}, {""sense"": ""high"", ""pr"": ""PR:000007431"", ""asserted"": ""False"", ""paths"": [{""via"": ""pro_id"", ""pr"": ""PR:000007431"", ""tokens"": [""FCER1A""]}]}, {""sense"": ""negative"", ""pr"": ""PR:000001865"", ""asserted"": ""False"", ""paths"": [{""via"": ""exact_alias"", ""source_token"": ""CD123"", ""tokens"": [""CD123""]}, {""via"": ""pro_id"", ""pr"": ""PR:000001865"", ""tokens"": [""CD123""]}]}, {""sense"": ""positive"", ""pr"": ""PR:000001255"", ""asserted"": ""False"", ""paths"": [{""via"": ""exact_alias"", ""source_token"": ""CD193"", ""tokens"": [""CD193""]}, {""via"": ""pro_id"", ""pr"": ""PR:000001255"", ""tokens"": [""CD193""]}]}, {""sense"": ""positive"", ""pr"": ""PR:000006169"", ""asserted"": ""False"", ""paths"": [{""via"": ""exact_alias"", ""source_token"": ""CD200"", ""tokens"": [""CD200""]}, {""via"": ""exact_alias"", ""source_token"": ""CD200RLB"", ""tokens"": [""CD200RLB""]}]}]"
SOULCAP:SC000046		CD56+ T cell	CD56+ T cell	T cell	Exact		1	CL:0002467	Gr1-high myeloid suppressor cell	7	1	CD45+, CD11C:not:high (1 of 2 alt.)		CD14-/CD33-/CD64- (no axiom on any alt.), CD19-/CD20- (no axiom on any alt.), CD123-, CD3+, CD56+, CD15-/CD66B- (no axiom on any alt.), CD16-	no		"[""marker_axioms""]"	null	"[{""sense"": ""high"", ""pr"": ""PR:000002980"", ""asserted"": ""True"", ""paths"": []}, {""sense"": ""negative"", ""pr"": ""PR:000001013"", ""asserted"": ""True"", ""paths"": [{""via"": ""exact_alias"", ""source_token"": ""CD11"", ""tokens"": [""CD11""]}, {""via"": ""exact_alias"", ""source_token"": ""CD11C"", ""tokens"": [""CD11C""]}, {""via"": ""pro_id"", ""pr"": ""PR:000001013"", ""tokens"": [""CD11C""]}]}, {""sense"": ""positive"", ""pr"": ""PR:000001006"", ""asserted"": ""False"", ""paths"": [{""via"": ""pro_id"", ""pr"": ""PR:000001006"", ""tokens"": [""CD45""]}]}, {""sense"": ""positive"", ""pr"": ""PR:000001012"", ""asserted"": ""False"", ""paths"": [{""via"": ""exact_alias"", ""source_token"": ""CD11"", ""tokens"": [""CD11""]}, {""via"": ""exact_alias"", ""source_token"": ""CD11B"", ""tokens"": [""CD11B""]}]}]"
SOULCAP:SC000046		CD56+ T cell	CD56+ T cell	T cell	Exact		2	CL:0000097	mast cell	5	1	CD123-		CD14-/CD33-/CD64- (no axiom on any alt.), CD19-/CD20- (no axiom on any alt.), CD45+, CD3+, CD56+, HLA-DR:not:positive/CD11C:not:high (no axiom on any alt.), CD15-/CD66B- (no axiom on any alt.), CD16-	no		"[""marker_axioms""]"	null	"[{""sense"": ""high"", ""pr"": ""PR:000002065"", ""asserted"": ""True"", ""paths"": [{""via"": ""exact_alias"", ""source_token"": ""CD117"", ""tokens"": [""CD117""]}, {""via"": ""pro_id"", ""pr"": ""PR:000002065"", ""tokens"": [""CD117""]}]}, {""sense"": ""high"", ""pr"": ""PR:000007431"", ""asserted"": ""True"", ""paths"": [{""via"": ""pro_id"", ""pr"": ""PR:000007431"", ""tokens"": [""FCER1A""]}]}, {""sense"": ""negative"", ""pr"": ""PR:000001865"", ""asserted"": ""True"", ""paths"": [{""via"": ""exact_alias"", ""source_token"": ""CD123"", ""tokens"": [""CD123""]}, {""via"": ""pro_id"", ""pr"": ""PR:000001865"", ""tokens"": [""CD123""]}]}, {""sense"": ""positive"", ""pr"": ""PR:000001255"", ""asserted"": ""True"", ""paths"": [{""via"": ""exact_alias"", ""source_token"": ""CD193"", ""tokens"": [""CD193""]}, {""via"": ""pro_id"", ""pr"": ""PR:000001255"", ""tokens"": [""CD193""]}]}, {""sense"": ""positive"", ""pr"": ""PR:000006169"", ""asserted"": ""True"", ""paths"": [{""via"": ""exact_alias"", ""source_token"": ""CD200"", ""tokens"": [""CD200""]}, {""via"": ""exact_alias"", ""source_token"": ""CD200RLB"", ""tokens"": [""CD200RLB""]}]}]"
SOULCAP:SC000046		CD56+ T cell	CD56+ T cell	T cell	Exact		3	CL:0000484	connective tissue type mast cell	5	1	CD123-		CD14-/CD33-/CD64- (no axiom on any alt.), CD19-/CD20- (no axiom on any alt.), CD45+, CD3+, CD56+, HLA-DR:not:positive/CD11C:not:high (no axiom on any alt.), CD15-/CD66B- (no axiom on any alt.), CD16-	no		"[""marker_axioms""]"	null	"[{""sense"": ""high"", ""pr"": ""PR:000002065"", ""asserted"": ""False"", ""paths"": [{""via"": ""exact_alias"", ""source_token"": ""CD117"", ""tokens"": [""CD117""]}, {""via"": ""pro_id"", ""pr"": ""PR:000002065"", ""tokens"": [""CD117""]}]}, {""sense"": ""high"", ""pr"": ""PR:000007431"", ""asserted"": ""False"", ""paths"": [{""via"": ""pro_id"", ""pr"": ""PR:000007431"", ""tokens"": [""FCER1A""]}]}, {""sense"": ""negative"", ""pr"": ""PR:000001865"", ""asserted"": ""False"", ""paths"": [{""via"": ""exact_alias"", ""source_token"": ""CD123"", ""tokens"": [""CD123""]}, {""via"": ""pro_id"", ""pr"": ""PR:000001865"", ""tokens"": [""CD123""]}]}, {""sense"": ""positive"", ""pr"": ""PR:000001255"", ""asserted"": ""False"", ""paths"": [{""via"": ""exact_alias"", ""source_token"": ""CD193"", ""tokens"": [""CD193""]}, {""via"": ""pro_id"", ""pr"": ""PR:000001255"", ""tokens"": [""CD193""]}]}, {""sense"": ""positive"", ""pr"": ""PR:000006169"", ""asserted"": ""False"", ""paths"": [{""via"": ""exact_alias"", ""source_token"": ""CD200"", ""tokens"": [""CD200""]}, {""via"": ""exact_alias"", ""source_token"": ""CD200RLB"", ""tokens"": [""CD200RLB""]}]}]"
SOULCAP:SC000047		CD56+ CD4 T cell	CD56+ CD4 T cell	CD4+ T cell	Exact		1	CL:0002039	immature NK T cell stage I, mouse	9	1	CD4+ (dim), CD8+ (dim)		CD14-/CD33-/CD64- (no axiom on any alt.), CD19-/CD20- (no axiom on any alt.), CD123-, CD45+, CD3+, CD56+, HLA-DR:not:positive/CD11C:not:high (no axiom on any alt.), CD15-/CD66B- (no axiom on any alt.), CD16-	no		"[""marker_axioms""]"	null	"[{""sense"": ""high"", ""pr"": ""PR:000001932"", ""asserted"": ""True"", ""paths"": [{""via"": ""exact_alias"", ""source_token"": ""CD24"", ""tokens"": [""CD24""]}, {""via"": ""pro_id"", ""pr"": ""PR:000001932"", ""tokens"": [""CD24""]}]}, {""sense"": ""low"", ""pr"": ""PR:000001004"", ""asserted"": ""True"", ""paths"": [{""via"": ""exact_alias"", ""source_token"": ""CD4"", ""tokens"": [""CD4""]}, {""via"": ""pro_id"", ""pr"": ""PR:000001004"", ""tokens"": [""CD4""]}]}, {""sense"": ""low"", ""pr"": ""PR:000025402"", ""asserted"": ""True"", ""paths"": [{""via"": ""exact_alias"", ""source_token"": ""CD8"", ""tokens"": [""CD8""]}]}, {""sense"": ""negative"", ""pr"": ""PR:000001307"", ""asserted"": ""True"", ""paths"": [{""via"": ""exact_alias"", ""source_token"": ""CD44"", ""tokens"": [""CD44""]}, {""via"": ""exact_alias"", ""source_token"": ""CDW44"", ""tokens"": [""CDW44""]}]}, {""sense"": ""negative"", ""pr"": ""PR:000001874"", ""asserted"": ""True"", ""paths"": []}, {""sense"": ""positive"", ""pr"": ""PR:000001084"", ""asserted"": ""False"", ""paths"": [{""via"": ""exact_alias"", ""source_token"": ""CD8"", ""tokens"": [""CD8""]}, {""via"": ""exact_alias"", ""source_token"": ""CD8A"", ""tokens"": [""CD8A""]}, {""via"": ""exact_alias"", ""source_token"": ""CD8A"", ""tokens"": [""CD8A""]}, {""via"": ""pro_id"", ""pr"": ""PR:000001084"", ""tokens"": [""CD8""]}]}, {""sense"": ""positive"", ""pr"": ""PR:000003469"", ""asserted"": ""False"", ""paths"": []}, {""sense"": ""positive"", ""pr"": ""PR:000025403"", ""asserted"": ""False"", ""paths"": [{""via"": ""exact_alias"", ""source_token"": ""CD8"", ""tokens"": [""CD8""]}, {""via"": ""exact_alias"", ""source_token"": ""CD8A"", ""tokens"": [""CD8A""]}]}]"
SOULCAP:SC000047		CD56+ CD4 T cell	CD56+ CD4 T cell	CD4+ T cell	Exact		2	CL:0002430	CD4-intermediate, CD8-positive double-positive thymocyte	9	1	CD4+ (dim), CD8+		CD14-/CD33-/CD64- (no axiom on any alt.), CD19-/CD20- (no axiom on any alt.), CD123-, CD45+, CD3+, CD56+, HLA-DR:not:positive/CD11C:not:high (no axiom on any alt.), CD15-/CD66B- (no axiom on any alt.), CD16-	no		"[""marker_axioms""]"	null	"[{""sense"": ""low"", ""pr"": ""PR:000001004"", ""asserted"": ""True"", ""paths"": [{""via"": ""exact_alias"", ""source_token"": ""CD4"", ""tokens"": [""CD4""]}, {""via"": ""pro_id"", ""pr"": ""PR:000001004"", ""tokens"": [""CD4""]}]}, {""sense"": ""positive"", ""pr"": ""PR:000001084"", ""asserted"": ""False"", ""paths"": [{""via"": ""exact_alias"", ""source_token"": ""CD8"", ""tokens"": [""CD8""]}, {""via"": ""exact_alias"", ""source_token"": ""CD8A"", ""tokens"": [""CD8A""]}, {""via"": ""exact_alias"", ""source_token"": ""CD8A"", ""tokens"": [""CD8A""]}, {""via"": ""pro_id"", ""pr"": ""PR:000001084"", ""tokens"": [""CD8""]}]}, {""sense"": ""positive"", ""pr"": ""PR:000001343"", ""asserted"": ""True"", ""paths"": [{""via"": ""exact_alias"", ""source_token"": ""CD69"", ""tokens"": [""CD69""]}]}, {""sense"": ""positive"", ""pr"": ""PR:000025402"", ""asserted"": ""False"", ""paths"": [{""via"": ""exact_alias"", ""source_token"": ""CD8"", ""tokens"": [""CD8""]}]}, {""sense"": ""positive"", ""pr"": ""PR:000025403"", ""asserted"": ""False"", ""paths"": [{""via"": ""exact_alias"", ""source_token"": ""CD8"", ""tokens"": [""CD8""]}, {""via"": ""exact_alias"", ""source_token"": ""CD8A"", ""tokens"": [""CD8A""]}]}]"
SOULCAP:SC000047		CD56+ CD4 T cell	CD56+ CD4 T cell	CD4+ T cell	Exact		3	CL:0002431	CD4-positive, CD8-intermediate double-positive thymocyte	9	1	CD4+, CD8+ (dim)		CD14-/CD33-/CD64- (no axiom on any alt.), CD19-/CD20- (no axiom on any alt.), CD123-, CD45+, CD3+, CD56+, HLA-DR:not:positive/CD11C:not:high (no axiom on any alt.), CD15-/CD66B- (no axiom on any alt.), CD16-	no		"[""marker_axioms""]"	null	"[{""sense"": ""low"", ""pr"": ""PR:000025402"", ""asserted"": ""True"", ""paths"": [{""via"": ""exact_alias"", ""source_token"": ""CD8"", ""tokens"": [""CD8""]}]}, {""sense"": ""positive"", ""pr"": ""PR:000001004"", ""asserted"": ""False"", ""paths"": [{""via"": ""exact_alias"", ""source_token"": ""CD4"", ""tokens"": [""CD4""]}, {""via"": ""pro_id"", ""pr"": ""PR:000001004"", ""tokens"": [""CD4""]}]}, {""sense"": ""positive"", ""pr"": ""PR:000001084"", ""asserted"": ""False"", ""paths"": [{""via"": ""exact_alias"", ""source_token"": ""CD8"", ""tokens"": [""CD8""]}, {""via"": ""exact_alias"", ""source_token"": ""CD8A"", ""tokens"": [""CD8A""]}, {""via"": ""exact_alias"", ""source_token"": ""CD8A"", ""tokens"": [""CD8A""]}, {""via"": ""pro_id"", ""pr"": ""PR:000001084"", ""tokens"": [""CD8""]}]}, {""sense"": ""positive"", ""pr"": ""PR:000001343"", ""asserted"": ""True"", ""paths"": [{""via"": ""exact_alias"", ""source_token"": ""CD69"", ""tokens"": [""CD69""]}]}, {""sense"": ""positive"", ""pr"": ""PR:000025403"", ""asserted"": ""False"", ""paths"": [{""via"": ""exact_alias"", ""source_token"": ""CD8"", ""tokens"": [""CD8""]}, {""via"": ""exact_alias"", ""source_token"": ""CD8A"", ""tokens"": [""CD8A""]}]}]"
SOULCAP:SC000048		CD56+ CD8 T cell	CD56+ CD8 T cell	CD8+ T cell	Exact		1	CL:0000900	naive thymus-derived CD8-positive, alpha-beta T cell	14	2	CD45+, CD4-, CD8+		CD14-/CD33-/CD64- (no axiom on any alt.), CD19-/CD20- (no axiom on any alt.), CD123-, CD3+, CD56+, HLA-DR:not:positive/CD11C:not:high (no axiom on any alt.), CD15-/CD66B- (no axiom on any alt.), CD16-	no		"[""marker_axioms""]"	null	"[{""sense"": ""high"", ""pr"": ""PR:000001318"", ""asserted"": ""False"", ""paths"": [{""via"": ""exact_alias"", ""source_token"": ""CD62"", ""tokens"": [""CD62""]}, {""via"": ""exact_alias"", ""source_token"": ""CD62L"", ""tokens"": [""CD62L""]}]}, {""sense"": ""low"", ""pr"": ""PR:000001307"", ""asserted"": ""False"", ""paths"": [{""via"": ""exact_alias"", ""source_token"": ""CD44"", ""tokens"": [""CD44""]}, {""via"": ""exact_alias"", ""source_token"": ""CDW44"", ""tokens"": [""CDW44""]}]}, {""sense"": ""negative"", ""pr"": ""PR:000001004"", ""asserted"": ""False"", ""paths"": [{""via"": ""exact_alias"", ""source_token"": ""CD4"", ""tokens"": [""CD4""]}, {""via"": ""pro_id"", ""pr"": ""PR:000001004"", ""tokens"": [""CD4""]}]}, {""sense"": ""negative"", ""pr"": ""PR:000001380"", ""asserted"": ""True"", ""paths"": [{""via"": ""exact_alias"", ""source_token"": ""CD25"", ""tokens"": [""CD25""]}, {""via"": ""pro_id"", ""pr"": ""PR:000001380"", ""tokens"": [""CD25""]}]}, {""sense"": ""positive"", ""pr"": ""PR:000001006"", ""asserted"": ""False"", ""paths"": [{""via"": ""pro_id"", ""pr"": ""PR:000001006"", ""tokens"": [""CD45""]}]}, {""sense"": ""positive"", ""pr"": ""PR:000001015"", ""asserted"": ""False"", ""paths"": [{""via"": ""exact_alias"", ""source_token"": ""CD45RA"", ""tokens"": [""CD45RA""]}]}, {""sense"": ""positive"", ""pr"": ""PR:000001084"", ""asserted"": ""False"", ""paths"": [{""via"": ""exact_alias"", ""source_token"": ""CD8"", ""tokens"": [""CD8""]}, {""via"": ""exact_alias"", ""source_token"": ""CD8A"", ""tokens"": [""CD8A""]}, {""via"": ""exact_alias"", ""source_token"": ""CD8A"", ""tokens"": [""CD8A""]}, {""via"": ""pro_id"", ""pr"": ""PR:000001084"", ""tokens"": [""CD8""]}]}, {""sense"": ""positive"", ""pr"": ""PR:000001203"", ""asserted"": ""False"", ""paths"": [{""via"": ""exact_alias"", ""source_token"": ""CD197"", ""tokens"": [""CD197""]}, {""via"": ""exact_alias"", ""source_token"": ""CDW197"", ""tokens"": [""CDW197""]}]}, {""sense"": ""positive"", ""pr"": ""PR:000001869"", ""asserted"": ""False"", ""paths"": [{""via"": ""exact_alias"", ""source_token"": ""CD127"", ""tokens"": [""CD127""]}, {""via"": ""exact_alias"", ""source_token"": ""CDW127"", ""tokens"": [""CDW127""]}, {""via"": ""pro_id"", ""pr"": ""PR:000001869"", ""tokens"": [""CD127""]}]}, {""sense"": ""positive"", ""pr"": ""PR:000025402"", ""asserted"": ""False"", ""paths"": [{""via"": ""exact_alias"", ""source_token"": ""CD8"", ""tokens"": [""CD8""]}]}, {""sense"": ""positive"", ""pr"": ""PR:000025403"", ""asserted"": ""False"", ""paths"": [{""via"": ""exact_alias"", ""source_token"": ""CD8"", ""tokens"": [""CD8""]}, {""via"": ""exact_alias"", ""source_token"": ""CD8A"", ""tokens"": [""CD8A""]}]}]"
SOULCAP:SC000048		CD56+ CD8 T cell	CD56+ CD8 T cell	CD8+ T cell	Exact		2	CL:0001050	effector CD8-positive, alpha-beta T cell	14	2	CD45+, CD4-, CD8+		CD14-/CD33-/CD64- (no axiom on any alt.), CD19-/CD20- (no axiom on any alt.), CD123-, CD3+, CD56+, HLA-DR:not:positive/CD11C:not:high (no axiom on any alt.), CD15-/CD66B- (no axiom on any alt.), CD16-	no		"[""marker_axioms""]"	null	"[{""sense"": ""negative"", ""pr"": ""PR:000001004"", ""asserted"": ""False"", ""paths"": [{""via"": ""exact_alias"", ""source_token"": ""CD4"", ""tokens"": [""CD4""]}, {""via"": ""pro_id"", ""pr"": ""PR:000001004"", ""tokens"": [""CD4""]}]}, {""sense"": ""negative"", ""pr"": ""PR:000001203"", ""asserted"": ""True"", ""paths"": [{""via"": ""exact_alias"", ""source_token"": ""CD197"", ""tokens"": [""CD197""]}, {""via"": ""exact_alias"", ""source_token"": ""CDW197"", ""tokens"": [""CDW197""]}]}, {""sense"": ""positive"", ""pr"": ""PR:000001006"", ""asserted"": ""False"", ""paths"": [{""via"": ""pro_id"", ""pr"": ""PR:000001006"", ""tokens"": [""CD45""]}]}, {""sense"": ""positive"", ""pr"": ""PR:000001015"", ""asserted"": ""True"", ""paths"": [{""via"": ""exact_alias"", ""source_token"": ""CD45RA"", ""tokens"": [""CD45RA""]}]}, {""sense"": ""positive"", ""pr"": ""PR:000001084"", ""asserted"": ""False"", ""paths"": [{""via"": ""exact_alias"", ""source_token"": ""CD8"", ""tokens"": [""CD8""]}, {""via"": ""exact_alias"", ""source_token"": ""CD8A"", ""tokens"": [""CD8A""]}, {""via"": ""exact_alias"", ""source_token"": ""CD8A"", ""tokens"": [""CD8A""]}, {""via"": ""pro_id"", ""pr"": ""PR:000001084"", ""tokens"": [""CD8""]}]}, {""sense"": ""positive"", ""pr"": ""PR:000025402"", ""asserted"": ""False"", ""paths"": [{""via"": ""exact_alias"", ""source_token"": ""CD8"", ""tokens"": [""CD8""]}]}, {""sense"": ""positive"", ""pr"": ""PR:000025403"", ""asserted"": ""False"", ""paths"": [{""via"": ""exact_alias"", ""source_token"": ""CD8"", ""tokens"": [""CD8""]}, {""via"": ""exact_alias"", ""source_token"": ""CD8A"", ""tokens"": [""CD8A""]}]}]"
SOULCAP:SC000048		CD56+ CD8 T cell	CD56+ CD8 T cell	CD8+ T cell	Exact		3	CL:0001203	CD8-positive, alpha-beta memory T cell, CD45RO-positive	14	2	CD45+, CD4-, CD8+		CD14-/CD33-/CD64- (no axiom on any alt.), CD19-/CD20- (no axiom on any alt.), CD123-, CD3+, CD56+, HLA-DR:not:positive/CD11C:not:high (no axiom on any alt.), CD15-/CD66B- (no axiom on any alt.), CD16-	no		"[""marker_axioms""]"	null	"[{""sense"": ""negative"", ""pr"": ""PR:000001004"", ""asserted"": ""False"", ""paths"": [{""via"": ""exact_alias"", ""source_token"": ""CD4"", ""tokens"": [""CD4""]}, {""via"": ""pro_id"", ""pr"": ""PR:000001004"", ""tokens"": [""CD4""]}]}, {""sense"": ""negative"", ""pr"": ""PR:000001380"", ""asserted"": ""True"", ""paths"": [{""via"": ""exact_alias"", ""source_token"": ""CD25"", ""tokens"": [""CD25""]}, {""via"": ""pro_id"", ""pr"": ""PR:000001380"", ""tokens"": [""CD25""]}]}, {""sense"": ""positive"", ""pr"": ""PR:000001006"", ""asserted"": ""False"", ""paths"": [{""via"": ""pro_id"", ""pr"": ""PR:000001006"", ""tokens"": [""CD45""]}]}, {""sense"": ""positive"", ""pr"": ""PR:000001017"", ""asserted"": ""True"", ""paths"": [{""via"": ""exact_alias"", ""source_token"": ""CD45RO"", ""tokens"": [""CD45RO""]}]}, {""sense"": ""positive"", ""pr"": ""PR:000001084"", ""asserted"": ""False"", ""paths"": [{""via"": ""exact_alias"", ""source_token"": ""CD8"", ""tokens"": [""CD8""]}, {""via"": ""exact_alias"", ""source_token"": ""CD8A"", ""tokens"": [""CD8A""]}, {""via"": ""exact_alias"", ""source_token"": ""CD8A"", ""tokens"": [""CD8A""]}, {""via"": ""pro_id"", ""pr"": ""PR:000001084"", ""tokens"": [""CD8""]}]}, {""sense"": ""positive"", ""pr"": ""PR:000001869"", ""asserted"": ""True"", ""paths"": [{""via"": ""exact_alias"", ""source_token"": ""CD127"", ""tokens"": [""CD127""]}, {""via"": ""exact_alias"", ""source_token"": ""CDW127"", ""tokens"": [""CDW127""]}, {""via"": ""pro_id"", ""pr"": ""PR:000001869"", ""tokens"": [""CD127""]}]}, {""sense"": ""positive"", ""pr"": ""PR:000025402"", ""asserted"": ""False"", ""paths"": [{""via"": ""exact_alias"", ""source_token"": ""CD8"", ""tokens"": [""CD8""]}]}, {""sense"": ""positive"", ""pr"": ""PR:000025403"", ""asserted"": ""False"", ""paths"": [{""via"": ""exact_alias"", ""source_token"": ""CD8"", ""tokens"": [""CD8""]}, {""via"": ""exact_alias"", ""source_token"": ""CD8A"", ""tokens"": [""CD8A""]}]}]"
SOULCAP:SC000049		CD56+ TCRab	CD56+ alpha/beta T cell	TCRab	Exact		1	CL:0002467	Gr1-high myeloid suppressor cell	7	1	CD45+, CD11C:not:high (1 of 2 alt.)		CD14-/CD33-/CD64- (no axiom on any alt.), CD19-/CD20- (no axiom on any alt.), CD123-, CD3+, TCRAB+/TCRGD- (no axiom on any alt.), CD56+, CD15-/CD66B- (no axiom on any alt.), CD16-	no		"[""marker_axioms""]"	null	"[{""sense"": ""high"", ""pr"": ""PR:000002980"", ""asserted"": ""True"", ""paths"": []}, {""sense"": ""negative"", ""pr"": ""PR:000001013"", ""asserted"": ""True"", ""paths"": [{""via"": ""exact_alias"", ""source_token"": ""CD11"", ""tokens"": [""CD11""]}, {""via"": ""exact_alias"", ""source_token"": ""CD11C"", ""tokens"": [""CD11C""]}, {""via"": ""pro_id"", ""pr"": ""PR:000001013"", ""tokens"": [""CD11C""]}]}, {""sense"": ""positive"", ""pr"": ""PR:000001006"", ""asserted"": ""False"", ""paths"": [{""via"": ""pro_id"", ""pr"": ""PR:000001006"", ""tokens"": [""CD45""]}]}, {""sense"": ""positive"", ""pr"": ""PR:000001012"", ""asserted"": ""False"", ""paths"": [{""via"": ""exact_alias"", ""source_token"": ""CD11"", ""tokens"": [""CD11""]}, {""via"": ""exact_alias"", ""source_token"": ""CD11B"", ""tokens"": [""CD11B""]}]}]"
SOULCAP:SC000049		CD56+ TCRab	CD56+ alpha/beta T cell	TCRab	Exact		2	CL:0000097	mast cell	5	1	CD123-		CD14-/CD33-/CD64- (no axiom on any alt.), CD19-/CD20- (no axiom on any alt.), CD45+, CD3+, TCRAB+/TCRGD- (no axiom on any alt.), CD56+, HLA-DR:not:positive/CD11C:not:high (no axiom on any alt.), CD15-/CD66B- (no axiom on any alt.), CD16-	no		"[""marker_axioms""]"	null	"[{""sense"": ""high"", ""pr"": ""PR:000002065"", ""asserted"": ""True"", ""paths"": [{""via"": ""exact_alias"", ""source_token"": ""CD117"", ""tokens"": [""CD117""]}, {""via"": ""pro_id"", ""pr"": ""PR:000002065"", ""tokens"": [""CD117""]}]}, {""sense"": ""high"", ""pr"": ""PR:000007431"", ""asserted"": ""True"", ""paths"": [{""via"": ""pro_id"", ""pr"": ""PR:000007431"", ""tokens"": [""FCER1A""]}]}, {""sense"": ""negative"", ""pr"": ""PR:000001865"", ""asserted"": ""True"", ""paths"": [{""via"": ""exact_alias"", ""source_token"": ""CD123"", ""tokens"": [""CD123""]}, {""via"": ""pro_id"", ""pr"": ""PR:000001865"", ""tokens"": [""CD123""]}]}, {""sense"": ""positive"", ""pr"": ""PR:000001255"", ""asserted"": ""True"", ""paths"": [{""via"": ""exact_alias"", ""source_token"": ""CD193"", ""tokens"": [""CD193""]}, {""via"": ""pro_id"", ""pr"": ""PR:000001255"", ""tokens"": [""CD193""]}]}, {""sense"": ""positive"", ""pr"": ""PR:000006169"", ""asserted"": ""True"", ""paths"": [{""via"": ""exact_alias"", ""source_token"": ""CD200"", ""tokens"": [""CD200""]}, {""via"": ""exact_alias"", ""source_token"": ""CD200RLB"", ""tokens"": [""CD200RLB""]}]}]"
SOULCAP:SC000049		CD56+ TCRab	CD56+ alpha/beta T cell	TCRab	Exact		3	CL:0000484	connective tissue type mast cell	5	1	CD123-		CD14-/CD33-/CD64- (no axiom on any alt.), CD19-/CD20- (no axiom on any alt.), CD45+, CD3+, TCRAB+/TCRGD- (no axiom on any alt.), CD56+, HLA-DR:not:positive/CD11C:not:high (no axiom on any alt.), CD15-/CD66B- (no axiom on any alt.), CD16-	no		"[""marker_axioms""]"	null	"[{""sense"": ""high"", ""pr"": ""PR:000002065"", ""asserted"": ""False"", ""paths"": [{""via"": ""exact_alias"", ""source_token"": ""CD117"", ""tokens"": [""CD117""]}, {""via"": ""pro_id"", ""pr"": ""PR:000002065"", ""tokens"": [""CD117""]}]}, {""sense"": ""high"", ""pr"": ""PR:000007431"", ""asserted"": ""False"", ""paths"": [{""via"": ""pro_id"", ""pr"": ""PR:000007431"", ""tokens"": [""FCER1A""]}]}, {""sense"": ""negative"", ""pr"": ""PR:000001865"", ""asserted"": ""False"", ""paths"": [{""via"": ""exact_alias"", ""source_token"": ""CD123"", ""tokens"": [""CD123""]}, {""via"": ""pro_id"", ""pr"": ""PR:000001865"", ""tokens"": [""CD123""]}]}, {""sense"": ""positive"", ""pr"": ""PR:000001255"", ""asserted"": ""False"", ""paths"": [{""via"": ""exact_alias"", ""source_token"": ""CD193"", ""tokens"": [""CD193""]}, {""via"": ""pro_id"", ""pr"": ""PR:000001255"", ""tokens"": [""CD193""]}]}, {""sense"": ""positive"", ""pr"": ""PR:000006169"", ""asserted"": ""False"", ""paths"": [{""via"": ""exact_alias"", ""source_token"": ""CD200"", ""tokens"": [""CD200""]}, {""via"": ""exact_alias"", ""source_token"": ""CD200RLB"", ""tokens"": [""CD200RLB""]}]}]"
SOULCAP:SC000050		CD56+ CD4+ TCRab	CD56+ CD4+ alpha/beta T cell	CD4+ TCRab T cell	Exact		1	CL:0000895	naive thymus-derived CD4-positive, alpha-beta T cell	13	1	CD45+, CD4+, CD8-		CD14-/CD33-/CD64- (no axiom on any alt.), CD19-/CD20- (no axiom on any alt.), CD123-, CD3+, TCRAB+/TCRGD- (no axiom on any alt.), CD56+, HLA-DR:not:positive/CD11C:not:high (no axiom on any alt.), CD15-/CD66B- (no axiom on any alt.), CD16-	no		"[""marker_axioms""]"	null	"[{""sense"": ""high"", ""pr"": ""PR:000001318"", ""asserted"": ""False"", ""paths"": [{""via"": ""exact_alias"", ""source_token"": ""CD62"", ""tokens"": [""CD62""]}, {""via"": ""exact_alias"", ""source_token"": ""CD62L"", ""tokens"": [""CD62L""]}]}, {""sense"": ""low"", ""pr"": ""PR:000001307"", ""asserted"": ""False"", ""paths"": [{""via"": ""exact_alias"", ""source_token"": ""CD44"", ""tokens"": [""CD44""]}, {""via"": ""exact_alias"", ""source_token"": ""CDW44"", ""tokens"": [""CDW44""]}]}, {""sense"": ""negative"", ""pr"": ""PR:000001380"", ""asserted"": ""True"", ""paths"": [{""via"": ""exact_alias"", ""source_token"": ""CD25"", ""tokens"": [""CD25""]}, {""via"": ""pro_id"", ""pr"": ""PR:000001380"", ""tokens"": [""CD25""]}]}, {""sense"": ""negative"", ""pr"": ""PR:000025402"", ""asserted"": ""False"", ""paths"": [{""via"": ""exact_alias"", ""source_token"": ""CD8"", ""tokens"": [""CD8""]}]}, {""sense"": ""positive"", ""pr"": ""PR:000001004"", ""asserted"": ""False"", ""paths"": [{""via"": ""exact_alias"", ""source_token"": ""CD4"", ""tokens"": [""CD4""]}, {""via"": ""pro_id"", ""pr"": ""PR:000001004"", ""tokens"": [""CD4""]}]}, {""sense"": ""positive"", ""pr"": ""PR:000001006"", ""asserted"": ""False"", ""paths"": [{""via"": ""pro_id"", ""pr"": ""PR:000001006"", ""tokens"": [""CD45""]}]}, {""sense"": ""positive"", ""pr"": ""PR:000001015"", ""asserted"": ""False"", ""paths"": [{""via"": ""exact_alias"", ""source_token"": ""CD45RA"", ""tokens"": [""CD45RA""]}]}, {""sense"": ""positive"", ""pr"": ""PR:000001203"", ""asserted"": ""False"", ""paths"": [{""via"": ""exact_alias"", ""source_token"": ""CD197"", ""tokens"": [""CD197""]}, {""via"": ""exact_alias"", ""source_token"": ""CDW197"", ""tokens"": [""CDW197""]}]}, {""sense"": ""positive"", ""pr"": ""PR:000001869"", ""asserted"": ""False"", ""paths"": [{""via"": ""exact_alias"", ""source_token"": ""CD127"", ""tokens"": [""CD127""]}, {""via"": ""exact_alias"", ""source_token"": ""CDW127"", ""tokens"": [""CDW127""]}, {""via"": ""pro_id"", ""pr"": ""PR:000001869"", ""tokens"": [""CD127""]}]}]"
SOULCAP:SC000050		CD56+ CD4+ TCRab	CD56+ CD4+ alpha/beta T cell	CD4+ TCRab T cell	Exact		2	CL:0001044	effector CD4-positive, alpha-beta T cell	13	1	CD45+, CD4+, CD8-		CD14-/CD33-/CD64- (no axiom on any alt.), CD19-/CD20- (no axiom on any alt.), CD123-, CD3+, TCRAB+/TCRGD- (no axiom on any alt.), CD56+, HLA-DR:not:positive/CD11C:not:high (no axiom on any alt.), CD15-/CD66B- (no axiom on any alt.), CD16-	no		"[""marker_axioms"", ""local_lexical""]"	"{""query"": ""cd56 cd4 alpha beta t cell"", ""exact"": false, ""token_jaccard"": 0.5714285714285714}"	"[{""sense"": ""negative"", ""pr"": ""PR:000001203"", ""asserted"": ""True"", ""paths"": [{""via"": ""exact_alias"", ""source_token"": ""CD197"", ""tokens"": [""CD197""]}, {""via"": ""exact_alias"", ""source_token"": ""CDW197"", ""tokens"": [""CDW197""]}]}, {""sense"": ""negative"", ""pr"": ""PR:000025402"", ""asserted"": ""False"", ""paths"": [{""via"": ""exact_alias"", ""source_token"": ""CD8"", ""tokens"": [""CD8""]}]}, {""sense"": ""positive"", ""pr"": ""PR:000001004"", ""asserted"": ""False"", ""paths"": [{""via"": ""exact_alias"", ""source_token"": ""CD4"", ""tokens"": [""CD4""]}, {""via"": ""pro_id"", ""pr"": ""PR:000001004"", ""tokens"": [""CD4""]}]}, {""sense"": ""positive"", ""pr"": ""PR:000001006"", ""asserted"": ""False"", ""paths"": [{""via"": ""pro_id"", ""pr"": ""PR:000001006"", ""tokens"": [""CD45""]}]}, {""sense"": ""positive"", ""pr"": ""PR:000001015"", ""asserted"": ""True"", ""paths"": [{""via"": ""exact_alias"", ""source_token"": ""CD45RA"", ""tokens"": [""CD45RA""]}]}]"
SOULCAP:SC000050		CD56+ CD4+ TCRab	CD56+ CD4+ alpha/beta T cell	CD4+ TCRab T cell	Exact		3	CL:0001046	memory CCR4-positive regulatory T cell	13	1	CD45+, CD4+, CD8-		CD14-/CD33-/CD64- (no axiom on any alt.), CD19-/CD20- (no axiom on any alt.), CD123-, CD3+, TCRAB+/TCRGD- (no axiom on any alt.), CD56+, HLA-DR:not:positive/CD11C:not:high (no axiom on any alt.), CD15-/CD66B- (no axiom on any alt.), CD16-	no		"[""marker_axioms""]"	null	"[{""sense"": ""low"", ""pr"": ""PR:000001869"", ""asserted"": ""False"", ""paths"": [{""via"": ""exact_alias"", ""source_token"": ""CD127"", ""tokens"": [""CD127""]}, {""via"": ""exact_alias"", ""source_token"": ""CDW127"", ""tokens"": [""CDW127""]}, {""via"": ""pro_id"", ""pr"": ""PR:000001869"", ""tokens"": [""CD127""]}]}, {""sense"": ""negative"", ""pr"": ""PR:000025402"", ""asserted"": ""False"", ""paths"": [{""via"": ""exact_alias"", ""source_token"": ""CD8"", ""tokens"": [""CD8""]}]}, {""sense"": ""positive"", ""pr"": ""PR:000001004"", ""asserted"": ""False"", ""paths"": [{""via"": ""exact_alias"", ""source_token"": ""CD4"", ""tokens"": [""CD4""]}, {""via"": ""pro_id"", ""pr"": ""PR:000001004"", ""tokens"": [""CD4""]}]}, {""sense"": ""positive"", ""pr"": ""PR:000001006"", ""asserted"": ""False"", ""paths"": [{""via"": ""pro_id"", ""pr"": ""PR:000001006"", ""tokens"": [""CD45""]}]}, {""sense"": ""positive"", ""pr"": ""PR:000001017"", ""asserted"": ""True"", ""paths"": [{""via"": ""exact_alias"", ""source_token"": ""CD45RO"", ""tokens"": [""CD45RO""]}]}, {""sense"": ""positive"", ""pr"": ""PR:000001200"", ""asserted"": ""False"", ""paths"": []}, {""sense"": ""positive"", ""pr"": ""PR:000001380"", ""asserted"": ""False"", ""paths"": [{""via"": ""exact_alias"", ""source_token"": ""CD25"", ""tokens"": [""CD25""]}, {""via"": ""pro_id"", ""pr"": ""PR:000001380"", ""tokens"": [""CD25""]}]}]"
SOULCAP:SC000051		CD56+ CD8+ TCRab	CD56+ CD8+ alpha/beta T cell	CD8+ TCRab T cell	Exact		1	CL:0000900	naive thymus-derived CD8-positive, alpha-beta T cell	13	1	CD45+, CD4-, CD8+		CD14-/CD33-/CD64- (no axiom on any alt.), CD19-/CD20- (no axiom on any alt.), CD123-, CD3+, TCRAB+/TCRGD- (no axiom on any alt.), CD56+, HLA-DR:not:positive/CD11C:not:high (no axiom on any alt.), CD15-/CD66B- (no axiom on any alt.), CD16-	no		"[""marker_axioms""]"	null	"[{""sense"": ""high"", ""pr"": ""PR:000001318"", ""asserted"": ""False"", ""paths"": [{""via"": ""exact_alias"", ""source_token"": ""CD62"", ""tokens"": [""CD62""]}, {""via"": ""exact_alias"", ""source_token"": ""CD62L"", ""tokens"": [""CD62L""]}]}, {""sense"": ""low"", ""pr"": ""PR:000001307"", ""asserted"": ""False"", ""paths"": [{""via"": ""exact_alias"", ""source_token"": ""CD44"", ""tokens"": [""CD44""]}, {""via"": ""exact_alias"", ""source_token"": ""CDW44"", ""tokens"": [""CDW44""]}]}, {""sense"": ""negative"", ""pr"": ""PR:000001004"", ""asserted"": ""False"", ""paths"": [{""via"": ""exact_alias"", ""source_token"": ""CD4"", ""tokens"": [""CD4""]}, {""via"": ""pro_id"", ""pr"": ""PR:000001004"", ""tokens"": [""CD4""]}]}, {""sense"": ""negative"", ""pr"": ""PR:000001380"", ""asserted"": ""True"", ""paths"": [{""via"": ""exact_alias"", ""source_token"": ""CD25"", ""tokens"": [""CD25""]}, {""via"": ""pro_id"", ""pr"": ""PR:000001380"", ""tokens"": [""CD25""]}]}, {""sense"": ""positive"", ""pr"": ""PR:000001006"", ""asserted"": ""False"", ""paths"": [{""via"": ""pro_id"", ""pr"": ""PR:000001006"", ""tokens"": [""CD45""]}]}, {""sense"": ""positive"", ""pr"": ""PR:000001015"", ""asserted"": ""False"", ""paths"": [{""via"": ""exact_alias"", ""source_token"": ""CD45RA"", ""tokens"": [""CD45RA""]}]}, {""sense"": ""positive"", ""pr"": ""PR:000001084"", ""asserted"": ""False"", ""paths"": [{""via"": ""exact_alias"", ""source_token"": ""CD8"", ""tokens"": [""CD8""]}, {""via"": ""exact_alias"", ""source_token"": ""CD8A"", ""tokens"": [""CD8A""]}, {""via"": ""exact_alias"", ""source_token"": ""CD8A"", ""tokens"": [""CD8A""]}, {""via"": ""pro_id"", ""pr"": ""PR:000001084"", ""tokens"": [""CD8""]}]}, {""sense"": ""positive"", ""pr"": ""PR:000001203"", ""asserted"": ""False"", ""paths"": [{""via"": ""exact_alias"", ""source_token"": ""CD197"", ""tokens"": [""CD197""]}, {""via"": ""exact_alias"", ""source_token"": ""CDW197"", ""tokens"": [""CDW197""]}]}, {""sense"": ""positive"", ""pr"": ""PR:000001869"", ""asserted"": ""False"", ""paths"": [{""via"": ""exact_alias"", ""source_token"": ""CD127"", ""tokens"": [""CD127""]}, {""via"": ""exact_alias"", ""source_token"": ""CDW127"", ""tokens"": [""CDW127""]}, {""via"": ""pro_id"", ""pr"": ""PR:000001869"", ""tokens"": [""CD127""]}]}, {""sense"": ""positive"", ""pr"": ""PR:000025402"", ""asserted"": ""False"", ""paths"": [{""via"": ""exact_alias"", ""source_token"": ""CD8"", ""tokens"": [""CD8""]}]}, {""sense"": ""positive"", ""pr"": ""PR:000025403"", ""asserted"": ""False"", ""paths"": [{""via"": ""exact_alias"", ""source_token"": ""CD8"", ""tokens"": [""CD8""]}, {""via"": ""exact_alias"", ""source_token"": ""CD8A"", ""tokens"": [""CD8A""]}]}]"
SOULCAP:SC000051		CD56+ CD8+ TCRab	CD56+ CD8+ alpha/beta T cell	CD8+ TCRab T cell	Exact		2	CL:0001050	effector CD8-positive, alpha-beta T cell	13	1	CD45+, CD4-, CD8+		CD14-/CD33-/CD64- (no axiom on any alt.), CD19-/CD20- (no axiom on any alt.), CD123-, CD3+, TCRAB+/TCRGD- (no axiom on any alt.), CD56+, HLA-DR:not:positive/CD11C:not:high (no axiom on any alt.), CD15-/CD66B- (no axiom on any alt.), CD16-	no		"[""marker_axioms"", ""local_lexical""]"	"{""query"": ""cd56 cd8 alpha beta t cell"", ""exact"": false, ""token_jaccard"": 0.5714285714285714}"	"[{""sense"": ""negative"", ""pr"": ""PR:000001004"", ""asserted"": ""False"", ""paths"": [{""via"": ""exact_alias"", ""source_token"": ""CD4"", ""tokens"": [""CD4""]}, {""via"": ""pro_id"", ""pr"": ""PR:000001004"", ""tokens"": [""CD4""]}]}, {""sense"": ""negative"", ""pr"": ""PR:000001203"", ""asserted"": ""True"", ""paths"": [{""via"": ""exact_alias"", ""source_token"": ""CD197"", ""tokens"": [""CD197""]}, {""via"": ""exact_alias"", ""source_token"": ""CDW197"", ""tokens"": [""CDW197""]}]}, {""sense"": ""positive"", ""pr"": ""PR:000001006"", ""asserted"": ""False"", ""paths"": [{""via"": ""pro_id"", ""pr"": ""PR:000001006"", ""tokens"": [""CD45""]}]}, {""sense"": ""positive"", ""pr"": ""PR:000001015"", ""asserted"": ""True"", ""paths"": [{""via"": ""exact_alias"", ""source_token"": ""CD45RA"", ""tokens"": [""CD45RA""]}]}, {""sense"": ""positive"", ""pr"": ""PR:000001084"", ""asserted"": ""False"", ""paths"": [{""via"": ""exact_alias"", ""source_token"": ""CD8"", ""tokens"": [""CD8""]}, {""via"": ""exact_alias"", ""source_token"": ""CD8A"", ""tokens"": [""CD8A""]}, {""via"": ""exact_alias"", ""source_token"": ""CD8A"", ""tokens"": [""CD8A""]}, {""via"": ""pro_id"", ""pr"": ""PR:000001084"", ""tokens"": [""CD8""]}]}, {""sense"": ""positive"", ""pr"": ""PR:000025402"", ""asserted"": ""False"", ""paths"": [{""via"": ""exact_alias"", ""source_token"": ""CD8"", ""tokens"": [""CD8""]}]}, {""sense"": ""positive"", ""pr"": ""PR:000025403"", ""asserted"": ""False"", ""paths"": [{""via"": ""exact_alias"", ""source_token"": ""CD8"", ""tokens"": [""CD8""]}, {""via"": ""exact_alias"", ""source_token"": ""CD8A"", ""tokens"": [""CD8A""]}]}]"
SOULCAP:SC000051		CD56+ CD8+ TCRab	CD56+ CD8+ alpha/beta T cell	CD8+ TCRab T cell	Exact		3	CL:0001203	CD8-positive, alpha-beta memory T cell, CD45RO-positive	13	1	CD45+, CD4-, CD8+		CD14-/CD33-/CD64- (no axiom on any alt.), CD19-/CD20- (no axiom on any alt.), CD123-, CD3+, TCRAB+/TCRGD- (no axiom on any alt.), CD56+, HLA-DR:not:positive/CD11C:not:high (no axiom on any alt.), CD15-/CD66B- (no axiom on any alt.), CD16-	no		"[""marker_axioms""]"	null	"[{""sense"": ""negative"", ""pr"": ""PR:000001004"", ""asserted"": ""False"", ""paths"": [{""via"": ""exact_alias"", ""source_token"": ""CD4"", ""tokens"": [""CD4""]}, {""via"": ""pro_id"", ""pr"": ""PR:000001004"", ""tokens"": [""CD4""]}]}, {""sense"": ""negative"", ""pr"": ""PR:000001380"", ""asserted"": ""True"", ""paths"": [{""via"": ""exact_alias"", ""source_token"": ""CD25"", ""tokens"": [""CD25""]}, {""via"": ""pro_id"", ""pr"": ""PR:000001380"", ""tokens"": [""CD25""]}]}, {""sense"": ""positive"", ""pr"": ""PR:000001006"", ""asserted"": ""False"", ""paths"": [{""via"": ""pro_id"", ""pr"": ""PR:000001006"", ""tokens"": [""CD45""]}]}, {""sense"": ""positive"", ""pr"": ""PR:000001017"", ""asserted"": ""True"", ""paths"": [{""via"": ""exact_alias"", ""source_token"": ""CD45RO"", ""tokens"": [""CD45RO""]}]}, {""sense"": ""positive"", ""pr"": ""PR:000001084"", ""asserted"": ""False"", ""paths"": [{""via"": ""exact_alias"", ""source_token"": ""CD8"", ""tokens"": [""CD8""]}, {""via"": ""exact_alias"", ""source_token"": ""CD8A"", ""tokens"": [""CD8A""]}, {""via"": ""exact_alias"", ""source_token"": ""CD8A"", ""tokens"": [""CD8A""]}, {""via"": ""pro_id"", ""pr"": ""PR:000001084"", ""tokens"": [""CD8""]}]}, {""sense"": ""positive"", ""pr"": ""PR:000001869"", ""asserted"": ""True"", ""paths"": [{""via"": ""exact_alias"", ""source_token"": ""CD127"", ""tokens"": [""CD127""]}, {""via"": ""exact_alias"", ""source_token"": ""CDW127"", ""tokens"": [""CDW127""]}, {""via"": ""pro_id"", ""pr"": ""PR:000001869"", ""tokens"": [""CD127""]}]}, {""sense"": ""positive"", ""pr"": ""PR:000025402"", ""asserted"": ""False"", ""paths"": [{""via"": ""exact_alias"", ""source_token"": ""CD8"", ""tokens"": [""CD8""]}]}, {""sense"": ""positive"", ""pr"": ""PR:000025403"", ""asserted"": ""False"", ""paths"": [{""via"": ""exact_alias"", ""source_token"": ""CD8"", ""tokens"": [""CD8""]}, {""via"": ""exact_alias"", ""source_token"": ""CD8A"", ""tokens"": [""CD8A""]}]}]"
SOULCAP:SC000052		CD56+ CD4+/CD8+ TCRab	CD56+ CD4+/CD8+ alpha/beta T cell	CD4+/CD8+ TCRab T cell	Exact		1	CL:0002039	immature NK T cell stage I, mouse	9	1	CD4+ (dim), CD8+ (dim)		CD14-/CD33-/CD64- (no axiom on any alt.), CD19-/CD20- (no axiom on any alt.), CD123-, CD45+, CD3+, TCRAB+/TCRGD- (no axiom on any alt.), CD56+, HLA-DR:not:positive/CD11C:not:high (no axiom on any alt.), CD15-/CD66B- (no axiom on any alt.), CD16-	no		"[""marker_axioms""]"	null	"[{""sense"": ""high"", ""pr"": ""PR:000001932"", ""asserted"": ""True"", ""paths"": [{""via"": ""exact_alias"", ""source_token"": ""CD24"", ""tokens"": [""CD24""]}, {""via"": ""pro_id"", ""pr"": ""PR:000001932"", ""tokens"": [""CD24""]}]}, {""sense"": ""low"", ""pr"": ""PR:000001004"", ""asserted"": ""True"", ""paths"": [{""via"": ""exact_alias"", ""source_token"": ""CD4"", ""tokens"": [""CD4""]}, {""via"": ""pro_id"", ""pr"": ""PR:000001004"", ""tokens"": [""CD4""]}]}, {""sense"": ""low"", ""pr"": ""PR:000025402"", ""asserted"": ""True"", ""paths"": [{""via"": ""exact_alias"", ""source_token"": ""CD8"", ""tokens"": [""CD8""]}]}, {""sense"": ""negative"", ""pr"": ""PR:000001307"", ""asserted"": ""True"", ""paths"": [{""via"": ""exact_alias"", ""source_token"": ""CD44"", ""tokens"": [""CD44""]}, {""via"": ""exact_alias"", ""source_token"": ""CDW44"", ""tokens"": [""CDW44""]}]}, {""sense"": ""negative"", ""pr"": ""PR:000001874"", ""asserted"": ""True"", ""paths"": []}, {""sense"": ""positive"", ""pr"": ""PR:000001084"", ""asserted"": ""False"", ""paths"": [{""via"": ""exact_alias"", ""source_token"": ""CD8"", ""tokens"": [""CD8""]}, {""via"": ""exact_alias"", ""source_token"": ""CD8A"", ""tokens"": [""CD8A""]}, {""via"": ""exact_alias"", ""source_token"": ""CD8A"", ""tokens"": [""CD8A""]}, {""via"": ""pro_id"", ""pr"": ""PR:000001084"", ""tokens"": [""CD8""]}]}, {""sense"": ""positive"", ""pr"": ""PR:000003469"", ""asserted"": ""False"", ""paths"": []}, {""sense"": ""positive"", ""pr"": ""PR:000025403"", ""asserted"": ""False"", ""paths"": [{""via"": ""exact_alias"", ""source_token"": ""CD8"", ""tokens"": [""CD8""]}, {""via"": ""exact_alias"", ""source_token"": ""CD8A"", ""tokens"": [""CD8A""]}]}]"
SOULCAP:SC000052		CD56+ CD4+/CD8+ TCRab	CD56+ CD4+/CD8+ alpha/beta T cell	CD4+/CD8+ TCRab T cell	Exact		2	CL:0000809	double-positive, alpha-beta thymocyte	8	0	CD4+, CD8+		CD14-/CD33-/CD64- (no axiom on any alt.), CD19-/CD20- (no axiom on any alt.), CD123-, CD45+, CD3+, TCRAB+/TCRGD- (no axiom on any alt.), CD56+, HLA-DR:not:positive/CD11C:not:high (no axiom on any alt.), CD15-/CD66B- (no axiom on any alt.), CD16-	no		"[""marker_axioms""]"	null	"[{""sense"": ""positive"", ""pr"": ""PR:000001004"", ""asserted"": ""True"", ""paths"": [{""via"": ""exact_alias"", ""source_token"": ""CD4"", ""tokens"": [""CD4""]}, {""via"": ""pro_id"", ""pr"": ""PR:000001004"", ""tokens"": [""CD4""]}]}, {""sense"": ""positive"", ""pr"": ""PR:000001084"", ""asserted"": ""False"", ""paths"": [{""via"": ""exact_alias"", ""source_token"": ""CD8"", ""tokens"": [""CD8""]}, {""via"": ""exact_alias"", ""source_token"": ""CD8A"", ""tokens"": [""CD8A""]}, {""via"": ""exact_alias"", ""source_token"": ""CD8A"", ""tokens"": [""CD8A""]}, {""via"": ""pro_id"", ""pr"": ""PR:000001084"", ""tokens"": [""CD8""]}]}, {""sense"": ""positive"", ""pr"": ""PR:000025402"", ""asserted"": ""True"", ""paths"": [{""via"": ""exact_alias"", ""source_token"": ""CD8"", ""tokens"": [""CD8""]}]}, {""sense"": ""positive"", ""pr"": ""PR:000025403"", ""asserted"": ""False"", ""paths"": [{""via"": ""exact_alias"", ""source_token"": ""CD8"", ""tokens"": [""CD8""]}, {""via"": ""exact_alias"", ""source_token"": ""CD8A"", ""tokens"": [""CD8A""]}]}]"
SOULCAP:SC000052		CD56+ CD4+/CD8+ TCRab	CD56+ CD4+/CD8+ alpha/beta T cell	CD4+/CD8+ TCRab T cell	Exact		3	CL:0002427	resting double-positive thymocyte	8	0	CD4+, CD8+		CD14-/CD33-/CD64- (no axiom on any alt.), CD19-/CD20- (no axiom on any alt.), CD123-, CD45+, CD3+, TCRAB+/TCRGD- (no axiom on any alt.), CD56+, HLA-DR:not:positive/CD11C:not:high (no axiom on any alt.), CD15-/CD66B- (no axiom on any alt.), CD16-	no		"[""marker_axioms""]"	null	"[{""sense"": ""positive"", ""pr"": ""PR:000001004"", ""asserted"": ""False"", ""paths"": [{""via"": ""exact_alias"", ""source_token"": ""CD4"", ""tokens"": [""CD4""]}, {""via"": ""pro_id"", ""pr"": ""PR:000001004"", ""tokens"": [""CD4""]}]}, {""sense"": ""positive"", ""pr"": ""PR:000001084"", ""asserted"": ""False"", ""paths"": [{""via"": ""exact_alias"", ""source_token"": ""CD8"", ""tokens"": [""CD8""]}, {""via"": ""exact_alias"", ""source_token"": ""CD8A"", ""tokens"": [""CD8A""]}, {""via"": ""exact_alias"", ""source_token"": ""CD8A"", ""tokens"": [""CD8A""]}, {""via"": ""pro_id"", ""pr"": ""PR:000001084"", ""tokens"": [""CD8""]}]}, {""sense"": ""positive"", ""pr"": ""PR:000025402"", ""asserted"": ""False"", ""paths"": [{""via"": ""exact_alias"", ""source_token"": ""CD8"", ""tokens"": [""CD8""]}]}, {""sense"": ""positive"", ""pr"": ""PR:000025403"", ""asserted"": ""False"", ""paths"": [{""via"": ""exact_alias"", ""source_token"": ""CD8"", ""tokens"": [""CD8""]}, {""via"": ""exact_alias"", ""source_token"": ""CD8A"", ""tokens"": [""CD8A""]}]}]"
SOULCAP:SC000053		CD56+ CD4-/CD8- TCRab	CD56+ CD4-/CD8- alpha/beta T cell	CD4-/CD8- TCRab T cell	Exact		1	CL:0000803	CD4-negative CD8-negative gamma-delta intraepithelial T cell	10	2	CD4-, CD8-		CD14-/CD33-/CD64- (no axiom on any alt.), CD19-/CD20- (no axiom on any alt.), CD123-, CD45+, CD3+, TCRAB+/TCRGD- (no axiom on any alt.), CD56+, HLA-DR:not:positive/CD11C:not:high (no axiom on any alt.), CD15-/CD66B- (no axiom on any alt.), CD16-	no		"[""marker_axioms""]"	null	"[{""sense"": ""negative"", ""pr"": ""PR:000001004"", ""asserted"": ""True"", ""paths"": [{""via"": ""exact_alias"", ""source_token"": ""CD4"", ""tokens"": [""CD4""]}, {""via"": ""pro_id"", ""pr"": ""PR:000001004"", ""tokens"": [""CD4""]}]}, {""sense"": ""negative"", ""pr"": ""PR:000001084"", ""asserted"": ""True"", ""paths"": [{""via"": ""exact_alias"", ""source_token"": ""CD8"", ""tokens"": [""CD8""]}, {""via"": ""exact_alias"", ""source_token"": ""CD8A"", ""tokens"": [""CD8A""]}, {""via"": ""exact_alias"", ""source_token"": ""CD8A"", ""tokens"": [""CD8A""]}, {""via"": ""pro_id"", ""pr"": ""PR:000001084"", ""tokens"": [""CD8""]}]}]"
SOULCAP:SC000053		CD56+ CD4-/CD8- TCRab	CD56+ CD4-/CD8- alpha/beta T cell	CD4-/CD8- TCRab T cell	Exact		2	CL:0000924	CD4-negative, CD8-negative type I NK T cell	10	2	CD4-, CD8-		CD14-/CD33-/CD64- (no axiom on any alt.), CD19-/CD20- (no axiom on any alt.), CD123-, CD45+, CD3+, TCRAB+/TCRGD- (no axiom on any alt.), CD56+, HLA-DR:not:positive/CD11C:not:high (no axiom on any alt.), CD15-/CD66B- (no axiom on any alt.), CD16-	no		"[""marker_axioms""]"	null	"[{""sense"": ""negative"", ""pr"": ""PR:000001004"", ""asserted"": ""True"", ""paths"": [{""via"": ""exact_alias"", ""source_token"": ""CD4"", ""tokens"": [""CD4""]}, {""via"": ""pro_id"", ""pr"": ""PR:000001004"", ""tokens"": [""CD4""]}]}, {""sense"": ""negative"", ""pr"": ""PR:000001084"", ""asserted"": ""True"", ""paths"": [{""via"": ""exact_alias"", ""source_token"": ""CD8"", ""tokens"": [""CD8""]}, {""via"": ""exact_alias"", ""source_token"": ""CD8A"", ""tokens"": [""CD8A""]}, {""via"": ""exact_alias"", ""source_token"": ""CD8A"", ""tokens"": [""CD8A""]}, {""via"": ""pro_id"", ""pr"": ""PR:000001084"", ""tokens"": [""CD8""]}]}, {""sense"": ""positive"", ""pr"": ""PR:000001874"", ""asserted"": ""False"", ""paths"": []}]"
SOULCAP:SC000053		CD56+ CD4-/CD8- TCRab	CD56+ CD4-/CD8- alpha/beta T cell	CD4-/CD8- TCRab T cell	Exact		3	CL:0000928	activated CD4-negative, CD8-negative type I NK T cell	10	2	CD4-, CD8-		CD14-/CD33-/CD64- (no axiom on any alt.), CD19-/CD20- (no axiom on any alt.), CD123-, CD45+, CD3+, TCRAB+/TCRGD- (no axiom on any alt.), CD56+, HLA-DR:not:positive/CD11C:not:high (no axiom on any alt.), CD15-/CD66B- (no axiom on any alt.), CD16-	no		"[""marker_axioms""]"	null	"[{""sense"": ""negative"", ""pr"": ""PR:000001004"", ""asserted"": ""False"", ""paths"": [{""via"": ""exact_alias"", ""source_token"": ""CD4"", ""tokens"": [""CD4""]}, {""via"": ""pro_id"", ""pr"": ""PR:000001004"", ""tokens"": [""CD4""]}]}, {""sense"": ""negative"", ""pr"": ""PR:000001084"", ""asserted"": ""False"", ""paths"": [{""via"": ""exact_alias"", ""source_token"": ""CD8"", ""tokens"": [""CD8""]}, {""via"": ""exact_alias"", ""source_token"": ""CD8A"", ""tokens"": [""CD8A""]}, {""via"": ""exact_alias"", ""source_token"": ""CD8A"", ""tokens"": [""CD8A""]}, {""via"": ""pro_id"", ""pr"": ""PR:000001084"", ""tokens"": [""CD8""]}]}, {""sense"": ""positive"", ""pr"": ""PR:000001343"", ""asserted"": ""True"", ""paths"": [{""via"": ""exact_alias"", ""source_token"": ""CD69"", ""tokens"": [""CD69""]}]}, {""sense"": ""positive"", ""pr"": ""PR:000001874"", ""asserted"": ""False"", ""paths"": []}]"
SOULCAP:SC000054		CD56+ TCRgd	CD56+ gamma/delta T cell	TCRgd	Exact		1	CL:0002467	Gr1-high myeloid suppressor cell	7	1	CD45+, CD11C:not:high (1 of 2 alt.)		CD14-/CD33-/CD64- (no axiom on any alt.), CD19-/CD20- (no axiom on any alt.), CD123-, CD3+, TCRAB-/TCRGD+ (no axiom on any alt.), CD56+, CD15-/CD66B- (no axiom on any alt.), CD16-	no		"[""marker_axioms""]"	null	"[{""sense"": ""high"", ""pr"": ""PR:000002980"", ""asserted"": ""True"", ""paths"": []}, {""sense"": ""negative"", ""pr"": ""PR:000001013"", ""asserted"": ""True"", ""paths"": [{""via"": ""exact_alias"", ""source_token"": ""CD11"", ""tokens"": [""CD11""]}, {""via"": ""exact_alias"", ""source_token"": ""CD11C"", ""tokens"": [""CD11C""]}, {""via"": ""pro_id"", ""pr"": ""PR:000001013"", ""tokens"": [""CD11C""]}]}, {""sense"": ""positive"", ""pr"": ""PR:000001006"", ""asserted"": ""False"", ""paths"": [{""via"": ""pro_id"", ""pr"": ""PR:000001006"", ""tokens"": [""CD45""]}]}, {""sense"": ""positive"", ""pr"": ""PR:000001012"", ""asserted"": ""False"", ""paths"": [{""via"": ""exact_alias"", ""source_token"": ""CD11"", ""tokens"": [""CD11""]}, {""via"": ""exact_alias"", ""source_token"": ""CD11B"", ""tokens"": [""CD11B""]}]}]"
SOULCAP:SC000054		CD56+ TCRgd	CD56+ gamma/delta T cell	TCRgd	Exact		2	CL:0000097	mast cell	5	1	CD123-		CD14-/CD33-/CD64- (no axiom on any alt.), CD19-/CD20- (no axiom on any alt.), CD45+, CD3+, TCRAB-/TCRGD+ (no axiom on any alt.), CD56+, HLA-DR:not:positive/CD11C:not:high (no axiom on any alt.), CD15-/CD66B- (no axiom on any alt.), CD16-	no		"[""marker_axioms""]"	null	"[{""sense"": ""high"", ""pr"": ""PR:000002065"", ""asserted"": ""True"", ""paths"": [{""via"": ""exact_alias"", ""source_token"": ""CD117"", ""tokens"": [""CD117""]}, {""via"": ""pro_id"", ""pr"": ""PR:000002065"", ""tokens"": [""CD117""]}]}, {""sense"": ""high"", ""pr"": ""PR:000007431"", ""asserted"": ""True"", ""paths"": [{""via"": ""pro_id"", ""pr"": ""PR:000007431"", ""tokens"": [""FCER1A""]}]}, {""sense"": ""negative"", ""pr"": ""PR:000001865"", ""asserted"": ""True"", ""paths"": [{""via"": ""exact_alias"", ""source_token"": ""CD123"", ""tokens"": [""CD123""]}, {""via"": ""pro_id"", ""pr"": ""PR:000001865"", ""tokens"": [""CD123""]}]}, {""sense"": ""positive"", ""pr"": ""PR:000001255"", ""asserted"": ""True"", ""paths"": [{""via"": ""exact_alias"", ""source_token"": ""CD193"", ""tokens"": [""CD193""]}, {""via"": ""pro_id"", ""pr"": ""PR:000001255"", ""tokens"": [""CD193""]}]}, {""sense"": ""positive"", ""pr"": ""PR:000006169"", ""asserted"": ""True"", ""paths"": [{""via"": ""exact_alias"", ""source_token"": ""CD200"", ""tokens"": [""CD200""]}, {""via"": ""exact_alias"", ""source_token"": ""CD200RLB"", ""tokens"": [""CD200RLB""]}]}]"
SOULCAP:SC000054		CD56+ TCRgd	CD56+ gamma/delta T cell	TCRgd	Exact		3	CL:0000484	connective tissue type mast cell	5	1	CD123-		CD14-/CD33-/CD64- (no axiom on any alt.), CD19-/CD20- (no axiom on any alt.), CD45+, CD3+, TCRAB-/TCRGD+ (no axiom on any alt.), CD56+, HLA-DR:not:positive/CD11C:not:high (no axiom on any alt.), CD15-/CD66B- (no axiom on any alt.), CD16-	no		"[""marker_axioms""]"	null	"[{""sense"": ""high"", ""pr"": ""PR:000002065"", ""asserted"": ""False"", ""paths"": [{""via"": ""exact_alias"", ""source_token"": ""CD117"", ""tokens"": [""CD117""]}, {""via"": ""pro_id"", ""pr"": ""PR:000002065"", ""tokens"": [""CD117""]}]}, {""sense"": ""high"", ""pr"": ""PR:000007431"", ""asserted"": ""False"", ""paths"": [{""via"": ""pro_id"", ""pr"": ""PR:000007431"", ""tokens"": [""FCER1A""]}]}, {""sense"": ""negative"", ""pr"": ""PR:000001865"", ""asserted"": ""False"", ""paths"": [{""via"": ""exact_alias"", ""source_token"": ""CD123"", ""tokens"": [""CD123""]}, {""via"": ""pro_id"", ""pr"": ""PR:000001865"", ""tokens"": [""CD123""]}]}, {""sense"": ""positive"", ""pr"": ""PR:000001255"", ""asserted"": ""False"", ""paths"": [{""via"": ""exact_alias"", ""source_token"": ""CD193"", ""tokens"": [""CD193""]}, {""via"": ""pro_id"", ""pr"": ""PR:000001255"", ""tokens"": [""CD193""]}]}, {""sense"": ""positive"", ""pr"": ""PR:000006169"", ""asserted"": ""False"", ""paths"": [{""via"": ""exact_alias"", ""source_token"": ""CD200"", ""tokens"": [""CD200""]}, {""via"": ""exact_alias"", ""source_token"": ""CD200RLB"", ""tokens"": [""CD200RLB""]}]}]"
SOULCAP:SC000055		CD56+ CD4+ TCRgd	CD56+ CD4+ gamma/delta T cell	CD4+ TCRgd T cell	Exact		1	CL:0000895	naive thymus-derived CD4-positive, alpha-beta T cell	13	1	CD45+, CD4+, CD8-		CD14-/CD33-/CD64- (no axiom on any alt.), CD19-/CD20- (no axiom on any alt.), CD123-, CD3+, TCRAB-/TCRGD+ (no axiom on any alt.), CD56+, HLA-DR:not:positive/CD11C:not:high (no axiom on any alt.), CD15-/CD66B- (no axiom on any alt.), CD16-	no		"[""marker_axioms""]"	null	"[{""sense"": ""high"", ""pr"": ""PR:000001318"", ""asserted"": ""False"", ""paths"": [{""via"": ""exact_alias"", ""source_token"": ""CD62"", ""tokens"": [""CD62""]}, {""via"": ""exact_alias"", ""source_token"": ""CD62L"", ""tokens"": [""CD62L""]}]}, {""sense"": ""low"", ""pr"": ""PR:000001307"", ""asserted"": ""False"", ""paths"": [{""via"": ""exact_alias"", ""source_token"": ""CD44"", ""tokens"": [""CD44""]}, {""via"": ""exact_alias"", ""source_token"": ""CDW44"", ""tokens"": [""CDW44""]}]}, {""sense"": ""negative"", ""pr"": ""PR:000001380"", ""asserted"": ""True"", ""paths"": [{""via"": ""exact_alias"", ""source_token"": ""CD25"", ""tokens"": [""CD25""]}, {""via"": ""pro_id"", ""pr"": ""PR:000001380"", ""tokens"": [""CD25""]}]}, {""sense"": ""negative"", ""pr"": ""PR:000025402"", ""asserted"": ""False"", ""paths"": [{""via"": ""exact_alias"", ""source_token"": ""CD8"", ""tokens"": [""CD8""]}]}, {""sense"": ""positive"", ""pr"": ""PR:000001004"", ""asserted"": ""False"", ""paths"": [{""via"": ""exact_alias"", ""source_token"": ""CD4"", ""tokens"": [""CD4""]}, {""via"": ""pro_id"", ""pr"": ""PR:000001004"", ""tokens"": [""CD4""]}]}, {""sense"": ""positive"", ""pr"": ""PR:000001006"", ""asserted"": ""False"", ""paths"": [{""via"": ""pro_id"", ""pr"": ""PR:000001006"", ""tokens"": [""CD45""]}]}, {""sense"": ""positive"", ""pr"": ""PR:000001015"", ""asserted"": ""False"", ""paths"": [{""via"": ""exact_alias"", ""source_token"": ""CD45RA"", ""tokens"": [""CD45RA""]}]}, {""sense"": ""positive"", ""pr"": ""PR:000001203"", ""asserted"": ""False"", ""paths"": [{""via"": ""exact_alias"", ""source_token"": ""CD197"", ""tokens"": [""CD197""]}, {""via"": ""exact_alias"", ""source_token"": ""CDW197"", ""tokens"": [""CDW197""]}]}, {""sense"": ""positive"", ""pr"": ""PR:000001869"", ""asserted"": ""False"", ""paths"": [{""via"": ""exact_alias"", ""source_token"": ""CD127"", ""tokens"": [""CD127""]}, {""via"": ""exact_alias"", ""source_token"": ""CDW127"", ""tokens"": [""CDW127""]}, {""via"": ""pro_id"", ""pr"": ""PR:000001869"", ""tokens"": [""CD127""]}]}]"
SOULCAP:SC000055		CD56+ CD4+ TCRgd	CD56+ CD4+ gamma/delta T cell	CD4+ TCRgd T cell	Exact		2	CL:0001044	effector CD4-positive, alpha-beta T cell	13	1	CD45+, CD4+, CD8-		CD14-/CD33-/CD64- (no axiom on any alt.), CD19-/CD20- (no axiom on any alt.), CD123-, CD3+, TCRAB-/TCRGD+ (no axiom on any alt.), CD56+, HLA-DR:not:positive/CD11C:not:high (no axiom on any alt.), CD15-/CD66B- (no axiom on any alt.), CD16-	no		"[""marker_axioms""]"	null	"[{""sense"": ""negative"", ""pr"": ""PR:000001203"", ""asserted"": ""True"", ""paths"": [{""via"": ""exact_alias"", ""source_token"": ""CD197"", ""tokens"": [""CD197""]}, {""via"": ""exact_alias"", ""source_token"": ""CDW197"", ""tokens"": [""CDW197""]}]}, {""sense"": ""negative"", ""pr"": ""PR:000025402"", ""asserted"": ""False"", ""paths"": [{""via"": ""exact_alias"", ""source_token"": ""CD8"", ""tokens"": [""CD8""]}]}, {""sense"": ""positive"", ""pr"": ""PR:000001004"", ""asserted"": ""False"", ""paths"": [{""via"": ""exact_alias"", ""source_token"": ""CD4"", ""tokens"": [""CD4""]}, {""via"": ""pro_id"", ""pr"": ""PR:000001004"", ""tokens"": [""CD4""]}]}, {""sense"": ""positive"", ""pr"": ""PR:000001006"", ""asserted"": ""False"", ""paths"": [{""via"": ""pro_id"", ""pr"": ""PR:000001006"", ""tokens"": [""CD45""]}]}, {""sense"": ""positive"", ""pr"": ""PR:000001015"", ""asserted"": ""True"", ""paths"": [{""via"": ""exact_alias"", ""source_token"": ""CD45RA"", ""tokens"": [""CD45RA""]}]}]"
SOULCAP:SC000055		CD56+ CD4+ TCRgd	CD56+ CD4+ gamma/delta T cell	CD4+ TCRgd T cell	Exact		3	CL:0001046	memory CCR4-positive regulatory T cell	13	1	CD45+, CD4+, CD8-		CD14-/CD33-/CD64- (no axiom on any alt.), CD19-/CD20- (no axiom on any alt.), CD123-, CD3+, TCRAB-/TCRGD+ (no axiom on any alt.), CD56+, HLA-DR:not:positive/CD11C:not:high (no axiom on any alt.), CD15-/CD66B- (no axiom on any alt.), CD16-	no		"[""marker_axioms""]"	null	"[{""sense"": ""low"", ""pr"": ""PR:000001869"", ""asserted"": ""False"", ""paths"": [{""via"": ""exact_alias"", ""source_token"": ""CD127"", ""tokens"": [""CD127""]}, {""via"": ""exact_alias"", ""source_token"": ""CDW127"", ""tokens"": [""CDW127""]}, {""via"": ""pro_id"", ""pr"": ""PR:000001869"", ""tokens"": [""CD127""]}]}, {""sense"": ""negative"", ""pr"": ""PR:000025402"", ""asserted"": ""False"", ""paths"": [{""via"": ""exact_alias"", ""source_token"": ""CD8"", ""tokens"": [""CD8""]}]}, {""sense"": ""positive"", ""pr"": ""PR:000001004"", ""asserted"": ""False"", ""paths"": [{""via"": ""exact_alias"", ""source_token"": ""CD4"", ""tokens"": [""CD4""]}, {""via"": ""pro_id"", ""pr"": ""PR:000001004"", ""tokens"": [""CD4""]}]}, {""sense"": ""positive"", ""pr"": ""PR:000001006"", ""asserted"": ""False"", ""paths"": [{""via"": ""pro_id"", ""pr"": ""PR:000001006"", ""tokens"": [""CD45""]}]}, {""sense"": ""positive"", ""pr"": ""PR:000001017"", ""asserted"": ""True"", ""paths"": [{""via"": ""exact_alias"", ""source_token"": ""CD45RO"", ""tokens"": [""CD45RO""]}]}, {""sense"": ""positive"", ""pr"": ""PR:000001200"", ""asserted"": ""False"", ""paths"": []}, {""sense"": ""positive"", ""pr"": ""PR:000001380"", ""asserted"": ""False"", ""paths"": [{""via"": ""exact_alias"", ""source_token"": ""CD25"", ""tokens"": [""CD25""]}, {""via"": ""pro_id"", ""pr"": ""PR:000001380"", ""tokens"": [""CD25""]}]}]"
SOULCAP:SC000056		CD56+ CD8+ TCRgd	CD56+ CD8+ gamma/delta T cell	CD8+ TCRgd T cell	Exact		1	CL:0000900	naive thymus-derived CD8-positive, alpha-beta T cell	13	1	CD45+, CD4-, CD8+		CD14-/CD33-/CD64- (no axiom on any alt.), CD19-/CD20- (no axiom on any alt.), CD123-, CD3+, TCRAB-/TCRGD+ (no axiom on any alt.), CD56+, HLA-DR:not:positive/CD11C:not:high (no axiom on any alt.), CD15-/CD66B- (no axiom on any alt.), CD16-	no		"[""marker_axioms""]"	null	"[{""sense"": ""high"", ""pr"": ""PR:000001318"", ""asserted"": ""False"", ""paths"": [{""via"": ""exact_alias"", ""source_token"": ""CD62"", ""tokens"": [""CD62""]}, {""via"": ""exact_alias"", ""source_token"": ""CD62L"", ""tokens"": [""CD62L""]}]}, {""sense"": ""low"", ""pr"": ""PR:000001307"", ""asserted"": ""False"", ""paths"": [{""via"": ""exact_alias"", ""source_token"": ""CD44"", ""tokens"": [""CD44""]}, {""via"": ""exact_alias"", ""source_token"": ""CDW44"", ""tokens"": [""CDW44""]}]}, {""sense"": ""negative"", ""pr"": ""PR:000001004"", ""asserted"": ""False"", ""paths"": [{""via"": ""exact_alias"", ""source_token"": ""CD4"", ""tokens"": [""CD4""]}, {""via"": ""pro_id"", ""pr"": ""PR:000001004"", ""tokens"": [""CD4""]}]}, {""sense"": ""negative"", ""pr"": ""PR:000001380"", ""asserted"": ""True"", ""paths"": [{""via"": ""exact_alias"", ""source_token"": ""CD25"", ""tokens"": [""CD25""]}, {""via"": ""pro_id"", ""pr"": ""PR:000001380"", ""tokens"": [""CD25""]}]}, {""sense"": ""positive"", ""pr"": ""PR:000001006"", ""asserted"": ""False"", ""paths"": [{""via"": ""pro_id"", ""pr"": ""PR:000001006"", ""tokens"": [""CD45""]}]}, {""sense"": ""positive"", ""pr"": ""PR:000001015"", ""asserted"": ""False"", ""paths"": [{""via"": ""exact_alias"", ""source_token"": ""CD45RA"", ""tokens"": [""CD45RA""]}]}, {""sense"": ""positive"", ""pr"": ""PR:000001084"", ""asserted"": ""False"", ""paths"": [{""via"": ""exact_alias"", ""source_token"": ""CD8"", ""tokens"": [""CD8""]}, {""via"": ""exact_alias"", ""source_token"": ""CD8A"", ""tokens"": [""CD8A""]}, {""via"": ""exact_alias"", ""source_token"": ""CD8A"", ""tokens"": [""CD8A""]}, {""via"": ""pro_id"", ""pr"": ""PR:000001084"", ""tokens"": [""CD8""]}]}, {""sense"": ""positive"", ""pr"": ""PR:000001203"", ""asserted"": ""False"", ""paths"": [{""via"": ""exact_alias"", ""source_token"": ""CD197"", ""tokens"": [""CD197""]}, {""via"": ""exact_alias"", ""source_token"": ""CDW197"", ""tokens"": [""CDW197""]}]}, {""sense"": ""positive"", ""pr"": ""PR:000001869"", ""asserted"": ""False"", ""paths"": [{""via"": ""exact_alias"", ""source_token"": ""CD127"", ""tokens"": [""CD127""]}, {""via"": ""exact_alias"", ""source_token"": ""CDW127"", ""tokens"": [""CDW127""]}, {""via"": ""pro_id"", ""pr"": ""PR:000001869"", ""tokens"": [""CD127""]}]}, {""sense"": ""positive"", ""pr"": ""PR:000025402"", ""asserted"": ""False"", ""paths"": [{""via"": ""exact_alias"", ""source_token"": ""CD8"", ""tokens"": [""CD8""]}]}, {""sense"": ""positive"", ""pr"": ""PR:000025403"", ""asserted"": ""False"", ""paths"": [{""via"": ""exact_alias"", ""source_token"": ""CD8"", ""tokens"": [""CD8""]}, {""via"": ""exact_alias"", ""source_token"": ""CD8A"", ""tokens"": [""CD8A""]}]}]"
SOULCAP:SC000056		CD56+ CD8+ TCRgd	CD56+ CD8+ gamma/delta T cell	CD8+ TCRgd T cell	Exact		2	CL:0001050	effector CD8-positive, alpha-beta T cell	13	1	CD45+, CD4-, CD8+		CD14-/CD33-/CD64- (no axiom on any alt.), CD19-/CD20- (no axiom on any alt.), CD123-, CD3+, TCRAB-/TCRGD+ (no axiom on any alt.), CD56+, HLA-DR:not:positive/CD11C:not:high (no axiom on any alt.), CD15-/CD66B- (no axiom on any alt.), CD16-	no		"[""marker_axioms""]"	null	"[{""sense"": ""negative"", ""pr"": ""PR:000001004"", ""asserted"": ""False"", ""paths"": [{""via"": ""exact_alias"", ""source_token"": ""CD4"", ""tokens"": [""CD4""]}, {""via"": ""pro_id"", ""pr"": ""PR:000001004"", ""tokens"": [""CD4""]}]}, {""sense"": ""negative"", ""pr"": ""PR:000001203"", ""asserted"": ""True"", ""paths"": [{""via"": ""exact_alias"", ""source_token"": ""CD197"", ""tokens"": [""CD197""]}, {""via"": ""exact_alias"", ""source_token"": ""CDW197"", ""tokens"": [""CDW197""]}]}, {""sense"": ""positive"", ""pr"": ""PR:000001006"", ""asserted"": ""False"", ""paths"": [{""via"": ""pro_id"", ""pr"": ""PR:000001006"", ""tokens"": [""CD45""]}]}, {""sense"": ""positive"", ""pr"": ""PR:000001015"", ""asserted"": ""True"", ""paths"": [{""via"": ""exact_alias"", ""source_token"": ""CD45RA"", ""tokens"": [""CD45RA""]}]}, {""sense"": ""positive"", ""pr"": ""PR:000001084"", ""asserted"": ""False"", ""paths"": [{""via"": ""exact_alias"", ""source_token"": ""CD8"", ""tokens"": [""CD8""]}, {""via"": ""exact_alias"", ""source_token"": ""CD8A"", ""tokens"": [""CD8A""]}, {""via"": ""exact_alias"", ""source_token"": ""CD8A"", ""tokens"": [""CD8A""]}, {""via"": ""pro_id"", ""pr"": ""PR:000001084"", ""tokens"": [""CD8""]}]}, {""sense"": ""positive"", ""pr"": ""PR:000025402"", ""asserted"": ""False"", ""paths"": [{""via"": ""exact_alias"", ""source_token"": ""CD8"", ""tokens"": [""CD8""]}]}, {""sense"": ""positive"", ""pr"": ""PR:000025403"", ""asserted"": ""False"", ""paths"": [{""via"": ""exact_alias"", ""source_token"": ""CD8"", ""tokens"": [""CD8""]}, {""via"": ""exact_alias"", ""source_token"": ""CD8A"", ""tokens"": [""CD8A""]}]}]"
SOULCAP:SC000056		CD56+ CD8+ TCRgd	CD56+ CD8+ gamma/delta T cell	CD8+ TCRgd T cell	Exact		3	CL:0001203	CD8-positive, alpha-beta memory T cell, CD45RO-positive	13	1	CD45+, CD4-, CD8+		CD14-/CD33-/CD64- (no axiom on any alt.), CD19-/CD20- (no axiom on any alt.), CD123-, CD3+, TCRAB-/TCRGD+ (no axiom on any alt.), CD56+, HLA-DR:not:positive/CD11C:not:high (no axiom on any alt.), CD15-/CD66B- (no axiom on any alt.), CD16-	no		"[""marker_axioms""]"	null	"[{""sense"": ""negative"", ""pr"": ""PR:000001004"", ""asserted"": ""False"", ""paths"": [{""via"": ""exact_alias"", ""source_token"": ""CD4"", ""tokens"": [""CD4""]}, {""via"": ""pro_id"", ""pr"": ""PR:000001004"", ""tokens"": [""CD4""]}]}, {""sense"": ""negative"", ""pr"": ""PR:000001380"", ""asserted"": ""True"", ""paths"": [{""via"": ""exact_alias"", ""source_token"": ""CD25"", ""tokens"": [""CD25""]}, {""via"": ""pro_id"", ""pr"": ""PR:000001380"", ""tokens"": [""CD25""]}]}, {""sense"": ""positive"", ""pr"": ""PR:000001006"", ""asserted"": ""False"", ""paths"": [{""via"": ""pro_id"", ""pr"": ""PR:000001006"", ""tokens"": [""CD45""]}]}, {""sense"": ""positive"", ""pr"": ""PR:000001017"", ""asserted"": ""True"", ""paths"": [{""via"": ""exact_alias"", ""source_token"": ""CD45RO"", ""tokens"": [""CD45RO""]}]}, {""sense"": ""positive"", ""pr"": ""PR:000001084"", ""asserted"": ""False"", ""paths"": [{""via"": ""exact_alias"", ""source_token"": ""CD8"", ""tokens"": [""CD8""]}, {""via"": ""exact_alias"", ""source_token"": ""CD8A"", ""tokens"": [""CD8A""]}, {""via"": ""exact_alias"", ""source_token"": ""CD8A"", ""tokens"": [""CD8A""]}, {""via"": ""pro_id"", ""pr"": ""PR:000001084"", ""tokens"": [""CD8""]}]}, {""sense"": ""positive"", ""pr"": ""PR:000001869"", ""asserted"": ""True"", ""paths"": [{""via"": ""exact_alias"", ""source_token"": ""CD127"", ""tokens"": [""CD127""]}, {""via"": ""exact_alias"", ""source_token"": ""CDW127"", ""tokens"": [""CDW127""]}, {""via"": ""pro_id"", ""pr"": ""PR:000001869"", ""tokens"": [""CD127""]}]}, {""sense"": ""positive"", ""pr"": ""PR:000025402"", ""asserted"": ""False"", ""paths"": [{""via"": ""exact_alias"", ""source_token"": ""CD8"", ""tokens"": [""CD8""]}]}, {""sense"": ""positive"", ""pr"": ""PR:000025403"", ""asserted"": ""False"", ""paths"": [{""via"": ""exact_alias"", ""source_token"": ""CD8"", ""tokens"": [""CD8""]}, {""via"": ""exact_alias"", ""source_token"": ""CD8A"", ""tokens"": [""CD8A""]}]}]"
SOULCAP:SC000057		CD56+ CD4+/CD8+ TCRgd	CD56+ CD4+/CD8+ gamma/delta T cell	CD4+/CD8+ TCRgd	Exact		1	CL:0002039	immature NK T cell stage I, mouse	9	1	CD4+ (dim), CD8+ (dim)		CD14-/CD33-/CD64- (no axiom on any alt.), CD19-/CD20- (no axiom on any alt.), CD123-, CD45+, CD3+, TCRAB-/TCRGD+ (no axiom on any alt.), CD56+, HLA-DR:not:positive/CD11C:not:high (no axiom on any alt.), CD15-/CD66B- (no axiom on any alt.), CD16-	no		"[""marker_axioms""]"	null	"[{""sense"": ""high"", ""pr"": ""PR:000001932"", ""asserted"": ""True"", ""paths"": [{""via"": ""exact_alias"", ""source_token"": ""CD24"", ""tokens"": [""CD24""]}, {""via"": ""pro_id"", ""pr"": ""PR:000001932"", ""tokens"": [""CD24""]}]}, {""sense"": ""low"", ""pr"": ""PR:000001004"", ""asserted"": ""True"", ""paths"": [{""via"": ""exact_alias"", ""source_token"": ""CD4"", ""tokens"": [""CD4""]}, {""via"": ""pro_id"", ""pr"": ""PR:000001004"", ""tokens"": [""CD4""]}]}, {""sense"": ""low"", ""pr"": ""PR:000025402"", ""asserted"": ""True"", ""paths"": [{""via"": ""exact_alias"", ""source_token"": ""CD8"", ""tokens"": [""CD8""]}]}, {""sense"": ""negative"", ""pr"": ""PR:000001307"", ""asserted"": ""True"", ""paths"": [{""via"": ""exact_alias"", ""source_token"": ""CD44"", ""tokens"": [""CD44""]}, {""via"": ""exact_alias"", ""source_token"": ""CDW44"", ""tokens"": [""CDW44""]}]}, {""sense"": ""negative"", ""pr"": ""PR:000001874"", ""asserted"": ""True"", ""paths"": []}, {""sense"": ""positive"", ""pr"": ""PR:000001084"", ""asserted"": ""False"", ""paths"": [{""via"": ""exact_alias"", ""source_token"": ""CD8"", ""tokens"": [""CD8""]}, {""via"": ""exact_alias"", ""source_token"": ""CD8A"", ""tokens"": [""CD8A""]}, {""via"": ""exact_alias"", ""source_token"": ""CD8A"", ""tokens"": [""CD8A""]}, {""via"": ""pro_id"", ""pr"": ""PR:000001084"", ""tokens"": [""CD8""]}]}, {""sense"": ""positive"", ""pr"": ""PR:000003469"", ""asserted"": ""False"", ""paths"": []}, {""sense"": ""positive"", ""pr"": ""PR:000025403"", ""asserted"": ""False"", ""paths"": [{""via"": ""exact_alias"", ""source_token"": ""CD8"", ""tokens"": [""CD8""]}, {""via"": ""exact_alias"", ""source_token"": ""CD8A"", ""tokens"": [""CD8A""]}]}]"
SOULCAP:SC000057		CD56+ CD4+/CD8+ TCRgd	CD56+ CD4+/CD8+ gamma/delta T cell	CD4+/CD8+ TCRgd	Exact		2	CL:0000809	double-positive, alpha-beta thymocyte	8	0	CD4+, CD8+		CD14-/CD33-/CD64- (no axiom on any alt.), CD19-/CD20- (no axiom on any alt.), CD123-, CD45+, CD3+, TCRAB-/TCRGD+ (no axiom on any alt.), CD56+, HLA-DR:not:positive/CD11C:not:high (no axiom on any alt.), CD15-/CD66B- (no axiom on any alt.), CD16-	no		"[""marker_axioms""]"	null	"[{""sense"": ""positive"", ""pr"": ""PR:000001004"", ""asserted"": ""True"", ""paths"": [{""via"": ""exact_alias"", ""source_token"": ""CD4"", ""tokens"": [""CD4""]}, {""via"": ""pro_id"", ""pr"": ""PR:000001004"", ""tokens"": [""CD4""]}]}, {""sense"": ""positive"", ""pr"": ""PR:000001084"", ""asserted"": ""False"", ""paths"": [{""via"": ""exact_alias"", ""source_token"": ""CD8"", ""tokens"": [""CD8""]}, {""via"": ""exact_alias"", ""source_token"": ""CD8A"", ""tokens"": [""CD8A""]}, {""via"": ""exact_alias"", ""source_token"": ""CD8A"", ""tokens"": [""CD8A""]}, {""via"": ""pro_id"", ""pr"": ""PR:000001084"", ""tokens"": [""CD8""]}]}, {""sense"": ""positive"", ""pr"": ""PR:000025402"", ""asserted"": ""True"", ""paths"": [{""via"": ""exact_alias"", ""source_token"": ""CD8"", ""tokens"": [""CD8""]}]}, {""sense"": ""positive"", ""pr"": ""PR:000025403"", ""asserted"": ""False"", ""paths"": [{""via"": ""exact_alias"", ""source_token"": ""CD8"", ""tokens"": [""CD8""]}, {""via"": ""exact_alias"", ""source_token"": ""CD8A"", ""tokens"": [""CD8A""]}]}]"
SOULCAP:SC000057		CD56+ CD4+/CD8+ TCRgd	CD56+ CD4+/CD8+ gamma/delta T cell	CD4+/CD8+ TCRgd	Exact		3	CL:0002427	resting double-positive thymocyte	8	0	CD4+, CD8+		CD14-/CD33-/CD64- (no axiom on any alt.), CD19-/CD20- (no axiom on any alt.), CD123-, CD45+, CD3+, TCRAB-/TCRGD+ (no axiom on any alt.), CD56+, HLA-DR:not:positive/CD11C:not:high (no axiom on any alt.), CD15-/CD66B- (no axiom on any alt.), CD16-	no		"[""marker_axioms""]"	null	"[{""sense"": ""positive"", ""pr"": ""PR:000001004"", ""asserted"": ""False"", ""paths"": [{""via"": ""exact_alias"", ""source_token"": ""CD4"", ""tokens"": [""CD4""]}, {""via"": ""pro_id"", ""pr"": ""PR:000001004"", ""tokens"": [""CD4""]}]}, {""sense"": ""positive"", ""pr"": ""PR:000001084"", ""asserted"": ""False"", ""paths"": [{""via"": ""exact_alias"", ""source_token"": ""CD8"", ""tokens"": [""CD8""]}, {""via"": ""exact_alias"", ""source_token"": ""CD8A"", ""tokens"": [""CD8A""]}, {""via"": ""exact_alias"", ""source_token"": ""CD8A"", ""tokens"": [""CD8A""]}, {""via"": ""pro_id"", ""pr"": ""PR:000001084"", ""tokens"": [""CD8""]}]}, {""sense"": ""positive"", ""pr"": ""PR:000025402"", ""asserted"": ""False"", ""paths"": [{""via"": ""exact_alias"", ""source_token"": ""CD8"", ""tokens"": [""CD8""]}]}, {""sense"": ""positive"", ""pr"": ""PR:000025403"", ""asserted"": ""False"", ""paths"": [{""via"": ""exact_alias"", ""source_token"": ""CD8"", ""tokens"": [""CD8""]}, {""via"": ""exact_alias"", ""source_token"": ""CD8A"", ""tokens"": [""CD8A""]}]}]"
SOULCAP:SC000058		CD56+ CD8-/CD8- TCRgd	CD56+ CD8-/CD8- gamma/delta T cell	CD4-/CD8- TCRgd	Exact		1	CL:0000803	CD4-negative CD8-negative gamma-delta intraepithelial T cell	11	3	CD4-, CD8-		CD14-/CD33-/CD64- (no axiom on any alt.), CD19-/CD20- (no axiom on any alt.), CD123-, CD45+, CD3+, TCRAB-/TCRGD+ (no axiom on any alt.), CD56+, HLA-DR:not:positive/CD11C:not:high (no axiom on any alt.), CD15-/CD66B- (no axiom on any alt.), CD16-	no		"[""marker_axioms"", ""local_lexical""]"	"{""query"": ""cd56 cd8 cd8 gamma delta t cell"", ""exact"": false, ""token_jaccard"": 0.5}"	"[{""sense"": ""negative"", ""pr"": ""PR:000001004"", ""asserted"": ""True"", ""paths"": [{""via"": ""exact_alias"", ""source_token"": ""CD4"", ""tokens"": [""CD4""]}, {""via"": ""pro_id"", ""pr"": ""PR:000001004"", ""tokens"": [""CD4""]}]}, {""sense"": ""negative"", ""pr"": ""PR:000001084"", ""asserted"": ""True"", ""paths"": [{""via"": ""exact_alias"", ""source_token"": ""CD8"", ""tokens"": [""CD8""]}, {""via"": ""exact_alias"", ""source_token"": ""CD8A"", ""tokens"": [""CD8A""]}, {""via"": ""exact_alias"", ""source_token"": ""CD8A"", ""tokens"": [""CD8A""]}, {""via"": ""pro_id"", ""pr"": ""PR:000001084"", ""tokens"": [""CD8""]}]}]"
SOULCAP:SC000058		CD56+ CD8-/CD8- TCRgd	CD56+ CD8-/CD8- gamma/delta T cell	CD4-/CD8- TCRgd	Exact		2	CL:0000924	CD4-negative, CD8-negative type I NK T cell	11	3	CD4-, CD8-		CD14-/CD33-/CD64- (no axiom on any alt.), CD19-/CD20- (no axiom on any alt.), CD123-, CD45+, CD3+, TCRAB-/TCRGD+ (no axiom on any alt.), CD56+, HLA-DR:not:positive/CD11C:not:high (no axiom on any alt.), CD15-/CD66B- (no axiom on any alt.), CD16-	no		"[""marker_axioms""]"	null	"[{""sense"": ""negative"", ""pr"": ""PR:000001004"", ""asserted"": ""True"", ""paths"": [{""via"": ""exact_alias"", ""source_token"": ""CD4"", ""tokens"": [""CD4""]}, {""via"": ""pro_id"", ""pr"": ""PR:000001004"", ""tokens"": [""CD4""]}]}, {""sense"": ""negative"", ""pr"": ""PR:000001084"", ""asserted"": ""True"", ""paths"": [{""via"": ""exact_alias"", ""source_token"": ""CD8"", ""tokens"": [""CD8""]}, {""via"": ""exact_alias"", ""source_token"": ""CD8A"", ""tokens"": [""CD8A""]}, {""via"": ""exact_alias"", ""source_token"": ""CD8A"", ""tokens"": [""CD8A""]}, {""via"": ""pro_id"", ""pr"": ""PR:000001084"", ""tokens"": [""CD8""]}]}, {""sense"": ""positive"", ""pr"": ""PR:000001874"", ""asserted"": ""False"", ""paths"": []}]"
SOULCAP:SC000058		CD56+ CD8-/CD8- TCRgd	CD56+ CD8-/CD8- gamma/delta T cell	CD4-/CD8- TCRgd	Exact		3	CL:0000928	activated CD4-negative, CD8-negative type I NK T cell	11	3	CD4-, CD8-		CD14-/CD33-/CD64- (no axiom on any alt.), CD19-/CD20- (no axiom on any alt.), CD123-, CD45+, CD3+, TCRAB-/TCRGD+ (no axiom on any alt.), CD56+, HLA-DR:not:positive/CD11C:not:high (no axiom on any alt.), CD15-/CD66B- (no axiom on any alt.), CD16-	no		"[""marker_axioms""]"	null	"[{""sense"": ""negative"", ""pr"": ""PR:000001004"", ""asserted"": ""False"", ""paths"": [{""via"": ""exact_alias"", ""source_token"": ""CD4"", ""tokens"": [""CD4""]}, {""via"": ""pro_id"", ""pr"": ""PR:000001004"", ""tokens"": [""CD4""]}]}, {""sense"": ""negative"", ""pr"": ""PR:000001084"", ""asserted"": ""False"", ""paths"": [{""via"": ""exact_alias"", ""source_token"": ""CD8"", ""tokens"": [""CD8""]}, {""via"": ""exact_alias"", ""source_token"": ""CD8A"", ""tokens"": [""CD8A""]}, {""via"": ""exact_alias"", ""source_token"": ""CD8A"", ""tokens"": [""CD8A""]}, {""via"": ""pro_id"", ""pr"": ""PR:000001084"", ""tokens"": [""CD8""]}]}, {""sense"": ""positive"", ""pr"": ""PR:000001343"", ""asserted"": ""True"", ""paths"": [{""via"": ""exact_alias"", ""source_token"": ""CD69"", ""tokens"": [""CD69""]}]}, {""sense"": ""positive"", ""pr"": ""PR:000001874"", ""asserted"": ""False"", ""paths"": []}]"
SOULCAP:SC000059		iNKT	Invariant Natural Killer T cell	T cell	Exact											invalid expression in Required phenotypic markers: mixed '|' and space in a group			
SOULCAP:SC000060		TCRab	alpha/beta T cell	T cell	Exact		1	CL:0002467	Gr1-high myeloid suppressor cell	7	1	CD45+, CD11C:not:high (1 of 2 alt.)		CD14-/CD33-/CD64- (no axiom on any alt.), CD19-/CD20- (no axiom on any alt.), CD123-, CD3+, TCRAB+/TCRGD- (no axiom on any alt.), CD15-/CD66B- (no axiom on any alt.), CD16-	no		"[""marker_axioms""]"	null	"[{""sense"": ""high"", ""pr"": ""PR:000002980"", ""asserted"": ""True"", ""paths"": []}, {""sense"": ""negative"", ""pr"": ""PR:000001013"", ""asserted"": ""True"", ""paths"": [{""via"": ""exact_alias"", ""source_token"": ""CD11"", ""tokens"": [""CD11""]}, {""via"": ""exact_alias"", ""source_token"": ""CD11C"", ""tokens"": [""CD11C""]}, {""via"": ""pro_id"", ""pr"": ""PR:000001013"", ""tokens"": [""CD11C""]}]}, {""sense"": ""positive"", ""pr"": ""PR:000001006"", ""asserted"": ""False"", ""paths"": [{""via"": ""pro_id"", ""pr"": ""PR:000001006"", ""tokens"": [""CD45""]}]}, {""sense"": ""positive"", ""pr"": ""PR:000001012"", ""asserted"": ""False"", ""paths"": [{""via"": ""exact_alias"", ""source_token"": ""CD11"", ""tokens"": [""CD11""]}, {""via"": ""exact_alias"", ""source_token"": ""CD11B"", ""tokens"": [""CD11B""]}]}]"
SOULCAP:SC000060		TCRab	alpha/beta T cell	T cell	Exact		2	CL:0000097	mast cell	5	1	CD123-		CD14-/CD33-/CD64- (no axiom on any alt.), CD19-/CD20- (no axiom on any alt.), CD45+, CD3+, TCRAB+/TCRGD- (no axiom on any alt.), HLA-DR:not:positive/CD11C:not:high (no axiom on any alt.), CD15-/CD66B- (no axiom on any alt.), CD16-	no		"[""marker_axioms""]"	null	"[{""sense"": ""high"", ""pr"": ""PR:000002065"", ""asserted"": ""True"", ""paths"": [{""via"": ""exact_alias"", ""source_token"": ""CD117"", ""tokens"": [""CD117""]}, {""via"": ""pro_id"", ""pr"": ""PR:000002065"", ""tokens"": [""CD117""]}]}, {""sense"": ""high"", ""pr"": ""PR:000007431"", ""asserted"": ""True"", ""paths"": [{""via"": ""pro_id"", ""pr"": ""PR:000007431"", ""tokens"": [""FCER1A""]}]}, {""sense"": ""negative"", ""pr"": ""PR:000001865"", ""asserted"": ""True"", ""paths"": [{""via"": ""exact_alias"", ""source_token"": ""CD123"", ""tokens"": [""CD123""]}, {""via"": ""pro_id"", ""pr"": ""PR:000001865"", ""tokens"": [""CD123""]}]}, {""sense"": ""positive"", ""pr"": ""PR:000001255"", ""asserted"": ""True"", ""paths"": [{""via"": ""exact_alias"", ""source_token"": ""CD193"", ""tokens"": [""CD193""]}, {""via"": ""pro_id"", ""pr"": ""PR:000001255"", ""tokens"": [""CD193""]}]}, {""sense"": ""positive"", ""pr"": ""PR:000006169"", ""asserted"": ""True"", ""paths"": [{""via"": ""exact_alias"", ""source_token"": ""CD200"", ""tokens"": [""CD200""]}, {""via"": ""exact_alias"", ""source_token"": ""CD200RLB"", ""tokens"": [""CD200RLB""]}]}]"
SOULCAP:SC000060		TCRab	alpha/beta T cell	T cell	Exact		3	CL:0000484	connective tissue type mast cell	5	1	CD123-		CD14-/CD33-/CD64- (no axiom on any alt.), CD19-/CD20- (no axiom on any alt.), CD45+, CD3+, TCRAB+/TCRGD- (no axiom on any alt.), HLA-DR:not:positive/CD11C:not:high (no axiom on any alt.), CD15-/CD66B- (no axiom on any alt.), CD16-	no		"[""marker_axioms""]"	null	"[{""sense"": ""high"", ""pr"": ""PR:000002065"", ""asserted"": ""False"", ""paths"": [{""via"": ""exact_alias"", ""source_token"": ""CD117"", ""tokens"": [""CD117""]}, {""via"": ""pro_id"", ""pr"": ""PR:000002065"", ""tokens"": [""CD117""]}]}, {""sense"": ""high"", ""pr"": ""PR:000007431"", ""asserted"": ""False"", ""paths"": [{""via"": ""pro_id"", ""pr"": ""PR:000007431"", ""tokens"": [""FCER1A""]}]}, {""sense"": ""negative"", ""pr"": ""PR:000001865"", ""asserted"": ""False"", ""paths"": [{""via"": ""exact_alias"", ""source_token"": ""CD123"", ""tokens"": [""CD123""]}, {""via"": ""pro_id"", ""pr"": ""PR:000001865"", ""tokens"": [""CD123""]}]}, {""sense"": ""positive"", ""pr"": ""PR:000001255"", ""asserted"": ""False"", ""paths"": [{""via"": ""exact_alias"", ""source_token"": ""CD193"", ""tokens"": [""CD193""]}, {""via"": ""pro_id"", ""pr"": ""PR:000001255"", ""tokens"": [""CD193""]}]}, {""sense"": ""positive"", ""pr"": ""PR:000006169"", ""asserted"": ""False"", ""paths"": [{""via"": ""exact_alias"", ""source_token"": ""CD200"", ""tokens"": [""CD200""]}, {""via"": ""exact_alias"", ""source_token"": ""CD200RLB"", ""tokens"": [""CD200RLB""]}]}]"
SOULCAP:SC000061		TCRgd	gamma/delta T cell	T cell	Exact		1	CL:0002467	Gr1-high myeloid suppressor cell	7	1	CD45+, CD11C:not:high (1 of 2 alt.)		CD14-/CD33-/CD64- (no axiom on any alt.), CD19-/CD20- (no axiom on any alt.), CD123-, CD3+, TCRAB-/TCRGD+ (no axiom on any alt.), CD15-/CD66B- (no axiom on any alt.), CD16-	no		"[""marker_axioms""]"	null	"[{""sense"": ""high"", ""pr"": ""PR:000002980"", ""asserted"": ""True"", ""paths"": []}, {""sense"": ""negative"", ""pr"": ""PR:000001013"", ""asserted"": ""True"", ""paths"": [{""via"": ""exact_alias"", ""source_token"": ""CD11"", ""tokens"": [""CD11""]}, {""via"": ""exact_alias"", ""source_token"": ""CD11C"", ""tokens"": [""CD11C""]}, {""via"": ""pro_id"", ""pr"": ""PR:000001013"", ""tokens"": [""CD11C""]}]}, {""sense"": ""positive"", ""pr"": ""PR:000001006"", ""asserted"": ""False"", ""paths"": [{""via"": ""pro_id"", ""pr"": ""PR:000001006"", ""tokens"": [""CD45""]}]}, {""sense"": ""positive"", ""pr"": ""PR:000001012"", ""asserted"": ""False"", ""paths"": [{""via"": ""exact_alias"", ""source_token"": ""CD11"", ""tokens"": [""CD11""]}, {""via"": ""exact_alias"", ""source_token"": ""CD11B"", ""tokens"": [""CD11B""]}]}]"
SOULCAP:SC000061		TCRgd	gamma/delta T cell	T cell	Exact		2	CL:0000097	mast cell	5	1	CD123-		CD14-/CD33-/CD64- (no axiom on any alt.), CD19-/CD20- (no axiom on any alt.), CD45+, CD3+, TCRAB-/TCRGD+ (no axiom on any alt.), HLA-DR:not:positive/CD11C:not:high (no axiom on any alt.), CD15-/CD66B- (no axiom on any alt.), CD16-	no		"[""marker_axioms""]"	null	"[{""sense"": ""high"", ""pr"": ""PR:000002065"", ""asserted"": ""True"", ""paths"": [{""via"": ""exact_alias"", ""source_token"": ""CD117"", ""tokens"": [""CD117""]}, {""via"": ""pro_id"", ""pr"": ""PR:000002065"", ""tokens"": [""CD117""]}]}, {""sense"": ""high"", ""pr"": ""PR:000007431"", ""asserted"": ""True"", ""paths"": [{""via"": ""pro_id"", ""pr"": ""PR:000007431"", ""tokens"": [""FCER1A""]}]}, {""sense"": ""negative"", ""pr"": ""PR:000001865"", ""asserted"": ""True"", ""paths"": [{""via"": ""exact_alias"", ""source_token"": ""CD123"", ""tokens"": [""CD123""]}, {""via"": ""pro_id"", ""pr"": ""PR:000001865"", ""tokens"": [""CD123""]}]}, {""sense"": ""positive"", ""pr"": ""PR:000001255"", ""asserted"": ""True"", ""paths"": [{""via"": ""exact_alias"", ""source_token"": ""CD193"", ""tokens"": [""CD193""]}, {""via"": ""pro_id"", ""pr"": ""PR:000001255"", ""tokens"": [""CD193""]}]}, {""sense"": ""positive"", ""pr"": ""PR:000006169"", ""asserted"": ""True"", ""paths"": [{""via"": ""exact_alias"", ""source_token"": ""CD200"", ""tokens"": [""CD200""]}, {""via"": ""exact_alias"", ""source_token"": ""CD200RLB"", ""tokens"": [""CD200RLB""]}]}]"
SOULCAP:SC000061		TCRgd	gamma/delta T cell	T cell	Exact		3	CL:0000484	connective tissue type mast cell	5	1	CD123-		CD14-/CD33-/CD64- (no axiom on any alt.), CD19-/CD20- (no axiom on any alt.), CD45+, CD3+, TCRAB-/TCRGD+ (no axiom on any alt.), HLA-DR:not:positive/CD11C:not:high (no axiom on any alt.), CD15-/CD66B- (no axiom on any alt.), CD16-	no		"[""marker_axioms""]"	null	"[{""sense"": ""high"", ""pr"": ""PR:000002065"", ""asserted"": ""False"", ""paths"": [{""via"": ""exact_alias"", ""source_token"": ""CD117"", ""tokens"": [""CD117""]}, {""via"": ""pro_id"", ""pr"": ""PR:000002065"", ""tokens"": [""CD117""]}]}, {""sense"": ""high"", ""pr"": ""PR:000007431"", ""asserted"": ""False"", ""paths"": [{""via"": ""pro_id"", ""pr"": ""PR:000007431"", ""tokens"": [""FCER1A""]}]}, {""sense"": ""negative"", ""pr"": ""PR:000001865"", ""asserted"": ""False"", ""paths"": [{""via"": ""exact_alias"", ""source_token"": ""CD123"", ""tokens"": [""CD123""]}, {""via"": ""pro_id"", ""pr"": ""PR:000001865"", ""tokens"": [""CD123""]}]}, {""sense"": ""positive"", ""pr"": ""PR:000001255"", ""asserted"": ""False"", ""paths"": [{""via"": ""exact_alias"", ""source_token"": ""CD193"", ""tokens"": [""CD193""]}, {""via"": ""pro_id"", ""pr"": ""PR:000001255"", ""tokens"": [""CD193""]}]}, {""sense"": ""positive"", ""pr"": ""PR:000006169"", ""asserted"": ""False"", ""paths"": [{""via"": ""exact_alias"", ""source_token"": ""CD200"", ""tokens"": [""CD200""]}, {""via"": ""exact_alias"", ""source_token"": ""CD200RLB"", ""tokens"": [""CD200RLB""]}]}]"
SOULCAP:SC000062		CD4+ T cell	alpha/beta and gamma/delta CD4+ T cells	T cell	Exact		1	CL:0000895	naive thymus-derived CD4-positive, alpha-beta T cell	13	1	CD45+, CD4+, CD8-		CD14-/CD33-/CD64- (no axiom on any alt.), CD19-/CD20- (no axiom on any alt.), CD123-, CD3+, HLA-DR:not:positive/CD11C:not:high (no axiom on any alt.), CD15-/CD66B- (no axiom on any alt.), CD16-	no		"[""marker_axioms""]"	null	"[{""sense"": ""high"", ""pr"": ""PR:000001318"", ""asserted"": ""False"", ""paths"": [{""via"": ""exact_alias"", ""source_token"": ""CD62"", ""tokens"": [""CD62""]}, {""via"": ""exact_alias"", ""source_token"": ""CD62L"", ""tokens"": [""CD62L""]}]}, {""sense"": ""low"", ""pr"": ""PR:000001307"", ""asserted"": ""False"", ""paths"": [{""via"": ""exact_alias"", ""source_token"": ""CD44"", ""tokens"": [""CD44""]}, {""via"": ""exact_alias"", ""source_token"": ""CDW44"", ""tokens"": [""CDW44""]}]}, {""sense"": ""negative"", ""pr"": ""PR:000001380"", ""asserted"": ""True"", ""paths"": [{""via"": ""exact_alias"", ""source_token"": ""CD25"", ""tokens"": [""CD25""]}, {""via"": ""pro_id"", ""pr"": ""PR:000001380"", ""tokens"": [""CD25""]}]}, {""sense"": ""negative"", ""pr"": ""PR:000025402"", ""asserted"": ""False"", ""paths"": [{""via"": ""exact_alias"", ""source_token"": ""CD8"", ""tokens"": [""CD8""]}]}, {""sense"": ""positive"", ""pr"": ""PR:000001004"", ""asserted"": ""False"", ""paths"": [{""via"": ""exact_alias"", ""source_token"": ""CD4"", ""tokens"": [""CD4""]}, {""via"": ""pro_id"", ""pr"": ""PR:000001004"", ""tokens"": [""CD4""]}]}, {""sense"": ""positive"", ""pr"": ""PR:000001006"", ""asserted"": ""False"", ""paths"": [{""via"": ""pro_id"", ""pr"": ""PR:000001006"", ""tokens"": [""CD45""]}]}, {""sense"": ""positive"", ""pr"": ""PR:000001015"", ""asserted"": ""False"", ""paths"": [{""via"": ""exact_alias"", ""source_token"": ""CD45RA"", ""tokens"": [""CD45RA""]}]}, {""sense"": ""positive"", ""pr"": ""PR:000001203"", ""asserted"": ""False"", ""paths"": [{""via"": ""exact_alias"", ""source_token"": ""CD197"", ""tokens"": [""CD197""]}, {""via"": ""exact_alias"", ""source_token"": ""CDW197"", ""tokens"": [""CDW197""]}]}, {""sense"": ""positive"", ""pr"": ""PR:000001869"", ""asserted"": ""False"", ""paths"": [{""via"": ""exact_alias"", ""source_token"": ""CD127"", ""tokens"": [""CD127""]}, {""via"": ""exact_alias"", ""source_token"": ""CDW127"", ""tokens"": [""CDW127""]}, {""via"": ""pro_id"", ""pr"": ""PR:000001869"", ""tokens"": [""CD127""]}]}]"
SOULCAP:SC000062		CD4+ T cell	alpha/beta and gamma/delta CD4+ T cells	T cell	Exact		2	CL:0001044	effector CD4-positive, alpha-beta T cell	13	1	CD45+, CD4+, CD8-		CD14-/CD33-/CD64- (no axiom on any alt.), CD19-/CD20- (no axiom on any alt.), CD123-, CD3+, HLA-DR:not:positive/CD11C:not:high (no axiom on any alt.), CD15-/CD66B- (no axiom on any alt.), CD16-	no		"[""marker_axioms""]"	null	"[{""sense"": ""negative"", ""pr"": ""PR:000001203"", ""asserted"": ""True"", ""paths"": [{""via"": ""exact_alias"", ""source_token"": ""CD197"", ""tokens"": [""CD197""]}, {""via"": ""exact_alias"", ""source_token"": ""CDW197"", ""tokens"": [""CDW197""]}]}, {""sense"": ""negative"", ""pr"": ""PR:000025402"", ""asserted"": ""False"", ""paths"": [{""via"": ""exact_alias"", ""source_token"": ""CD8"", ""tokens"": [""CD8""]}]}, {""sense"": ""positive"", ""pr"": ""PR:000001004"", ""asserted"": ""False"", ""paths"": [{""via"": ""exact_alias"", ""source_token"": ""CD4"", ""tokens"": [""CD4""]}, {""via"": ""pro_id"", ""pr"": ""PR:000001004"", ""tokens"": [""CD4""]}]}, {""sense"": ""positive"", ""pr"": ""PR:000001006"", ""asserted"": ""False"", ""paths"": [{""via"": ""pro_id"", ""pr"": ""PR:000001006"", ""tokens"": [""CD45""]}]}, {""sense"": ""positive"", ""pr"": ""PR:000001015"", ""asserted"": ""True"", ""paths"": [{""via"": ""exact_alias"", ""source_token"": ""CD45RA"", ""tokens"": [""CD45RA""]}]}]"
SOULCAP:SC000062		CD4+ T cell	alpha/beta and gamma/delta CD4+ T cells	T cell	Exact		3	CL:0001046	memory CCR4-positive regulatory T cell	13	1	CD45+, CD4+, CD8-		CD14-/CD33-/CD64- (no axiom on any alt.), CD19-/CD20- (no axiom on any alt.), CD123-, CD3+, HLA-DR:not:positive/CD11C:not:high (no axiom on any alt.), CD15-/CD66B- (no axiom on any alt.), CD16-	no		"[""marker_axioms""]"	null	"[{""sense"": ""low"", ""pr"": ""PR:000001869"", ""asserted"": ""False"", ""paths"": [{""via"": ""exact_alias"", ""source_token"": ""CD127"", ""tokens"": [""CD127""]}, {""via"": ""exact_alias"", ""source_token"": ""CDW127"", ""tokens"": [""CDW127""]}, {""via"": ""pro_id"", ""pr"": ""PR:000001869"", ""tokens"": [""CD127""]}]}, {""sense"": ""negative"", ""pr"": ""PR:000025402"", ""asserted"": ""False"", ""paths"": [{""via"": ""exact_alias"", ""source_token"": ""CD8"", ""tokens"": [""CD8""]}]}, {""sense"": ""positive"", ""pr"": ""PR:000001004"", ""asserted"": ""False"", ""paths"": [{""via"": ""exact_alias"", ""source_token"": ""CD4"", ""tokens"": [""CD4""]}, {""via"": ""pro_id"", ""pr"": ""PR:000001004"", ""tokens"": [""CD4""]}]}, {""sense"": ""positive"", ""pr"": ""PR:000001006"", ""asserted"": ""False"", ""paths"": [{""via"": ""pro_id"", ""pr"": ""PR:000001006"", ""tokens"": [""CD45""]}]}, {""sense"": ""positive"", ""pr"": ""PR:000001017"", ""asserted"": ""True"", ""paths"": [{""via"": ""exact_alias"", ""source_token"": ""CD45RO"", ""tokens"": [""CD45RO""]}]}, {""sense"": ""positive"", ""pr"": ""PR:000001200"", ""asserted"": ""False"", ""paths"": []}, {""sense"": ""positive"", ""pr"": ""PR:000001380"", ""asserted"": ""False"", ""paths"": [{""via"": ""exact_alias"", ""source_token"": ""CD25"", ""tokens"": [""CD25""]}, {""via"": ""pro_id"", ""pr"": ""PR:000001380"", ""tokens"": [""CD25""]}]}]"
SOULCAP:SC000063		CD8+ T cell	alpha/beta and gamma/delta CD8+ T cells	T cell	Exact		1	CL:0000900	naive thymus-derived CD8-positive, alpha-beta T cell	13	1	CD45+, CD4-, CD8+		CD14-/CD33-/CD64- (no axiom on any alt.), CD19-/CD20- (no axiom on any alt.), CD123-, CD3+, HLA-DR:not:positive/CD11C:not:high (no axiom on any alt.), CD15-/CD66B- (no axiom on any alt.), CD16-	no		"[""marker_axioms""]"	null	"[{""sense"": ""high"", ""pr"": ""PR:000001318"", ""asserted"": ""False"", ""paths"": [{""via"": ""exact_alias"", ""source_token"": ""CD62"", ""tokens"": [""CD62""]}, {""via"": ""exact_alias"", ""source_token"": ""CD62L"", ""tokens"": [""CD62L""]}]}, {""sense"": ""low"", ""pr"": ""PR:000001307"", ""asserted"": ""False"", ""paths"": [{""via"": ""exact_alias"", ""source_token"": ""CD44"", ""tokens"": [""CD44""]}, {""via"": ""exact_alias"", ""source_token"": ""CDW44"", ""tokens"": [""CDW44""]}]}, {""sense"": ""negative"", ""pr"": ""PR:000001004"", ""asserted"": ""False"", ""paths"": [{""via"": ""exact_alias"", ""source_token"": ""CD4"", ""tokens"": [""CD4""]}, {""via"": ""pro_id"", ""pr"": ""PR:000001004"", ""tokens"": [""CD4""]}]}, {""sense"": ""negative"", ""pr"": ""PR:000001380"", ""asserted"": ""True"", ""paths"": [{""via"": ""exact_alias"", ""source_token"": ""CD25"", ""tokens"": [""CD25""]}, {""via"": ""pro_id"", ""pr"": ""PR:000001380"", ""tokens"": [""CD25""]}]}, {""sense"": ""positive"", ""pr"": ""PR:000001006"", ""asserted"": ""False"", ""paths"": [{""via"": ""pro_id"", ""pr"": ""PR:000001006"", ""tokens"": [""CD45""]}]}, {""sense"": ""positive"", ""pr"": ""PR:000001015"", ""asserted"": ""False"", ""paths"": [{""via"": ""exact_alias"", ""source_token"": ""CD45RA"", ""tokens"": [""CD45RA""]}]}, {""sense"": ""positive"", ""pr"": ""PR:000001084"", ""asserted"": ""False"", ""paths"": [{""via"": ""exact_alias"", ""source_token"": ""CD8"", ""tokens"": [""CD8""]}, {""via"": ""exact_alias"", ""source_token"": ""CD8A"", ""tokens"": [""CD8A""]}, {""via"": ""exact_alias"", ""source_token"": ""CD8A"", ""tokens"": [""CD8A""]}, {""via"": ""pro_id"", ""pr"": ""PR:000001084"", ""tokens"": [""CD8""]}]}, {""sense"": ""positive"", ""pr"": ""PR:000001203"", ""asserted"": ""False"", ""paths"": [{""via"": ""exact_alias"", ""source_token"": ""CD197"", ""tokens"": [""CD197""]}, {""via"": ""exact_alias"", ""source_token"": ""CDW197"", ""tokens"": [""CDW197""]}]}, {""sense"": ""positive"", ""pr"": ""PR:000001869"", ""asserted"": ""False"", ""paths"": [{""via"": ""exact_alias"", ""source_token"": ""CD127"", ""tokens"": [""CD127""]}, {""via"": ""exact_alias"", ""source_token"": ""CDW127"", ""tokens"": [""CDW127""]}, {""via"": ""pro_id"", ""pr"": ""PR:000001869"", ""tokens"": [""CD127""]}]}, {""sense"": ""positive"", ""pr"": ""PR:000025402"", ""asserted"": ""False"", ""paths"": [{""via"": ""exact_alias"", ""source_token"": ""CD8"", ""tokens"": [""CD8""]}]}, {""sense"": ""positive"", ""pr"": ""PR:000025403"", ""asserted"": ""False"", ""paths"": [{""via"": ""exact_alias"", ""source_token"": ""CD8"", ""tokens"": [""CD8""]}, {""via"": ""exact_alias"", ""source_token"": ""CD8A"", ""tokens"": [""CD8A""]}]}]"
SOULCAP:SC000063		CD8+ T cell	alpha/beta and gamma/delta CD8+ T cells	T cell	Exact		2	CL:0001050	effector CD8-positive, alpha-beta T cell	13	1	CD45+, CD4-, CD8+		CD14-/CD33-/CD64- (no axiom on any alt.), CD19-/CD20- (no axiom on any alt.), CD123-, CD3+, HLA-DR:not:positive/CD11C:not:high (no axiom on any alt.), CD15-/CD66B- (no axiom on any alt.), CD16-	no		"[""marker_axioms""]"	null	"[{""sense"": ""negative"", ""pr"": ""PR:000001004"", ""asserted"": ""False"", ""paths"": [{""via"": ""exact_alias"", ""source_token"": ""CD4"", ""tokens"": [""CD4""]}, {""via"": ""pro_id"", ""pr"": ""PR:000001004"", ""tokens"": [""CD4""]}]}, {""sense"": ""negative"", ""pr"": ""PR:000001203"", ""asserted"": ""True"", ""paths"": [{""via"": ""exact_alias"", ""source_token"": ""CD197"", ""tokens"": [""CD197""]}, {""via"": ""exact_alias"", ""source_token"": ""CDW197"", ""tokens"": [""CDW197""]}]}, {""sense"": ""positive"", ""pr"": ""PR:000001006"", ""asserted"": ""False"", ""paths"": [{""via"": ""pro_id"", ""pr"": ""PR:000001006"", ""tokens"": [""CD45""]}]}, {""sense"": ""positive"", ""pr"": ""PR:000001015"", ""asserted"": ""True"", ""paths"": [{""via"": ""exact_alias"", ""source_token"": ""CD45RA"", ""tokens"": [""CD45RA""]}]}, {""sense"": ""positive"", ""pr"": ""PR:000001084"", ""asserted"": ""False"", ""paths"": [{""via"": ""exact_alias"", ""source_token"": ""CD8"", ""tokens"": [""CD8""]}, {""via"": ""exact_alias"", ""source_token"": ""CD8A"", ""tokens"": [""CD8A""]}, {""via"": ""exact_alias"", ""source_token"": ""CD8A"", ""tokens"": [""CD8A""]}, {""via"": ""pro_id"", ""pr"": ""PR:000001084"", ""tokens"": [""CD8""]}]}, {""sense"": ""positive"", ""pr"": ""PR:000025402"", ""asserted"": ""False"", ""paths"": [{""via"": ""exact_alias"", ""source_token"": ""CD8"", ""tokens"": [""CD8""]}]}, {""sense"": ""positive"", ""pr"": ""PR:000025403"", ""asserted"": ""False"", ""paths"": [{""via"": ""exact_alias"", ""source_token"": ""CD8"", ""tokens"": [""CD8""]}, {""via"": ""exact_alias"", ""source_token"": ""CD8A"", ""tokens"": [""CD8A""]}]}]"
SOULCAP:SC000063		CD8+ T cell	alpha/beta and gamma/delta CD8+ T cells	T cell	Exact		3	CL:0001203	CD8-positive, alpha-beta memory T cell, CD45RO-positive	13	1	CD45+, CD4-, CD8+		CD14-/CD33-/CD64- (no axiom on any alt.), CD19-/CD20- (no axiom on any alt.), CD123-, CD3+, HLA-DR:not:positive/CD11C:not:high (no axiom on any alt.), CD15-/CD66B- (no axiom on any alt.), CD16-	no		"[""marker_axioms""]"	null	"[{""sense"": ""negative"", ""pr"": ""PR:000001004"", ""asserted"": ""False"", ""paths"": [{""via"": ""exact_alias"", ""source_token"": ""CD4"", ""tokens"": [""CD4""]}, {""via"": ""pro_id"", ""pr"": ""PR:000001004"", ""tokens"": [""CD4""]}]}, {""sense"": ""negative"", ""pr"": ""PR:000001380"", ""asserted"": ""True"", ""paths"": [{""via"": ""exact_alias"", ""source_token"": ""CD25"", ""tokens"": [""CD25""]}, {""via"": ""pro_id"", ""pr"": ""PR:000001380"", ""tokens"": [""CD25""]}]}, {""sense"": ""positive"", ""pr"": ""PR:000001006"", ""asserted"": ""False"", ""paths"": [{""via"": ""pro_id"", ""pr"": ""PR:000001006"", ""tokens"": [""CD45""]}]}, {""sense"": ""positive"", ""pr"": ""PR:000001017"", ""asserted"": ""True"", ""paths"": [{""via"": ""exact_alias"", ""source_token"": ""CD45RO"", ""tokens"": [""CD45RO""]}]}, {""sense"": ""positive"", ""pr"": ""PR:000001084"", ""asserted"": ""False"", ""paths"": [{""via"": ""exact_alias"", ""source_token"": ""CD8"", ""tokens"": [""CD8""]}, {""via"": ""exact_alias"", ""source_token"": ""CD8A"", ""tokens"": [""CD8A""]}, {""via"": ""exact_alias"", ""source_token"": ""CD8A"", ""tokens"": [""CD8A""]}, {""via"": ""pro_id"", ""pr"": ""PR:000001084"", ""tokens"": [""CD8""]}]}, {""sense"": ""positive"", ""pr"": ""PR:000001869"", ""asserted"": ""True"", ""paths"": [{""via"": ""exact_alias"", ""source_token"": ""CD127"", ""tokens"": [""CD127""]}, {""via"": ""exact_alias"", ""source_token"": ""CDW127"", ""tokens"": [""CDW127""]}, {""via"": ""pro_id"", ""pr"": ""PR:000001869"", ""tokens"": [""CD127""]}]}, {""sense"": ""positive"", ""pr"": ""PR:000025402"", ""asserted"": ""False"", ""paths"": [{""via"": ""exact_alias"", ""source_token"": ""CD8"", ""tokens"": [""CD8""]}]}, {""sense"": ""positive"", ""pr"": ""PR:000025403"", ""asserted"": ""False"", ""paths"": [{""via"": ""exact_alias"", ""source_token"": ""CD8"", ""tokens"": [""CD8""]}, {""via"": ""exact_alias"", ""source_token"": ""CD8A"", ""tokens"": [""CD8A""]}]}]"
SOULCAP:SC000064		CD4+/CD8+ T cell	alpha/beta and gamma/delta CD4+ and CD8+ T cells	T cell	Exact		1	CL:0002039	immature NK T cell stage I, mouse	9	1	CD4+ (dim), CD8+ (dim)		CD14-/CD33-/CD64- (no axiom on any alt.), CD19-/CD20- (no axiom on any alt.), CD123-, CD45+, CD3+, HLA-DR:not:positive/CD11C:not:high (no axiom on any alt.), CD15-/CD66B- (no axiom on any alt.), CD16-	no		"[""marker_axioms""]"	null	"[{""sense"": ""high"", ""pr"": ""PR:000001932"", ""asserted"": ""True"", ""paths"": [{""via"": ""exact_alias"", ""source_token"": ""CD24"", ""tokens"": [""CD24""]}, {""via"": ""pro_id"", ""pr"": ""PR:000001932"", ""tokens"": [""CD24""]}]}, {""sense"": ""low"", ""pr"": ""PR:000001004"", ""asserted"": ""True"", ""paths"": [{""via"": ""exact_alias"", ""source_token"": ""CD4"", ""tokens"": [""CD4""]}, {""via"": ""pro_id"", ""pr"": ""PR:000001004"", ""tokens"": [""CD4""]}]}, {""sense"": ""low"", ""pr"": ""PR:000025402"", ""asserted"": ""True"", ""paths"": [{""via"": ""exact_alias"", ""source_token"": ""CD8"", ""tokens"": [""CD8""]}]}, {""sense"": ""negative"", ""pr"": ""PR:000001307"", ""asserted"": ""True"", ""paths"": [{""via"": ""exact_alias"", ""source_token"": ""CD44"", ""tokens"": [""CD44""]}, {""via"": ""exact_alias"", ""source_token"": ""CDW44"", ""tokens"": [""CDW44""]}]}, {""sense"": ""negative"", ""pr"": ""PR:000001874"", ""asserted"": ""True"", ""paths"": []}, {""sense"": ""positive"", ""pr"": ""PR:000001084"", ""asserted"": ""False"", ""paths"": [{""via"": ""exact_alias"", ""source_token"": ""CD8"", ""tokens"": [""CD8""]}, {""via"": ""exact_alias"", ""source_token"": ""CD8A"", ""tokens"": [""CD8A""]}, {""via"": ""exact_alias"", ""source_token"": ""CD8A"", ""tokens"": [""CD8A""]}, {""via"": ""pro_id"", ""pr"": ""PR:000001084"", ""tokens"": [""CD8""]}]}, {""sense"": ""positive"", ""pr"": ""PR:000003469"", ""asserted"": ""False"", ""paths"": []}, {""sense"": ""positive"", ""pr"": ""PR:000025403"", ""asserted"": ""False"", ""paths"": [{""via"": ""exact_alias"", ""source_token"": ""CD8"", ""tokens"": [""CD8""]}, {""via"": ""exact_alias"", ""source_token"": ""CD8A"", ""tokens"": [""CD8A""]}]}]"
SOULCAP:SC000064		CD4+/CD8+ T cell	alpha/beta and gamma/delta CD4+ and CD8+ T cells	T cell	Exact		2	CL:0000809	double-positive, alpha-beta thymocyte	8	0	CD4+, CD8+		CD14-/CD33-/CD64- (no axiom on any alt.), CD19-/CD20- (no axiom on any alt.), CD123-, CD45+, CD3+, HLA-DR:not:positive/CD11C:not:high (no axiom on any alt.), CD15-/CD66B- (no axiom on any alt.), CD16-	no		"[""marker_axioms""]"	null	"[{""sense"": ""positive"", ""pr"": ""PR:000001004"", ""asserted"": ""True"", ""paths"": [{""via"": ""exact_alias"", ""source_token"": ""CD4"", ""tokens"": [""CD4""]}, {""via"": ""pro_id"", ""pr"": ""PR:000001004"", ""tokens"": [""CD4""]}]}, {""sense"": ""positive"", ""pr"": ""PR:000001084"", ""asserted"": ""False"", ""paths"": [{""via"": ""exact_alias"", ""source_token"": ""CD8"", ""tokens"": [""CD8""]}, {""via"": ""exact_alias"", ""source_token"": ""CD8A"", ""tokens"": [""CD8A""]}, {""via"": ""exact_alias"", ""source_token"": ""CD8A"", ""tokens"": [""CD8A""]}, {""via"": ""pro_id"", ""pr"": ""PR:000001084"", ""tokens"": [""CD8""]}]}, {""sense"": ""positive"", ""pr"": ""PR:000025402"", ""asserted"": ""True"", ""paths"": [{""via"": ""exact_alias"", ""source_token"": ""CD8"", ""tokens"": [""CD8""]}]}, {""sense"": ""positive"", ""pr"": ""PR:000025403"", ""asserted"": ""False"", ""paths"": [{""via"": ""exact_alias"", ""source_token"": ""CD8"", ""tokens"": [""CD8""]}, {""via"": ""exact_alias"", ""source_token"": ""CD8A"", ""tokens"": [""CD8A""]}]}]"
SOULCAP:SC000064		CD4+/CD8+ T cell	alpha/beta and gamma/delta CD4+ and CD8+ T cells	T cell	Exact		3	CL:0002427	resting double-positive thymocyte	8	0	CD4+, CD8+		CD14-/CD33-/CD64- (no axiom on any alt.), CD19-/CD20- (no axiom on any alt.), CD123-, CD45+, CD3+, HLA-DR:not:positive/CD11C:not:high (no axiom on any alt.), CD15-/CD66B- (no axiom on any alt.), CD16-	no		"[""marker_axioms""]"	null	"[{""sense"": ""positive"", ""pr"": ""PR:000001004"", ""asserted"": ""False"", ""paths"": [{""via"": ""exact_alias"", ""source_token"": ""CD4"", ""tokens"": [""CD4""]}, {""via"": ""pro_id"", ""pr"": ""PR:000001004"", ""tokens"": [""CD4""]}]}, {""sense"": ""positive"", ""pr"": ""PR:000001084"", ""asserted"": ""False"", ""paths"": [{""via"": ""exact_alias"", ""source_token"": ""CD8"", ""tokens"": [""CD8""]}, {""via"": ""exact_alias"", ""source_token"": ""CD8A"", ""tokens"": [""CD8A""]}, {""via"": ""exact_alias"", ""source_token"": ""CD8A"", ""tokens"": [""CD8A""]}, {""via"": ""pro_id"", ""pr"": ""PR:000001084"", ""tokens"": [""CD8""]}]}, {""sense"": ""positive"", ""pr"": ""PR:000025402"", ""asserted"": ""False"", ""paths"": [{""via"": ""exact_alias"", ""source_token"": ""CD8"", ""tokens"": [""CD8""]}]}, {""sense"": ""positive"", ""pr"": ""PR:000025403"", ""asserted"": ""False"", ""paths"": [{""via"": ""exact_alias"", ""source_token"": ""CD8"", ""tokens"": [""CD8""]}, {""via"": ""exact_alias"", ""source_token"": ""CD8A"", ""tokens"": [""CD8A""]}]}]"
SOULCAP:SC000065		CD4-/CD8- T cell	alpha/beta and gamma/delta CD4- and CD8- T cells	T cell	Exact		1	CL:0000803	CD4-negative CD8-negative gamma-delta intraepithelial T cell	11	3	CD4-, CD8-		CD14-/CD33-/CD64- (no axiom on any alt.), CD19-/CD20- (no axiom on any alt.), CD123-, CD45+, CD3+, HLA-DR:not:positive/CD11C:not:high (no axiom on any alt.), CD15-/CD66B- (no axiom on any alt.), CD16-	no		"[""marker_axioms"", ""local_lexical""]"	"{""query"": ""alpha beta and gamma delta cd4 and cd8 t cells"", ""exact"": false, ""token_jaccard"": 0.5}"	"[{""sense"": ""negative"", ""pr"": ""PR:000001004"", ""asserted"": ""True"", ""paths"": [{""via"": ""exact_alias"", ""source_token"": ""CD4"", ""tokens"": [""CD4""]}, {""via"": ""pro_id"", ""pr"": ""PR:000001004"", ""tokens"": [""CD4""]}]}, {""sense"": ""negative"", ""pr"": ""PR:000001084"", ""asserted"": ""True"", ""paths"": [{""via"": ""exact_alias"", ""source_token"": ""CD8"", ""tokens"": [""CD8""]}, {""via"": ""exact_alias"", ""source_token"": ""CD8A"", ""tokens"": [""CD8A""]}, {""via"": ""exact_alias"", ""source_token"": ""CD8A"", ""tokens"": [""CD8A""]}, {""via"": ""pro_id"", ""pr"": ""PR:000001084"", ""tokens"": [""CD8""]}]}]"
SOULCAP:SC000065		CD4-/CD8- T cell	alpha/beta and gamma/delta CD4- and CD8- T cells	T cell	Exact		2	CL:0000924	CD4-negative, CD8-negative type I NK T cell	11	3	CD4-, CD8-		CD14-/CD33-/CD64- (no axiom on any alt.), CD19-/CD20- (no axiom on any alt.), CD123-, CD45+, CD3+, HLA-DR:not:positive/CD11C:not:high (no axiom on any alt.), CD15-/CD66B- (no axiom on any alt.), CD16-	no		"[""marker_axioms""]"	null	"[{""sense"": ""negative"", ""pr"": ""PR:000001004"", ""asserted"": ""True"", ""paths"": [{""via"": ""exact_alias"", ""source_token"": ""CD4"", ""tokens"": [""CD4""]}, {""via"": ""pro_id"", ""pr"": ""PR:000001004"", ""tokens"": [""CD4""]}]}, {""sense"": ""negative"", ""pr"": ""PR:000001084"", ""asserted"": ""True"", ""paths"": [{""via"": ""exact_alias"", ""source_token"": ""CD8"", ""tokens"": [""CD8""]}, {""via"": ""exact_alias"", ""source_token"": ""CD8A"", ""tokens"": [""CD8A""]}, {""via"": ""exact_alias"", ""source_token"": ""CD8A"", ""tokens"": [""CD8A""]}, {""via"": ""pro_id"", ""pr"": ""PR:000001084"", ""tokens"": [""CD8""]}]}, {""sense"": ""positive"", ""pr"": ""PR:000001874"", ""asserted"": ""False"", ""paths"": []}]"
SOULCAP:SC000065		CD4-/CD8- T cell	alpha/beta and gamma/delta CD4- and CD8- T cells	T cell	Exact		3	CL:0000928	activated CD4-negative, CD8-negative type I NK T cell	11	3	CD4-, CD8-		CD14-/CD33-/CD64- (no axiom on any alt.), CD19-/CD20- (no axiom on any alt.), CD123-, CD45+, CD3+, HLA-DR:not:positive/CD11C:not:high (no axiom on any alt.), CD15-/CD66B- (no axiom on any alt.), CD16-	no		"[""marker_axioms""]"	null	"[{""sense"": ""negative"", ""pr"": ""PR:000001004"", ""asserted"": ""False"", ""paths"": [{""via"": ""exact_alias"", ""source_token"": ""CD4"", ""tokens"": [""CD4""]}, {""via"": ""pro_id"", ""pr"": ""PR:000001004"", ""tokens"": [""CD4""]}]}, {""sense"": ""negative"", ""pr"": ""PR:000001084"", ""asserted"": ""False"", ""paths"": [{""via"": ""exact_alias"", ""source_token"": ""CD8"", ""tokens"": [""CD8""]}, {""via"": ""exact_alias"", ""source_token"": ""CD8A"", ""tokens"": [""CD8A""]}, {""via"": ""exact_alias"", ""source_token"": ""CD8A"", ""tokens"": [""CD8A""]}, {""via"": ""pro_id"", ""pr"": ""PR:000001084"", ""tokens"": [""CD8""]}]}, {""sense"": ""positive"", ""pr"": ""PR:000001343"", ""asserted"": ""True"", ""paths"": [{""via"": ""exact_alias"", ""source_token"": ""CD69"", ""tokens"": [""CD69""]}]}, {""sense"": ""positive"", ""pr"": ""PR:000001874"", ""asserted"": ""False"", ""paths"": []}]"
SOULCAP:SC000066		CD4+ TCRab T cell	CD4+ alpha/beta T cell	TCRab	Exact		1	CL:0000895	naive thymus-derived CD4-positive, alpha-beta T cell	13	1	CD45+, CD4+, CD8-		CD14-/CD33-/CD64- (no axiom on any alt.), CD19-/CD20- (no axiom on any alt.), CD123-, CD3+, TCRAB+/TCRGD- (no axiom on any alt.), HLA-DR:not:positive/CD11C:not:high (no axiom on any alt.), CD15-/CD66B- (no axiom on any alt.), CD16-	no		"[""marker_axioms""]"	null	"[{""sense"": ""high"", ""pr"": ""PR:000001318"", ""asserted"": ""False"", ""paths"": [{""via"": ""exact_alias"", ""source_token"": ""CD62"", ""tokens"": [""CD62""]}, {""via"": ""exact_alias"", ""source_token"": ""CD62L"", ""tokens"": [""CD62L""]}]}, {""sense"": ""low"", ""pr"": ""PR:000001307"", ""asserted"": ""False"", ""paths"": [{""via"": ""exact_alias"", ""source_token"": ""CD44"", ""tokens"": [""CD44""]}, {""via"": ""exact_alias"", ""source_token"": ""CDW44"", ""tokens"": [""CDW44""]}]}, {""sense"": ""negative"", ""pr"": ""PR:000001380"", ""asserted"": ""True"", ""paths"": [{""via"": ""exact_alias"", ""source_token"": ""CD25"", ""tokens"": [""CD25""]}, {""via"": ""pro_id"", ""pr"": ""PR:000001380"", ""tokens"": [""CD25""]}]}, {""sense"": ""negative"", ""pr"": ""PR:000025402"", ""asserted"": ""False"", ""paths"": [{""via"": ""exact_alias"", ""source_token"": ""CD8"", ""tokens"": [""CD8""]}]}, {""sense"": ""positive"", ""pr"": ""PR:000001004"", ""asserted"": ""False"", ""paths"": [{""via"": ""exact_alias"", ""source_token"": ""CD4"", ""tokens"": [""CD4""]}, {""via"": ""pro_id"", ""pr"": ""PR:000001004"", ""tokens"": [""CD4""]}]}, {""sense"": ""positive"", ""pr"": ""PR:000001006"", ""asserted"": ""False"", ""paths"": [{""via"": ""pro_id"", ""pr"": ""PR:000001006"", ""tokens"": [""CD45""]}]}, {""sense"": ""positive"", ""pr"": ""PR:000001015"", ""asserted"": ""False"", ""paths"": [{""via"": ""exact_alias"", ""source_token"": ""CD45RA"", ""tokens"": [""CD45RA""]}]}, {""sense"": ""positive"", ""pr"": ""PR:000001203"", ""asserted"": ""False"", ""paths"": [{""via"": ""exact_alias"", ""source_token"": ""CD197"", ""tokens"": [""CD197""]}, {""via"": ""exact_alias"", ""source_token"": ""CDW197"", ""tokens"": [""CDW197""]}]}, {""sense"": ""positive"", ""pr"": ""PR:000001869"", ""asserted"": ""False"", ""paths"": [{""via"": ""exact_alias"", ""source_token"": ""CD127"", ""tokens"": [""CD127""]}, {""via"": ""exact_alias"", ""source_token"": ""CDW127"", ""tokens"": [""CDW127""]}, {""via"": ""pro_id"", ""pr"": ""PR:000001869"", ""tokens"": [""CD127""]}]}]"
SOULCAP:SC000066		CD4+ TCRab T cell	CD4+ alpha/beta T cell	TCRab	Exact		2	CL:0001044	effector CD4-positive, alpha-beta T cell	13	1	CD45+, CD4+, CD8-		CD14-/CD33-/CD64- (no axiom on any alt.), CD19-/CD20- (no axiom on any alt.), CD123-, CD3+, TCRAB+/TCRGD- (no axiom on any alt.), HLA-DR:not:positive/CD11C:not:high (no axiom on any alt.), CD15-/CD66B- (no axiom on any alt.), CD16-	no		"[""marker_axioms"", ""local_lexical""]"	"{""query"": ""cd4 alpha beta t cell"", ""exact"": false, ""token_jaccard"": 0.6666666666666666}"	"[{""sense"": ""negative"", ""pr"": ""PR:000001203"", ""asserted"": ""True"", ""paths"": [{""via"": ""exact_alias"", ""source_token"": ""CD197"", ""tokens"": [""CD197""]}, {""via"": ""exact_alias"", ""source_token"": ""CDW197"", ""tokens"": [""CDW197""]}]}, {""sense"": ""negative"", ""pr"": ""PR:000025402"", ""asserted"": ""False"", ""paths"": [{""via"": ""exact_alias"", ""source_token"": ""CD8"", ""tokens"": [""CD8""]}]}, {""sense"": ""positive"", ""pr"": ""PR:000001004"", ""asserted"": ""False"", ""paths"": [{""via"": ""exact_alias"", ""source_token"": ""CD4"", ""tokens"": [""CD4""]}, {""via"": ""pro_id"", ""pr"": ""PR:000001004"", ""tokens"": [""CD4""]}]}, {""sense"": ""positive"", ""pr"": ""PR:000001006"", ""asserted"": ""False"", ""paths"": [{""via"": ""pro_id"", ""pr"": ""PR:000001006"", ""tokens"": [""CD45""]}]}, {""sense"": ""positive"", ""pr"": ""PR:000001015"", ""asserted"": ""True"", ""paths"": [{""via"": ""exact_alias"", ""source_token"": ""CD45RA"", ""tokens"": [""CD45RA""]}]}]"
SOULCAP:SC000066		CD4+ TCRab T cell	CD4+ alpha/beta T cell	TCRab	Exact		3	CL:0001046	memory CCR4-positive regulatory T cell	13	1	CD45+, CD4+, CD8-		CD14-/CD33-/CD64- (no axiom on any alt.), CD19-/CD20- (no axiom on any alt.), CD123-, CD3+, TCRAB+/TCRGD- (no axiom on any alt.), HLA-DR:not:positive/CD11C:not:high (no axiom on any alt.), CD15-/CD66B- (no axiom on any alt.), CD16-	no		"[""marker_axioms""]"	null	"[{""sense"": ""low"", ""pr"": ""PR:000001869"", ""asserted"": ""False"", ""paths"": [{""via"": ""exact_alias"", ""source_token"": ""CD127"", ""tokens"": [""CD127""]}, {""via"": ""exact_alias"", ""source_token"": ""CDW127"", ""tokens"": [""CDW127""]}, {""via"": ""pro_id"", ""pr"": ""PR:000001869"", ""tokens"": [""CD127""]}]}, {""sense"": ""negative"", ""pr"": ""PR:000025402"", ""asserted"": ""False"", ""paths"": [{""via"": ""exact_alias"", ""source_token"": ""CD8"", ""tokens"": [""CD8""]}]}, {""sense"": ""positive"", ""pr"": ""PR:000001004"", ""asserted"": ""False"", ""paths"": [{""via"": ""exact_alias"", ""source_token"": ""CD4"", ""tokens"": [""CD4""]}, {""via"": ""pro_id"", ""pr"": ""PR:000001004"", ""tokens"": [""CD4""]}]}, {""sense"": ""positive"", ""pr"": ""PR:000001006"", ""asserted"": ""False"", ""paths"": [{""via"": ""pro_id"", ""pr"": ""PR:000001006"", ""tokens"": [""CD45""]}]}, {""sense"": ""positive"", ""pr"": ""PR:000001017"", ""asserted"": ""True"", ""paths"": [{""via"": ""exact_alias"", ""source_token"": ""CD45RO"", ""tokens"": [""CD45RO""]}]}, {""sense"": ""positive"", ""pr"": ""PR:000001200"", ""asserted"": ""False"", ""paths"": []}, {""sense"": ""positive"", ""pr"": ""PR:000001380"", ""asserted"": ""False"", ""paths"": [{""via"": ""exact_alias"", ""source_token"": ""CD25"", ""tokens"": [""CD25""]}, {""via"": ""pro_id"", ""pr"": ""PR:000001380"", ""tokens"": [""CD25""]}]}]"
SOULCAP:SC000067		CD8+ TCRab T cell	CD8+ alpha/beta T cell	TCRab	Exact		1	CL:0000900	naive thymus-derived CD8-positive, alpha-beta T cell	13	1	CD45+, CD4-, CD8+		CD14-/CD33-/CD64- (no axiom on any alt.), CD19-/CD20- (no axiom on any alt.), CD123-, CD3+, TCRAB+/TCRGD- (no axiom on any alt.), HLA-DR:not:positive/CD11C:not:high (no axiom on any alt.), CD15-/CD66B- (no axiom on any alt.), CD16-	no		"[""marker_axioms""]"	null	"[{""sense"": ""high"", ""pr"": ""PR:000001318"", ""asserted"": ""False"", ""paths"": [{""via"": ""exact_alias"", ""source_token"": ""CD62"", ""tokens"": [""CD62""]}, {""via"": ""exact_alias"", ""source_token"": ""CD62L"", ""tokens"": [""CD62L""]}]}, {""sense"": ""low"", ""pr"": ""PR:000001307"", ""asserted"": ""False"", ""paths"": [{""via"": ""exact_alias"", ""source_token"": ""CD44"", ""tokens"": [""CD44""]}, {""via"": ""exact_alias"", ""source_token"": ""CDW44"", ""tokens"": [""CDW44""]}]}, {""sense"": ""negative"", ""pr"": ""PR:000001004"", ""asserted"": ""False"", ""paths"": [{""via"": ""exact_alias"", ""source_token"": ""CD4"", ""tokens"": [""CD4""]}, {""via"": ""pro_id"", ""pr"": ""PR:000001004"", ""tokens"": [""CD4""]}]}, {""sense"": ""negative"", ""pr"": ""PR:000001380"", ""asserted"": ""True"", ""paths"": [{""via"": ""exact_alias"", ""source_token"": ""CD25"", ""tokens"": [""CD25""]}, {""via"": ""pro_id"", ""pr"": ""PR:000001380"", ""tokens"": [""CD25""]}]}, {""sense"": ""positive"", ""pr"": ""PR:000001006"", ""asserted"": ""False"", ""paths"": [{""via"": ""pro_id"", ""pr"": ""PR:000001006"", ""tokens"": [""CD45""]}]}, {""sense"": ""positive"", ""pr"": ""PR:000001015"", ""asserted"": ""False"", ""paths"": [{""via"": ""exact_alias"", ""source_token"": ""CD45RA"", ""tokens"": [""CD45RA""]}]}, {""sense"": ""positive"", ""pr"": ""PR:000001084"", ""asserted"": ""False"", ""paths"": [{""via"": ""exact_alias"", ""source_token"": ""CD8"", ""tokens"": [""CD8""]}, {""via"": ""exact_alias"", ""source_token"": ""CD8A"", ""tokens"": [""CD8A""]}, {""via"": ""exact_alias"", ""source_token"": ""CD8A"", ""tokens"": [""CD8A""]}, {""via"": ""pro_id"", ""pr"": ""PR:000001084"", ""tokens"": [""CD8""]}]}, {""sense"": ""positive"", ""pr"": ""PR:000001203"", ""asserted"": ""False"", ""paths"": [{""via"": ""exact_alias"", ""source_token"": ""CD197"", ""tokens"": [""CD197""]}, {""via"": ""exact_alias"", ""source_token"": ""CDW197"", ""tokens"": [""CDW197""]}]}, {""sense"": ""positive"", ""pr"": ""PR:000001869"", ""asserted"": ""False"", ""paths"": [{""via"": ""exact_alias"", ""source_token"": ""CD127"", ""tokens"": [""CD127""]}, {""via"": ""exact_alias"", ""source_token"": ""CDW127"", ""tokens"": [""CDW127""]}, {""via"": ""pro_id"", ""pr"": ""PR:000001869"", ""tokens"": [""CD127""]}]}, {""sense"": ""positive"", ""pr"": ""PR:000025402"", ""asserted"": ""False"", ""paths"": [{""via"": ""exact_alias"", ""source_token"": ""CD8"", ""tokens"": [""CD8""]}]}, {""sense"": ""positive"", ""pr"": ""PR:000025403"", ""asserted"": ""False"", ""paths"": [{""via"": ""exact_alias"", ""source_token"": ""CD8"", ""tokens"": [""CD8""]}, {""via"": ""exact_alias"", ""source_token"": ""CD8A"", ""tokens"": [""CD8A""]}]}]"
SOULCAP:SC000067		CD8+ TCRab T cell	CD8+ alpha/beta T cell	TCRab	Exact		2	CL:0001050	effector CD8-positive, alpha-beta T cell	13	1	CD45+, CD4-, CD8+		CD14-/CD33-/CD64- (no axiom on any alt.), CD19-/CD20- (no axiom on any alt.), CD123-, CD3+, TCRAB+/TCRGD- (no axiom on any alt.), HLA-DR:not:positive/CD11C:not:high (no axiom on any alt.), CD15-/CD66B- (no axiom on any alt.), CD16-	no		"[""marker_axioms"", ""local_lexical""]"	"{""query"": ""cd8 alpha beta t cell"", ""exact"": false, ""token_jaccard"": 0.6666666666666666}"	"[{""sense"": ""negative"", ""pr"": ""PR:000001004"", ""asserted"": ""False"", ""paths"": [{""via"": ""exact_alias"", ""source_token"": ""CD4"", ""tokens"": [""CD4""]}, {""via"": ""pro_id"", ""pr"": ""PR:000001004"", ""tokens"": [""CD4""]}]}, {""sense"": ""negative"", ""pr"": ""PR:000001203"", ""asserted"": ""True"", ""paths"": [{""via"": ""exact_alias"", ""source_token"": ""CD197"", ""tokens"": [""CD197""]}, {""via"": ""exact_alias"", ""source_token"": ""CDW197"", ""tokens"": [""CDW197""]}]}, {""sense"": ""positive"", ""pr"": ""PR:000001006"", ""asserted"": ""False"", ""paths"": [{""via"": ""pro_id"", ""pr"": ""PR:000001006"", ""tokens"": [""CD45""]}]}, {""sense"": ""positive"", ""pr"": ""PR:000001015"", ""asserted"": ""True"", ""paths"": [{""via"": ""exact_alias"", ""source_token"": ""CD45RA"", ""tokens"": [""CD45RA""]}]}, {""sense"": ""positive"", ""pr"": ""PR:000001084"", ""asserted"": ""False"", ""paths"": [{""via"": ""exact_alias"", ""source_token"": ""CD8"", ""tokens"": [""CD8""]}, {""via"": ""exact_alias"", ""source_token"": ""CD8A"", ""tokens"": [""CD8A""]}, {""via"": ""exact_alias"", ""source_token"": ""CD8A"", ""tokens"": [""CD8A""]}, {""via"": ""pro_id"", ""pr"": ""PR:000001084"", ""tokens"": [""CD8""]}]}, {""sense"": ""positive"", ""pr"": ""PR:000025402"", ""asserted"": ""False"", ""paths"": [{""via"": ""exact_alias"", ""source_token"": ""CD8"", ""tokens"": [""CD8""]}]}, {""sense"": ""positive"", ""pr"": ""PR:000025403"", ""asserted"": ""False"", ""paths"": [{""via"": ""exact_alias"", ""source_token"": ""CD8"", ""tokens"": [""CD8""]}, {""via"": ""exact_alias"", ""source_token"": ""CD8A"", ""tokens"": [""CD8A""]}]}]"
SOULCAP:SC000067		CD8+ TCRab T cell	CD8+ alpha/beta T cell	TCRab	Exact		3	CL:0001203	CD8-positive, alpha-beta memory T cell, CD45RO-positive	13	1	CD45+, CD4-, CD8+		CD14-/CD33-/CD64- (no axiom on any alt.), CD19-/CD20- (no axiom on any alt.), CD123-, CD3+, TCRAB+/TCRGD- (no axiom on any alt.), HLA-DR:not:positive/CD11C:not:high (no axiom on any alt.), CD15-/CD66B- (no axiom on any alt.), CD16-	no		"[""marker_axioms""]"	null	"[{""sense"": ""negative"", ""pr"": ""PR:000001004"", ""asserted"": ""False"", ""paths"": [{""via"": ""exact_alias"", ""source_token"": ""CD4"", ""tokens"": [""CD4""]}, {""via"": ""pro_id"", ""pr"": ""PR:000001004"", ""tokens"": [""CD4""]}]}, {""sense"": ""negative"", ""pr"": ""PR:000001380"", ""asserted"": ""True"", ""paths"": [{""via"": ""exact_alias"", ""source_token"": ""CD25"", ""tokens"": [""CD25""]}, {""via"": ""pro_id"", ""pr"": ""PR:000001380"", ""tokens"": [""CD25""]}]}, {""sense"": ""positive"", ""pr"": ""PR:000001006"", ""asserted"": ""False"", ""paths"": [{""via"": ""pro_id"", ""pr"": ""PR:000001006"", ""tokens"": [""CD45""]}]}, {""sense"": ""positive"", ""pr"": ""PR:000001017"", ""asserted"": ""True"", ""paths"": [{""via"": ""exact_alias"", ""source_token"": ""CD45RO"", ""tokens"": [""CD45RO""]}]}, {""sense"": ""positive"", ""pr"": ""PR:000001084"", ""asserted"": ""False"", ""paths"": [{""via"": ""exact_alias"", ""source_token"": ""CD8"", ""tokens"": [""CD8""]}, {""via"": ""exact_alias"", ""source_token"": ""CD8A"", ""tokens"": [""CD8A""]}, {""via"": ""exact_alias"", ""source_token"": ""CD8A"", ""tokens"": [""CD8A""]}, {""via"": ""pro_id"", ""pr"": ""PR:000001084"", ""tokens"": [""CD8""]}]}, {""sense"": ""positive"", ""pr"": ""PR:000001869"", ""asserted"": ""True"", ""paths"": [{""via"": ""exact_alias"", ""source_token"": ""CD127"", ""tokens"": [""CD127""]}, {""via"": ""exact_alias"", ""source_token"": ""CDW127"", ""tokens"": [""CDW127""]}, {""via"": ""pro_id"", ""pr"": ""PR:000001869"", ""tokens"": [""CD127""]}]}, {""sense"": ""positive"", ""pr"": ""PR:000025402"", ""asserted"": ""False"", ""paths"": [{""via"": ""exact_alias"", ""source_token"": ""CD8"", ""tokens"": [""CD8""]}]}, {""sense"": ""positive"", ""pr"": ""PR:000025403"", ""asserted"": ""False"", ""paths"": [{""via"": ""exact_alias"", ""source_token"": ""CD8"", ""tokens"": [""CD8""]}, {""via"": ""exact_alias"", ""source_token"": ""CD8A"", ""tokens"": [""CD8A""]}]}]"
SOULCAP:SC000068		CD4+/CD8+ TCRab T cell	CD4+ and CD8+ alpha/beta T cell	TCRab	Exact		1	CL:0002039	immature NK T cell stage I, mouse	9	1	CD4+ (dim), CD8+ (dim)		CD14-/CD33-/CD64- (no axiom on any alt.), CD19-/CD20- (no axiom on any alt.), CD123-, CD45+, CD3+, TCRAB+/TCRGD- (no axiom on any alt.), HLA-DR:not:positive/CD11C:not:high (no axiom on any alt.), CD15-/CD66B- (no axiom on any alt.), CD16-	no		"[""marker_axioms""]"	null	"[{""sense"": ""high"", ""pr"": ""PR:000001932"", ""asserted"": ""True"", ""paths"": [{""via"": ""exact_alias"", ""source_token"": ""CD24"", ""tokens"": [""CD24""]}, {""via"": ""pro_id"", ""pr"": ""PR:000001932"", ""tokens"": [""CD24""]}]}, {""sense"": ""low"", ""pr"": ""PR:000001004"", ""asserted"": ""True"", ""paths"": [{""via"": ""exact_alias"", ""source_token"": ""CD4"", ""tokens"": [""CD4""]}, {""via"": ""pro_id"", ""pr"": ""PR:000001004"", ""tokens"": [""CD4""]}]}, {""sense"": ""low"", ""pr"": ""PR:000025402"", ""asserted"": ""True"", ""paths"": [{""via"": ""exact_alias"", ""source_token"": ""CD8"", ""tokens"": [""CD8""]}]}, {""sense"": ""negative"", ""pr"": ""PR:000001307"", ""asserted"": ""True"", ""paths"": [{""via"": ""exact_alias"", ""source_token"": ""CD44"", ""tokens"": [""CD44""]}, {""via"": ""exact_alias"", ""source_token"": ""CDW44"", ""tokens"": [""CDW44""]}]}, {""sense"": ""negative"", ""pr"": ""PR:000001874"", ""asserted"": ""True"", ""paths"": []}, {""sense"": ""positive"", ""pr"": ""PR:000001084"", ""asserted"": ""False"", ""paths"": [{""via"": ""exact_alias"", ""source_token"": ""CD8"", ""tokens"": [""CD8""]}, {""via"": ""exact_alias"", ""source_token"": ""CD8A"", ""tokens"": [""CD8A""]}, {""via"": ""exact_alias"", ""source_token"": ""CD8A"", ""tokens"": [""CD8A""]}, {""via"": ""pro_id"", ""pr"": ""PR:000001084"", ""tokens"": [""CD8""]}]}, {""sense"": ""positive"", ""pr"": ""PR:000003469"", ""asserted"": ""False"", ""paths"": []}, {""sense"": ""positive"", ""pr"": ""PR:000025403"", ""asserted"": ""False"", ""paths"": [{""via"": ""exact_alias"", ""source_token"": ""CD8"", ""tokens"": [""CD8""]}, {""via"": ""exact_alias"", ""source_token"": ""CD8A"", ""tokens"": [""CD8A""]}]}]"
SOULCAP:SC000068		CD4+/CD8+ TCRab T cell	CD4+ and CD8+ alpha/beta T cell	TCRab	Exact		2	CL:0000809	double-positive, alpha-beta thymocyte	8	0	CD4+, CD8+		CD14-/CD33-/CD64- (no axiom on any alt.), CD19-/CD20- (no axiom on any alt.), CD123-, CD45+, CD3+, TCRAB+/TCRGD- (no axiom on any alt.), HLA-DR:not:positive/CD11C:not:high (no axiom on any alt.), CD15-/CD66B- (no axiom on any alt.), CD16-	no		"[""marker_axioms""]"	null	"[{""sense"": ""positive"", ""pr"": ""PR:000001004"", ""asserted"": ""True"", ""paths"": [{""via"": ""exact_alias"", ""source_token"": ""CD4"", ""tokens"": [""CD4""]}, {""via"": ""pro_id"", ""pr"": ""PR:000001004"", ""tokens"": [""CD4""]}]}, {""sense"": ""positive"", ""pr"": ""PR:000001084"", ""asserted"": ""False"", ""paths"": [{""via"": ""exact_alias"", ""source_token"": ""CD8"", ""tokens"": [""CD8""]}, {""via"": ""exact_alias"", ""source_token"": ""CD8A"", ""tokens"": [""CD8A""]}, {""via"": ""exact_alias"", ""source_token"": ""CD8A"", ""tokens"": [""CD8A""]}, {""via"": ""pro_id"", ""pr"": ""PR:000001084"", ""tokens"": [""CD8""]}]}, {""sense"": ""positive"", ""pr"": ""PR:000025402"", ""asserted"": ""True"", ""paths"": [{""via"": ""exact_alias"", ""source_token"": ""CD8"", ""tokens"": [""CD8""]}]}, {""sense"": ""positive"", ""pr"": ""PR:000025403"", ""asserted"": ""False"", ""paths"": [{""via"": ""exact_alias"", ""source_token"": ""CD8"", ""tokens"": [""CD8""]}, {""via"": ""exact_alias"", ""source_token"": ""CD8A"", ""tokens"": [""CD8A""]}]}]"
SOULCAP:SC000068		CD4+/CD8+ TCRab T cell	CD4+ and CD8+ alpha/beta T cell	TCRab	Exact		3	CL:0002427	resting double-positive thymocyte	8	0	CD4+, CD8+		CD14-/CD33-/CD64- (no axiom on any alt.), CD19-/CD20- (no axiom on any alt.), CD123-, CD45+, CD3+, TCRAB+/TCRGD- (no axiom on any alt.), HLA-DR:not:positive/CD11C:not:high (no axiom on any alt.), CD15-/CD66B- (no axiom on any alt.), CD16-	no		"[""marker_axioms""]"	null	"[{""sense"": ""positive"", ""pr"": ""PR:000001004"", ""asserted"": ""False"", ""paths"": [{""via"": ""exact_alias"", ""source_token"": ""CD4"", ""tokens"": [""CD4""]}, {""via"": ""pro_id"", ""pr"": ""PR:000001004"", ""tokens"": [""CD4""]}]}, {""sense"": ""positive"", ""pr"": ""PR:000001084"", ""asserted"": ""False"", ""paths"": [{""via"": ""exact_alias"", ""source_token"": ""CD8"", ""tokens"": [""CD8""]}, {""via"": ""exact_alias"", ""source_token"": ""CD8A"", ""tokens"": [""CD8A""]}, {""via"": ""exact_alias"", ""source_token"": ""CD8A"", ""tokens"": [""CD8A""]}, {""via"": ""pro_id"", ""pr"": ""PR:000001084"", ""tokens"": [""CD8""]}]}, {""sense"": ""positive"", ""pr"": ""PR:000025402"", ""asserted"": ""False"", ""paths"": [{""via"": ""exact_alias"", ""source_token"": ""CD8"", ""tokens"": [""CD8""]}]}, {""sense"": ""positive"", ""pr"": ""PR:000025403"", ""asserted"": ""False"", ""paths"": [{""via"": ""exact_alias"", ""source_token"": ""CD8"", ""tokens"": [""CD8""]}, {""via"": ""exact_alias"", ""source_token"": ""CD8A"", ""tokens"": [""CD8A""]}]}]"
SOULCAP:SC000069		CD4-/CD8- TCRab T cell	CD4- and CD8- alpha/beta T cell	TCRab	Exact		1	CL:0000803	CD4-negative CD8-negative gamma-delta intraepithelial T cell	11	3	CD4-, CD8-		CD14-/CD33-/CD64- (no axiom on any alt.), CD19-/CD20- (no axiom on any alt.), CD123-, CD45+, CD3+, TCRAB+/TCRGD- (no axiom on any alt.), HLA-DR:not:positive/CD11C:not:high (no axiom on any alt.), CD15-/CD66B- (no axiom on any alt.), CD16-	no		"[""marker_axioms""]"	null	"[{""sense"": ""negative"", ""pr"": ""PR:000001004"", ""asserted"": ""True"", ""paths"": [{""via"": ""exact_alias"", ""source_token"": ""CD4"", ""tokens"": [""CD4""]}, {""via"": ""pro_id"", ""pr"": ""PR:000001004"", ""tokens"": [""CD4""]}]}, {""sense"": ""negative"", ""pr"": ""PR:000001084"", ""asserted"": ""True"", ""paths"": [{""via"": ""exact_alias"", ""source_token"": ""CD8"", ""tokens"": [""CD8""]}, {""via"": ""exact_alias"", ""source_token"": ""CD8A"", ""tokens"": [""CD8A""]}, {""via"": ""exact_alias"", ""source_token"": ""CD8A"", ""tokens"": [""CD8A""]}, {""via"": ""pro_id"", ""pr"": ""PR:000001084"", ""tokens"": [""CD8""]}]}]"
SOULCAP:SC000069		CD4-/CD8- TCRab T cell	CD4- and CD8- alpha/beta T cell	TCRab	Exact		2	CL:0000924	CD4-negative, CD8-negative type I NK T cell	11	3	CD4-, CD8-		CD14-/CD33-/CD64- (no axiom on any alt.), CD19-/CD20- (no axiom on any alt.), CD123-, CD45+, CD3+, TCRAB+/TCRGD- (no axiom on any alt.), HLA-DR:not:positive/CD11C:not:high (no axiom on any alt.), CD15-/CD66B- (no axiom on any alt.), CD16-	no		"[""marker_axioms""]"	null	"[{""sense"": ""negative"", ""pr"": ""PR:000001004"", ""asserted"": ""True"", ""paths"": [{""via"": ""exact_alias"", ""source_token"": ""CD4"", ""tokens"": [""CD4""]}, {""via"": ""pro_id"", ""pr"": ""PR:000001004"", ""tokens"": [""CD4""]}]}, {""sense"": ""negative"", ""pr"": ""PR:000001084"", ""asserted"": ""True"", ""paths"": [{""via"": ""exact_alias"", ""source_token"": ""CD8"", ""tokens"": [""CD8""]}, {""via"": ""exact_alias"", ""source_token"": ""CD8A"", ""tokens"": [""CD8A""]}, {""via"": ""exact_alias"", ""source_token"": ""CD8A"", ""tokens"": [""CD8A""]}, {""via"": ""pro_id"", ""pr"": ""PR:000001084"", ""tokens"": [""CD8""]}]}, {""sense"": ""positive"", ""pr"": ""PR:000001874"", ""asserted"": ""False"", ""paths"": []}]"
SOULCAP:SC000069		CD4-/CD8- TCRab T cell	CD4- and CD8- alpha/beta T cell	TCRab	Exact		3	CL:0000928	activated CD4-negative, CD8-negative type I NK T cell	11	3	CD4-, CD8-		CD14-/CD33-/CD64- (no axiom on any alt.), CD19-/CD20- (no axiom on any alt.), CD123-, CD45+, CD3+, TCRAB+/TCRGD- (no axiom on any alt.), HLA-DR:not:positive/CD11C:not:high (no axiom on any alt.), CD15-/CD66B- (no axiom on any alt.), CD16-	no		"[""marker_axioms""]"	null	"[{""sense"": ""negative"", ""pr"": ""PR:000001004"", ""asserted"": ""False"", ""paths"": [{""via"": ""exact_alias"", ""source_token"": ""CD4"", ""tokens"": [""CD4""]}, {""via"": ""pro_id"", ""pr"": ""PR:000001004"", ""tokens"": [""CD4""]}]}, {""sense"": ""negative"", ""pr"": ""PR:000001084"", ""asserted"": ""False"", ""paths"": [{""via"": ""exact_alias"", ""source_token"": ""CD8"", ""tokens"": [""CD8""]}, {""via"": ""exact_alias"", ""source_token"": ""CD8A"", ""tokens"": [""CD8A""]}, {""via"": ""exact_alias"", ""source_token"": ""CD8A"", ""tokens"": [""CD8A""]}, {""via"": ""pro_id"", ""pr"": ""PR:000001084"", ""tokens"": [""CD8""]}]}, {""sense"": ""positive"", ""pr"": ""PR:000001343"", ""asserted"": ""True"", ""paths"": [{""via"": ""exact_alias"", ""source_token"": ""CD69"", ""tokens"": [""CD69""]}]}, {""sense"": ""positive"", ""pr"": ""PR:000001874"", ""asserted"": ""False"", ""paths"": []}]"
SOULCAP:SC000070		CD4+ TCRgd T cell	CD4+ gamma/delta T cell	TCRgd	Exact		1	CL:0000895	naive thymus-derived CD4-positive, alpha-beta T cell	13	1	CD45+, CD4+, CD8-		CD14-/CD33-/CD64- (no axiom on any alt.), CD19-/CD20- (no axiom on any alt.), CD123-, CD3+, TCRAB-/TCRGD+ (no axiom on any alt.), HLA-DR:not:positive/CD11C:not:high (no axiom on any alt.), CD15-/CD66B- (no axiom on any alt.), CD16-	no		"[""marker_axioms""]"	null	"[{""sense"": ""high"", ""pr"": ""PR:000001318"", ""asserted"": ""False"", ""paths"": [{""via"": ""exact_alias"", ""source_token"": ""CD62"", ""tokens"": [""CD62""]}, {""via"": ""exact_alias"", ""source_token"": ""CD62L"", ""tokens"": [""CD62L""]}]}, {""sense"": ""low"", ""pr"": ""PR:000001307"", ""asserted"": ""False"", ""paths"": [{""via"": ""exact_alias"", ""source_token"": ""CD44"", ""tokens"": [""CD44""]}, {""via"": ""exact_alias"", ""source_token"": ""CDW44"", ""tokens"": [""CDW44""]}]}, {""sense"": ""negative"", ""pr"": ""PR:000001380"", ""asserted"": ""True"", ""paths"": [{""via"": ""exact_alias"", ""source_token"": ""CD25"", ""tokens"": [""CD25""]}, {""via"": ""pro_id"", ""pr"": ""PR:000001380"", ""tokens"": [""CD25""]}]}, {""sense"": ""negative"", ""pr"": ""PR:000025402"", ""asserted"": ""False"", ""paths"": [{""via"": ""exact_alias"", ""source_token"": ""CD8"", ""tokens"": [""CD8""]}]}, {""sense"": ""positive"", ""pr"": ""PR:000001004"", ""asserted"": ""False"", ""paths"": [{""via"": ""exact_alias"", ""source_token"": ""CD4"", ""tokens"": [""CD4""]}, {""via"": ""pro_id"", ""pr"": ""PR:000001004"", ""tokens"": [""CD4""]}]}, {""sense"": ""positive"", ""pr"": ""PR:000001006"", ""asserted"": ""False"", ""paths"": [{""via"": ""pro_id"", ""pr"": ""PR:000001006"", ""tokens"": [""CD45""]}]}, {""sense"": ""positive"", ""pr"": ""PR:000001015"", ""asserted"": ""False"", ""paths"": [{""via"": ""exact_alias"", ""source_token"": ""CD45RA"", ""tokens"": [""CD45RA""]}]}, {""sense"": ""positive"", ""pr"": ""PR:000001203"", ""asserted"": ""False"", ""paths"": [{""via"": ""exact_alias"", ""source_token"": ""CD197"", ""tokens"": [""CD197""]}, {""via"": ""exact_alias"", ""source_token"": ""CDW197"", ""tokens"": [""CDW197""]}]}, {""sense"": ""positive"", ""pr"": ""PR:000001869"", ""asserted"": ""False"", ""paths"": [{""via"": ""exact_alias"", ""source_token"": ""CD127"", ""tokens"": [""CD127""]}, {""via"": ""exact_alias"", ""source_token"": ""CDW127"", ""tokens"": [""CDW127""]}, {""via"": ""pro_id"", ""pr"": ""PR:000001869"", ""tokens"": [""CD127""]}]}]"
SOULCAP:SC000070		CD4+ TCRgd T cell	CD4+ gamma/delta T cell	TCRgd	Exact		2	CL:0001044	effector CD4-positive, alpha-beta T cell	13	1	CD45+, CD4+, CD8-		CD14-/CD33-/CD64- (no axiom on any alt.), CD19-/CD20- (no axiom on any alt.), CD123-, CD3+, TCRAB-/TCRGD+ (no axiom on any alt.), HLA-DR:not:positive/CD11C:not:high (no axiom on any alt.), CD15-/CD66B- (no axiom on any alt.), CD16-	no		"[""marker_axioms""]"	null	"[{""sense"": ""negative"", ""pr"": ""PR:000001203"", ""asserted"": ""True"", ""paths"": [{""via"": ""exact_alias"", ""source_token"": ""CD197"", ""tokens"": [""CD197""]}, {""via"": ""exact_alias"", ""source_token"": ""CDW197"", ""tokens"": [""CDW197""]}]}, {""sense"": ""negative"", ""pr"": ""PR:000025402"", ""asserted"": ""False"", ""paths"": [{""via"": ""exact_alias"", ""source_token"": ""CD8"", ""tokens"": [""CD8""]}]}, {""sense"": ""positive"", ""pr"": ""PR:000001004"", ""asserted"": ""False"", ""paths"": [{""via"": ""exact_alias"", ""source_token"": ""CD4"", ""tokens"": [""CD4""]}, {""via"": ""pro_id"", ""pr"": ""PR:000001004"", ""tokens"": [""CD4""]}]}, {""sense"": ""positive"", ""pr"": ""PR:000001006"", ""asserted"": ""False"", ""paths"": [{""via"": ""pro_id"", ""pr"": ""PR:000001006"", ""tokens"": [""CD45""]}]}, {""sense"": ""positive"", ""pr"": ""PR:000001015"", ""asserted"": ""True"", ""paths"": [{""via"": ""exact_alias"", ""source_token"": ""CD45RA"", ""tokens"": [""CD45RA""]}]}]"
SOULCAP:SC000070		CD4+ TCRgd T cell	CD4+ gamma/delta T cell	TCRgd	Exact		3	CL:0001046	memory CCR4-positive regulatory T cell	13	1	CD45+, CD4+, CD8-		CD14-/CD33-/CD64- (no axiom on any alt.), CD19-/CD20- (no axiom on any alt.), CD123-, CD3+, TCRAB-/TCRGD+ (no axiom on any alt.), HLA-DR:not:positive/CD11C:not:high (no axiom on any alt.), CD15-/CD66B- (no axiom on any alt.), CD16-	no		"[""marker_axioms""]"	null	"[{""sense"": ""low"", ""pr"": ""PR:000001869"", ""asserted"": ""False"", ""paths"": [{""via"": ""exact_alias"", ""source_token"": ""CD127"", ""tokens"": [""CD127""]}, {""via"": ""exact_alias"", ""source_token"": ""CDW127"", ""tokens"": [""CDW127""]}, {""via"": ""pro_id"", ""pr"": ""PR:000001869"", ""tokens"": [""CD127""]}]}, {""sense"": ""negative"", ""pr"": ""PR:000025402"", ""asserted"": ""False"", ""paths"": [{""via"": ""exact_alias"", ""source_token"": ""CD8"", ""tokens"": [""CD8""]}]}, {""sense"": ""positive"", ""pr"": ""PR:000001004"", ""asserted"": ""False"", ""paths"": [{""via"": ""exact_alias"", ""source_token"": ""CD4"", ""tokens"": [""CD4""]}, {""via"": ""pro_id"", ""pr"": ""PR:000001004"", ""tokens"": [""CD4""]}]}, {""sense"": ""positive"", ""pr"": ""PR:000001006"", ""asserted"": ""False"", ""paths"": [{""via"": ""pro_id"", ""pr"": ""PR:000001006"", ""tokens"": [""CD45""]}]}, {""sense"": ""positive"", ""pr"": ""PR:000001017"", ""asserted"": ""True"", ""paths"": [{""via"": ""exact_alias"", ""source_token"": ""CD45RO"", ""tokens"": [""CD45RO""]}]}, {""sense"": ""positive"", ""pr"": ""PR:000001200"", ""asserted"": ""False"", ""paths"": []}, {""sense"": ""positive"", ""pr"": ""PR:000001380"", ""asserted"": ""False"", ""paths"": [{""via"": ""exact_alias"", ""source_token"": ""CD25"", ""tokens"": [""CD25""]}, {""via"": ""pro_id"", ""pr"": ""PR:000001380"", ""tokens"": [""CD25""]}]}]"
SOULCAP:SC000071		CD8+ TCRgd T cell	CD8+ gamma/delta T cell	TCRgd	Exact		1	CL:0000900	naive thymus-derived CD8-positive, alpha-beta T cell	13	1	CD45+, CD4-, CD8+		CD14-/CD33-/CD64- (no axiom on any alt.), CD19-/CD20- (no axiom on any alt.), CD123-, CD3+, TCRAB-/TCRGD+ (no axiom on any alt.), HLA-DR:not:positive/CD11C:not:high (no axiom on any alt.), CD15-/CD66B- (no axiom on any alt.), CD16-	no		"[""marker_axioms""]"	null	"[{""sense"": ""high"", ""pr"": ""PR:000001318"", ""asserted"": ""False"", ""paths"": [{""via"": ""exact_alias"", ""source_token"": ""CD62"", ""tokens"": [""CD62""]}, {""via"": ""exact_alias"", ""source_token"": ""CD62L"", ""tokens"": [""CD62L""]}]}, {""sense"": ""low"", ""pr"": ""PR:000001307"", ""asserted"": ""False"", ""paths"": [{""via"": ""exact_alias"", ""source_token"": ""CD44"", ""tokens"": [""CD44""]}, {""via"": ""exact_alias"", ""source_token"": ""CDW44"", ""tokens"": [""CDW44""]}]}, {""sense"": ""negative"", ""pr"": ""PR:000001004"", ""asserted"": ""False"", ""paths"": [{""via"": ""exact_alias"", ""source_token"": ""CD4"", ""tokens"": [""CD4""]}, {""via"": ""pro_id"", ""pr"": ""PR:000001004"", ""tokens"": [""CD4""]}]}, {""sense"": ""negative"", ""pr"": ""PR:000001380"", ""asserted"": ""True"", ""paths"": [{""via"": ""exact_alias"", ""source_token"": ""CD25"", ""tokens"": [""CD25""]}, {""via"": ""pro_id"", ""pr"": ""PR:000001380"", ""tokens"": [""CD25""]}]}, {""sense"": ""positive"", ""pr"": ""PR:000001006"", ""asserted"": ""False"", ""paths"": [{""via"": ""pro_id"", ""pr"": ""PR:000001006"", ""tokens"": [""CD45""]}]}, {""sense"": ""positive"", ""pr"": ""PR:000001015"", ""asserted"": ""False"", ""paths"": [{""via"": ""exact_alias"", ""source_token"": ""CD45RA"", ""tokens"": [""CD45RA""]}]}, {""sense"": ""positive"", ""pr"": ""PR:000001084"", ""asserted"": ""False"", ""paths"": [{""via"": ""exact_alias"", ""source_token"": ""CD8"", ""tokens"": [""CD8""]}, {""via"": ""exact_alias"", ""source_token"": ""CD8A"", ""tokens"": [""CD8A""]}, {""via"": ""exact_alias"", ""source_token"": ""CD8A"", ""tokens"": [""CD8A""]}, {""via"": ""pro_id"", ""pr"": ""PR:000001084"", ""tokens"": [""CD8""]}]}, {""sense"": ""positive"", ""pr"": ""PR:000001203"", ""asserted"": ""False"", ""paths"": [{""via"": ""exact_alias"", ""source_token"": ""CD197"", ""tokens"": [""CD197""]}, {""via"": ""exact_alias"", ""source_token"": ""CDW197"", ""tokens"": [""CDW197""]}]}, {""sense"": ""positive"", ""pr"": ""PR:000001869"", ""asserted"": ""False"", ""paths"": [{""via"": ""exact_alias"", ""source_token"": ""CD127"", ""tokens"": [""CD127""]}, {""via"": ""exact_alias"", ""source_token"": ""CDW127"", ""tokens"": [""CDW127""]}, {""via"": ""pro_id"", ""pr"": ""PR:000001869"", ""tokens"": [""CD127""]}]}, {""sense"": ""positive"", ""pr"": ""PR:000025402"", ""asserted"": ""False"", ""paths"": [{""via"": ""exact_alias"", ""source_token"": ""CD8"", ""tokens"": [""CD8""]}]}, {""sense"": ""positive"", ""pr"": ""PR:000025403"", ""asserted"": ""False"", ""paths"": [{""via"": ""exact_alias"", ""source_token"": ""CD8"", ""tokens"": [""CD8""]}, {""via"": ""exact_alias"", ""source_token"": ""CD8A"", ""tokens"": [""CD8A""]}]}]"
SOULCAP:SC000071		CD8+ TCRgd T cell	CD8+ gamma/delta T cell	TCRgd	Exact		2	CL:0001050	effector CD8-positive, alpha-beta T cell	13	1	CD45+, CD4-, CD8+		CD14-/CD33-/CD64- (no axiom on any alt.), CD19-/CD20- (no axiom on any alt.), CD123-, CD3+, TCRAB-/TCRGD+ (no axiom on any alt.), HLA-DR:not:positive/CD11C:not:high (no axiom on any alt.), CD15-/CD66B- (no axiom on any alt.), CD16-	no		"[""marker_axioms""]"	null	"[{""sense"": ""negative"", ""pr"": ""PR:000001004"", ""asserted"": ""False"", ""paths"": [{""via"": ""exact_alias"", ""source_token"": ""CD4"", ""tokens"": [""CD4""]}, {""via"": ""pro_id"", ""pr"": ""PR:000001004"", ""tokens"": [""CD4""]}]}, {""sense"": ""negative"", ""pr"": ""PR:000001203"", ""asserted"": ""True"", ""paths"": [{""via"": ""exact_alias"", ""source_token"": ""CD197"", ""tokens"": [""CD197""]}, {""via"": ""exact_alias"", ""source_token"": ""CDW197"", ""tokens"": [""CDW197""]}]}, {""sense"": ""positive"", ""pr"": ""PR:000001006"", ""asserted"": ""False"", ""paths"": [{""via"": ""pro_id"", ""pr"": ""PR:000001006"", ""tokens"": [""CD45""]}]}, {""sense"": ""positive"", ""pr"": ""PR:000001015"", ""asserted"": ""True"", ""paths"": [{""via"": ""exact_alias"", ""source_token"": ""CD45RA"", ""tokens"": [""CD45RA""]}]}, {""sense"": ""positive"", ""pr"": ""PR:000001084"", ""asserted"": ""False"", ""paths"": [{""via"": ""exact_alias"", ""source_token"": ""CD8"", ""tokens"": [""CD8""]}, {""via"": ""exact_alias"", ""source_token"": ""CD8A"", ""tokens"": [""CD8A""]}, {""via"": ""exact_alias"", ""source_token"": ""CD8A"", ""tokens"": [""CD8A""]}, {""via"": ""pro_id"", ""pr"": ""PR:000001084"", ""tokens"": [""CD8""]}]}, {""sense"": ""positive"", ""pr"": ""PR:000025402"", ""asserted"": ""False"", ""paths"": [{""via"": ""exact_alias"", ""source_token"": ""CD8"", ""tokens"": [""CD8""]}]}, {""sense"": ""positive"", ""pr"": ""PR:000025403"", ""asserted"": ""False"", ""paths"": [{""via"": ""exact_alias"", ""source_token"": ""CD8"", ""tokens"": [""CD8""]}, {""via"": ""exact_alias"", ""source_token"": ""CD8A"", ""tokens"": [""CD8A""]}]}]"
SOULCAP:SC000071		CD8+ TCRgd T cell	CD8+ gamma/delta T cell	TCRgd	Exact		3	CL:0001203	CD8-positive, alpha-beta memory T cell, CD45RO-positive	13	1	CD45+, CD4-, CD8+		CD14-/CD33-/CD64- (no axiom on any alt.), CD19-/CD20- (no axiom on any alt.), CD123-, CD3+, TCRAB-/TCRGD+ (no axiom on any alt.), HLA-DR:not:positive/CD11C:not:high (no axiom on any alt.), CD15-/CD66B- (no axiom on any alt.), CD16-	no		"[""marker_axioms""]"	null	"[{""sense"": ""negative"", ""pr"": ""PR:000001004"", ""asserted"": ""False"", ""paths"": [{""via"": ""exact_alias"", ""source_token"": ""CD4"", ""tokens"": [""CD4""]}, {""via"": ""pro_id"", ""pr"": ""PR:000001004"", ""tokens"": [""CD4""]}]}, {""sense"": ""negative"", ""pr"": ""PR:000001380"", ""asserted"": ""True"", ""paths"": [{""via"": ""exact_alias"", ""source_token"": ""CD25"", ""tokens"": [""CD25""]}, {""via"": ""pro_id"", ""pr"": ""PR:000001380"", ""tokens"": [""CD25""]}]}, {""sense"": ""positive"", ""pr"": ""PR:000001006"", ""asserted"": ""False"", ""paths"": [{""via"": ""pro_id"", ""pr"": ""PR:000001006"", ""tokens"": [""CD45""]}]}, {""sense"": ""positive"", ""pr"": ""PR:000001017"", ""asserted"": ""True"", ""paths"": [{""via"": ""exact_alias"", ""source_token"": ""CD45RO"", ""tokens"": [""CD45RO""]}]}, {""sense"": ""positive"", ""pr"": ""PR:000001084"", ""asserted"": ""False"", ""paths"": [{""via"": ""exact_alias"", ""source_token"": ""CD8"", ""tokens"": [""CD8""]}, {""via"": ""exact_alias"", ""source_token"": ""CD8A"", ""tokens"": [""CD8A""]}, {""via"": ""exact_alias"", ""source_token"": ""CD8A"", ""tokens"": [""CD8A""]}, {""via"": ""pro_id"", ""pr"": ""PR:000001084"", ""tokens"": [""CD8""]}]}, {""sense"": ""positive"", ""pr"": ""PR:000001869"", ""asserted"": ""True"", ""paths"": [{""via"": ""exact_alias"", ""source_token"": ""CD127"", ""tokens"": [""CD127""]}, {""via"": ""exact_alias"", ""source_token"": ""CDW127"", ""tokens"": [""CDW127""]}, {""via"": ""pro_id"", ""pr"": ""PR:000001869"", ""tokens"": [""CD127""]}]}, {""sense"": ""positive"", ""pr"": ""PR:000025402"", ""asserted"": ""False"", ""paths"": [{""via"": ""exact_alias"", ""source_token"": ""CD8"", ""tokens"": [""CD8""]}]}, {""sense"": ""positive"", ""pr"": ""PR:000025403"", ""asserted"": ""False"", ""paths"": [{""via"": ""exact_alias"", ""source_token"": ""CD8"", ""tokens"": [""CD8""]}, {""via"": ""exact_alias"", ""source_token"": ""CD8A"", ""tokens"": [""CD8A""]}]}]"
SOULCAP:SC000072		CD4+/CD8+ TCRgd	CD4+/CD8+ gamma/delta T cell	TCRgd	Exact		1	CL:0002039	immature NK T cell stage I, mouse	9	1	CD4+ (dim), CD8+ (dim)		CD14-/CD33-/CD64- (no axiom on any alt.), CD19-/CD20- (no axiom on any alt.), CD123-, CD45+, CD3+, TCRAB-/TCRGD+ (no axiom on any alt.), HLA-DR:not:positive/CD11C:not:high (no axiom on any alt.), CD15-/CD66B- (no axiom on any alt.), CD16-	no		"[""marker_axioms""]"	null	"[{""sense"": ""high"", ""pr"": ""PR:000001932"", ""asserted"": ""True"", ""paths"": [{""via"": ""exact_alias"", ""source_token"": ""CD24"", ""tokens"": [""CD24""]}, {""via"": ""pro_id"", ""pr"": ""PR:000001932"", ""tokens"": [""CD24""]}]}, {""sense"": ""low"", ""pr"": ""PR:000001004"", ""asserted"": ""True"", ""paths"": [{""via"": ""exact_alias"", ""source_token"": ""CD4"", ""tokens"": [""CD4""]}, {""via"": ""pro_id"", ""pr"": ""PR:000001004"", ""tokens"": [""CD4""]}]}, {""sense"": ""low"", ""pr"": ""PR:000025402"", ""asserted"": ""True"", ""paths"": [{""via"": ""exact_alias"", ""source_token"": ""CD8"", ""tokens"": [""CD8""]}]}, {""sense"": ""negative"", ""pr"": ""PR:000001307"", ""asserted"": ""True"", ""paths"": [{""via"": ""exact_alias"", ""source_token"": ""CD44"", ""tokens"": [""CD44""]}, {""via"": ""exact_alias"", ""source_token"": ""CDW44"", ""tokens"": [""CDW44""]}]}, {""sense"": ""negative"", ""pr"": ""PR:000001874"", ""asserted"": ""True"", ""paths"": []}, {""sense"": ""positive"", ""pr"": ""PR:000001084"", ""asserted"": ""False"", ""paths"": [{""via"": ""exact_alias"", ""source_token"": ""CD8"", ""tokens"": [""CD8""]}, {""via"": ""exact_alias"", ""source_token"": ""CD8A"", ""tokens"": [""CD8A""]}, {""via"": ""exact_alias"", ""source_token"": ""CD8A"", ""tokens"": [""CD8A""]}, {""via"": ""pro_id"", ""pr"": ""PR:000001084"", ""tokens"": [""CD8""]}]}, {""sense"": ""positive"", ""pr"": ""PR:000003469"", ""asserted"": ""False"", ""paths"": []}, {""sense"": ""positive"", ""pr"": ""PR:000025403"", ""asserted"": ""False"", ""paths"": [{""via"": ""exact_alias"", ""source_token"": ""CD8"", ""tokens"": [""CD8""]}, {""via"": ""exact_alias"", ""source_token"": ""CD8A"", ""tokens"": [""CD8A""]}]}]"
SOULCAP:SC000072		CD4+/CD8+ TCRgd	CD4+/CD8+ gamma/delta T cell	TCRgd	Exact		2	CL:0000809	double-positive, alpha-beta thymocyte	8	0	CD4+, CD8+		CD14-/CD33-/CD64- (no axiom on any alt.), CD19-/CD20- (no axiom on any alt.), CD123-, CD45+, CD3+, TCRAB-/TCRGD+ (no axiom on any alt.), HLA-DR:not:positive/CD11C:not:high (no axiom on any alt.), CD15-/CD66B- (no axiom on any alt.), CD16-	no		"[""marker_axioms""]"	null	"[{""sense"": ""positive"", ""pr"": ""PR:000001004"", ""asserted"": ""True"", ""paths"": [{""via"": ""exact_alias"", ""source_token"": ""CD4"", ""tokens"": [""CD4""]}, {""via"": ""pro_id"", ""pr"": ""PR:000001004"", ""tokens"": [""CD4""]}]}, {""sense"": ""positive"", ""pr"": ""PR:000001084"", ""asserted"": ""False"", ""paths"": [{""via"": ""exact_alias"", ""source_token"": ""CD8"", ""tokens"": [""CD8""]}, {""via"": ""exact_alias"", ""source_token"": ""CD8A"", ""tokens"": [""CD8A""]}, {""via"": ""exact_alias"", ""source_token"": ""CD8A"", ""tokens"": [""CD8A""]}, {""via"": ""pro_id"", ""pr"": ""PR:000001084"", ""tokens"": [""CD8""]}]}, {""sense"": ""positive"", ""pr"": ""PR:000025402"", ""asserted"": ""True"", ""paths"": [{""via"": ""exact_alias"", ""source_token"": ""CD8"", ""tokens"": [""CD8""]}]}, {""sense"": ""positive"", ""pr"": ""PR:000025403"", ""asserted"": ""False"", ""paths"": [{""via"": ""exact_alias"", ""source_token"": ""CD8"", ""tokens"": [""CD8""]}, {""via"": ""exact_alias"", ""source_token"": ""CD8A"", ""tokens"": [""CD8A""]}]}]"
SOULCAP:SC000072		CD4+/CD8+ TCRgd	CD4+/CD8+ gamma/delta T cell	TCRgd	Exact		3	CL:0002427	resting double-positive thymocyte	8	0	CD4+, CD8+		CD14-/CD33-/CD64- (no axiom on any alt.), CD19-/CD20- (no axiom on any alt.), CD123-, CD45+, CD3+, TCRAB-/TCRGD+ (no axiom on any alt.), HLA-DR:not:positive/CD11C:not:high (no axiom on any alt.), CD15-/CD66B- (no axiom on any alt.), CD16-	no		"[""marker_axioms""]"	null	"[{""sense"": ""positive"", ""pr"": ""PR:000001004"", ""asserted"": ""False"", ""paths"": [{""via"": ""exact_alias"", ""source_token"": ""CD4"", ""tokens"": [""CD4""]}, {""via"": ""pro_id"", ""pr"": ""PR:000001004"", ""tokens"": [""CD4""]}]}, {""sense"": ""positive"", ""pr"": ""PR:000001084"", ""asserted"": ""False"", ""paths"": [{""via"": ""exact_alias"", ""source_token"": ""CD8"", ""tokens"": [""CD8""]}, {""via"": ""exact_alias"", ""source_token"": ""CD8A"", ""tokens"": [""CD8A""]}, {""via"": ""exact_alias"", ""source_token"": ""CD8A"", ""tokens"": [""CD8A""]}, {""via"": ""pro_id"", ""pr"": ""PR:000001084"", ""tokens"": [""CD8""]}]}, {""sense"": ""positive"", ""pr"": ""PR:000025402"", ""asserted"": ""False"", ""paths"": [{""via"": ""exact_alias"", ""source_token"": ""CD8"", ""tokens"": [""CD8""]}]}, {""sense"": ""positive"", ""pr"": ""PR:000025403"", ""asserted"": ""False"", ""paths"": [{""via"": ""exact_alias"", ""source_token"": ""CD8"", ""tokens"": [""CD8""]}, {""via"": ""exact_alias"", ""source_token"": ""CD8A"", ""tokens"": [""CD8A""]}]}]"
SOULCAP:SC000073		CD4-/CD8- TCRgd	CD4-/CD8- gamma/delta T cell	TCRgd	Exact		1	CL:0000803	CD4-negative CD8-negative gamma-delta intraepithelial T cell	10	2	CD4-, CD8-		CD14-/CD33-/CD64- (no axiom on any alt.), CD19-/CD20- (no axiom on any alt.), CD123-, CD45+, CD3+, TCRAB-/TCRGD+ (no axiom on any alt.), HLA-DR:not:positive/CD11C:not:high (no axiom on any alt.), CD15-/CD66B- (no axiom on any alt.), CD16-	no		"[""marker_axioms"", ""local_lexical""]"	"{""query"": ""cd4 cd8 gamma delta t cell"", ""exact"": false, ""token_jaccard"": 0.7142857142857143}"	"[{""sense"": ""negative"", ""pr"": ""PR:000001004"", ""asserted"": ""True"", ""paths"": [{""via"": ""exact_alias"", ""source_token"": ""CD4"", ""tokens"": [""CD4""]}, {""via"": ""pro_id"", ""pr"": ""PR:000001004"", ""tokens"": [""CD4""]}]}, {""sense"": ""negative"", ""pr"": ""PR:000001084"", ""asserted"": ""True"", ""paths"": [{""via"": ""exact_alias"", ""source_token"": ""CD8"", ""tokens"": [""CD8""]}, {""via"": ""exact_alias"", ""source_token"": ""CD8A"", ""tokens"": [""CD8A""]}, {""via"": ""exact_alias"", ""source_token"": ""CD8A"", ""tokens"": [""CD8A""]}, {""via"": ""pro_id"", ""pr"": ""PR:000001084"", ""tokens"": [""CD8""]}]}]"
SOULCAP:SC000073		CD4-/CD8- TCRgd	CD4-/CD8- gamma/delta T cell	TCRgd	Exact		2	CL:0000924	CD4-negative, CD8-negative type I NK T cell	10	2	CD4-, CD8-		CD14-/CD33-/CD64- (no axiom on any alt.), CD19-/CD20- (no axiom on any alt.), CD123-, CD45+, CD3+, TCRAB-/TCRGD+ (no axiom on any alt.), HLA-DR:not:positive/CD11C:not:high (no axiom on any alt.), CD15-/CD66B- (no axiom on any alt.), CD16-	no		"[""marker_axioms""]"	null	"[{""sense"": ""negative"", ""pr"": ""PR:000001004"", ""asserted"": ""True"", ""paths"": [{""via"": ""exact_alias"", ""source_token"": ""CD4"", ""tokens"": [""CD4""]}, {""via"": ""pro_id"", ""pr"": ""PR:000001004"", ""tokens"": [""CD4""]}]}, {""sense"": ""negative"", ""pr"": ""PR:000001084"", ""asserted"": ""True"", ""paths"": [{""via"": ""exact_alias"", ""source_token"": ""CD8"", ""tokens"": [""CD8""]}, {""via"": ""exact_alias"", ""source_token"": ""CD8A"", ""tokens"": [""CD8A""]}, {""via"": ""exact_alias"", ""source_token"": ""CD8A"", ""tokens"": [""CD8A""]}, {""via"": ""pro_id"", ""pr"": ""PR:000001084"", ""tokens"": [""CD8""]}]}, {""sense"": ""positive"", ""pr"": ""PR:000001874"", ""asserted"": ""False"", ""paths"": []}]"
SOULCAP:SC000073		CD4-/CD8- TCRgd	CD4-/CD8- gamma/delta T cell	TCRgd	Exact		3	CL:0000928	activated CD4-negative, CD8-negative type I NK T cell	10	2	CD4-, CD8-		CD14-/CD33-/CD64- (no axiom on any alt.), CD19-/CD20- (no axiom on any alt.), CD123-, CD45+, CD3+, TCRAB-/TCRGD+ (no axiom on any alt.), HLA-DR:not:positive/CD11C:not:high (no axiom on any alt.), CD15-/CD66B- (no axiom on any alt.), CD16-	no		"[""marker_axioms""]"	null	"[{""sense"": ""negative"", ""pr"": ""PR:000001004"", ""asserted"": ""False"", ""paths"": [{""via"": ""exact_alias"", ""source_token"": ""CD4"", ""tokens"": [""CD4""]}, {""via"": ""pro_id"", ""pr"": ""PR:000001004"", ""tokens"": [""CD4""]}]}, {""sense"": ""negative"", ""pr"": ""PR:000001084"", ""asserted"": ""False"", ""paths"": [{""via"": ""exact_alias"", ""source_token"": ""CD8"", ""tokens"": [""CD8""]}, {""via"": ""exact_alias"", ""source_token"": ""CD8A"", ""tokens"": [""CD8A""]}, {""via"": ""exact_alias"", ""source_token"": ""CD8A"", ""tokens"": [""CD8A""]}, {""via"": ""pro_id"", ""pr"": ""PR:000001084"", ""tokens"": [""CD8""]}]}, {""sense"": ""positive"", ""pr"": ""PR:000001343"", ""asserted"": ""True"", ""paths"": [{""via"": ""exact_alias"", ""source_token"": ""CD69"", ""tokens"": [""CD69""]}]}, {""sense"": ""positive"", ""pr"": ""PR:000001874"", ""asserted"": ""False"", ""paths"": []}]"
SOULCAP:SC000074		MAIT	Mucosal-associated Invariant T cell	T Lymph	Exact											invalid expression in Required phenotypic markers: mixed '|' and space in a group			
SOULCAP:SC000075		Conv TCRab		T Lymph	Exact											invalid expression in Required phenotypic markers: mixed '|' and space in a group			
SOULCAP:SC000076		CD4+ Conv TCRab		ConT TCRab	Exact											invalid expression in Required phenotypic markers: mixed '|' and space in a group			
SOULCAP:SC000077		CD8+ Conv TCRab		ConT TCRab	Exact											invalid expression in Required phenotypic markers: mixed '|' and space in a group			
SOULCAP:SC000078		CD4+/CD8+ Conv TCRab		ConT TCRab	Exact											invalid expression in Required phenotypic markers: mixed '|' and space in a group			
SOULCAP:SC000079		CD4-/CD8- Conv TCRab		ConT TCRab	Exact											invalid expression in Required phenotypic markers: mixed '|' and space in a group			
SOULCAP:SC000080		Tcm	Central memory alpha/beta and gamma/delta T cells	T cell	Exact		1	CL:0001057	myeloid dendritic cell, human	13	1	CD14- (1 of 3 alt.), CD19- (1 of 2 alt.), CD123-		HLA-DR:not:positive/CD11C:not:high (hi) (no axiom on any alt.), CD15-/CD66B- (no axiom on any alt.), CD16-	no		"[""marker_axioms""]"	null	"[{""sense"": ""high"", ""pr"": ""PR:000001013"", ""asserted"": ""False"", ""paths"": [{""via"": ""exact_alias"", ""source_token"": ""CD11"", ""tokens"": [""CD11""]}, {""via"": ""exact_alias"", ""source_token"": ""CD11C"", ""tokens"": [""CD11C""]}, {""via"": ""pro_id"", ""pr"": ""PR:000001013"", ""tokens"": [""CD11C""]}]}, {""sense"": ""negative"", ""pr"": ""PR:000001002"", ""asserted"": ""False"", ""paths"": [{""via"": ""exact_alias"", ""source_token"": ""CD19"", ""tokens"": [""CD19""]}, {""via"": ""pro_id"", ""pr"": ""PR:000001002"", ""tokens"": [""CD19""]}]}, {""sense"": ""negative"", ""pr"": ""PR:000001003"", ""asserted"": ""False"", ""paths"": [{""via"": ""exact_alias"", ""source_token"": ""CD34"", ""tokens"": [""CD34""]}, {""via"": ""pro_id"", ""pr"": ""PR:000001003"", ""tokens"": [""CD34""]}]}, {""sense"": ""negative"", ""pr"": ""PR:000001020"", ""asserted"": ""False"", ""paths"": [{""via"": ""exact_alias"", ""source_token"": ""CD3"", ""tokens"": [""CD3""]}, {""via"": ""exact_alias"", ""source_token"": ""CD3E"", ""tokens"": [""CD3E""]}, {""via"": ""exact_alias"", ""source_token"": ""CD3E"", ""tokens"": [""CD3E""]}, {""via"": ""pro_id"", ""pr"": ""PR:000001020"", ""tokens"": [""CD3""]}]}, {""sense"": ""negative"", ""pr"": ""PR:000001024"", ""asserted"": ""False"", ""paths"": [{""via"": ""exact_alias"", ""source_token"": ""CD56"", ""tokens"": [""CD56""]}, {""via"": ""pro_id"", ""pr"": ""PR:000001024"", ""tokens"": [""CD56""]}]}, {""sense"": ""negative"", ""pr"": ""PR:000001289"", ""asserted"": ""False"", ""paths"": [{""via"": ""exact_alias"", ""source_token"": ""CD20"", ""tokens"": [""CD20""]}, {""via"": ""pro_id"", ""pr"": ""PR:000001289"", ""tokens"": [""CD20""]}]}, {""sense"": ""negative"", ""pr"": ""PR:000001865"", ""asserted"": ""False"", ""paths"": [{""via"": ""exact_alias"", ""source_token"": ""CD123"", ""tokens"": [""CD123""]}, {""via"": ""pro_id"", ""pr"": ""PR:000001865"", ""tokens"": [""CD123""]}]}, {""sense"": ""negative"", ""pr"": ""PR:000001889"", ""asserted"": ""True"", ""paths"": [{""via"": ""exact_alias"", ""source_token"": ""CD14"", ""tokens"": [""CD14""]}, {""via"": ""pro_id"", ""pr"": ""PR:000001889"", ""tokens"": [""CD14""]}]}, {""sense"": ""positive"", ""pr"": ""PR:000002015"", ""asserted"": ""False"", ""paths"": []}]"
SOULCAP:SC000080		Tcm	Central memory alpha/beta and gamma/delta T cells	T cell	Exact		2	CL:0002000	Kit-positive erythroid progenitor cell	13	1	CD14- (1 of 3 alt.), CD19- (1 of 2 alt.), CD123-		HLA-DR:not:positive/CD11C:not:high (no axiom on any alt.), CD15-/CD66B- (no axiom on any alt.), CD16-	no		"[""marker_axioms""]"	null	"[{""sense"": ""negative"", ""pr"": ""PR:000001002"", ""asserted"": ""False"", ""paths"": [{""via"": ""exact_alias"", ""source_token"": ""CD19"", ""tokens"": [""CD19""]}, {""via"": ""pro_id"", ""pr"": ""PR:000001002"", ""tokens"": [""CD19""]}]}, {""sense"": ""negative"", ""pr"": ""PR:000001004"", ""asserted"": ""False"", ""paths"": [{""via"": ""exact_alias"", ""source_token"": ""CD4"", ""tokens"": [""CD4""]}, {""via"": ""pro_id"", ""pr"": ""PR:000001004"", ""tokens"": [""CD4""]}]}, {""sense"": ""negative"", ""pr"": ""PR:000001012"", ""asserted"": ""False"", ""paths"": [{""via"": ""exact_alias"", ""source_token"": ""CD11"", ""tokens"": [""CD11""]}, {""via"": ""exact_alias"", ""source_token"": ""CD11B"", ""tokens"": [""CD11B""]}]}, {""sense"": ""negative"", ""pr"": ""PR:000001020"", ""asserted"": ""False"", ""paths"": [{""via"": ""exact_alias"", ""source_token"": ""CD3"", ""tokens"": [""CD3""]}, {""via"": ""exact_alias"", ""source_token"": ""CD3E"", ""tokens"": [""CD3E""]}, {""via"": ""exact_alias"", ""source_token"": ""CD3E"", ""tokens"": [""CD3E""]}, {""via"": ""pro_id"", ""pr"": ""PR:000001020"", ""tokens"": [""CD3""]}]}, {""sense"": ""negative"", ""pr"": ""PR:000001024"", ""asserted"": ""False"", ""paths"": [{""via"": ""exact_alias"", ""source_token"": ""CD56"", ""tokens"": [""CD56""]}, {""via"": ""pro_id"", ""pr"": ""PR:000001024"", ""tokens"": [""CD56""]}]}, {""sense"": ""negative"", ""pr"": ""PR:000001083"", ""asserted"": ""False"", ""paths"": [{""via"": ""exact_alias"", ""source_token"": ""CD2"", ""tokens"": [""CD2""]}]}, {""sense"": ""negative"", ""pr"": ""PR:000001084"", ""asserted"": ""False"", ""paths"": [{""via"": ""exact_alias"", ""source_token"": ""CD8"", ""tokens"": [""CD8""]}, {""via"": ""exact_alias"", ""source_token"": ""CD8A"", ""tokens"": [""CD8A""]}, {""via"": ""exact_alias"", ""source_token"": ""CD8A"", ""tokens"": [""CD8A""]}, {""via"": ""pro_id"", ""pr"": ""PR:000001084"", ""tokens"": [""CD8""]}]}, {""sense"": ""negative"", ""pr"": ""PR:000001289"", ""asserted"": ""False"", ""paths"": [{""via"": ""exact_alias"", ""source_token"": ""CD20"", ""tokens"": [""CD20""]}, {""via"": ""pro_id"", ""pr"": ""PR:000001289"", ""tokens"": [""CD20""]}]}, {""sense"": ""negative"", ""pr"": ""PR:000001833"", ""asserted"": ""True"", ""paths"": [{""via"": ""exact_alias"", ""source_token"": ""CD150"", ""tokens"": [""CD150""]}, {""via"": ""exact_alias"", ""source_token"": ""CDW150"", ""tokens"": [""CDW150""]}]}, {""sense"": ""negative"", ""pr"": ""PR:000001839"", ""asserted"": ""False"", ""paths"": [{""via"": ""exact_alias"", ""source_token"": ""CD5"", ""tokens"": [""CD5""]}]}, {""sense"": ""negative"", ""pr"": ""PR:000001865"", ""asserted"": ""True"", ""paths"": [{""via"": ""exact_alias"", ""source_token"": ""CD123"", ""tokens"": [""CD123""]}, {""via"": ""pro_id"", ""pr"": ""PR:000001865"", ""tokens"": [""CD123""]}]}, {""sense"": ""negative"", ""pr"": ""PR:000001869"", ""asserted"": ""True"", ""paths"": [{""via"": ""exact_alias"", ""source_token"": ""CD127"", ""tokens"": [""CD127""]}, {""via"": ""exact_alias"", ""source_token"": ""CDW127"", ""tokens"": [""CDW127""]}, {""via"": ""pro_id"", ""pr"": ""PR:000001869"", ""tokens"": [""CD127""]}]}, {""sense"": ""negative"", ""pr"": ""PR:000001889"", ""asserted"": ""False"", ""paths"": [{""via"": ""exact_alias"", ""source_token"": ""CD14"", ""tokens"": [""CD14""]}, {""via"": ""pro_id"", ""pr"": ""PR:000001889"", ""tokens"": [""CD14""]}]}, {""sense"": ""negative"", ""pr"": ""PR:000002978"", ""asserted"": ""False"", ""paths"": []}, {""sense"": ""negative"", ""pr"": ""PR:000002979"", ""asserted"": ""True"", ""paths"": []}, {""sense"": ""negative"", ""pr"": ""PR:000009127"", ""asserted"": ""True"", ""paths"": [{""via"": ""exact_alias"", ""source_token"": ""CD41"", ""tokens"": [""CD41""]}]}, {""sense"": ""positive"", ""pr"": ""PR:000001345"", ""asserted"": ""True"", ""paths"": [{""via"": ""exact_alias"", ""source_token"": ""CD105"", ""tokens"": [""CD105""]}]}, {""sense"": ""positive"", ""pr"": ""PR:000001945"", ""asserted"": ""False"", ""paths"": [{""via"": ""exact_alias"", ""source_token"": ""CD71"", ""tokens"": [""CD71""]}]}, {""sense"": ""positive"", ""pr"": ""PR:000002065"", ""asserted"": ""True"", ""paths"": [{""via"": ""exact_alias"", ""source_token"": ""CD117"", ""tokens"": [""CD117""]}, {""via"": ""pro_id"", ""pr"": ""PR:000002065"", ""tokens"": [""CD117""]}]}]"
SOULCAP:SC000080		Tcm	Central memory alpha/beta and gamma/delta T cells	T cell	Exact		3	CL:0000938	CD16-negative, CD56-bright natural killer cell, human	11	1	CD14- (1 of 3 alt.), CD19- (1 of 2 alt.), CD16-		CD123-, HLA-DR:not:positive/CD11C:not:high (no axiom on any alt.), CD15-/CD66B- (no axiom on any alt.)	no		"[""marker_axioms""]"	null	"[{""sense"": ""high"", ""pr"": ""PR:000001024"", ""asserted"": ""True"", ""paths"": [{""via"": ""exact_alias"", ""source_token"": ""CD56"", ""tokens"": [""CD56""]}, {""via"": ""pro_id"", ""pr"": ""PR:000001024"", ""tokens"": [""CD56""]}]}, {""sense"": ""negative"", ""pr"": ""PR:000001002"", ""asserted"": ""False"", ""paths"": [{""via"": ""exact_alias"", ""source_token"": ""CD19"", ""tokens"": [""CD19""]}, {""via"": ""pro_id"", ""pr"": ""PR:000001002"", ""tokens"": [""CD19""]}]}, {""sense"": ""negative"", ""pr"": ""PR:000001020"", ""asserted"": ""False"", ""paths"": [{""via"": ""exact_alias"", ""source_token"": ""CD3"", ""tokens"": [""CD3""]}, {""via"": ""exact_alias"", ""source_token"": ""CD3E"", ""tokens"": [""CD3E""]}, {""via"": ""exact_alias"", ""source_token"": ""CD3E"", ""tokens"": [""CD3E""]}, {""via"": ""pro_id"", ""pr"": ""PR:000001020"", ""tokens"": [""CD3""]}]}, {""sense"": ""negative"", ""pr"": ""PR:000001289"", ""asserted"": ""False"", ""paths"": [{""via"": ""exact_alias"", ""source_token"": ""CD20"", ""tokens"": [""CD20""]}, {""via"": ""pro_id"", ""pr"": ""PR:000001289"", ""tokens"": [""CD20""]}]}, {""sense"": ""negative"", ""pr"": ""PR:000001483"", ""asserted"": ""True"", ""paths"": [{""via"": ""exact_alias"", ""source_token"": ""CD16"", ""tokens"": [""CD16""]}, {""via"": ""pro_id"", ""pr"": ""PR:000001483"", ""tokens"": [""CD16""]}]}, {""sense"": ""negative"", ""pr"": ""PR:000001889"", ""asserted"": ""False"", ""paths"": [{""via"": ""exact_alias"", ""source_token"": ""CD14"", ""tokens"": [""CD14""]}, {""via"": ""pro_id"", ""pr"": ""PR:000001889"", ""tokens"": [""CD14""]}]}, {""sense"": ""negative"", ""pr"": ""PR:000002015"", ""asserted"": ""True"", ""paths"": []}, {""sense"": ""positive"", ""pr"": ""PR:000001319"", ""asserted"": ""True"", ""paths"": [{""via"": ""exact_alias"", ""source_token"": ""CD84"", ""tokens"": [""CD84""]}]}]"
SOULCAP:SC000081		CD4+ Tcm	CD4+ central memory alpha/beta and gamma/delta T cells	CD4+ T cell	Exact		1	CL:0001057	myeloid dendritic cell, human	13	1	CD14- (1 of 3 alt.), CD19- (1 of 2 alt.), CD123-		HLA-DR:not:positive/CD11C:not:high (hi) (no axiom on any alt.), CD15-/CD66B- (no axiom on any alt.), CD16-	no		"[""marker_axioms""]"	null	"[{""sense"": ""high"", ""pr"": ""PR:000001013"", ""asserted"": ""False"", ""paths"": [{""via"": ""exact_alias"", ""source_token"": ""CD11"", ""tokens"": [""CD11""]}, {""via"": ""exact_alias"", ""source_token"": ""CD11C"", ""tokens"": [""CD11C""]}, {""via"": ""pro_id"", ""pr"": ""PR:000001013"", ""tokens"": [""CD11C""]}]}, {""sense"": ""negative"", ""pr"": ""PR:000001002"", ""asserted"": ""False"", ""paths"": [{""via"": ""exact_alias"", ""source_token"": ""CD19"", ""tokens"": [""CD19""]}, {""via"": ""pro_id"", ""pr"": ""PR:000001002"", ""tokens"": [""CD19""]}]}, {""sense"": ""negative"", ""pr"": ""PR:000001003"", ""asserted"": ""False"", ""paths"": [{""via"": ""exact_alias"", ""source_token"": ""CD34"", ""tokens"": [""CD34""]}, {""via"": ""pro_id"", ""pr"": ""PR:000001003"", ""tokens"": [""CD34""]}]}, {""sense"": ""negative"", ""pr"": ""PR:000001020"", ""asserted"": ""False"", ""paths"": [{""via"": ""exact_alias"", ""source_token"": ""CD3"", ""tokens"": [""CD3""]}, {""via"": ""exact_alias"", ""source_token"": ""CD3E"", ""tokens"": [""CD3E""]}, {""via"": ""exact_alias"", ""source_token"": ""CD3E"", ""tokens"": [""CD3E""]}, {""via"": ""pro_id"", ""pr"": ""PR:000001020"", ""tokens"": [""CD3""]}]}, {""sense"": ""negative"", ""pr"": ""PR:000001024"", ""asserted"": ""False"", ""paths"": [{""via"": ""exact_alias"", ""source_token"": ""CD56"", ""tokens"": [""CD56""]}, {""via"": ""pro_id"", ""pr"": ""PR:000001024"", ""tokens"": [""CD56""]}]}, {""sense"": ""negative"", ""pr"": ""PR:000001289"", ""asserted"": ""False"", ""paths"": [{""via"": ""exact_alias"", ""source_token"": ""CD20"", ""tokens"": [""CD20""]}, {""via"": ""pro_id"", ""pr"": ""PR:000001289"", ""tokens"": [""CD20""]}]}, {""sense"": ""negative"", ""pr"": ""PR:000001865"", ""asserted"": ""False"", ""paths"": [{""via"": ""exact_alias"", ""source_token"": ""CD123"", ""tokens"": [""CD123""]}, {""via"": ""pro_id"", ""pr"": ""PR:000001865"", ""tokens"": [""CD123""]}]}, {""sense"": ""negative"", ""pr"": ""PR:000001889"", ""asserted"": ""True"", ""paths"": [{""via"": ""exact_alias"", ""source_token"": ""CD14"", ""tokens"": [""CD14""]}, {""via"": ""pro_id"", ""pr"": ""PR:000001889"", ""tokens"": [""CD14""]}]}, {""sense"": ""positive"", ""pr"": ""PR:000002015"", ""asserted"": ""False"", ""paths"": []}]"
SOULCAP:SC000081		CD4+ Tcm	CD4+ central memory alpha/beta and gamma/delta T cells	CD4+ T cell	Exact		2	CL:0002000	Kit-positive erythroid progenitor cell	13	1	CD14- (1 of 3 alt.), CD19- (1 of 2 alt.), CD123-		HLA-DR:not:positive/CD11C:not:high (no axiom on any alt.), CD15-/CD66B- (no axiom on any alt.), CD16-	no		"[""marker_axioms""]"	null	"[{""sense"": ""negative"", ""pr"": ""PR:000001002"", ""asserted"": ""False"", ""paths"": [{""via"": ""exact_alias"", ""source_token"": ""CD19"", ""tokens"": [""CD19""]}, {""via"": ""pro_id"", ""pr"": ""PR:000001002"", ""tokens"": [""CD19""]}]}, {""sense"": ""negative"", ""pr"": ""PR:000001004"", ""asserted"": ""False"", ""paths"": [{""via"": ""exact_alias"", ""source_token"": ""CD4"", ""tokens"": [""CD4""]}, {""via"": ""pro_id"", ""pr"": ""PR:000001004"", ""tokens"": [""CD4""]}]}, {""sense"": ""negative"", ""pr"": ""PR:000001012"", ""asserted"": ""False"", ""paths"": [{""via"": ""exact_alias"", ""source_token"": ""CD11"", ""tokens"": [""CD11""]}, {""via"": ""exact_alias"", ""source_token"": ""CD11B"", ""tokens"": [""CD11B""]}]}, {""sense"": ""negative"", ""pr"": ""PR:000001020"", ""asserted"": ""False"", ""paths"": [{""via"": ""exact_alias"", ""source_token"": ""CD3"", ""tokens"": [""CD3""]}, {""via"": ""exact_alias"", ""source_token"": ""CD3E"", ""tokens"": [""CD3E""]}, {""via"": ""exact_alias"", ""source_token"": ""CD3E"", ""tokens"": [""CD3E""]}, {""via"": ""pro_id"", ""pr"": ""PR:000001020"", ""tokens"": [""CD3""]}]}, {""sense"": ""negative"", ""pr"": ""PR:000001024"", ""asserted"": ""False"", ""paths"": [{""via"": ""exact_alias"", ""source_token"": ""CD56"", ""tokens"": [""CD56""]}, {""via"": ""pro_id"", ""pr"": ""PR:000001024"", ""tokens"": [""CD56""]}]}, {""sense"": ""negative"", ""pr"": ""PR:000001083"", ""asserted"": ""False"", ""paths"": [{""via"": ""exact_alias"", ""source_token"": ""CD2"", ""tokens"": [""CD2""]}]}, {""sense"": ""negative"", ""pr"": ""PR:000001084"", ""asserted"": ""False"", ""paths"": [{""via"": ""exact_alias"", ""source_token"": ""CD8"", ""tokens"": [""CD8""]}, {""via"": ""exact_alias"", ""source_token"": ""CD8A"", ""tokens"": [""CD8A""]}, {""via"": ""exact_alias"", ""source_token"": ""CD8A"", ""tokens"": [""CD8A""]}, {""via"": ""pro_id"", ""pr"": ""PR:000001084"", ""tokens"": [""CD8""]}]}, {""sense"": ""negative"", ""pr"": ""PR:000001289"", ""asserted"": ""False"", ""paths"": [{""via"": ""exact_alias"", ""source_token"": ""CD20"", ""tokens"": [""CD20""]}, {""via"": ""pro_id"", ""pr"": ""PR:000001289"", ""tokens"": [""CD20""]}]}, {""sense"": ""negative"", ""pr"": ""PR:000001833"", ""asserted"": ""True"", ""paths"": [{""via"": ""exact_alias"", ""source_token"": ""CD150"", ""tokens"": [""CD150""]}, {""via"": ""exact_alias"", ""source_token"": ""CDW150"", ""tokens"": [""CDW150""]}]}, {""sense"": ""negative"", ""pr"": ""PR:000001839"", ""asserted"": ""False"", ""paths"": [{""via"": ""exact_alias"", ""source_token"": ""CD5"", ""tokens"": [""CD5""]}]}, {""sense"": ""negative"", ""pr"": ""PR:000001865"", ""asserted"": ""True"", ""paths"": [{""via"": ""exact_alias"", ""source_token"": ""CD123"", ""tokens"": [""CD123""]}, {""via"": ""pro_id"", ""pr"": ""PR:000001865"", ""tokens"": [""CD123""]}]}, {""sense"": ""negative"", ""pr"": ""PR:000001869"", ""asserted"": ""True"", ""paths"": [{""via"": ""exact_alias"", ""source_token"": ""CD127"", ""tokens"": [""CD127""]}, {""via"": ""exact_alias"", ""source_token"": ""CDW127"", ""tokens"": [""CDW127""]}, {""via"": ""pro_id"", ""pr"": ""PR:000001869"", ""tokens"": [""CD127""]}]}, {""sense"": ""negative"", ""pr"": ""PR:000001889"", ""asserted"": ""False"", ""paths"": [{""via"": ""exact_alias"", ""source_token"": ""CD14"", ""tokens"": [""CD14""]}, {""via"": ""pro_id"", ""pr"": ""PR:000001889"", ""tokens"": [""CD14""]}]}, {""sense"": ""negative"", ""pr"": ""PR:000002978"", ""asserted"": ""False"", ""paths"": []}, {""sense"": ""negative"", ""pr"": ""PR:000002979"", ""asserted"": ""True"", ""paths"": []}, {""sense"": ""negative"", ""pr"": ""PR:000009127"", ""asserted"": ""True"", ""paths"": [{""via"": ""exact_alias"", ""source_token"": ""CD41"", ""tokens"": [""CD41""]}]}, {""sense"": ""positive"", ""pr"": ""PR:000001345"", ""asserted"": ""True"", ""paths"": [{""via"": ""exact_alias"", ""source_token"": ""CD105"", ""tokens"": [""CD105""]}]}, {""sense"": ""positive"", ""pr"": ""PR:000001945"", ""asserted"": ""False"", ""paths"": [{""via"": ""exact_alias"", ""source_token"": ""CD71"", ""tokens"": [""CD71""]}]}, {""sense"": ""positive"", ""pr"": ""PR:000002065"", ""asserted"": ""True"", ""paths"": [{""via"": ""exact_alias"", ""source_token"": ""CD117"", ""tokens"": [""CD117""]}, {""via"": ""pro_id"", ""pr"": ""PR:000002065"", ""tokens"": [""CD117""]}]}]"
SOULCAP:SC000081		CD4+ Tcm	CD4+ central memory alpha/beta and gamma/delta T cells	CD4+ T cell	Exact		3	CL:0000938	CD16-negative, CD56-bright natural killer cell, human	11	1	CD14- (1 of 3 alt.), CD19- (1 of 2 alt.), CD16-		CD123-, HLA-DR:not:positive/CD11C:not:high (no axiom on any alt.), CD15-/CD66B- (no axiom on any alt.)	no		"[""marker_axioms""]"	null	"[{""sense"": ""high"", ""pr"": ""PR:000001024"", ""asserted"": ""True"", ""paths"": [{""via"": ""exact_alias"", ""source_token"": ""CD56"", ""tokens"": [""CD56""]}, {""via"": ""pro_id"", ""pr"": ""PR:000001024"", ""tokens"": [""CD56""]}]}, {""sense"": ""negative"", ""pr"": ""PR:000001002"", ""asserted"": ""False"", ""paths"": [{""via"": ""exact_alias"", ""source_token"": ""CD19"", ""tokens"": [""CD19""]}, {""via"": ""pro_id"", ""pr"": ""PR:000001002"", ""tokens"": [""CD19""]}]}, {""sense"": ""negative"", ""pr"": ""PR:000001020"", ""asserted"": ""False"", ""paths"": [{""via"": ""exact_alias"", ""source_token"": ""CD3"", ""tokens"": [""CD3""]}, {""via"": ""exact_alias"", ""source_token"": ""CD3E"", ""tokens"": [""CD3E""]}, {""via"": ""exact_alias"", ""source_token"": ""CD3E"", ""tokens"": [""CD3E""]}, {""via"": ""pro_id"", ""pr"": ""PR:000001020"", ""tokens"": [""CD3""]}]}, {""sense"": ""negative"", ""pr"": ""PR:000001289"", ""asserted"": ""False"", ""paths"": [{""via"": ""exact_alias"", ""source_token"": ""CD20"", ""tokens"": [""CD20""]}, {""via"": ""pro_id"", ""pr"": ""PR:000001289"", ""tokens"": [""CD20""]}]}, {""sense"": ""negative"", ""pr"": ""PR:000001483"", ""asserted"": ""True"", ""paths"": [{""via"": ""exact_alias"", ""source_token"": ""CD16"", ""tokens"": [""CD16""]}, {""via"": ""pro_id"", ""pr"": ""PR:000001483"", ""tokens"": [""CD16""]}]}, {""sense"": ""negative"", ""pr"": ""PR:000001889"", ""asserted"": ""False"", ""paths"": [{""via"": ""exact_alias"", ""source_token"": ""CD14"", ""tokens"": [""CD14""]}, {""via"": ""pro_id"", ""pr"": ""PR:000001889"", ""tokens"": [""CD14""]}]}, {""sense"": ""negative"", ""pr"": ""PR:000002015"", ""asserted"": ""True"", ""paths"": []}, {""sense"": ""positive"", ""pr"": ""PR:000001319"", ""asserted"": ""True"", ""paths"": [{""via"": ""exact_alias"", ""source_token"": ""CD84"", ""tokens"": [""CD84""]}]}]"
SOULCAP:SC000082		CD4+ TCRab Tcm	CD4+ central memory alpha/beta T cell	CD4+ TCRab T cell	Exact		1	CL:0001057	myeloid dendritic cell, human	13	1	CD14- (1 of 3 alt.), CD19- (1 of 2 alt.), CD123-		HLA-DR:not:positive/CD11C:not:high (hi) (no axiom on any alt.), CD15-/CD66B- (no axiom on any alt.), CD16-	no		"[""marker_axioms""]"	null	"[{""sense"": ""high"", ""pr"": ""PR:000001013"", ""asserted"": ""False"", ""paths"": [{""via"": ""exact_alias"", ""source_token"": ""CD11"", ""tokens"": [""CD11""]}, {""via"": ""exact_alias"", ""source_token"": ""CD11C"", ""tokens"": [""CD11C""]}, {""via"": ""pro_id"", ""pr"": ""PR:000001013"", ""tokens"": [""CD11C""]}]}, {""sense"": ""negative"", ""pr"": ""PR:000001002"", ""asserted"": ""False"", ""paths"": [{""via"": ""exact_alias"", ""source_token"": ""CD19"", ""tokens"": [""CD19""]}, {""via"": ""pro_id"", ""pr"": ""PR:000001002"", ""tokens"": [""CD19""]}]}, {""sense"": ""negative"", ""pr"": ""PR:000001003"", ""asserted"": ""False"", ""paths"": [{""via"": ""exact_alias"", ""source_token"": ""CD34"", ""tokens"": [""CD34""]}, {""via"": ""pro_id"", ""pr"": ""PR:000001003"", ""tokens"": [""CD34""]}]}, {""sense"": ""negative"", ""pr"": ""PR:000001020"", ""asserted"": ""False"", ""paths"": [{""via"": ""exact_alias"", ""source_token"": ""CD3"", ""tokens"": [""CD3""]}, {""via"": ""exact_alias"", ""source_token"": ""CD3E"", ""tokens"": [""CD3E""]}, {""via"": ""exact_alias"", ""source_token"": ""CD3E"", ""tokens"": [""CD3E""]}, {""via"": ""pro_id"", ""pr"": ""PR:000001020"", ""tokens"": [""CD3""]}]}, {""sense"": ""negative"", ""pr"": ""PR:000001024"", ""asserted"": ""False"", ""paths"": [{""via"": ""exact_alias"", ""source_token"": ""CD56"", ""tokens"": [""CD56""]}, {""via"": ""pro_id"", ""pr"": ""PR:000001024"", ""tokens"": [""CD56""]}]}, {""sense"": ""negative"", ""pr"": ""PR:000001289"", ""asserted"": ""False"", ""paths"": [{""via"": ""exact_alias"", ""source_token"": ""CD20"", ""tokens"": [""CD20""]}, {""via"": ""pro_id"", ""pr"": ""PR:000001289"", ""tokens"": [""CD20""]}]}, {""sense"": ""negative"", ""pr"": ""PR:000001865"", ""asserted"": ""False"", ""paths"": [{""via"": ""exact_alias"", ""source_token"": ""CD123"", ""tokens"": [""CD123""]}, {""via"": ""pro_id"", ""pr"": ""PR:000001865"", ""tokens"": [""CD123""]}]}, {""sense"": ""negative"", ""pr"": ""PR:000001889"", ""asserted"": ""True"", ""paths"": [{""via"": ""exact_alias"", ""source_token"": ""CD14"", ""tokens"": [""CD14""]}, {""via"": ""pro_id"", ""pr"": ""PR:000001889"", ""tokens"": [""CD14""]}]}, {""sense"": ""positive"", ""pr"": ""PR:000002015"", ""asserted"": ""False"", ""paths"": []}]"
SOULCAP:SC000082		CD4+ TCRab Tcm	CD4+ central memory alpha/beta T cell	CD4+ TCRab T cell	Exact		2	CL:0002000	Kit-positive erythroid progenitor cell	13	1	CD14- (1 of 3 alt.), CD19- (1 of 2 alt.), CD123-		HLA-DR:not:positive/CD11C:not:high (no axiom on any alt.), CD15-/CD66B- (no axiom on any alt.), CD16-	no		"[""marker_axioms""]"	null	"[{""sense"": ""negative"", ""pr"": ""PR:000001002"", ""asserted"": ""False"", ""paths"": [{""via"": ""exact_alias"", ""source_token"": ""CD19"", ""tokens"": [""CD19""]}, {""via"": ""pro_id"", ""pr"": ""PR:000001002"", ""tokens"": [""CD19""]}]}, {""sense"": ""negative"", ""pr"": ""PR:000001004"", ""asserted"": ""False"", ""paths"": [{""via"": ""exact_alias"", ""source_token"": ""CD4"", ""tokens"": [""CD4""]}, {""via"": ""pro_id"", ""pr"": ""PR:000001004"", ""tokens"": [""CD4""]}]}, {""sense"": ""negative"", ""pr"": ""PR:000001012"", ""asserted"": ""False"", ""paths"": [{""via"": ""exact_alias"", ""source_token"": ""CD11"", ""tokens"": [""CD11""]}, {""via"": ""exact_alias"", ""source_token"": ""CD11B"", ""tokens"": [""CD11B""]}]}, {""sense"": ""negative"", ""pr"": ""PR:000001020"", ""asserted"": ""False"", ""paths"": [{""via"": ""exact_alias"", ""source_token"": ""CD3"", ""tokens"": [""CD3""]}, {""via"": ""exact_alias"", ""source_token"": ""CD3E"", ""tokens"": [""CD3E""]}, {""via"": ""exact_alias"", ""source_token"": ""CD3E"", ""tokens"": [""CD3E""]}, {""via"": ""pro_id"", ""pr"": ""PR:000001020"", ""tokens"": [""CD3""]}]}, {""sense"": ""negative"", ""pr"": ""PR:000001024"", ""asserted"": ""False"", ""paths"": [{""via"": ""exact_alias"", ""source_token"": ""CD56"", ""tokens"": [""CD56""]}, {""via"": ""pro_id"", ""pr"": ""PR:000001024"", ""tokens"": [""CD56""]}]}, {""sense"": ""negative"", ""pr"": ""PR:000001083"", ""asserted"": ""False"", ""paths"": [{""via"": ""exact_alias"", ""source_token"": ""CD2"", ""tokens"": [""CD2""]}]}, {""sense"": ""negative"", ""pr"": ""PR:000001084"", ""asserted"": ""False"", ""paths"": [{""via"": ""exact_alias"", ""source_token"": ""CD8"", ""tokens"": [""CD8""]}, {""via"": ""exact_alias"", ""source_token"": ""CD8A"", ""tokens"": [""CD8A""]}, {""via"": ""exact_alias"", ""source_token"": ""CD8A"", ""tokens"": [""CD8A""]}, {""via"": ""pro_id"", ""pr"": ""PR:000001084"", ""tokens"": [""CD8""]}]}, {""sense"": ""negative"", ""pr"": ""PR:000001289"", ""asserted"": ""False"", ""paths"": [{""via"": ""exact_alias"", ""source_token"": ""CD20"", ""tokens"": [""CD20""]}, {""via"": ""pro_id"", ""pr"": ""PR:000001289"", ""tokens"": [""CD20""]}]}, {""sense"": ""negative"", ""pr"": ""PR:000001833"", ""asserted"": ""True"", ""paths"": [{""via"": ""exact_alias"", ""source_token"": ""CD150"", ""tokens"": [""CD150""]}, {""via"": ""exact_alias"", ""source_token"": ""CDW150"", ""tokens"": [""CDW150""]}]}, {""sense"": ""negative"", ""pr"": ""PR:000001839"", ""asserted"": ""False"", ""paths"": [{""via"": ""exact_alias"", ""source_token"": ""CD5"", ""tokens"": [""CD5""]}]}, {""sense"": ""negative"", ""pr"": ""PR:000001865"", ""asserted"": ""True"", ""paths"": [{""via"": ""exact_alias"", ""source_token"": ""CD123"", ""tokens"": [""CD123""]}, {""via"": ""pro_id"", ""pr"": ""PR:000001865"", ""tokens"": [""CD123""]}]}, {""sense"": ""negative"", ""pr"": ""PR:000001869"", ""asserted"": ""True"", ""paths"": [{""via"": ""exact_alias"", ""source_token"": ""CD127"", ""tokens"": [""CD127""]}, {""via"": ""exact_alias"", ""source_token"": ""CDW127"", ""tokens"": [""CDW127""]}, {""via"": ""pro_id"", ""pr"": ""PR:000001869"", ""tokens"": [""CD127""]}]}, {""sense"": ""negative"", ""pr"": ""PR:000001889"", ""asserted"": ""False"", ""paths"": [{""via"": ""exact_alias"", ""source_token"": ""CD14"", ""tokens"": [""CD14""]}, {""via"": ""pro_id"", ""pr"": ""PR:000001889"", ""tokens"": [""CD14""]}]}, {""sense"": ""negative"", ""pr"": ""PR:000002978"", ""asserted"": ""False"", ""paths"": []}, {""sense"": ""negative"", ""pr"": ""PR:000002979"", ""asserted"": ""True"", ""paths"": []}, {""sense"": ""negative"", ""pr"": ""PR:000009127"", ""asserted"": ""True"", ""paths"": [{""via"": ""exact_alias"", ""source_token"": ""CD41"", ""tokens"": [""CD41""]}]}, {""sense"": ""positive"", ""pr"": ""PR:000001345"", ""asserted"": ""True"", ""paths"": [{""via"": ""exact_alias"", ""source_token"": ""CD105"", ""tokens"": [""CD105""]}]}, {""sense"": ""positive"", ""pr"": ""PR:000001945"", ""asserted"": ""False"", ""paths"": [{""via"": ""exact_alias"", ""source_token"": ""CD71"", ""tokens"": [""CD71""]}]}, {""sense"": ""positive"", ""pr"": ""PR:000002065"", ""asserted"": ""True"", ""paths"": [{""via"": ""exact_alias"", ""source_token"": ""CD117"", ""tokens"": [""CD117""]}, {""via"": ""pro_id"", ""pr"": ""PR:000002065"", ""tokens"": [""CD117""]}]}]"
SOULCAP:SC000082		CD4+ TCRab Tcm	CD4+ central memory alpha/beta T cell	CD4+ TCRab T cell	Exact		3	CL:0000938	CD16-negative, CD56-bright natural killer cell, human	11	1	CD14- (1 of 3 alt.), CD19- (1 of 2 alt.), CD16-		CD123-, HLA-DR:not:positive/CD11C:not:high (no axiom on any alt.), CD15-/CD66B- (no axiom on any alt.)	no		"[""marker_axioms""]"	null	"[{""sense"": ""high"", ""pr"": ""PR:000001024"", ""asserted"": ""True"", ""paths"": [{""via"": ""exact_alias"", ""source_token"": ""CD56"", ""tokens"": [""CD56""]}, {""via"": ""pro_id"", ""pr"": ""PR:000001024"", ""tokens"": [""CD56""]}]}, {""sense"": ""negative"", ""pr"": ""PR:000001002"", ""asserted"": ""False"", ""paths"": [{""via"": ""exact_alias"", ""source_token"": ""CD19"", ""tokens"": [""CD19""]}, {""via"": ""pro_id"", ""pr"": ""PR:000001002"", ""tokens"": [""CD19""]}]}, {""sense"": ""negative"", ""pr"": ""PR:000001020"", ""asserted"": ""False"", ""paths"": [{""via"": ""exact_alias"", ""source_token"": ""CD3"", ""tokens"": [""CD3""]}, {""via"": ""exact_alias"", ""source_token"": ""CD3E"", ""tokens"": [""CD3E""]}, {""via"": ""exact_alias"", ""source_token"": ""CD3E"", ""tokens"": [""CD3E""]}, {""via"": ""pro_id"", ""pr"": ""PR:000001020"", ""tokens"": [""CD3""]}]}, {""sense"": ""negative"", ""pr"": ""PR:000001289"", ""asserted"": ""False"", ""paths"": [{""via"": ""exact_alias"", ""source_token"": ""CD20"", ""tokens"": [""CD20""]}, {""via"": ""pro_id"", ""pr"": ""PR:000001289"", ""tokens"": [""CD20""]}]}, {""sense"": ""negative"", ""pr"": ""PR:000001483"", ""asserted"": ""True"", ""paths"": [{""via"": ""exact_alias"", ""source_token"": ""CD16"", ""tokens"": [""CD16""]}, {""via"": ""pro_id"", ""pr"": ""PR:000001483"", ""tokens"": [""CD16""]}]}, {""sense"": ""negative"", ""pr"": ""PR:000001889"", ""asserted"": ""False"", ""paths"": [{""via"": ""exact_alias"", ""source_token"": ""CD14"", ""tokens"": [""CD14""]}, {""via"": ""pro_id"", ""pr"": ""PR:000001889"", ""tokens"": [""CD14""]}]}, {""sense"": ""negative"", ""pr"": ""PR:000002015"", ""asserted"": ""True"", ""paths"": []}, {""sense"": ""positive"", ""pr"": ""PR:000001319"", ""asserted"": ""True"", ""paths"": [{""via"": ""exact_alias"", ""source_token"": ""CD84"", ""tokens"": [""CD84""]}]}]"
SOULCAP:SC000083		CD4+ TCRgd Tcm	CD4+ central memory gamma/delta T cell	CD4+ TCRgd T cell			1	CL:0001057	myeloid dendritic cell, human	13	1	CD14- (1 of 3 alt.), CD19- (1 of 2 alt.), CD123-		HLA-DR:not:positive/CD11C:not:high (hi) (no axiom on any alt.), CD15-/CD66B- (no axiom on any alt.), CD16-	no		"[""marker_axioms""]"	null	"[{""sense"": ""high"", ""pr"": ""PR:000001013"", ""asserted"": ""False"", ""paths"": [{""via"": ""exact_alias"", ""source_token"": ""CD11"", ""tokens"": [""CD11""]}, {""via"": ""exact_alias"", ""source_token"": ""CD11C"", ""tokens"": [""CD11C""]}, {""via"": ""pro_id"", ""pr"": ""PR:000001013"", ""tokens"": [""CD11C""]}]}, {""sense"": ""negative"", ""pr"": ""PR:000001002"", ""asserted"": ""False"", ""paths"": [{""via"": ""exact_alias"", ""source_token"": ""CD19"", ""tokens"": [""CD19""]}, {""via"": ""pro_id"", ""pr"": ""PR:000001002"", ""tokens"": [""CD19""]}]}, {""sense"": ""negative"", ""pr"": ""PR:000001003"", ""asserted"": ""False"", ""paths"": [{""via"": ""exact_alias"", ""source_token"": ""CD34"", ""tokens"": [""CD34""]}, {""via"": ""pro_id"", ""pr"": ""PR:000001003"", ""tokens"": [""CD34""]}]}, {""sense"": ""negative"", ""pr"": ""PR:000001020"", ""asserted"": ""False"", ""paths"": [{""via"": ""exact_alias"", ""source_token"": ""CD3"", ""tokens"": [""CD3""]}, {""via"": ""exact_alias"", ""source_token"": ""CD3E"", ""tokens"": [""CD3E""]}, {""via"": ""exact_alias"", ""source_token"": ""CD3E"", ""tokens"": [""CD3E""]}, {""via"": ""pro_id"", ""pr"": ""PR:000001020"", ""tokens"": [""CD3""]}]}, {""sense"": ""negative"", ""pr"": ""PR:000001024"", ""asserted"": ""False"", ""paths"": [{""via"": ""exact_alias"", ""source_token"": ""CD56"", ""tokens"": [""CD56""]}, {""via"": ""pro_id"", ""pr"": ""PR:000001024"", ""tokens"": [""CD56""]}]}, {""sense"": ""negative"", ""pr"": ""PR:000001289"", ""asserted"": ""False"", ""paths"": [{""via"": ""exact_alias"", ""source_token"": ""CD20"", ""tokens"": [""CD20""]}, {""via"": ""pro_id"", ""pr"": ""PR:000001289"", ""tokens"": [""CD20""]}]}, {""sense"": ""negative"", ""pr"": ""PR:000001865"", ""asserted"": ""False"", ""paths"": [{""via"": ""exact_alias"", ""source_token"": ""CD123"", ""tokens"": [""CD123""]}, {""via"": ""pro_id"", ""pr"": ""PR:000001865"", ""tokens"": [""CD123""]}]}, {""sense"": ""negative"", ""pr"": ""PR:000001889"", ""asserted"": ""True"", ""paths"": [{""via"": ""exact_alias"", ""source_token"": ""CD14"", ""tokens"": [""CD14""]}, {""via"": ""pro_id"", ""pr"": ""PR:000001889"", ""tokens"": [""CD14""]}]}, {""sense"": ""positive"", ""pr"": ""PR:000002015"", ""asserted"": ""False"", ""paths"": []}]"
SOULCAP:SC000083		CD4+ TCRgd Tcm	CD4+ central memory gamma/delta T cell	CD4+ TCRgd T cell			2	CL:0002000	Kit-positive erythroid progenitor cell	13	1	CD14- (1 of 3 alt.), CD19- (1 of 2 alt.), CD123-		HLA-DR:not:positive/CD11C:not:high (no axiom on any alt.), CD15-/CD66B- (no axiom on any alt.), CD16-	no		"[""marker_axioms""]"	null	"[{""sense"": ""negative"", ""pr"": ""PR:000001002"", ""asserted"": ""False"", ""paths"": [{""via"": ""exact_alias"", ""source_token"": ""CD19"", ""tokens"": [""CD19""]}, {""via"": ""pro_id"", ""pr"": ""PR:000001002"", ""tokens"": [""CD19""]}]}, {""sense"": ""negative"", ""pr"": ""PR:000001004"", ""asserted"": ""False"", ""paths"": [{""via"": ""exact_alias"", ""source_token"": ""CD4"", ""tokens"": [""CD4""]}, {""via"": ""pro_id"", ""pr"": ""PR:000001004"", ""tokens"": [""CD4""]}]}, {""sense"": ""negative"", ""pr"": ""PR:000001012"", ""asserted"": ""False"", ""paths"": [{""via"": ""exact_alias"", ""source_token"": ""CD11"", ""tokens"": [""CD11""]}, {""via"": ""exact_alias"", ""source_token"": ""CD11B"", ""tokens"": [""CD11B""]}]}, {""sense"": ""negative"", ""pr"": ""PR:000001020"", ""asserted"": ""False"", ""paths"": [{""via"": ""exact_alias"", ""source_token"": ""CD3"", ""tokens"": [""CD3""]}, {""via"": ""exact_alias"", ""source_token"": ""CD3E"", ""tokens"": [""CD3E""]}, {""via"": ""exact_alias"", ""source_token"": ""CD3E"", ""tokens"": [""CD3E""]}, {""via"": ""pro_id"", ""pr"": ""PR:000001020"", ""tokens"": [""CD3""]}]}, {""sense"": ""negative"", ""pr"": ""PR:000001024"", ""asserted"": ""False"", ""paths"": [{""via"": ""exact_alias"", ""source_token"": ""CD56"", ""tokens"": [""CD56""]}, {""via"": ""pro_id"", ""pr"": ""PR:000001024"", ""tokens"": [""CD56""]}]}, {""sense"": ""negative"", ""pr"": ""PR:000001083"", ""asserted"": ""False"", ""paths"": [{""via"": ""exact_alias"", ""source_token"": ""CD2"", ""tokens"": [""CD2""]}]}, {""sense"": ""negative"", ""pr"": ""PR:000001084"", ""asserted"": ""False"", ""paths"": [{""via"": ""exact_alias"", ""source_token"": ""CD8"", ""tokens"": [""CD8""]}, {""via"": ""exact_alias"", ""source_token"": ""CD8A"", ""tokens"": [""CD8A""]}, {""via"": ""exact_alias"", ""source_token"": ""CD8A"", ""tokens"": [""CD8A""]}, {""via"": ""pro_id"", ""pr"": ""PR:000001084"", ""tokens"": [""CD8""]}]}, {""sense"": ""negative"", ""pr"": ""PR:000001289"", ""asserted"": ""False"", ""paths"": [{""via"": ""exact_alias"", ""source_token"": ""CD20"", ""tokens"": [""CD20""]}, {""via"": ""pro_id"", ""pr"": ""PR:000001289"", ""tokens"": [""CD20""]}]}, {""sense"": ""negative"", ""pr"": ""PR:000001833"", ""asserted"": ""True"", ""paths"": [{""via"": ""exact_alias"", ""source_token"": ""CD150"", ""tokens"": [""CD150""]}, {""via"": ""exact_alias"", ""source_token"": ""CDW150"", ""tokens"": [""CDW150""]}]}, {""sense"": ""negative"", ""pr"": ""PR:000001839"", ""asserted"": ""False"", ""paths"": [{""via"": ""exact_alias"", ""source_token"": ""CD5"", ""tokens"": [""CD5""]}]}, {""sense"": ""negative"", ""pr"": ""PR:000001865"", ""asserted"": ""True"", ""paths"": [{""via"": ""exact_alias"", ""source_token"": ""CD123"", ""tokens"": [""CD123""]}, {""via"": ""pro_id"", ""pr"": ""PR:000001865"", ""tokens"": [""CD123""]}]}, {""sense"": ""negative"", ""pr"": ""PR:000001869"", ""asserted"": ""True"", ""paths"": [{""via"": ""exact_alias"", ""source_token"": ""CD127"", ""tokens"": [""CD127""]}, {""via"": ""exact_alias"", ""source_token"": ""CDW127"", ""tokens"": [""CDW127""]}, {""via"": ""pro_id"", ""pr"": ""PR:000001869"", ""tokens"": [""CD127""]}]}, {""sense"": ""negative"", ""pr"": ""PR:000001889"", ""asserted"": ""False"", ""paths"": [{""via"": ""exact_alias"", ""source_token"": ""CD14"", ""tokens"": [""CD14""]}, {""via"": ""pro_id"", ""pr"": ""PR:000001889"", ""tokens"": [""CD14""]}]}, {""sense"": ""negative"", ""pr"": ""PR:000002978"", ""asserted"": ""False"", ""paths"": []}, {""sense"": ""negative"", ""pr"": ""PR:000002979"", ""asserted"": ""True"", ""paths"": []}, {""sense"": ""negative"", ""pr"": ""PR:000009127"", ""asserted"": ""True"", ""paths"": [{""via"": ""exact_alias"", ""source_token"": ""CD41"", ""tokens"": [""CD41""]}]}, {""sense"": ""positive"", ""pr"": ""PR:000001345"", ""asserted"": ""True"", ""paths"": [{""via"": ""exact_alias"", ""source_token"": ""CD105"", ""tokens"": [""CD105""]}]}, {""sense"": ""positive"", ""pr"": ""PR:000001945"", ""asserted"": ""False"", ""paths"": [{""via"": ""exact_alias"", ""source_token"": ""CD71"", ""tokens"": [""CD71""]}]}, {""sense"": ""positive"", ""pr"": ""PR:000002065"", ""asserted"": ""True"", ""paths"": [{""via"": ""exact_alias"", ""source_token"": ""CD117"", ""tokens"": [""CD117""]}, {""via"": ""pro_id"", ""pr"": ""PR:000002065"", ""tokens"": [""CD117""]}]}]"
SOULCAP:SC000083		CD4+ TCRgd Tcm	CD4+ central memory gamma/delta T cell	CD4+ TCRgd T cell			3	CL:0000938	CD16-negative, CD56-bright natural killer cell, human	11	1	CD14- (1 of 3 alt.), CD19- (1 of 2 alt.), CD16-		CD123-, HLA-DR:not:positive/CD11C:not:high (no axiom on any alt.), CD15-/CD66B- (no axiom on any alt.)	no		"[""marker_axioms""]"	null	"[{""sense"": ""high"", ""pr"": ""PR:000001024"", ""asserted"": ""True"", ""paths"": [{""via"": ""exact_alias"", ""source_token"": ""CD56"", ""tokens"": [""CD56""]}, {""via"": ""pro_id"", ""pr"": ""PR:000001024"", ""tokens"": [""CD56""]}]}, {""sense"": ""negative"", ""pr"": ""PR:000001002"", ""asserted"": ""False"", ""paths"": [{""via"": ""exact_alias"", ""source_token"": ""CD19"", ""tokens"": [""CD19""]}, {""via"": ""pro_id"", ""pr"": ""PR:000001002"", ""tokens"": [""CD19""]}]}, {""sense"": ""negative"", ""pr"": ""PR:000001020"", ""asserted"": ""False"", ""paths"": [{""via"": ""exact_alias"", ""source_token"": ""CD3"", ""tokens"": [""CD3""]}, {""via"": ""exact_alias"", ""source_token"": ""CD3E"", ""tokens"": [""CD3E""]}, {""via"": ""exact_alias"", ""source_token"": ""CD3E"", ""tokens"": [""CD3E""]}, {""via"": ""pro_id"", ""pr"": ""PR:000001020"", ""tokens"": [""CD3""]}]}, {""sense"": ""negative"", ""pr"": ""PR:000001289"", ""asserted"": ""False"", ""paths"": [{""via"": ""exact_alias"", ""source_token"": ""CD20"", ""tokens"": [""CD20""]}, {""via"": ""pro_id"", ""pr"": ""PR:000001289"", ""tokens"": [""CD20""]}]}, {""sense"": ""negative"", ""pr"": ""PR:000001483"", ""asserted"": ""True"", ""paths"": [{""via"": ""exact_alias"", ""source_token"": ""CD16"", ""tokens"": [""CD16""]}, {""via"": ""pro_id"", ""pr"": ""PR:000001483"", ""tokens"": [""CD16""]}]}, {""sense"": ""negative"", ""pr"": ""PR:000001889"", ""asserted"": ""False"", ""paths"": [{""via"": ""exact_alias"", ""source_token"": ""CD14"", ""tokens"": [""CD14""]}, {""via"": ""pro_id"", ""pr"": ""PR:000001889"", ""tokens"": [""CD14""]}]}, {""sense"": ""negative"", ""pr"": ""PR:000002015"", ""asserted"": ""True"", ""paths"": []}, {""sense"": ""positive"", ""pr"": ""PR:000001319"", ""asserted"": ""True"", ""paths"": [{""via"": ""exact_alias"", ""source_token"": ""CD84"", ""tokens"": [""CD84""]}]}]"
SOULCAP:SC000084		CD8+ Tcm	CD8+ central memory T cell	CD8+ T cell	Exact		1	CL:0001057	myeloid dendritic cell, human	13	1	CD14- (1 of 3 alt.), CD19- (1 of 2 alt.), CD123-		HLA-DR:not:positive/CD11C:not:high (hi) (no axiom on any alt.), CD15-/CD66B- (no axiom on any alt.), CD16-	no		"[""marker_axioms""]"	null	"[{""sense"": ""high"", ""pr"": ""PR:000001013"", ""asserted"": ""False"", ""paths"": [{""via"": ""exact_alias"", ""source_token"": ""CD11"", ""tokens"": [""CD11""]}, {""via"": ""exact_alias"", ""source_token"": ""CD11C"", ""tokens"": [""CD11C""]}, {""via"": ""pro_id"", ""pr"": ""PR:000001013"", ""tokens"": [""CD11C""]}]}, {""sense"": ""negative"", ""pr"": ""PR:000001002"", ""asserted"": ""False"", ""paths"": [{""via"": ""exact_alias"", ""source_token"": ""CD19"", ""tokens"": [""CD19""]}, {""via"": ""pro_id"", ""pr"": ""PR:000001002"", ""tokens"": [""CD19""]}]}, {""sense"": ""negative"", ""pr"": ""PR:000001003"", ""asserted"": ""False"", ""paths"": [{""via"": ""exact_alias"", ""source_token"": ""CD34"", ""tokens"": [""CD34""]}, {""via"": ""pro_id"", ""pr"": ""PR:000001003"", ""tokens"": [""CD34""]}]}, {""sense"": ""negative"", ""pr"": ""PR:000001020"", ""asserted"": ""False"", ""paths"": [{""via"": ""exact_alias"", ""source_token"": ""CD3"", ""tokens"": [""CD3""]}, {""via"": ""exact_alias"", ""source_token"": ""CD3E"", ""tokens"": [""CD3E""]}, {""via"": ""exact_alias"", ""source_token"": ""CD3E"", ""tokens"": [""CD3E""]}, {""via"": ""pro_id"", ""pr"": ""PR:000001020"", ""tokens"": [""CD3""]}]}, {""sense"": ""negative"", ""pr"": ""PR:000001024"", ""asserted"": ""False"", ""paths"": [{""via"": ""exact_alias"", ""source_token"": ""CD56"", ""tokens"": [""CD56""]}, {""via"": ""pro_id"", ""pr"": ""PR:000001024"", ""tokens"": [""CD56""]}]}, {""sense"": ""negative"", ""pr"": ""PR:000001289"", ""asserted"": ""False"", ""paths"": [{""via"": ""exact_alias"", ""source_token"": ""CD20"", ""tokens"": [""CD20""]}, {""via"": ""pro_id"", ""pr"": ""PR:000001289"", ""tokens"": [""CD20""]}]}, {""sense"": ""negative"", ""pr"": ""PR:000001865"", ""asserted"": ""False"", ""paths"": [{""via"": ""exact_alias"", ""source_token"": ""CD123"", ""tokens"": [""CD123""]}, {""via"": ""pro_id"", ""pr"": ""PR:000001865"", ""tokens"": [""CD123""]}]}, {""sense"": ""negative"", ""pr"": ""PR:000001889"", ""asserted"": ""True"", ""paths"": [{""via"": ""exact_alias"", ""source_token"": ""CD14"", ""tokens"": [""CD14""]}, {""via"": ""pro_id"", ""pr"": ""PR:000001889"", ""tokens"": [""CD14""]}]}, {""sense"": ""positive"", ""pr"": ""PR:000002015"", ""asserted"": ""False"", ""paths"": []}]"
SOULCAP:SC000084		CD8+ Tcm	CD8+ central memory T cell	CD8+ T cell	Exact		2	CL:0002000	Kit-positive erythroid progenitor cell	13	1	CD14- (1 of 3 alt.), CD19- (1 of 2 alt.), CD123-		HLA-DR:not:positive/CD11C:not:high (no axiom on any alt.), CD15-/CD66B- (no axiom on any alt.), CD16-	no		"[""marker_axioms""]"	null	"[{""sense"": ""negative"", ""pr"": ""PR:000001002"", ""asserted"": ""False"", ""paths"": [{""via"": ""exact_alias"", ""source_token"": ""CD19"", ""tokens"": [""CD19""]}, {""via"": ""pro_id"", ""pr"": ""PR:000001002"", ""tokens"": [""CD19""]}]}, {""sense"": ""negative"", ""pr"": ""PR:000001004"", ""asserted"": ""False"", ""paths"": [{""via"": ""exact_alias"", ""source_token"": ""CD4"", ""tokens"": [""CD4""]}, {""via"": ""pro_id"", ""pr"": ""PR:000001004"", ""tokens"": [""CD4""]}]}, {""sense"": ""negative"", ""pr"": ""PR:000001012"", ""asserted"": ""False"", ""paths"": [{""via"": ""exact_alias"", ""source_token"": ""CD11"", ""tokens"": [""CD11""]}, {""via"": ""exact_alias"", ""source_token"": ""CD11B"", ""tokens"": [""CD11B""]}]}, {""sense"": ""negative"", ""pr"": ""PR:000001020"", ""asserted"": ""False"", ""paths"": [{""via"": ""exact_alias"", ""source_token"": ""CD3"", ""tokens"": [""CD3""]}, {""via"": ""exact_alias"", ""source_token"": ""CD3E"", ""tokens"": [""CD3E""]}, {""via"": ""exact_alias"", ""source_token"": ""CD3E"", ""tokens"": [""CD3E""]}, {""via"": ""pro_id"", ""pr"": ""PR:000001020"", ""tokens"": [""CD3""]}]}, {""sense"": ""negative"", ""pr"": ""PR:000001024"", ""asserted"": ""False"", ""paths"": [{""via"": ""exact_alias"", ""source_token"": ""CD56"", ""tokens"": [""CD56""]}, {""via"": ""pro_id"", ""pr"": ""PR:000001024"", ""tokens"": [""CD56""]}]}, {""sense"": ""negative"", ""pr"": ""PR:000001083"", ""asserted"": ""False"", ""paths"": [{""via"": ""exact_alias"", ""source_token"": ""CD2"", ""tokens"": [""CD2""]}]}, {""sense"": ""negative"", ""pr"": ""PR:000001084"", ""asserted"": ""False"", ""paths"": [{""via"": ""exact_alias"", ""source_token"": ""CD8"", ""tokens"": [""CD8""]}, {""via"": ""exact_alias"", ""source_token"": ""CD8A"", ""tokens"": [""CD8A""]}, {""via"": ""exact_alias"", ""source_token"": ""CD8A"", ""tokens"": [""CD8A""]}, {""via"": ""pro_id"", ""pr"": ""PR:000001084"", ""tokens"": [""CD8""]}]}, {""sense"": ""negative"", ""pr"": ""PR:000001289"", ""asserted"": ""False"", ""paths"": [{""via"": ""exact_alias"", ""source_token"": ""CD20"", ""tokens"": [""CD20""]}, {""via"": ""pro_id"", ""pr"": ""PR:000001289"", ""tokens"": [""CD20""]}]}, {""sense"": ""negative"", ""pr"": ""PR:000001833"", ""asserted"": ""True"", ""paths"": [{""via"": ""exact_alias"", ""source_token"": ""CD150"", ""tokens"": [""CD150""]}, {""via"": ""exact_alias"", ""source_token"": ""CDW150"", ""tokens"": [""CDW150""]}]}, {""sense"": ""negative"", ""pr"": ""PR:000001839"", ""asserted"": ""False"", ""paths"": [{""via"": ""exact_alias"", ""source_token"": ""CD5"", ""tokens"": [""CD5""]}]}, {""sense"": ""negative"", ""pr"": ""PR:000001865"", ""asserted"": ""True"", ""paths"": [{""via"": ""exact_alias"", ""source_token"": ""CD123"", ""tokens"": [""CD123""]}, {""via"": ""pro_id"", ""pr"": ""PR:000001865"", ""tokens"": [""CD123""]}]}, {""sense"": ""negative"", ""pr"": ""PR:000001869"", ""asserted"": ""True"", ""paths"": [{""via"": ""exact_alias"", ""source_token"": ""CD127"", ""tokens"": [""CD127""]}, {""via"": ""exact_alias"", ""source_token"": ""CDW127"", ""tokens"": [""CDW127""]}, {""via"": ""pro_id"", ""pr"": ""PR:000001869"", ""tokens"": [""CD127""]}]}, {""sense"": ""negative"", ""pr"": ""PR:000001889"", ""asserted"": ""False"", ""paths"": [{""via"": ""exact_alias"", ""source_token"": ""CD14"", ""tokens"": [""CD14""]}, {""via"": ""pro_id"", ""pr"": ""PR:000001889"", ""tokens"": [""CD14""]}]}, {""sense"": ""negative"", ""pr"": ""PR:000002978"", ""asserted"": ""False"", ""paths"": []}, {""sense"": ""negative"", ""pr"": ""PR:000002979"", ""asserted"": ""True"", ""paths"": []}, {""sense"": ""negative"", ""pr"": ""PR:000009127"", ""asserted"": ""True"", ""paths"": [{""via"": ""exact_alias"", ""source_token"": ""CD41"", ""tokens"": [""CD41""]}]}, {""sense"": ""positive"", ""pr"": ""PR:000001345"", ""asserted"": ""True"", ""paths"": [{""via"": ""exact_alias"", ""source_token"": ""CD105"", ""tokens"": [""CD105""]}]}, {""sense"": ""positive"", ""pr"": ""PR:000001945"", ""asserted"": ""False"", ""paths"": [{""via"": ""exact_alias"", ""source_token"": ""CD71"", ""tokens"": [""CD71""]}]}, {""sense"": ""positive"", ""pr"": ""PR:000002065"", ""asserted"": ""True"", ""paths"": [{""via"": ""exact_alias"", ""source_token"": ""CD117"", ""tokens"": [""CD117""]}, {""via"": ""pro_id"", ""pr"": ""PR:000002065"", ""tokens"": [""CD117""]}]}]"
SOULCAP:SC000084		CD8+ Tcm	CD8+ central memory T cell	CD8+ T cell	Exact		3	CL:0000938	CD16-negative, CD56-bright natural killer cell, human	11	1	CD14- (1 of 3 alt.), CD19- (1 of 2 alt.), CD16-		CD123-, HLA-DR:not:positive/CD11C:not:high (no axiom on any alt.), CD15-/CD66B- (no axiom on any alt.)	no		"[""marker_axioms""]"	null	"[{""sense"": ""high"", ""pr"": ""PR:000001024"", ""asserted"": ""True"", ""paths"": [{""via"": ""exact_alias"", ""source_token"": ""CD56"", ""tokens"": [""CD56""]}, {""via"": ""pro_id"", ""pr"": ""PR:000001024"", ""tokens"": [""CD56""]}]}, {""sense"": ""negative"", ""pr"": ""PR:000001002"", ""asserted"": ""False"", ""paths"": [{""via"": ""exact_alias"", ""source_token"": ""CD19"", ""tokens"": [""CD19""]}, {""via"": ""pro_id"", ""pr"": ""PR:000001002"", ""tokens"": [""CD19""]}]}, {""sense"": ""negative"", ""pr"": ""PR:000001020"", ""asserted"": ""False"", ""paths"": [{""via"": ""exact_alias"", ""source_token"": ""CD3"", ""tokens"": [""CD3""]}, {""via"": ""exact_alias"", ""source_token"": ""CD3E"", ""tokens"": [""CD3E""]}, {""via"": ""exact_alias"", ""source_token"": ""CD3E"", ""tokens"": [""CD3E""]}, {""via"": ""pro_id"", ""pr"": ""PR:000001020"", ""tokens"": [""CD3""]}]}, {""sense"": ""negative"", ""pr"": ""PR:000001289"", ""asserted"": ""False"", ""paths"": [{""via"": ""exact_alias"", ""source_token"": ""CD20"", ""tokens"": [""CD20""]}, {""via"": ""pro_id"", ""pr"": ""PR:000001289"", ""tokens"": [""CD20""]}]}, {""sense"": ""negative"", ""pr"": ""PR:000001483"", ""asserted"": ""True"", ""paths"": [{""via"": ""exact_alias"", ""source_token"": ""CD16"", ""tokens"": [""CD16""]}, {""via"": ""pro_id"", ""pr"": ""PR:000001483"", ""tokens"": [""CD16""]}]}, {""sense"": ""negative"", ""pr"": ""PR:000001889"", ""asserted"": ""False"", ""paths"": [{""via"": ""exact_alias"", ""source_token"": ""CD14"", ""tokens"": [""CD14""]}, {""via"": ""pro_id"", ""pr"": ""PR:000001889"", ""tokens"": [""CD14""]}]}, {""sense"": ""negative"", ""pr"": ""PR:000002015"", ""asserted"": ""True"", ""paths"": []}, {""sense"": ""positive"", ""pr"": ""PR:000001319"", ""asserted"": ""True"", ""paths"": [{""via"": ""exact_alias"", ""source_token"": ""CD84"", ""tokens"": [""CD84""]}]}]"
SOULCAP:SC000085		CD8+ TCRab Tcm	CD8+  central memory alpha/beta T cell	CD8+ TCRab T cell	Exact		1	CL:0001057	myeloid dendritic cell, human	13	1	CD14- (1 of 3 alt.), CD19- (1 of 2 alt.), CD123-		HLA-DR:not:positive/CD11C:not:high (hi) (no axiom on any alt.), CD15-/CD66B- (no axiom on any alt.), CD16-	no		"[""marker_axioms""]"	null	"[{""sense"": ""high"", ""pr"": ""PR:000001013"", ""asserted"": ""False"", ""paths"": [{""via"": ""exact_alias"", ""source_token"": ""CD11"", ""tokens"": [""CD11""]}, {""via"": ""exact_alias"", ""source_token"": ""CD11C"", ""tokens"": [""CD11C""]}, {""via"": ""pro_id"", ""pr"": ""PR:000001013"", ""tokens"": [""CD11C""]}]}, {""sense"": ""negative"", ""pr"": ""PR:000001002"", ""asserted"": ""False"", ""paths"": [{""via"": ""exact_alias"", ""source_token"": ""CD19"", ""tokens"": [""CD19""]}, {""via"": ""pro_id"", ""pr"": ""PR:000001002"", ""tokens"": [""CD19""]}]}, {""sense"": ""negative"", ""pr"": ""PR:000001003"", ""asserted"": ""False"", ""paths"": [{""via"": ""exact_alias"", ""source_token"": ""CD34"", ""tokens"": [""CD34""]}, {""via"": ""pro_id"", ""pr"": ""PR:000001003"", ""tokens"": [""CD34""]}]}, {""sense"": ""negative"", ""pr"": ""PR:000001020"", ""asserted"": ""False"", ""paths"": [{""via"": ""exact_alias"", ""source_token"": ""CD3"", ""tokens"": [""CD3""]}, {""via"": ""exact_alias"", ""source_token"": ""CD3E"", ""tokens"": [""CD3E""]}, {""via"": ""exact_alias"", ""source_token"": ""CD3E"", ""tokens"": [""CD3E""]}, {""via"": ""pro_id"", ""pr"": ""PR:000001020"", ""tokens"": [""CD3""]}]}, {""sense"": ""negative"", ""pr"": ""PR:000001024"", ""asserted"": ""False"", ""paths"": [{""via"": ""exact_alias"", ""source_token"": ""CD56"", ""tokens"": [""CD56""]}, {""via"": ""pro_id"", ""pr"": ""PR:000001024"", ""tokens"": [""CD56""]}]}, {""sense"": ""negative"", ""pr"": ""PR:000001289"", ""asserted"": ""False"", ""paths"": [{""via"": ""exact_alias"", ""source_token"": ""CD20"", ""tokens"": [""CD20""]}, {""via"": ""pro_id"", ""pr"": ""PR:000001289"", ""tokens"": [""CD20""]}]}, {""sense"": ""negative"", ""pr"": ""PR:000001865"", ""asserted"": ""False"", ""paths"": [{""via"": ""exact_alias"", ""source_token"": ""CD123"", ""tokens"": [""CD123""]}, {""via"": ""pro_id"", ""pr"": ""PR:000001865"", ""tokens"": [""CD123""]}]}, {""sense"": ""negative"", ""pr"": ""PR:000001889"", ""asserted"": ""True"", ""paths"": [{""via"": ""exact_alias"", ""source_token"": ""CD14"", ""tokens"": [""CD14""]}, {""via"": ""pro_id"", ""pr"": ""PR:000001889"", ""tokens"": [""CD14""]}]}, {""sense"": ""positive"", ""pr"": ""PR:000002015"", ""asserted"": ""False"", ""paths"": []}]"
SOULCAP:SC000085		CD8+ TCRab Tcm	CD8+  central memory alpha/beta T cell	CD8+ TCRab T cell	Exact		2	CL:0002000	Kit-positive erythroid progenitor cell	13	1	CD14- (1 of 3 alt.), CD19- (1 of 2 alt.), CD123-		HLA-DR:not:positive/CD11C:not:high (no axiom on any alt.), CD15-/CD66B- (no axiom on any alt.), CD16-	no		"[""marker_axioms""]"	null	"[{""sense"": ""negative"", ""pr"": ""PR:000001002"", ""asserted"": ""False"", ""paths"": [{""via"": ""exact_alias"", ""source_token"": ""CD19"", ""tokens"": [""CD19""]}, {""via"": ""pro_id"", ""pr"": ""PR:000001002"", ""tokens"": [""CD19""]}]}, {""sense"": ""negative"", ""pr"": ""PR:000001004"", ""asserted"": ""False"", ""paths"": [{""via"": ""exact_alias"", ""source_token"": ""CD4"", ""tokens"": [""CD4""]}, {""via"": ""pro_id"", ""pr"": ""PR:000001004"", ""tokens"": [""CD4""]}]}, {""sense"": ""negative"", ""pr"": ""PR:000001012"", ""asserted"": ""False"", ""paths"": [{""via"": ""exact_alias"", ""source_token"": ""CD11"", ""tokens"": [""CD11""]}, {""via"": ""exact_alias"", ""source_token"": ""CD11B"", ""tokens"": [""CD11B""]}]}, {""sense"": ""negative"", ""pr"": ""PR:000001020"", ""asserted"": ""False"", ""paths"": [{""via"": ""exact_alias"", ""source_token"": ""CD3"", ""tokens"": [""CD3""]}, {""via"": ""exact_alias"", ""source_token"": ""CD3E"", ""tokens"": [""CD3E""]}, {""via"": ""exact_alias"", ""source_token"": ""CD3E"", ""tokens"": [""CD3E""]}, {""via"": ""pro_id"", ""pr"": ""PR:000001020"", ""tokens"": [""CD3""]}]}, {""sense"": ""negative"", ""pr"": ""PR:000001024"", ""asserted"": ""False"", ""paths"": [{""via"": ""exact_alias"", ""source_token"": ""CD56"", ""tokens"": [""CD56""]}, {""via"": ""pro_id"", ""pr"": ""PR:000001024"", ""tokens"": [""CD56""]}]}, {""sense"": ""negative"", ""pr"": ""PR:000001083"", ""asserted"": ""False"", ""paths"": [{""via"": ""exact_alias"", ""source_token"": ""CD2"", ""tokens"": [""CD2""]}]}, {""sense"": ""negative"", ""pr"": ""PR:000001084"", ""asserted"": ""False"", ""paths"": [{""via"": ""exact_alias"", ""source_token"": ""CD8"", ""tokens"": [""CD8""]}, {""via"": ""exact_alias"", ""source_token"": ""CD8A"", ""tokens"": [""CD8A""]}, {""via"": ""exact_alias"", ""source_token"": ""CD8A"", ""tokens"": [""CD8A""]}, {""via"": ""pro_id"", ""pr"": ""PR:000001084"", ""tokens"": [""CD8""]}]}, {""sense"": ""negative"", ""pr"": ""PR:000001289"", ""asserted"": ""False"", ""paths"": [{""via"": ""exact_alias"", ""source_token"": ""CD20"", ""tokens"": [""CD20""]}, {""via"": ""pro_id"", ""pr"": ""PR:000001289"", ""tokens"": [""CD20""]}]}, {""sense"": ""negative"", ""pr"": ""PR:000001833"", ""asserted"": ""True"", ""paths"": [{""via"": ""exact_alias"", ""source_token"": ""CD150"", ""tokens"": [""CD150""]}, {""via"": ""exact_alias"", ""source_token"": ""CDW150"", ""tokens"": [""CDW150""]}]}, {""sense"": ""negative"", ""pr"": ""PR:000001839"", ""asserted"": ""False"", ""paths"": [{""via"": ""exact_alias"", ""source_token"": ""CD5"", ""tokens"": [""CD5""]}]}, {""sense"": ""negative"", ""pr"": ""PR:000001865"", ""asserted"": ""True"", ""paths"": [{""via"": ""exact_alias"", ""source_token"": ""CD123"", ""tokens"": [""CD123""]}, {""via"": ""pro_id"", ""pr"": ""PR:000001865"", ""tokens"": [""CD123""]}]}, {""sense"": ""negative"", ""pr"": ""PR:000001869"", ""asserted"": ""True"", ""paths"": [{""via"": ""exact_alias"", ""source_token"": ""CD127"", ""tokens"": [""CD127""]}, {""via"": ""exact_alias"", ""source_token"": ""CDW127"", ""tokens"": [""CDW127""]}, {""via"": ""pro_id"", ""pr"": ""PR:000001869"", ""tokens"": [""CD127""]}]}, {""sense"": ""negative"", ""pr"": ""PR:000001889"", ""asserted"": ""False"", ""paths"": [{""via"": ""exact_alias"", ""source_token"": ""CD14"", ""tokens"": [""CD14""]}, {""via"": ""pro_id"", ""pr"": ""PR:000001889"", ""tokens"": [""CD14""]}]}, {""sense"": ""negative"", ""pr"": ""PR:000002978"", ""asserted"": ""False"", ""paths"": []}, {""sense"": ""negative"", ""pr"": ""PR:000002979"", ""asserted"": ""True"", ""paths"": []}, {""sense"": ""negative"", ""pr"": ""PR:000009127"", ""asserted"": ""True"", ""paths"": [{""via"": ""exact_alias"", ""source_token"": ""CD41"", ""tokens"": [""CD41""]}]}, {""sense"": ""positive"", ""pr"": ""PR:000001345"", ""asserted"": ""True"", ""paths"": [{""via"": ""exact_alias"", ""source_token"": ""CD105"", ""tokens"": [""CD105""]}]}, {""sense"": ""positive"", ""pr"": ""PR:000001945"", ""asserted"": ""False"", ""paths"": [{""via"": ""exact_alias"", ""source_token"": ""CD71"", ""tokens"": [""CD71""]}]}, {""sense"": ""positive"", ""pr"": ""PR:000002065"", ""asserted"": ""True"", ""paths"": [{""via"": ""exact_alias"", ""source_token"": ""CD117"", ""tokens"": [""CD117""]}, {""via"": ""pro_id"", ""pr"": ""PR:000002065"", ""tokens"": [""CD117""]}]}]"
SOULCAP:SC000085		CD8+ TCRab Tcm	CD8+  central memory alpha/beta T cell	CD8+ TCRab T cell	Exact		3	CL:0000938	CD16-negative, CD56-bright natural killer cell, human	11	1	CD14- (1 of 3 alt.), CD19- (1 of 2 alt.), CD16-		CD123-, HLA-DR:not:positive/CD11C:not:high (no axiom on any alt.), CD15-/CD66B- (no axiom on any alt.)	no		"[""marker_axioms""]"	null	"[{""sense"": ""high"", ""pr"": ""PR:000001024"", ""asserted"": ""True"", ""paths"": [{""via"": ""exact_alias"", ""source_token"": ""CD56"", ""tokens"": [""CD56""]}, {""via"": ""pro_id"", ""pr"": ""PR:000001024"", ""tokens"": [""CD56""]}]}, {""sense"": ""negative"", ""pr"": ""PR:000001002"", ""asserted"": ""False"", ""paths"": [{""via"": ""exact_alias"", ""source_token"": ""CD19"", ""tokens"": [""CD19""]}, {""via"": ""pro_id"", ""pr"": ""PR:000001002"", ""tokens"": [""CD19""]}]}, {""sense"": ""negative"", ""pr"": ""PR:000001020"", ""asserted"": ""False"", ""paths"": [{""via"": ""exact_alias"", ""source_token"": ""CD3"", ""tokens"": [""CD3""]}, {""via"": ""exact_alias"", ""source_token"": ""CD3E"", ""tokens"": [""CD3E""]}, {""via"": ""exact_alias"", ""source_token"": ""CD3E"", ""tokens"": [""CD3E""]}, {""via"": ""pro_id"", ""pr"": ""PR:000001020"", ""tokens"": [""CD3""]}]}, {""sense"": ""negative"", ""pr"": ""PR:000001289"", ""asserted"": ""False"", ""paths"": [{""via"": ""exact_alias"", ""source_token"": ""CD20"", ""tokens"": [""CD20""]}, {""via"": ""pro_id"", ""pr"": ""PR:000001289"", ""tokens"": [""CD20""]}]}, {""sense"": ""negative"", ""pr"": ""PR:000001483"", ""asserted"": ""True"", ""paths"": [{""via"": ""exact_alias"", ""source_token"": ""CD16"", ""tokens"": [""CD16""]}, {""via"": ""pro_id"", ""pr"": ""PR:000001483"", ""tokens"": [""CD16""]}]}, {""sense"": ""negative"", ""pr"": ""PR:000001889"", ""asserted"": ""False"", ""paths"": [{""via"": ""exact_alias"", ""source_token"": ""CD14"", ""tokens"": [""CD14""]}, {""via"": ""pro_id"", ""pr"": ""PR:000001889"", ""tokens"": [""CD14""]}]}, {""sense"": ""negative"", ""pr"": ""PR:000002015"", ""asserted"": ""True"", ""paths"": []}, {""sense"": ""positive"", ""pr"": ""PR:000001319"", ""asserted"": ""True"", ""paths"": [{""via"": ""exact_alias"", ""source_token"": ""CD84"", ""tokens"": [""CD84""]}]}]"
SOULCAP:SC000086		CD8+ TCRgd Tcm	CD8+ central memory gamma/delta T cell	CD8+ TCRgd T cell			1	CL:0001057	myeloid dendritic cell, human	13	1	CD14- (1 of 3 alt.), CD19- (1 of 2 alt.), CD123-		HLA-DR:not:positive/CD11C:not:high (hi) (no axiom on any alt.), CD15-/CD66B- (no axiom on any alt.), CD16-	no		"[""marker_axioms""]"	null	"[{""sense"": ""high"", ""pr"": ""PR:000001013"", ""asserted"": ""False"", ""paths"": [{""via"": ""exact_alias"", ""source_token"": ""CD11"", ""tokens"": [""CD11""]}, {""via"": ""exact_alias"", ""source_token"": ""CD11C"", ""tokens"": [""CD11C""]}, {""via"": ""pro_id"", ""pr"": ""PR:000001013"", ""tokens"": [""CD11C""]}]}, {""sense"": ""negative"", ""pr"": ""PR:000001002"", ""asserted"": ""False"", ""paths"": [{""via"": ""exact_alias"", ""source_token"": ""CD19"", ""tokens"": [""CD19""]}, {""via"": ""pro_id"", ""pr"": ""PR:000001002"", ""tokens"": [""CD19""]}]}, {""sense"": ""negative"", ""pr"": ""PR:000001003"", ""asserted"": ""False"", ""paths"": [{""via"": ""exact_alias"", ""source_token"": ""CD34"", ""tokens"": [""CD34""]}, {""via"": ""pro_id"", ""pr"": ""PR:000001003"", ""tokens"": [""CD34""]}]}, {""sense"": ""negative"", ""pr"": ""PR:000001020"", ""asserted"": ""False"", ""paths"": [{""via"": ""exact_alias"", ""source_token"": ""CD3"", ""tokens"": [""CD3""]}, {""via"": ""exact_alias"", ""source_token"": ""CD3E"", ""tokens"": [""CD3E""]}, {""via"": ""exact_alias"", ""source_token"": ""CD3E"", ""tokens"": [""CD3E""]}, {""via"": ""pro_id"", ""pr"": ""PR:000001020"", ""tokens"": [""CD3""]}]}, {""sense"": ""negative"", ""pr"": ""PR:000001024"", ""asserted"": ""False"", ""paths"": [{""via"": ""exact_alias"", ""source_token"": ""CD56"", ""tokens"": [""CD56""]}, {""via"": ""pro_id"", ""pr"": ""PR:000001024"", ""tokens"": [""CD56""]}]}, {""sense"": ""negative"", ""pr"": ""PR:000001289"", ""asserted"": ""False"", ""paths"": [{""via"": ""exact_alias"", ""source_token"": ""CD20"", ""tokens"": [""CD20""]}, {""via"": ""pro_id"", ""pr"": ""PR:000001289"", ""tokens"": [""CD20""]}]}, {""sense"": ""negative"", ""pr"": ""PR:000001865"", ""asserted"": ""False"", ""paths"": [{""via"": ""exact_alias"", ""source_token"": ""CD123"", ""tokens"": [""CD123""]}, {""via"": ""pro_id"", ""pr"": ""PR:000001865"", ""tokens"": [""CD123""]}]}, {""sense"": ""negative"", ""pr"": ""PR:000001889"", ""asserted"": ""True"", ""paths"": [{""via"": ""exact_alias"", ""source_token"": ""CD14"", ""tokens"": [""CD14""]}, {""via"": ""pro_id"", ""pr"": ""PR:000001889"", ""tokens"": [""CD14""]}]}, {""sense"": ""positive"", ""pr"": ""PR:000002015"", ""asserted"": ""False"", ""paths"": []}]"
SOULCAP:SC000086		CD8+ TCRgd Tcm	CD8+ central memory gamma/delta T cell	CD8+ TCRgd T cell			2	CL:0002000	Kit-positive erythroid progenitor cell	13	1	CD14- (1 of 3 alt.), CD19- (1 of 2 alt.), CD123-		HLA-DR:not:positive/CD11C:not:high (no axiom on any alt.), CD15-/CD66B- (no axiom on any alt.), CD16-	no		"[""marker_axioms""]"	null	"[{""sense"": ""negative"", ""pr"": ""PR:000001002"", ""asserted"": ""False"", ""paths"": [{""via"": ""exact_alias"", ""source_token"": ""CD19"", ""tokens"": [""CD19""]}, {""via"": ""pro_id"", ""pr"": ""PR:000001002"", ""tokens"": [""CD19""]}]}, {""sense"": ""negative"", ""pr"": ""PR:000001004"", ""asserted"": ""False"", ""paths"": [{""via"": ""exact_alias"", ""source_token"": ""CD4"", ""tokens"": [""CD4""]}, {""via"": ""pro_id"", ""pr"": ""PR:000001004"", ""tokens"": [""CD4""]}]}, {""sense"": ""negative"", ""pr"": ""PR:000001012"", ""asserted"": ""False"", ""paths"": [{""via"": ""exact_alias"", ""source_token"": ""CD11"", ""tokens"": [""CD11""]}, {""via"": ""exact_alias"", ""source_token"": ""CD11B"", ""tokens"": [""CD11B""]}]}, {""sense"": ""negative"", ""pr"": ""PR:000001020"", ""asserted"": ""False"", ""paths"": [{""via"": ""exact_alias"", ""source_token"": ""CD3"", ""tokens"": [""CD3""]}, {""via"": ""exact_alias"", ""source_token"": ""CD3E"", ""tokens"": [""CD3E""]}, {""via"": ""exact_alias"", ""source_token"": ""CD3E"", ""tokens"": [""CD3E""]}, {""via"": ""pro_id"", ""pr"": ""PR:000001020"", ""tokens"": [""CD3""]}]}, {""sense"": ""negative"", ""pr"": ""PR:000001024"", ""asserted"": ""False"", ""paths"": [{""via"": ""exact_alias"", ""source_token"": ""CD56"", ""tokens"": [""CD56""]}, {""via"": ""pro_id"", ""pr"": ""PR:000001024"", ""tokens"": [""CD56""]}]}, {""sense"": ""negative"", ""pr"": ""PR:000001083"", ""asserted"": ""False"", ""paths"": [{""via"": ""exact_alias"", ""source_token"": ""CD2"", ""tokens"": [""CD2""]}]}, {""sense"": ""negative"", ""pr"": ""PR:000001084"", ""asserted"": ""False"", ""paths"": [{""via"": ""exact_alias"", ""source_token"": ""CD8"", ""tokens"": [""CD8""]}, {""via"": ""exact_alias"", ""source_token"": ""CD8A"", ""tokens"": [""CD8A""]}, {""via"": ""exact_alias"", ""source_token"": ""CD8A"", ""tokens"": [""CD8A""]}, {""via"": ""pro_id"", ""pr"": ""PR:000001084"", ""tokens"": [""CD8""]}]}, {""sense"": ""negative"", ""pr"": ""PR:000001289"", ""asserted"": ""False"", ""paths"": [{""via"": ""exact_alias"", ""source_token"": ""CD20"", ""tokens"": [""CD20""]}, {""via"": ""pro_id"", ""pr"": ""PR:000001289"", ""tokens"": [""CD20""]}]}, {""sense"": ""negative"", ""pr"": ""PR:000001833"", ""asserted"": ""True"", ""paths"": [{""via"": ""exact_alias"", ""source_token"": ""CD150"", ""tokens"": [""CD150""]}, {""via"": ""exact_alias"", ""source_token"": ""CDW150"", ""tokens"": [""CDW150""]}]}, {""sense"": ""negative"", ""pr"": ""PR:000001839"", ""asserted"": ""False"", ""paths"": [{""via"": ""exact_alias"", ""source_token"": ""CD5"", ""tokens"": [""CD5""]}]}, {""sense"": ""negative"", ""pr"": ""PR:000001865"", ""asserted"": ""True"", ""paths"": [{""via"": ""exact_alias"", ""source_token"": ""CD123"", ""tokens"": [""CD123""]}, {""via"": ""pro_id"", ""pr"": ""PR:000001865"", ""tokens"": [""CD123""]}]}, {""sense"": ""negative"", ""pr"": ""PR:000001869"", ""asserted"": ""True"", ""paths"": [{""via"": ""exact_alias"", ""source_token"": ""CD127"", ""tokens"": [""CD127""]}, {""via"": ""exact_alias"", ""source_token"": ""CDW127"", ""tokens"": [""CDW127""]}, {""via"": ""pro_id"", ""pr"": ""PR:000001869"", ""tokens"": [""CD127""]}]}, {""sense"": ""negative"", ""pr"": ""PR:000001889"", ""asserted"": ""False"", ""paths"": [{""via"": ""exact_alias"", ""source_token"": ""CD14"", ""tokens"": [""CD14""]}, {""via"": ""pro_id"", ""pr"": ""PR:000001889"", ""tokens"": [""CD14""]}]}, {""sense"": ""negative"", ""pr"": ""PR:000002978"", ""asserted"": ""False"", ""paths"": []}, {""sense"": ""negative"", ""pr"": ""PR:000002979"", ""asserted"": ""True"", ""paths"": []}, {""sense"": ""negative"", ""pr"": ""PR:000009127"", ""asserted"": ""True"", ""paths"": [{""via"": ""exact_alias"", ""source_token"": ""CD41"", ""tokens"": [""CD41""]}]}, {""sense"": ""positive"", ""pr"": ""PR:000001345"", ""asserted"": ""True"", ""paths"": [{""via"": ""exact_alias"", ""source_token"": ""CD105"", ""tokens"": [""CD105""]}]}, {""sense"": ""positive"", ""pr"": ""PR:000001945"", ""asserted"": ""False"", ""paths"": [{""via"": ""exact_alias"", ""source_token"": ""CD71"", ""tokens"": [""CD71""]}]}, {""sense"": ""positive"", ""pr"": ""PR:000002065"", ""asserted"": ""True"", ""paths"": [{""via"": ""exact_alias"", ""source_token"": ""CD117"", ""tokens"": [""CD117""]}, {""via"": ""pro_id"", ""pr"": ""PR:000002065"", ""tokens"": [""CD117""]}]}]"
SOULCAP:SC000086		CD8+ TCRgd Tcm	CD8+ central memory gamma/delta T cell	CD8+ TCRgd T cell			3	CL:0000938	CD16-negative, CD56-bright natural killer cell, human	11	1	CD14- (1 of 3 alt.), CD19- (1 of 2 alt.), CD16-		CD123-, HLA-DR:not:positive/CD11C:not:high (no axiom on any alt.), CD15-/CD66B- (no axiom on any alt.)	no		"[""marker_axioms""]"	null	"[{""sense"": ""high"", ""pr"": ""PR:000001024"", ""asserted"": ""True"", ""paths"": [{""via"": ""exact_alias"", ""source_token"": ""CD56"", ""tokens"": [""CD56""]}, {""via"": ""pro_id"", ""pr"": ""PR:000001024"", ""tokens"": [""CD56""]}]}, {""sense"": ""negative"", ""pr"": ""PR:000001002"", ""asserted"": ""False"", ""paths"": [{""via"": ""exact_alias"", ""source_token"": ""CD19"", ""tokens"": [""CD19""]}, {""via"": ""pro_id"", ""pr"": ""PR:000001002"", ""tokens"": [""CD19""]}]}, {""sense"": ""negative"", ""pr"": ""PR:000001020"", ""asserted"": ""False"", ""paths"": [{""via"": ""exact_alias"", ""source_token"": ""CD3"", ""tokens"": [""CD3""]}, {""via"": ""exact_alias"", ""source_token"": ""CD3E"", ""tokens"": [""CD3E""]}, {""via"": ""exact_alias"", ""source_token"": ""CD3E"", ""tokens"": [""CD3E""]}, {""via"": ""pro_id"", ""pr"": ""PR:000001020"", ""tokens"": [""CD3""]}]}, {""sense"": ""negative"", ""pr"": ""PR:000001289"", ""asserted"": ""False"", ""paths"": [{""via"": ""exact_alias"", ""source_token"": ""CD20"", ""tokens"": [""CD20""]}, {""via"": ""pro_id"", ""pr"": ""PR:000001289"", ""tokens"": [""CD20""]}]}, {""sense"": ""negative"", ""pr"": ""PR:000001483"", ""asserted"": ""True"", ""paths"": [{""via"": ""exact_alias"", ""source_token"": ""CD16"", ""tokens"": [""CD16""]}, {""via"": ""pro_id"", ""pr"": ""PR:000001483"", ""tokens"": [""CD16""]}]}, {""sense"": ""negative"", ""pr"": ""PR:000001889"", ""asserted"": ""False"", ""paths"": [{""via"": ""exact_alias"", ""source_token"": ""CD14"", ""tokens"": [""CD14""]}, {""via"": ""pro_id"", ""pr"": ""PR:000001889"", ""tokens"": [""CD14""]}]}, {""sense"": ""negative"", ""pr"": ""PR:000002015"", ""asserted"": ""True"", ""paths"": []}, {""sense"": ""positive"", ""pr"": ""PR:000001319"", ""asserted"": ""True"", ""paths"": [{""via"": ""exact_alias"", ""source_token"": ""CD84"", ""tokens"": [""CD84""]}]}]"
SOULCAP:SC000087		Tnaive	Naive alpha/beta and gamma/delta T cell	T cell	Exact		1	CL:0001057	myeloid dendritic cell, human	13	1	CD14- (1 of 3 alt.), CD19- (1 of 2 alt.), CD123-		HLA-DR:not:positive/CD11C:not:high (hi) (no axiom on any alt.), CD15-/CD66B- (no axiom on any alt.), CD16-	no		"[""marker_axioms""]"	null	"[{""sense"": ""high"", ""pr"": ""PR:000001013"", ""asserted"": ""False"", ""paths"": [{""via"": ""exact_alias"", ""source_token"": ""CD11"", ""tokens"": [""CD11""]}, {""via"": ""exact_alias"", ""source_token"": ""CD11C"", ""tokens"": [""CD11C""]}, {""via"": ""pro_id"", ""pr"": ""PR:000001013"", ""tokens"": [""CD11C""]}]}, {""sense"": ""negative"", ""pr"": ""PR:000001002"", ""asserted"": ""False"", ""paths"": [{""via"": ""exact_alias"", ""source_token"": ""CD19"", ""tokens"": [""CD19""]}, {""via"": ""pro_id"", ""pr"": ""PR:000001002"", ""tokens"": [""CD19""]}]}, {""sense"": ""negative"", ""pr"": ""PR:000001003"", ""asserted"": ""False"", ""paths"": [{""via"": ""exact_alias"", ""source_token"": ""CD34"", ""tokens"": [""CD34""]}, {""via"": ""pro_id"", ""pr"": ""PR:000001003"", ""tokens"": [""CD34""]}]}, {""sense"": ""negative"", ""pr"": ""PR:000001020"", ""asserted"": ""False"", ""paths"": [{""via"": ""exact_alias"", ""source_token"": ""CD3"", ""tokens"": [""CD3""]}, {""via"": ""exact_alias"", ""source_token"": ""CD3E"", ""tokens"": [""CD3E""]}, {""via"": ""exact_alias"", ""source_token"": ""CD3E"", ""tokens"": [""CD3E""]}, {""via"": ""pro_id"", ""pr"": ""PR:000001020"", ""tokens"": [""CD3""]}]}, {""sense"": ""negative"", ""pr"": ""PR:000001024"", ""asserted"": ""False"", ""paths"": [{""via"": ""exact_alias"", ""source_token"": ""CD56"", ""tokens"": [""CD56""]}, {""via"": ""pro_id"", ""pr"": ""PR:000001024"", ""tokens"": [""CD56""]}]}, {""sense"": ""negative"", ""pr"": ""PR:000001289"", ""asserted"": ""False"", ""paths"": [{""via"": ""exact_alias"", ""source_token"": ""CD20"", ""tokens"": [""CD20""]}, {""via"": ""pro_id"", ""pr"": ""PR:000001289"", ""tokens"": [""CD20""]}]}, {""sense"": ""negative"", ""pr"": ""PR:000001865"", ""asserted"": ""False"", ""paths"": [{""via"": ""exact_alias"", ""source_token"": ""CD123"", ""tokens"": [""CD123""]}, {""via"": ""pro_id"", ""pr"": ""PR:000001865"", ""tokens"": [""CD123""]}]}, {""sense"": ""negative"", ""pr"": ""PR:000001889"", ""asserted"": ""True"", ""paths"": [{""via"": ""exact_alias"", ""source_token"": ""CD14"", ""tokens"": [""CD14""]}, {""via"": ""pro_id"", ""pr"": ""PR:000001889"", ""tokens"": [""CD14""]}]}, {""sense"": ""positive"", ""pr"": ""PR:000002015"", ""asserted"": ""False"", ""paths"": []}]"
SOULCAP:SC000087		Tnaive	Naive alpha/beta and gamma/delta T cell	T cell	Exact		2	CL:0002000	Kit-positive erythroid progenitor cell	13	1	CD14- (1 of 3 alt.), CD19- (1 of 2 alt.), CD123-		HLA-DR:not:positive/CD11C:not:high (no axiom on any alt.), CD15-/CD66B- (no axiom on any alt.), CD16-	no		"[""marker_axioms""]"	null	"[{""sense"": ""negative"", ""pr"": ""PR:000001002"", ""asserted"": ""False"", ""paths"": [{""via"": ""exact_alias"", ""source_token"": ""CD19"", ""tokens"": [""CD19""]}, {""via"": ""pro_id"", ""pr"": ""PR:000001002"", ""tokens"": [""CD19""]}]}, {""sense"": ""negative"", ""pr"": ""PR:000001004"", ""asserted"": ""False"", ""paths"": [{""via"": ""exact_alias"", ""source_token"": ""CD4"", ""tokens"": [""CD4""]}, {""via"": ""pro_id"", ""pr"": ""PR:000001004"", ""tokens"": [""CD4""]}]}, {""sense"": ""negative"", ""pr"": ""PR:000001012"", ""asserted"": ""False"", ""paths"": [{""via"": ""exact_alias"", ""source_token"": ""CD11"", ""tokens"": [""CD11""]}, {""via"": ""exact_alias"", ""source_token"": ""CD11B"", ""tokens"": [""CD11B""]}]}, {""sense"": ""negative"", ""pr"": ""PR:000001020"", ""asserted"": ""False"", ""paths"": [{""via"": ""exact_alias"", ""source_token"": ""CD3"", ""tokens"": [""CD3""]}, {""via"": ""exact_alias"", ""source_token"": ""CD3E"", ""tokens"": [""CD3E""]}, {""via"": ""exact_alias"", ""source_token"": ""CD3E"", ""tokens"": [""CD3E""]}, {""via"": ""pro_id"", ""pr"": ""PR:000001020"", ""tokens"": [""CD3""]}]}, {""sense"": ""negative"", ""pr"": ""PR:000001024"", ""asserted"": ""False"", ""paths"": [{""via"": ""exact_alias"", ""source_token"": ""CD56"", ""tokens"": [""CD56""]}, {""via"": ""pro_id"", ""pr"": ""PR:000001024"", ""tokens"": [""CD56""]}]}, {""sense"": ""negative"", ""pr"": ""PR:000001083"", ""asserted"": ""False"", ""paths"": [{""via"": ""exact_alias"", ""source_token"": ""CD2"", ""tokens"": [""CD2""]}]}, {""sense"": ""negative"", ""pr"": ""PR:000001084"", ""asserted"": ""False"", ""paths"": [{""via"": ""exact_alias"", ""source_token"": ""CD8"", ""tokens"": [""CD8""]}, {""via"": ""exact_alias"", ""source_token"": ""CD8A"", ""tokens"": [""CD8A""]}, {""via"": ""exact_alias"", ""source_token"": ""CD8A"", ""tokens"": [""CD8A""]}, {""via"": ""pro_id"", ""pr"": ""PR:000001084"", ""tokens"": [""CD8""]}]}, {""sense"": ""negative"", ""pr"": ""PR:000001289"", ""asserted"": ""False"", ""paths"": [{""via"": ""exact_alias"", ""source_token"": ""CD20"", ""tokens"": [""CD20""]}, {""via"": ""pro_id"", ""pr"": ""PR:000001289"", ""tokens"": [""CD20""]}]}, {""sense"": ""negative"", ""pr"": ""PR:000001833"", ""asserted"": ""True"", ""paths"": [{""via"": ""exact_alias"", ""source_token"": ""CD150"", ""tokens"": [""CD150""]}, {""via"": ""exact_alias"", ""source_token"": ""CDW150"", ""tokens"": [""CDW150""]}]}, {""sense"": ""negative"", ""pr"": ""PR:000001839"", ""asserted"": ""False"", ""paths"": [{""via"": ""exact_alias"", ""source_token"": ""CD5"", ""tokens"": [""CD5""]}]}, {""sense"": ""negative"", ""pr"": ""PR:000001865"", ""asserted"": ""True"", ""paths"": [{""via"": ""exact_alias"", ""source_token"": ""CD123"", ""tokens"": [""CD123""]}, {""via"": ""pro_id"", ""pr"": ""PR:000001865"", ""tokens"": [""CD123""]}]}, {""sense"": ""negative"", ""pr"": ""PR:000001869"", ""asserted"": ""True"", ""paths"": [{""via"": ""exact_alias"", ""source_token"": ""CD127"", ""tokens"": [""CD127""]}, {""via"": ""exact_alias"", ""source_token"": ""CDW127"", ""tokens"": [""CDW127""]}, {""via"": ""pro_id"", ""pr"": ""PR:000001869"", ""tokens"": [""CD127""]}]}, {""sense"": ""negative"", ""pr"": ""PR:000001889"", ""asserted"": ""False"", ""paths"": [{""via"": ""exact_alias"", ""source_token"": ""CD14"", ""tokens"": [""CD14""]}, {""via"": ""pro_id"", ""pr"": ""PR:000001889"", ""tokens"": [""CD14""]}]}, {""sense"": ""negative"", ""pr"": ""PR:000002978"", ""asserted"": ""False"", ""paths"": []}, {""sense"": ""negative"", ""pr"": ""PR:000002979"", ""asserted"": ""True"", ""paths"": []}, {""sense"": ""negative"", ""pr"": ""PR:000009127"", ""asserted"": ""True"", ""paths"": [{""via"": ""exact_alias"", ""source_token"": ""CD41"", ""tokens"": [""CD41""]}]}, {""sense"": ""positive"", ""pr"": ""PR:000001345"", ""asserted"": ""True"", ""paths"": [{""via"": ""exact_alias"", ""source_token"": ""CD105"", ""tokens"": [""CD105""]}]}, {""sense"": ""positive"", ""pr"": ""PR:000001945"", ""asserted"": ""False"", ""paths"": [{""via"": ""exact_alias"", ""source_token"": ""CD71"", ""tokens"": [""CD71""]}]}, {""sense"": ""positive"", ""pr"": ""PR:000002065"", ""asserted"": ""True"", ""paths"": [{""via"": ""exact_alias"", ""source_token"": ""CD117"", ""tokens"": [""CD117""]}, {""via"": ""pro_id"", ""pr"": ""PR:000002065"", ""tokens"": [""CD117""]}]}]"
SOULCAP:SC000087		Tnaive	Naive alpha/beta and gamma/delta T cell	T cell	Exact		3	CL:0000938	CD16-negative, CD56-bright natural killer cell, human	11	1	CD14- (1 of 3 alt.), CD19- (1 of 2 alt.), CD16-		CD123-, HLA-DR:not:positive/CD11C:not:high (no axiom on any alt.), CD15-/CD66B- (no axiom on any alt.)	no		"[""marker_axioms""]"	null	"[{""sense"": ""high"", ""pr"": ""PR:000001024"", ""asserted"": ""True"", ""paths"": [{""via"": ""exact_alias"", ""source_token"": ""CD56"", ""tokens"": [""CD56""]}, {""via"": ""pro_id"", ""pr"": ""PR:000001024"", ""tokens"": [""CD56""]}]}, {""sense"": ""negative"", ""pr"": ""PR:000001002"", ""asserted"": ""False"", ""paths"": [{""via"": ""exact_alias"", ""source_token"": ""CD19"", ""tokens"": [""CD19""]}, {""via"": ""pro_id"", ""pr"": ""PR:000001002"", ""tokens"": [""CD19""]}]}, {""sense"": ""negative"", ""pr"": ""PR:000001020"", ""asserted"": ""False"", ""paths"": [{""via"": ""exact_alias"", ""source_token"": ""CD3"", ""tokens"": [""CD3""]}, {""via"": ""exact_alias"", ""source_token"": ""CD3E"", ""tokens"": [""CD3E""]}, {""via"": ""exact_alias"", ""source_token"": ""CD3E"", ""tokens"": [""CD3E""]}, {""via"": ""pro_id"", ""pr"": ""PR:000001020"", ""tokens"": [""CD3""]}]}, {""sense"": ""negative"", ""pr"": ""PR:000001289"", ""asserted"": ""False"", ""paths"": [{""via"": ""exact_alias"", ""source_token"": ""CD20"", ""tokens"": [""CD20""]}, {""via"": ""pro_id"", ""pr"": ""PR:000001289"", ""tokens"": [""CD20""]}]}, {""sense"": ""negative"", ""pr"": ""PR:000001483"", ""asserted"": ""True"", ""paths"": [{""via"": ""exact_alias"", ""source_token"": ""CD16"", ""tokens"": [""CD16""]}, {""via"": ""pro_id"", ""pr"": ""PR:000001483"", ""tokens"": [""CD16""]}]}, {""sense"": ""negative"", ""pr"": ""PR:000001889"", ""asserted"": ""False"", ""paths"": [{""via"": ""exact_alias"", ""source_token"": ""CD14"", ""tokens"": [""CD14""]}, {""via"": ""pro_id"", ""pr"": ""PR:000001889"", ""tokens"": [""CD14""]}]}, {""sense"": ""negative"", ""pr"": ""PR:000002015"", ""asserted"": ""True"", ""paths"": []}, {""sense"": ""positive"", ""pr"": ""PR:000001319"", ""asserted"": ""True"", ""paths"": [{""via"": ""exact_alias"", ""source_token"": ""CD84"", ""tokens"": [""CD84""]}]}]"
SOULCAP:SC000088		CD4+ Tnaive	CD4+ Naive alpha/beta and gamma/delta T cell	CD4+ T cell	Exact		1	CL:0001057	myeloid dendritic cell, human	13	1	CD14- (1 of 3 alt.), CD19- (1 of 2 alt.), CD123-		HLA-DR:not:positive/CD11C:not:high (hi) (no axiom on any alt.), CD15-/CD66B- (no axiom on any alt.), CD16-	no		"[""marker_axioms""]"	null	"[{""sense"": ""high"", ""pr"": ""PR:000001013"", ""asserted"": ""False"", ""paths"": [{""via"": ""exact_alias"", ""source_token"": ""CD11"", ""tokens"": [""CD11""]}, {""via"": ""exact_alias"", ""source_token"": ""CD11C"", ""tokens"": [""CD11C""]}, {""via"": ""pro_id"", ""pr"": ""PR:000001013"", ""tokens"": [""CD11C""]}]}, {""sense"": ""negative"", ""pr"": ""PR:000001002"", ""asserted"": ""False"", ""paths"": [{""via"": ""exact_alias"", ""source_token"": ""CD19"", ""tokens"": [""CD19""]}, {""via"": ""pro_id"", ""pr"": ""PR:000001002"", ""tokens"": [""CD19""]}]}, {""sense"": ""negative"", ""pr"": ""PR:000001003"", ""asserted"": ""False"", ""paths"": [{""via"": ""exact_alias"", ""source_token"": ""CD34"", ""tokens"": [""CD34""]}, {""via"": ""pro_id"", ""pr"": ""PR:000001003"", ""tokens"": [""CD34""]}]}, {""sense"": ""negative"", ""pr"": ""PR:000001020"", ""asserted"": ""False"", ""paths"": [{""via"": ""exact_alias"", ""source_token"": ""CD3"", ""tokens"": [""CD3""]}, {""via"": ""exact_alias"", ""source_token"": ""CD3E"", ""tokens"": [""CD3E""]}, {""via"": ""exact_alias"", ""source_token"": ""CD3E"", ""tokens"": [""CD3E""]}, {""via"": ""pro_id"", ""pr"": ""PR:000001020"", ""tokens"": [""CD3""]}]}, {""sense"": ""negative"", ""pr"": ""PR:000001024"", ""asserted"": ""False"", ""paths"": [{""via"": ""exact_alias"", ""source_token"": ""CD56"", ""tokens"": [""CD56""]}, {""via"": ""pro_id"", ""pr"": ""PR:000001024"", ""tokens"": [""CD56""]}]}, {""sense"": ""negative"", ""pr"": ""PR:000001289"", ""asserted"": ""False"", ""paths"": [{""via"": ""exact_alias"", ""source_token"": ""CD20"", ""tokens"": [""CD20""]}, {""via"": ""pro_id"", ""pr"": ""PR:000001289"", ""tokens"": [""CD20""]}]}, {""sense"": ""negative"", ""pr"": ""PR:000001865"", ""asserted"": ""False"", ""paths"": [{""via"": ""exact_alias"", ""source_token"": ""CD123"", ""tokens"": [""CD123""]}, {""via"": ""pro_id"", ""pr"": ""PR:000001865"", ""tokens"": [""CD123""]}]}, {""sense"": ""negative"", ""pr"": ""PR:000001889"", ""asserted"": ""True"", ""paths"": [{""via"": ""exact_alias"", ""source_token"": ""CD14"", ""tokens"": [""CD14""]}, {""via"": ""pro_id"", ""pr"": ""PR:000001889"", ""tokens"": [""CD14""]}]}, {""sense"": ""positive"", ""pr"": ""PR:000002015"", ""asserted"": ""False"", ""paths"": []}]"
SOULCAP:SC000088		CD4+ Tnaive	CD4+ Naive alpha/beta and gamma/delta T cell	CD4+ T cell	Exact		2	CL:0002000	Kit-positive erythroid progenitor cell	13	1	CD14- (1 of 3 alt.), CD19- (1 of 2 alt.), CD123-		HLA-DR:not:positive/CD11C:not:high (no axiom on any alt.), CD15-/CD66B- (no axiom on any alt.), CD16-	no		"[""marker_axioms""]"	null	"[{""sense"": ""negative"", ""pr"": ""PR:000001002"", ""asserted"": ""False"", ""paths"": [{""via"": ""exact_alias"", ""source_token"": ""CD19"", ""tokens"": [""CD19""]}, {""via"": ""pro_id"", ""pr"": ""PR:000001002"", ""tokens"": [""CD19""]}]}, {""sense"": ""negative"", ""pr"": ""PR:000001004"", ""asserted"": ""False"", ""paths"": [{""via"": ""exact_alias"", ""source_token"": ""CD4"", ""tokens"": [""CD4""]}, {""via"": ""pro_id"", ""pr"": ""PR:000001004"", ""tokens"": [""CD4""]}]}, {""sense"": ""negative"", ""pr"": ""PR:000001012"", ""asserted"": ""False"", ""paths"": [{""via"": ""exact_alias"", ""source_token"": ""CD11"", ""tokens"": [""CD11""]}, {""via"": ""exact_alias"", ""source_token"": ""CD11B"", ""tokens"": [""CD11B""]}]}, {""sense"": ""negative"", ""pr"": ""PR:000001020"", ""asserted"": ""False"", ""paths"": [{""via"": ""exact_alias"", ""source_token"": ""CD3"", ""tokens"": [""CD3""]}, {""via"": ""exact_alias"", ""source_token"": ""CD3E"", ""tokens"": [""CD3E""]}, {""via"": ""exact_alias"", ""source_token"": ""CD3E"", ""tokens"": [""CD3E""]}, {""via"": ""pro_id"", ""pr"": ""PR:000001020"", ""tokens"": [""CD3""]}]}, {""sense"": ""negative"", ""pr"": ""PR:000001024"", ""asserted"": ""False"", ""paths"": [{""via"": ""exact_alias"", ""source_token"": ""CD56"", ""tokens"": [""CD56""]}, {""via"": ""pro_id"", ""pr"": ""PR:000001024"", ""tokens"": [""CD56""]}]}, {""sense"": ""negative"", ""pr"": ""PR:000001083"", ""asserted"": ""False"", ""paths"": [{""via"": ""exact_alias"", ""source_token"": ""CD2"", ""tokens"": [""CD2""]}]}, {""sense"": ""negative"", ""pr"": ""PR:000001084"", ""asserted"": ""False"", ""paths"": [{""via"": ""exact_alias"", ""source_token"": ""CD8"", ""tokens"": [""CD8""]}, {""via"": ""exact_alias"", ""source_token"": ""CD8A"", ""tokens"": [""CD8A""]}, {""via"": ""exact_alias"", ""source_token"": ""CD8A"", ""tokens"": [""CD8A""]}, {""via"": ""pro_id"", ""pr"": ""PR:000001084"", ""tokens"": [""CD8""]}]}, {""sense"": ""negative"", ""pr"": ""PR:000001289"", ""asserted"": ""False"", ""paths"": [{""via"": ""exact_alias"", ""source_token"": ""CD20"", ""tokens"": [""CD20""]}, {""via"": ""pro_id"", ""pr"": ""PR:000001289"", ""tokens"": [""CD20""]}]}, {""sense"": ""negative"", ""pr"": ""PR:000001833"", ""asserted"": ""True"", ""paths"": [{""via"": ""exact_alias"", ""source_token"": ""CD150"", ""tokens"": [""CD150""]}, {""via"": ""exact_alias"", ""source_token"": ""CDW150"", ""tokens"": [""CDW150""]}]}, {""sense"": ""negative"", ""pr"": ""PR:000001839"", ""asserted"": ""False"", ""paths"": [{""via"": ""exact_alias"", ""source_token"": ""CD5"", ""tokens"": [""CD5""]}]}, {""sense"": ""negative"", ""pr"": ""PR:000001865"", ""asserted"": ""True"", ""paths"": [{""via"": ""exact_alias"", ""source_token"": ""CD123"", ""tokens"": [""CD123""]}, {""via"": ""pro_id"", ""pr"": ""PR:000001865"", ""tokens"": [""CD123""]}]}, {""sense"": ""negative"", ""pr"": ""PR:000001869"", ""asserted"": ""True"", ""paths"": [{""via"": ""exact_alias"", ""source_token"": ""CD127"", ""tokens"": [""CD127""]}, {""via"": ""exact_alias"", ""source_token"": ""CDW127"", ""tokens"": [""CDW127""]}, {""via"": ""pro_id"", ""pr"": ""PR:000001869"", ""tokens"": [""CD127""]}]}, {""sense"": ""negative"", ""pr"": ""PR:000001889"", ""asserted"": ""False"", ""paths"": [{""via"": ""exact_alias"", ""source_token"": ""CD14"", ""tokens"": [""CD14""]}, {""via"": ""pro_id"", ""pr"": ""PR:000001889"", ""tokens"": [""CD14""]}]}, {""sense"": ""negative"", ""pr"": ""PR:000002978"", ""asserted"": ""False"", ""paths"": []}, {""sense"": ""negative"", ""pr"": ""PR:000002979"", ""asserted"": ""True"", ""paths"": []}, {""sense"": ""negative"", ""pr"": ""PR:000009127"", ""asserted"": ""True"", ""paths"": [{""via"": ""exact_alias"", ""source_token"": ""CD41"", ""tokens"": [""CD41""]}]}, {""sense"": ""positive"", ""pr"": ""PR:000001345"", ""asserted"": ""True"", ""paths"": [{""via"": ""exact_alias"", ""source_token"": ""CD105"", ""tokens"": [""CD105""]}]}, {""sense"": ""positive"", ""pr"": ""PR:000001945"", ""asserted"": ""False"", ""paths"": [{""via"": ""exact_alias"", ""source_token"": ""CD71"", ""tokens"": [""CD71""]}]}, {""sense"": ""positive"", ""pr"": ""PR:000002065"", ""asserted"": ""True"", ""paths"": [{""via"": ""exact_alias"", ""source_token"": ""CD117"", ""tokens"": [""CD117""]}, {""via"": ""pro_id"", ""pr"": ""PR:000002065"", ""tokens"": [""CD117""]}]}]"
SOULCAP:SC000088		CD4+ Tnaive	CD4+ Naive alpha/beta and gamma/delta T cell	CD4+ T cell	Exact		3	CL:0000938	CD16-negative, CD56-bright natural killer cell, human	11	1	CD14- (1 of 3 alt.), CD19- (1 of 2 alt.), CD16-		CD123-, HLA-DR:not:positive/CD11C:not:high (no axiom on any alt.), CD15-/CD66B- (no axiom on any alt.)	no		"[""marker_axioms""]"	null	"[{""sense"": ""high"", ""pr"": ""PR:000001024"", ""asserted"": ""True"", ""paths"": [{""via"": ""exact_alias"", ""source_token"": ""CD56"", ""tokens"": [""CD56""]}, {""via"": ""pro_id"", ""pr"": ""PR:000001024"", ""tokens"": [""CD56""]}]}, {""sense"": ""negative"", ""pr"": ""PR:000001002"", ""asserted"": ""False"", ""paths"": [{""via"": ""exact_alias"", ""source_token"": ""CD19"", ""tokens"": [""CD19""]}, {""via"": ""pro_id"", ""pr"": ""PR:000001002"", ""tokens"": [""CD19""]}]}, {""sense"": ""negative"", ""pr"": ""PR:000001020"", ""asserted"": ""False"", ""paths"": [{""via"": ""exact_alias"", ""source_token"": ""CD3"", ""tokens"": [""CD3""]}, {""via"": ""exact_alias"", ""source_token"": ""CD3E"", ""tokens"": [""CD3E""]}, {""via"": ""exact_alias"", ""source_token"": ""CD3E"", ""tokens"": [""CD3E""]}, {""via"": ""pro_id"", ""pr"": ""PR:000001020"", ""tokens"": [""CD3""]}]}, {""sense"": ""negative"", ""pr"": ""PR:000001289"", ""asserted"": ""False"", ""paths"": [{""via"": ""exact_alias"", ""source_token"": ""CD20"", ""tokens"": [""CD20""]}, {""via"": ""pro_id"", ""pr"": ""PR:000001289"", ""tokens"": [""CD20""]}]}, {""sense"": ""negative"", ""pr"": ""PR:000001483"", ""asserted"": ""True"", ""paths"": [{""via"": ""exact_alias"", ""source_token"": ""CD16"", ""tokens"": [""CD16""]}, {""via"": ""pro_id"", ""pr"": ""PR:000001483"", ""tokens"": [""CD16""]}]}, {""sense"": ""negative"", ""pr"": ""PR:000001889"", ""asserted"": ""False"", ""paths"": [{""via"": ""exact_alias"", ""source_token"": ""CD14"", ""tokens"": [""CD14""]}, {""via"": ""pro_id"", ""pr"": ""PR:000001889"", ""tokens"": [""CD14""]}]}, {""sense"": ""negative"", ""pr"": ""PR:000002015"", ""asserted"": ""True"", ""paths"": []}, {""sense"": ""positive"", ""pr"": ""PR:000001319"", ""asserted"": ""True"", ""paths"": [{""via"": ""exact_alias"", ""source_token"": ""CD84"", ""tokens"": [""CD84""]}]}]"
SOULCAP:SC000089		CD4+ TCRab Tnaive	CD4+ naive alpha/beta T cell	CD4 TCRab T cell	Exact		1	CL:0001057	myeloid dendritic cell, human	13	1	CD14- (1 of 3 alt.), CD19- (1 of 2 alt.), CD123-		HLA-DR:not:positive/CD11C:not:high (hi) (no axiom on any alt.), CD15-/CD66B- (no axiom on any alt.), CD16-	no		"[""marker_axioms""]"	null	"[{""sense"": ""high"", ""pr"": ""PR:000001013"", ""asserted"": ""False"", ""paths"": [{""via"": ""exact_alias"", ""source_token"": ""CD11"", ""tokens"": [""CD11""]}, {""via"": ""exact_alias"", ""source_token"": ""CD11C"", ""tokens"": [""CD11C""]}, {""via"": ""pro_id"", ""pr"": ""PR:000001013"", ""tokens"": [""CD11C""]}]}, {""sense"": ""negative"", ""pr"": ""PR:000001002"", ""asserted"": ""False"", ""paths"": [{""via"": ""exact_alias"", ""source_token"": ""CD19"", ""tokens"": [""CD19""]}, {""via"": ""pro_id"", ""pr"": ""PR:000001002"", ""tokens"": [""CD19""]}]}, {""sense"": ""negative"", ""pr"": ""PR:000001003"", ""asserted"": ""False"", ""paths"": [{""via"": ""exact_alias"", ""source_token"": ""CD34"", ""tokens"": [""CD34""]}, {""via"": ""pro_id"", ""pr"": ""PR:000001003"", ""tokens"": [""CD34""]}]}, {""sense"": ""negative"", ""pr"": ""PR:000001020"", ""asserted"": ""False"", ""paths"": [{""via"": ""exact_alias"", ""source_token"": ""CD3"", ""tokens"": [""CD3""]}, {""via"": ""exact_alias"", ""source_token"": ""CD3E"", ""tokens"": [""CD3E""]}, {""via"": ""exact_alias"", ""source_token"": ""CD3E"", ""tokens"": [""CD3E""]}, {""via"": ""pro_id"", ""pr"": ""PR:000001020"", ""tokens"": [""CD3""]}]}, {""sense"": ""negative"", ""pr"": ""PR:000001024"", ""asserted"": ""False"", ""paths"": [{""via"": ""exact_alias"", ""source_token"": ""CD56"", ""tokens"": [""CD56""]}, {""via"": ""pro_id"", ""pr"": ""PR:000001024"", ""tokens"": [""CD56""]}]}, {""sense"": ""negative"", ""pr"": ""PR:000001289"", ""asserted"": ""False"", ""paths"": [{""via"": ""exact_alias"", ""source_token"": ""CD20"", ""tokens"": [""CD20""]}, {""via"": ""pro_id"", ""pr"": ""PR:000001289"", ""tokens"": [""CD20""]}]}, {""sense"": ""negative"", ""pr"": ""PR:000001865"", ""asserted"": ""False"", ""paths"": [{""via"": ""exact_alias"", ""source_token"": ""CD123"", ""tokens"": [""CD123""]}, {""via"": ""pro_id"", ""pr"": ""PR:000001865"", ""tokens"": [""CD123""]}]}, {""sense"": ""negative"", ""pr"": ""PR:000001889"", ""asserted"": ""True"", ""paths"": [{""via"": ""exact_alias"", ""source_token"": ""CD14"", ""tokens"": [""CD14""]}, {""via"": ""pro_id"", ""pr"": ""PR:000001889"", ""tokens"": [""CD14""]}]}, {""sense"": ""positive"", ""pr"": ""PR:000002015"", ""asserted"": ""False"", ""paths"": []}]"
SOULCAP:SC000089		CD4+ TCRab Tnaive	CD4+ naive alpha/beta T cell	CD4 TCRab T cell	Exact		2	CL:0002000	Kit-positive erythroid progenitor cell	13	1	CD14- (1 of 3 alt.), CD19- (1 of 2 alt.), CD123-		HLA-DR:not:positive/CD11C:not:high (no axiom on any alt.), CD15-/CD66B- (no axiom on any alt.), CD16-	no		"[""marker_axioms""]"	null	"[{""sense"": ""negative"", ""pr"": ""PR:000001002"", ""asserted"": ""False"", ""paths"": [{""via"": ""exact_alias"", ""source_token"": ""CD19"", ""tokens"": [""CD19""]}, {""via"": ""pro_id"", ""pr"": ""PR:000001002"", ""tokens"": [""CD19""]}]}, {""sense"": ""negative"", ""pr"": ""PR:000001004"", ""asserted"": ""False"", ""paths"": [{""via"": ""exact_alias"", ""source_token"": ""CD4"", ""tokens"": [""CD4""]}, {""via"": ""pro_id"", ""pr"": ""PR:000001004"", ""tokens"": [""CD4""]}]}, {""sense"": ""negative"", ""pr"": ""PR:000001012"", ""asserted"": ""False"", ""paths"": [{""via"": ""exact_alias"", ""source_token"": ""CD11"", ""tokens"": [""CD11""]}, {""via"": ""exact_alias"", ""source_token"": ""CD11B"", ""tokens"": [""CD11B""]}]}, {""sense"": ""negative"", ""pr"": ""PR:000001020"", ""asserted"": ""False"", ""paths"": [{""via"": ""exact_alias"", ""source_token"": ""CD3"", ""tokens"": [""CD3""]}, {""via"": ""exact_alias"", ""source_token"": ""CD3E"", ""tokens"": [""CD3E""]}, {""via"": ""exact_alias"", ""source_token"": ""CD3E"", ""tokens"": [""CD3E""]}, {""via"": ""pro_id"", ""pr"": ""PR:000001020"", ""tokens"": [""CD3""]}]}, {""sense"": ""negative"", ""pr"": ""PR:000001024"", ""asserted"": ""False"", ""paths"": [{""via"": ""exact_alias"", ""source_token"": ""CD56"", ""tokens"": [""CD56""]}, {""via"": ""pro_id"", ""pr"": ""PR:000001024"", ""tokens"": [""CD56""]}]}, {""sense"": ""negative"", ""pr"": ""PR:000001083"", ""asserted"": ""False"", ""paths"": [{""via"": ""exact_alias"", ""source_token"": ""CD2"", ""tokens"": [""CD2""]}]}, {""sense"": ""negative"", ""pr"": ""PR:000001084"", ""asserted"": ""False"", ""paths"": [{""via"": ""exact_alias"", ""source_token"": ""CD8"", ""tokens"": [""CD8""]}, {""via"": ""exact_alias"", ""source_token"": ""CD8A"", ""tokens"": [""CD8A""]}, {""via"": ""exact_alias"", ""source_token"": ""CD8A"", ""tokens"": [""CD8A""]}, {""via"": ""pro_id"", ""pr"": ""PR:000001084"", ""tokens"": [""CD8""]}]}, {""sense"": ""negative"", ""pr"": ""PR:000001289"", ""asserted"": ""False"", ""paths"": [{""via"": ""exact_alias"", ""source_token"": ""CD20"", ""tokens"": [""CD20""]}, {""via"": ""pro_id"", ""pr"": ""PR:000001289"", ""tokens"": [""CD20""]}]}, {""sense"": ""negative"", ""pr"": ""PR:000001833"", ""asserted"": ""True"", ""paths"": [{""via"": ""exact_alias"", ""source_token"": ""CD150"", ""tokens"": [""CD150""]}, {""via"": ""exact_alias"", ""source_token"": ""CDW150"", ""tokens"": [""CDW150""]}]}, {""sense"": ""negative"", ""pr"": ""PR:000001839"", ""asserted"": ""False"", ""paths"": [{""via"": ""exact_alias"", ""source_token"": ""CD5"", ""tokens"": [""CD5""]}]}, {""sense"": ""negative"", ""pr"": ""PR:000001865"", ""asserted"": ""True"", ""paths"": [{""via"": ""exact_alias"", ""source_token"": ""CD123"", ""tokens"": [""CD123""]}, {""via"": ""pro_id"", ""pr"": ""PR:000001865"", ""tokens"": [""CD123""]}]}, {""sense"": ""negative"", ""pr"": ""PR:000001869"", ""asserted"": ""True"", ""paths"": [{""via"": ""exact_alias"", ""source_token"": ""CD127"", ""tokens"": [""CD127""]}, {""via"": ""exact_alias"", ""source_token"": ""CDW127"", ""tokens"": [""CDW127""]}, {""via"": ""pro_id"", ""pr"": ""PR:000001869"", ""tokens"": [""CD127""]}]}, {""sense"": ""negative"", ""pr"": ""PR:000001889"", ""asserted"": ""False"", ""paths"": [{""via"": ""exact_alias"", ""source_token"": ""CD14"", ""tokens"": [""CD14""]}, {""via"": ""pro_id"", ""pr"": ""PR:000001889"", ""tokens"": [""CD14""]}]}, {""sense"": ""negative"", ""pr"": ""PR:000002978"", ""asserted"": ""False"", ""paths"": []}, {""sense"": ""negative"", ""pr"": ""PR:000002979"", ""asserted"": ""True"", ""paths"": []}, {""sense"": ""negative"", ""pr"": ""PR:000009127"", ""asserted"": ""True"", ""paths"": [{""via"": ""exact_alias"", ""source_token"": ""CD41"", ""tokens"": [""CD41""]}]}, {""sense"": ""positive"", ""pr"": ""PR:000001345"", ""asserted"": ""True"", ""paths"": [{""via"": ""exact_alias"", ""source_token"": ""CD105"", ""tokens"": [""CD105""]}]}, {""sense"": ""positive"", ""pr"": ""PR:000001945"", ""asserted"": ""False"", ""paths"": [{""via"": ""exact_alias"", ""source_token"": ""CD71"", ""tokens"": [""CD71""]}]}, {""sense"": ""positive"", ""pr"": ""PR:000002065"", ""asserted"": ""True"", ""paths"": [{""via"": ""exact_alias"", ""source_token"": ""CD117"", ""tokens"": [""CD117""]}, {""via"": ""pro_id"", ""pr"": ""PR:000002065"", ""tokens"": [""CD117""]}]}]"
SOULCAP:SC000089		CD4+ TCRab Tnaive	CD4+ naive alpha/beta T cell	CD4 TCRab T cell	Exact		3	CL:0000938	CD16-negative, CD56-bright natural killer cell, human	11	1	CD14- (1 of 3 alt.), CD19- (1 of 2 alt.), CD16-		CD123-, HLA-DR:not:positive/CD11C:not:high (no axiom on any alt.), CD15-/CD66B- (no axiom on any alt.)	no		"[""marker_axioms""]"	null	"[{""sense"": ""high"", ""pr"": ""PR:000001024"", ""asserted"": ""True"", ""paths"": [{""via"": ""exact_alias"", ""source_token"": ""CD56"", ""tokens"": [""CD56""]}, {""via"": ""pro_id"", ""pr"": ""PR:000001024"", ""tokens"": [""CD56""]}]}, {""sense"": ""negative"", ""pr"": ""PR:000001002"", ""asserted"": ""False"", ""paths"": [{""via"": ""exact_alias"", ""source_token"": ""CD19"", ""tokens"": [""CD19""]}, {""via"": ""pro_id"", ""pr"": ""PR:000001002"", ""tokens"": [""CD19""]}]}, {""sense"": ""negative"", ""pr"": ""PR:000001020"", ""asserted"": ""False"", ""paths"": [{""via"": ""exact_alias"", ""source_token"": ""CD3"", ""tokens"": [""CD3""]}, {""via"": ""exact_alias"", ""source_token"": ""CD3E"", ""tokens"": [""CD3E""]}, {""via"": ""exact_alias"", ""source_token"": ""CD3E"", ""tokens"": [""CD3E""]}, {""via"": ""pro_id"", ""pr"": ""PR:000001020"", ""tokens"": [""CD3""]}]}, {""sense"": ""negative"", ""pr"": ""PR:000001289"", ""asserted"": ""False"", ""paths"": [{""via"": ""exact_alias"", ""source_token"": ""CD20"", ""tokens"": [""CD20""]}, {""via"": ""pro_id"", ""pr"": ""PR:000001289"", ""tokens"": [""CD20""]}]}, {""sense"": ""negative"", ""pr"": ""PR:000001483"", ""asserted"": ""True"", ""paths"": [{""via"": ""exact_alias"", ""source_token"": ""CD16"", ""tokens"": [""CD16""]}, {""via"": ""pro_id"", ""pr"": ""PR:000001483"", ""tokens"": [""CD16""]}]}, {""sense"": ""negative"", ""pr"": ""PR:000001889"", ""asserted"": ""False"", ""paths"": [{""via"": ""exact_alias"", ""source_token"": ""CD14"", ""tokens"": [""CD14""]}, {""via"": ""pro_id"", ""pr"": ""PR:000001889"", ""tokens"": [""CD14""]}]}, {""sense"": ""negative"", ""pr"": ""PR:000002015"", ""asserted"": ""True"", ""paths"": []}, {""sense"": ""positive"", ""pr"": ""PR:000001319"", ""asserted"": ""True"", ""paths"": [{""via"": ""exact_alias"", ""source_token"": ""CD84"", ""tokens"": [""CD84""]}]}]"
SOULCAP:SC000090		CD4+ TCRgd Tnaive	CD4+ naive gamma/delta T cell	CD4+ TCRgd T cell			1	CL:0001057	myeloid dendritic cell, human	13	1	CD14- (1 of 3 alt.), CD19- (1 of 2 alt.), CD123-		HLA-DR:not:positive/CD11C:not:high (hi) (no axiom on any alt.), CD15-/CD66B- (no axiom on any alt.), CD16-	no		"[""marker_axioms""]"	null	"[{""sense"": ""high"", ""pr"": ""PR:000001013"", ""asserted"": ""False"", ""paths"": [{""via"": ""exact_alias"", ""source_token"": ""CD11"", ""tokens"": [""CD11""]}, {""via"": ""exact_alias"", ""source_token"": ""CD11C"", ""tokens"": [""CD11C""]}, {""via"": ""pro_id"", ""pr"": ""PR:000001013"", ""tokens"": [""CD11C""]}]}, {""sense"": ""negative"", ""pr"": ""PR:000001002"", ""asserted"": ""False"", ""paths"": [{""via"": ""exact_alias"", ""source_token"": ""CD19"", ""tokens"": [""CD19""]}, {""via"": ""pro_id"", ""pr"": ""PR:000001002"", ""tokens"": [""CD19""]}]}, {""sense"": ""negative"", ""pr"": ""PR:000001003"", ""asserted"": ""False"", ""paths"": [{""via"": ""exact_alias"", ""source_token"": ""CD34"", ""tokens"": [""CD34""]}, {""via"": ""pro_id"", ""pr"": ""PR:000001003"", ""tokens"": [""CD34""]}]}, {""sense"": ""negative"", ""pr"": ""PR:000001020"", ""asserted"": ""False"", ""paths"": [{""via"": ""exact_alias"", ""source_token"": ""CD3"", ""tokens"": [""CD3""]}, {""via"": ""exact_alias"", ""source_token"": ""CD3E"", ""tokens"": [""CD3E""]}, {""via"": ""exact_alias"", ""source_token"": ""CD3E"", ""tokens"": [""CD3E""]}, {""via"": ""pro_id"", ""pr"": ""PR:000001020"", ""tokens"": [""CD3""]}]}, {""sense"": ""negative"", ""pr"": ""PR:000001024"", ""asserted"": ""False"", ""paths"": [{""via"": ""exact_alias"", ""source_token"": ""CD56"", ""tokens"": [""CD56""]}, {""via"": ""pro_id"", ""pr"": ""PR:000001024"", ""tokens"": [""CD56""]}]}, {""sense"": ""negative"", ""pr"": ""PR:000001289"", ""asserted"": ""False"", ""paths"": [{""via"": ""exact_alias"", ""source_token"": ""CD20"", ""tokens"": [""CD20""]}, {""via"": ""pro_id"", ""pr"": ""PR:000001289"", ""tokens"": [""CD20""]}]}, {""sense"": ""negative"", ""pr"": ""PR:000001865"", ""asserted"": ""False"", ""paths"": [{""via"": ""exact_alias"", ""source_token"": ""CD123"", ""tokens"": [""CD123""]}, {""via"": ""pro_id"", ""pr"": ""PR:000001865"", ""tokens"": [""CD123""]}]}, {""sense"": ""negative"", ""pr"": ""PR:000001889"", ""asserted"": ""True"", ""paths"": [{""via"": ""exact_alias"", ""source_token"": ""CD14"", ""tokens"": [""CD14""]}, {""via"": ""pro_id"", ""pr"": ""PR:000001889"", ""tokens"": [""CD14""]}]}, {""sense"": ""positive"", ""pr"": ""PR:000002015"", ""asserted"": ""False"", ""paths"": []}]"
SOULCAP:SC000090		CD4+ TCRgd Tnaive	CD4+ naive gamma/delta T cell	CD4+ TCRgd T cell			2	CL:0002000	Kit-positive erythroid progenitor cell	13	1	CD14- (1 of 3 alt.), CD19- (1 of 2 alt.), CD123-		HLA-DR:not:positive/CD11C:not:high (no axiom on any alt.), CD15-/CD66B- (no axiom on any alt.), CD16-	no		"[""marker_axioms""]"	null	"[{""sense"": ""negative"", ""pr"": ""PR:000001002"", ""asserted"": ""False"", ""paths"": [{""via"": ""exact_alias"", ""source_token"": ""CD19"", ""tokens"": [""CD19""]}, {""via"": ""pro_id"", ""pr"": ""PR:000001002"", ""tokens"": [""CD19""]}]}, {""sense"": ""negative"", ""pr"": ""PR:000001004"", ""asserted"": ""False"", ""paths"": [{""via"": ""exact_alias"", ""source_token"": ""CD4"", ""tokens"": [""CD4""]}, {""via"": ""pro_id"", ""pr"": ""PR:000001004"", ""tokens"": [""CD4""]}]}, {""sense"": ""negative"", ""pr"": ""PR:000001012"", ""asserted"": ""False"", ""paths"": [{""via"": ""exact_alias"", ""source_token"": ""CD11"", ""tokens"": [""CD11""]}, {""via"": ""exact_alias"", ""source_token"": ""CD11B"", ""tokens"": [""CD11B""]}]}, {""sense"": ""negative"", ""pr"": ""PR:000001020"", ""asserted"": ""False"", ""paths"": [{""via"": ""exact_alias"", ""source_token"": ""CD3"", ""tokens"": [""CD3""]}, {""via"": ""exact_alias"", ""source_token"": ""CD3E"", ""tokens"": [""CD3E""]}, {""via"": ""exact_alias"", ""source_token"": ""CD3E"", ""tokens"": [""CD3E""]}, {""via"": ""pro_id"", ""pr"": ""PR:000001020"", ""tokens"": [""CD3""]}]}, {""sense"": ""negative"", ""pr"": ""PR:000001024"", ""asserted"": ""False"", ""paths"": [{""via"": ""exact_alias"", ""source_token"": ""CD56"", ""tokens"": [""CD56""]}, {""via"": ""pro_id"", ""pr"": ""PR:000001024"", ""tokens"": [""CD56""]}]}, {""sense"": ""negative"", ""pr"": ""PR:000001083"", ""asserted"": ""False"", ""paths"": [{""via"": ""exact_alias"", ""source_token"": ""CD2"", ""tokens"": [""CD2""]}]}, {""sense"": ""negative"", ""pr"": ""PR:000001084"", ""asserted"": ""False"", ""paths"": [{""via"": ""exact_alias"", ""source_token"": ""CD8"", ""tokens"": [""CD8""]}, {""via"": ""exact_alias"", ""source_token"": ""CD8A"", ""tokens"": [""CD8A""]}, {""via"": ""exact_alias"", ""source_token"": ""CD8A"", ""tokens"": [""CD8A""]}, {""via"": ""pro_id"", ""pr"": ""PR:000001084"", ""tokens"": [""CD8""]}]}, {""sense"": ""negative"", ""pr"": ""PR:000001289"", ""asserted"": ""False"", ""paths"": [{""via"": ""exact_alias"", ""source_token"": ""CD20"", ""tokens"": [""CD20""]}, {""via"": ""pro_id"", ""pr"": ""PR:000001289"", ""tokens"": [""CD20""]}]}, {""sense"": ""negative"", ""pr"": ""PR:000001833"", ""asserted"": ""True"", ""paths"": [{""via"": ""exact_alias"", ""source_token"": ""CD150"", ""tokens"": [""CD150""]}, {""via"": ""exact_alias"", ""source_token"": ""CDW150"", ""tokens"": [""CDW150""]}]}, {""sense"": ""negative"", ""pr"": ""PR:000001839"", ""asserted"": ""False"", ""paths"": [{""via"": ""exact_alias"", ""source_token"": ""CD5"", ""tokens"": [""CD5""]}]}, {""sense"": ""negative"", ""pr"": ""PR:000001865"", ""asserted"": ""True"", ""paths"": [{""via"": ""exact_alias"", ""source_token"": ""CD123"", ""tokens"": [""CD123""]}, {""via"": ""pro_id"", ""pr"": ""PR:000001865"", ""tokens"": [""CD123""]}]}, {""sense"": ""negative"", ""pr"": ""PR:000001869"", ""asserted"": ""True"", ""paths"": [{""via"": ""exact_alias"", ""source_token"": ""CD127"", ""tokens"": [""CD127""]}, {""via"": ""exact_alias"", ""source_token"": ""CDW127"", ""tokens"": [""CDW127""]}, {""via"": ""pro_id"", ""pr"": ""PR:000001869"", ""tokens"": [""CD127""]}]}, {""sense"": ""negative"", ""pr"": ""PR:000001889"", ""asserted"": ""False"", ""paths"": [{""via"": ""exact_alias"", ""source_token"": ""CD14"", ""tokens"": [""CD14""]}, {""via"": ""pro_id"", ""pr"": ""PR:000001889"", ""tokens"": [""CD14""]}]}, {""sense"": ""negative"", ""pr"": ""PR:000002978"", ""asserted"": ""False"", ""paths"": []}, {""sense"": ""negative"", ""pr"": ""PR:000002979"", ""asserted"": ""True"", ""paths"": []}, {""sense"": ""negative"", ""pr"": ""PR:000009127"", ""asserted"": ""True"", ""paths"": [{""via"": ""exact_alias"", ""source_token"": ""CD41"", ""tokens"": [""CD41""]}]}, {""sense"": ""positive"", ""pr"": ""PR:000001345"", ""asserted"": ""True"", ""paths"": [{""via"": ""exact_alias"", ""source_token"": ""CD105"", ""tokens"": [""CD105""]}]}, {""sense"": ""positive"", ""pr"": ""PR:000001945"", ""asserted"": ""False"", ""paths"": [{""via"": ""exact_alias"", ""source_token"": ""CD71"", ""tokens"": [""CD71""]}]}, {""sense"": ""positive"", ""pr"": ""PR:000002065"", ""asserted"": ""True"", ""paths"": [{""via"": ""exact_alias"", ""source_token"": ""CD117"", ""tokens"": [""CD117""]}, {""via"": ""pro_id"", ""pr"": ""PR:000002065"", ""tokens"": [""CD117""]}]}]"
SOULCAP:SC000090		CD4+ TCRgd Tnaive	CD4+ naive gamma/delta T cell	CD4+ TCRgd T cell			3	CL:0000938	CD16-negative, CD56-bright natural killer cell, human	11	1	CD14- (1 of 3 alt.), CD19- (1 of 2 alt.), CD16-		CD123-, HLA-DR:not:positive/CD11C:not:high (no axiom on any alt.), CD15-/CD66B- (no axiom on any alt.)	no		"[""marker_axioms""]"	null	"[{""sense"": ""high"", ""pr"": ""PR:000001024"", ""asserted"": ""True"", ""paths"": [{""via"": ""exact_alias"", ""source_token"": ""CD56"", ""tokens"": [""CD56""]}, {""via"": ""pro_id"", ""pr"": ""PR:000001024"", ""tokens"": [""CD56""]}]}, {""sense"": ""negative"", ""pr"": ""PR:000001002"", ""asserted"": ""False"", ""paths"": [{""via"": ""exact_alias"", ""source_token"": ""CD19"", ""tokens"": [""CD19""]}, {""via"": ""pro_id"", ""pr"": ""PR:000001002"", ""tokens"": [""CD19""]}]}, {""sense"": ""negative"", ""pr"": ""PR:000001020"", ""asserted"": ""False"", ""paths"": [{""via"": ""exact_alias"", ""source_token"": ""CD3"", ""tokens"": [""CD3""]}, {""via"": ""exact_alias"", ""source_token"": ""CD3E"", ""tokens"": [""CD3E""]}, {""via"": ""exact_alias"", ""source_token"": ""CD3E"", ""tokens"": [""CD3E""]}, {""via"": ""pro_id"", ""pr"": ""PR:000001020"", ""tokens"": [""CD3""]}]}, {""sense"": ""negative"", ""pr"": ""PR:000001289"", ""asserted"": ""False"", ""paths"": [{""via"": ""exact_alias"", ""source_token"": ""CD20"", ""tokens"": [""CD20""]}, {""via"": ""pro_id"", ""pr"": ""PR:000001289"", ""tokens"": [""CD20""]}]}, {""sense"": ""negative"", ""pr"": ""PR:000001483"", ""asserted"": ""True"", ""paths"": [{""via"": ""exact_alias"", ""source_token"": ""CD16"", ""tokens"": [""CD16""]}, {""via"": ""pro_id"", ""pr"": ""PR:000001483"", ""tokens"": [""CD16""]}]}, {""sense"": ""negative"", ""pr"": ""PR:000001889"", ""asserted"": ""False"", ""paths"": [{""via"": ""exact_alias"", ""source_token"": ""CD14"", ""tokens"": [""CD14""]}, {""via"": ""pro_id"", ""pr"": ""PR:000001889"", ""tokens"": [""CD14""]}]}, {""sense"": ""negative"", ""pr"": ""PR:000002015"", ""asserted"": ""True"", ""paths"": []}, {""sense"": ""positive"", ""pr"": ""PR:000001319"", ""asserted"": ""True"", ""paths"": [{""via"": ""exact_alias"", ""source_token"": ""CD84"", ""tokens"": [""CD84""]}]}]"
SOULCAP:SC000091		CD8+ Tnaive	CD8+ naive alpha/beta and gamma/delta T cell	CD8+ T cell	Exact		1	CL:0001057	myeloid dendritic cell, human	13	1	CD14- (1 of 3 alt.), CD19- (1 of 2 alt.), CD123-		HLA-DR:not:positive/CD11C:not:high (hi) (no axiom on any alt.), CD15-/CD66B- (no axiom on any alt.), CD16-	no		"[""marker_axioms""]"	null	"[{""sense"": ""high"", ""pr"": ""PR:000001013"", ""asserted"": ""False"", ""paths"": [{""via"": ""exact_alias"", ""source_token"": ""CD11"", ""tokens"": [""CD11""]}, {""via"": ""exact_alias"", ""source_token"": ""CD11C"", ""tokens"": [""CD11C""]}, {""via"": ""pro_id"", ""pr"": ""PR:000001013"", ""tokens"": [""CD11C""]}]}, {""sense"": ""negative"", ""pr"": ""PR:000001002"", ""asserted"": ""False"", ""paths"": [{""via"": ""exact_alias"", ""source_token"": ""CD19"", ""tokens"": [""CD19""]}, {""via"": ""pro_id"", ""pr"": ""PR:000001002"", ""tokens"": [""CD19""]}]}, {""sense"": ""negative"", ""pr"": ""PR:000001003"", ""asserted"": ""False"", ""paths"": [{""via"": ""exact_alias"", ""source_token"": ""CD34"", ""tokens"": [""CD34""]}, {""via"": ""pro_id"", ""pr"": ""PR:000001003"", ""tokens"": [""CD34""]}]}, {""sense"": ""negative"", ""pr"": ""PR:000001020"", ""asserted"": ""False"", ""paths"": [{""via"": ""exact_alias"", ""source_token"": ""CD3"", ""tokens"": [""CD3""]}, {""via"": ""exact_alias"", ""source_token"": ""CD3E"", ""tokens"": [""CD3E""]}, {""via"": ""exact_alias"", ""source_token"": ""CD3E"", ""tokens"": [""CD3E""]}, {""via"": ""pro_id"", ""pr"": ""PR:000001020"", ""tokens"": [""CD3""]}]}, {""sense"": ""negative"", ""pr"": ""PR:000001024"", ""asserted"": ""False"", ""paths"": [{""via"": ""exact_alias"", ""source_token"": ""CD56"", ""tokens"": [""CD56""]}, {""via"": ""pro_id"", ""pr"": ""PR:000001024"", ""tokens"": [""CD56""]}]}, {""sense"": ""negative"", ""pr"": ""PR:000001289"", ""asserted"": ""False"", ""paths"": [{""via"": ""exact_alias"", ""source_token"": ""CD20"", ""tokens"": [""CD20""]}, {""via"": ""pro_id"", ""pr"": ""PR:000001289"", ""tokens"": [""CD20""]}]}, {""sense"": ""negative"", ""pr"": ""PR:000001865"", ""asserted"": ""False"", ""paths"": [{""via"": ""exact_alias"", ""source_token"": ""CD123"", ""tokens"": [""CD123""]}, {""via"": ""pro_id"", ""pr"": ""PR:000001865"", ""tokens"": [""CD123""]}]}, {""sense"": ""negative"", ""pr"": ""PR:000001889"", ""asserted"": ""True"", ""paths"": [{""via"": ""exact_alias"", ""source_token"": ""CD14"", ""tokens"": [""CD14""]}, {""via"": ""pro_id"", ""pr"": ""PR:000001889"", ""tokens"": [""CD14""]}]}, {""sense"": ""positive"", ""pr"": ""PR:000002015"", ""asserted"": ""False"", ""paths"": []}]"
SOULCAP:SC000091		CD8+ Tnaive	CD8+ naive alpha/beta and gamma/delta T cell	CD8+ T cell	Exact		2	CL:0002000	Kit-positive erythroid progenitor cell	13	1	CD14- (1 of 3 alt.), CD19- (1 of 2 alt.), CD123-		HLA-DR:not:positive/CD11C:not:high (no axiom on any alt.), CD15-/CD66B- (no axiom on any alt.), CD16-	no		"[""marker_axioms""]"	null	"[{""sense"": ""negative"", ""pr"": ""PR:000001002"", ""asserted"": ""False"", ""paths"": [{""via"": ""exact_alias"", ""source_token"": ""CD19"", ""tokens"": [""CD19""]}, {""via"": ""pro_id"", ""pr"": ""PR:000001002"", ""tokens"": [""CD19""]}]}, {""sense"": ""negative"", ""pr"": ""PR:000001004"", ""asserted"": ""False"", ""paths"": [{""via"": ""exact_alias"", ""source_token"": ""CD4"", ""tokens"": [""CD4""]}, {""via"": ""pro_id"", ""pr"": ""PR:000001004"", ""tokens"": [""CD4""]}]}, {""sense"": ""negative"", ""pr"": ""PR:000001012"", ""asserted"": ""False"", ""paths"": [{""via"": ""exact_alias"", ""source_token"": ""CD11"", ""tokens"": [""CD11""]}, {""via"": ""exact_alias"", ""source_token"": ""CD11B"", ""tokens"": [""CD11B""]}]}, {""sense"": ""negative"", ""pr"": ""PR:000001020"", ""asserted"": ""False"", ""paths"": [{""via"": ""exact_alias"", ""source_token"": ""CD3"", ""tokens"": [""CD3""]}, {""via"": ""exact_alias"", ""source_token"": ""CD3E"", ""tokens"": [""CD3E""]}, {""via"": ""exact_alias"", ""source_token"": ""CD3E"", ""tokens"": [""CD3E""]}, {""via"": ""pro_id"", ""pr"": ""PR:000001020"", ""tokens"": [""CD3""]}]}, {""sense"": ""negative"", ""pr"": ""PR:000001024"", ""asserted"": ""False"", ""paths"": [{""via"": ""exact_alias"", ""source_token"": ""CD56"", ""tokens"": [""CD56""]}, {""via"": ""pro_id"", ""pr"": ""PR:000001024"", ""tokens"": [""CD56""]}]}, {""sense"": ""negative"", ""pr"": ""PR:000001083"", ""asserted"": ""False"", ""paths"": [{""via"": ""exact_alias"", ""source_token"": ""CD2"", ""tokens"": [""CD2""]}]}, {""sense"": ""negative"", ""pr"": ""PR:000001084"", ""asserted"": ""False"", ""paths"": [{""via"": ""exact_alias"", ""source_token"": ""CD8"", ""tokens"": [""CD8""]}, {""via"": ""exact_alias"", ""source_token"": ""CD8A"", ""tokens"": [""CD8A""]}, {""via"": ""exact_alias"", ""source_token"": ""CD8A"", ""tokens"": [""CD8A""]}, {""via"": ""pro_id"", ""pr"": ""PR:000001084"", ""tokens"": [""CD8""]}]}, {""sense"": ""negative"", ""pr"": ""PR:000001289"", ""asserted"": ""False"", ""paths"": [{""via"": ""exact_alias"", ""source_token"": ""CD20"", ""tokens"": [""CD20""]}, {""via"": ""pro_id"", ""pr"": ""PR:000001289"", ""tokens"": [""CD20""]}]}, {""sense"": ""negative"", ""pr"": ""PR:000001833"", ""asserted"": ""True"", ""paths"": [{""via"": ""exact_alias"", ""source_token"": ""CD150"", ""tokens"": [""CD150""]}, {""via"": ""exact_alias"", ""source_token"": ""CDW150"", ""tokens"": [""CDW150""]}]}, {""sense"": ""negative"", ""pr"": ""PR:000001839"", ""asserted"": ""False"", ""paths"": [{""via"": ""exact_alias"", ""source_token"": ""CD5"", ""tokens"": [""CD5""]}]}, {""sense"": ""negative"", ""pr"": ""PR:000001865"", ""asserted"": ""True"", ""paths"": [{""via"": ""exact_alias"", ""source_token"": ""CD123"", ""tokens"": [""CD123""]}, {""via"": ""pro_id"", ""pr"": ""PR:000001865"", ""tokens"": [""CD123""]}]}, {""sense"": ""negative"", ""pr"": ""PR:000001869"", ""asserted"": ""True"", ""paths"": [{""via"": ""exact_alias"", ""source_token"": ""CD127"", ""tokens"": [""CD127""]}, {""via"": ""exact_alias"", ""source_token"": ""CDW127"", ""tokens"": [""CDW127""]}, {""via"": ""pro_id"", ""pr"": ""PR:000001869"", ""tokens"": [""CD127""]}]}, {""sense"": ""negative"", ""pr"": ""PR:000001889"", ""asserted"": ""False"", ""paths"": [{""via"": ""exact_alias"", ""source_token"": ""CD14"", ""tokens"": [""CD14""]}, {""via"": ""pro_id"", ""pr"": ""PR:000001889"", ""tokens"": [""CD14""]}]}, {""sense"": ""negative"", ""pr"": ""PR:000002978"", ""asserted"": ""False"", ""paths"": []}, {""sense"": ""negative"", ""pr"": ""PR:000002979"", ""asserted"": ""True"", ""paths"": []}, {""sense"": ""negative"", ""pr"": ""PR:000009127"", ""asserted"": ""True"", ""paths"": [{""via"": ""exact_alias"", ""source_token"": ""CD41"", ""tokens"": [""CD41""]}]}, {""sense"": ""positive"", ""pr"": ""PR:000001345"", ""asserted"": ""True"", ""paths"": [{""via"": ""exact_alias"", ""source_token"": ""CD105"", ""tokens"": [""CD105""]}]}, {""sense"": ""positive"", ""pr"": ""PR:000001945"", ""asserted"": ""False"", ""paths"": [{""via"": ""exact_alias"", ""source_token"": ""CD71"", ""tokens"": [""CD71""]}]}, {""sense"": ""positive"", ""pr"": ""PR:000002065"", ""asserted"": ""True"", ""paths"": [{""via"": ""exact_alias"", ""source_token"": ""CD117"", ""tokens"": [""CD117""]}, {""via"": ""pro_id"", ""pr"": ""PR:000002065"", ""tokens"": [""CD117""]}]}]"
SOULCAP:SC000091		CD8+ Tnaive	CD8+ naive alpha/beta and gamma/delta T cell	CD8+ T cell	Exact		3	CL:0000938	CD16-negative, CD56-bright natural killer cell, human	11	1	CD14- (1 of 3 alt.), CD19- (1 of 2 alt.), CD16-		CD123-, HLA-DR:not:positive/CD11C:not:high (no axiom on any alt.), CD15-/CD66B- (no axiom on any alt.)	no		"[""marker_axioms""]"	null	"[{""sense"": ""high"", ""pr"": ""PR:000001024"", ""asserted"": ""True"", ""paths"": [{""via"": ""exact_alias"", ""source_token"": ""CD56"", ""tokens"": [""CD56""]}, {""via"": ""pro_id"", ""pr"": ""PR:000001024"", ""tokens"": [""CD56""]}]}, {""sense"": ""negative"", ""pr"": ""PR:000001002"", ""asserted"": ""False"", ""paths"": [{""via"": ""exact_alias"", ""source_token"": ""CD19"", ""tokens"": [""CD19""]}, {""via"": ""pro_id"", ""pr"": ""PR:000001002"", ""tokens"": [""CD19""]}]}, {""sense"": ""negative"", ""pr"": ""PR:000001020"", ""asserted"": ""False"", ""paths"": [{""via"": ""exact_alias"", ""source_token"": ""CD3"", ""tokens"": [""CD3""]}, {""via"": ""exact_alias"", ""source_token"": ""CD3E"", ""tokens"": [""CD3E""]}, {""via"": ""exact_alias"", ""source_token"": ""CD3E"", ""tokens"": [""CD3E""]}, {""via"": ""pro_id"", ""pr"": ""PR:000001020"", ""tokens"": [""CD3""]}]}, {""sense"": ""negative"", ""pr"": ""PR:000001289"", ""asserted"": ""False"", ""paths"": [{""via"": ""exact_alias"", ""source_token"": ""CD20"", ""tokens"": [""CD20""]}, {""via"": ""pro_id"", ""pr"": ""PR:000001289"", ""tokens"": [""CD20""]}]}, {""sense"": ""negative"", ""pr"": ""PR:000001483"", ""asserted"": ""True"", ""paths"": [{""via"": ""exact_alias"", ""source_token"": ""CD16"", ""tokens"": [""CD16""]}, {""via"": ""pro_id"", ""pr"": ""PR:000001483"", ""tokens"": [""CD16""]}]}, {""sense"": ""negative"", ""pr"": ""PR:000001889"", ""asserted"": ""False"", ""paths"": [{""via"": ""exact_alias"", ""source_token"": ""CD14"", ""tokens"": [""CD14""]}, {""via"": ""pro_id"", ""pr"": ""PR:000001889"", ""tokens"": [""CD14""]}]}, {""sense"": ""negative"", ""pr"": ""PR:000002015"", ""asserted"": ""True"", ""paths"": []}, {""sense"": ""positive"", ""pr"": ""PR:000001319"", ""asserted"": ""True"", ""paths"": [{""via"": ""exact_alias"", ""source_token"": ""CD84"", ""tokens"": [""CD84""]}]}]"
SOULCAP:SC000092		CD8+ TCRab Tnaive	CD8+ naive alpha/beta T cell	CD8+ TCRab T cell	Exact		1	CL:0001057	myeloid dendritic cell, human	13	1	CD14- (1 of 3 alt.), CD19- (1 of 2 alt.), CD123-		HLA-DR:not:positive/CD11C:not:high (hi) (no axiom on any alt.), CD15-/CD66B- (no axiom on any alt.), CD16-	no		"[""marker_axioms""]"	null	"[{""sense"": ""high"", ""pr"": ""PR:000001013"", ""asserted"": ""False"", ""paths"": [{""via"": ""exact_alias"", ""source_token"": ""CD11"", ""tokens"": [""CD11""]}, {""via"": ""exact_alias"", ""source_token"": ""CD11C"", ""tokens"": [""CD11C""]}, {""via"": ""pro_id"", ""pr"": ""PR:000001013"", ""tokens"": [""CD11C""]}]}, {""sense"": ""negative"", ""pr"": ""PR:000001002"", ""asserted"": ""False"", ""paths"": [{""via"": ""exact_alias"", ""source_token"": ""CD19"", ""tokens"": [""CD19""]}, {""via"": ""pro_id"", ""pr"": ""PR:000001002"", ""tokens"": [""CD19""]}]}, {""sense"": ""negative"", ""pr"": ""PR:000001003"", ""asserted"": ""False"", ""paths"": [{""via"": ""exact_alias"", ""source_token"": ""CD34"", ""tokens"": [""CD34""]}, {""via"": ""pro_id"", ""pr"": ""PR:000001003"", ""tokens"": [""CD34""]}]}, {""sense"": ""negative"", ""pr"": ""PR:000001020"", ""asserted"": ""False"", ""paths"": [{""via"": ""exact_alias"", ""source_token"": ""CD3"", ""tokens"": [""CD3""]}, {""via"": ""exact_alias"", ""source_token"": ""CD3E"", ""tokens"": [""CD3E""]}, {""via"": ""exact_alias"", ""source_token"": ""CD3E"", ""tokens"": [""CD3E""]}, {""via"": ""pro_id"", ""pr"": ""PR:000001020"", ""tokens"": [""CD3""]}]}, {""sense"": ""negative"", ""pr"": ""PR:000001024"", ""asserted"": ""False"", ""paths"": [{""via"": ""exact_alias"", ""source_token"": ""CD56"", ""tokens"": [""CD56""]}, {""via"": ""pro_id"", ""pr"": ""PR:000001024"", ""tokens"": [""CD56""]}]}, {""sense"": ""negative"", ""pr"": ""PR:000001289"", ""asserted"": ""False"", ""paths"": [{""via"": ""exact_alias"", ""source_token"": ""CD20"", ""tokens"": [""CD20""]}, {""via"": ""pro_id"", ""pr"": ""PR:000001289"", ""tokens"": [""CD20""]}]}, {""sense"": ""negative"", ""pr"": ""PR:000001865"", ""asserted"": ""False"", ""paths"": [{""via"": ""exact_alias"", ""source_token"": ""CD123"", ""tokens"": [""CD123""]}, {""via"": ""pro_id"", ""pr"": ""PR:000001865"", ""tokens"": [""CD123""]}]}, {""sense"": ""negative"", ""pr"": ""PR:000001889"", ""asserted"": ""True"", ""paths"": [{""via"": ""exact_alias"", ""source_token"": ""CD14"", ""tokens"": [""CD14""]}, {""via"": ""pro_id"", ""pr"": ""PR:000001889"", ""tokens"": [""CD14""]}]}, {""sense"": ""positive"", ""pr"": ""PR:000002015"", ""asserted"": ""False"", ""paths"": []}]"
SOULCAP:SC000092		CD8+ TCRab Tnaive	CD8+ naive alpha/beta T cell	CD8+ TCRab T cell	Exact		2	CL:0002000	Kit-positive erythroid progenitor cell	13	1	CD14- (1 of 3 alt.), CD19- (1 of 2 alt.), CD123-		HLA-DR:not:positive/CD11C:not:high (no axiom on any alt.), CD15-/CD66B- (no axiom on any alt.), CD16-	no		"[""marker_axioms""]"	null	"[{""sense"": ""negative"", ""pr"": ""PR:000001002"", ""asserted"": ""False"", ""paths"": [{""via"": ""exact_alias"", ""source_token"": ""CD19"", ""tokens"": [""CD19""]}, {""via"": ""pro_id"", ""pr"": ""PR:000001002"", ""tokens"": [""CD19""]}]}, {""sense"": ""negative"", ""pr"": ""PR:000001004"", ""asserted"": ""False"", ""paths"": [{""via"": ""exact_alias"", ""source_token"": ""CD4"", ""tokens"": [""CD4""]}, {""via"": ""pro_id"", ""pr"": ""PR:000001004"", ""tokens"": [""CD4""]}]}, {""sense"": ""negative"", ""pr"": ""PR:000001012"", ""asserted"": ""False"", ""paths"": [{""via"": ""exact_alias"", ""source_token"": ""CD11"", ""tokens"": [""CD11""]}, {""via"": ""exact_alias"", ""source_token"": ""CD11B"", ""tokens"": [""CD11B""]}]}, {""sense"": ""negative"", ""pr"": ""PR:000001020"", ""asserted"": ""False"", ""paths"": [{""via"": ""exact_alias"", ""source_token"": ""CD3"", ""tokens"": [""CD3""]}, {""via"": ""exact_alias"", ""source_token"": ""CD3E"", ""tokens"": [""CD3E""]}, {""via"": ""exact_alias"", ""source_token"": ""CD3E"", ""tokens"": [""CD3E""]}, {""via"": ""pro_id"", ""pr"": ""PR:000001020"", ""tokens"": [""CD3""]}]}, {""sense"": ""negative"", ""pr"": ""PR:000001024"", ""asserted"": ""False"", ""paths"": [{""via"": ""exact_alias"", ""source_token"": ""CD56"", ""tokens"": [""CD56""]}, {""via"": ""pro_id"", ""pr"": ""PR:000001024"", ""tokens"": [""CD56""]}]}, {""sense"": ""negative"", ""pr"": ""PR:000001083"", ""asserted"": ""False"", ""paths"": [{""via"": ""exact_alias"", ""source_token"": ""CD2"", ""tokens"": [""CD2""]}]}, {""sense"": ""negative"", ""pr"": ""PR:000001084"", ""asserted"": ""False"", ""paths"": [{""via"": ""exact_alias"", ""source_token"": ""CD8"", ""tokens"": [""CD8""]}, {""via"": ""exact_alias"", ""source_token"": ""CD8A"", ""tokens"": [""CD8A""]}, {""via"": ""exact_alias"", ""source_token"": ""CD8A"", ""tokens"": [""CD8A""]}, {""via"": ""pro_id"", ""pr"": ""PR:000001084"", ""tokens"": [""CD8""]}]}, {""sense"": ""negative"", ""pr"": ""PR:000001289"", ""asserted"": ""False"", ""paths"": [{""via"": ""exact_alias"", ""source_token"": ""CD20"", ""tokens"": [""CD20""]}, {""via"": ""pro_id"", ""pr"": ""PR:000001289"", ""tokens"": [""CD20""]}]}, {""sense"": ""negative"", ""pr"": ""PR:000001833"", ""asserted"": ""True"", ""paths"": [{""via"": ""exact_alias"", ""source_token"": ""CD150"", ""tokens"": [""CD150""]}, {""via"": ""exact_alias"", ""source_token"": ""CDW150"", ""tokens"": [""CDW150""]}]}, {""sense"": ""negative"", ""pr"": ""PR:000001839"", ""asserted"": ""False"", ""paths"": [{""via"": ""exact_alias"", ""source_token"": ""CD5"", ""tokens"": [""CD5""]}]}, {""sense"": ""negative"", ""pr"": ""PR:000001865"", ""asserted"": ""True"", ""paths"": [{""via"": ""exact_alias"", ""source_token"": ""CD123"", ""tokens"": [""CD123""]}, {""via"": ""pro_id"", ""pr"": ""PR:000001865"", ""tokens"": [""CD123""]}]}, {""sense"": ""negative"", ""pr"": ""PR:000001869"", ""asserted"": ""True"", ""paths"": [{""via"": ""exact_alias"", ""source_token"": ""CD127"", ""tokens"": [""CD127""]}, {""via"": ""exact_alias"", ""source_token"": ""CDW127"", ""tokens"": [""CDW127""]}, {""via"": ""pro_id"", ""pr"": ""PR:000001869"", ""tokens"": [""CD127""]}]}, {""sense"": ""negative"", ""pr"": ""PR:000001889"", ""asserted"": ""False"", ""paths"": [{""via"": ""exact_alias"", ""source_token"": ""CD14"", ""tokens"": [""CD14""]}, {""via"": ""pro_id"", ""pr"": ""PR:000001889"", ""tokens"": [""CD14""]}]}, {""sense"": ""negative"", ""pr"": ""PR:000002978"", ""asserted"": ""False"", ""paths"": []}, {""sense"": ""negative"", ""pr"": ""PR:000002979"", ""asserted"": ""True"", ""paths"": []}, {""sense"": ""negative"", ""pr"": ""PR:000009127"", ""asserted"": ""True"", ""paths"": [{""via"": ""exact_alias"", ""source_token"": ""CD41"", ""tokens"": [""CD41""]}]}, {""sense"": ""positive"", ""pr"": ""PR:000001345"", ""asserted"": ""True"", ""paths"": [{""via"": ""exact_alias"", ""source_token"": ""CD105"", ""tokens"": [""CD105""]}]}, {""sense"": ""positive"", ""pr"": ""PR:000001945"", ""asserted"": ""False"", ""paths"": [{""via"": ""exact_alias"", ""source_token"": ""CD71"", ""tokens"": [""CD71""]}]}, {""sense"": ""positive"", ""pr"": ""PR:000002065"", ""asserted"": ""True"", ""paths"": [{""via"": ""exact_alias"", ""source_token"": ""CD117"", ""tokens"": [""CD117""]}, {""via"": ""pro_id"", ""pr"": ""PR:000002065"", ""tokens"": [""CD117""]}]}]"
SOULCAP:SC000092		CD8+ TCRab Tnaive	CD8+ naive alpha/beta T cell	CD8+ TCRab T cell	Exact		3	CL:0000938	CD16-negative, CD56-bright natural killer cell, human	11	1	CD14- (1 of 3 alt.), CD19- (1 of 2 alt.), CD16-		CD123-, HLA-DR:not:positive/CD11C:not:high (no axiom on any alt.), CD15-/CD66B- (no axiom on any alt.)	no		"[""marker_axioms""]"	null	"[{""sense"": ""high"", ""pr"": ""PR:000001024"", ""asserted"": ""True"", ""paths"": [{""via"": ""exact_alias"", ""source_token"": ""CD56"", ""tokens"": [""CD56""]}, {""via"": ""pro_id"", ""pr"": ""PR:000001024"", ""tokens"": [""CD56""]}]}, {""sense"": ""negative"", ""pr"": ""PR:000001002"", ""asserted"": ""False"", ""paths"": [{""via"": ""exact_alias"", ""source_token"": ""CD19"", ""tokens"": [""CD19""]}, {""via"": ""pro_id"", ""pr"": ""PR:000001002"", ""tokens"": [""CD19""]}]}, {""sense"": ""negative"", ""pr"": ""PR:000001020"", ""asserted"": ""False"", ""paths"": [{""via"": ""exact_alias"", ""source_token"": ""CD3"", ""tokens"": [""CD3""]}, {""via"": ""exact_alias"", ""source_token"": ""CD3E"", ""tokens"": [""CD3E""]}, {""via"": ""exact_alias"", ""source_token"": ""CD3E"", ""tokens"": [""CD3E""]}, {""via"": ""pro_id"", ""pr"": ""PR:000001020"", ""tokens"": [""CD3""]}]}, {""sense"": ""negative"", ""pr"": ""PR:000001289"", ""asserted"": ""False"", ""paths"": [{""via"": ""exact_alias"", ""source_token"": ""CD20"", ""tokens"": [""CD20""]}, {""via"": ""pro_id"", ""pr"": ""PR:000001289"", ""tokens"": [""CD20""]}]}, {""sense"": ""negative"", ""pr"": ""PR:000001483"", ""asserted"": ""True"", ""paths"": [{""via"": ""exact_alias"", ""source_token"": ""CD16"", ""tokens"": [""CD16""]}, {""via"": ""pro_id"", ""pr"": ""PR:000001483"", ""tokens"": [""CD16""]}]}, {""sense"": ""negative"", ""pr"": ""PR:000001889"", ""asserted"": ""False"", ""paths"": [{""via"": ""exact_alias"", ""source_token"": ""CD14"", ""tokens"": [""CD14""]}, {""via"": ""pro_id"", ""pr"": ""PR:000001889"", ""tokens"": [""CD14""]}]}, {""sense"": ""negative"", ""pr"": ""PR:000002015"", ""asserted"": ""True"", ""paths"": []}, {""sense"": ""positive"", ""pr"": ""PR:000001319"", ""asserted"": ""True"", ""paths"": [{""via"": ""exact_alias"", ""source_token"": ""CD84"", ""tokens"": [""CD84""]}]}]"
SOULCAP:SC000093		CD8+ TCRgd Tnaive	CD8+ naive gamma/delta  T cell	CD8+ TCRgd T cell			1	CL:0001057	myeloid dendritic cell, human	13	1	CD14- (1 of 3 alt.), CD19- (1 of 2 alt.), CD123-		HLA-DR:not:positive/CD11C:not:high (hi) (no axiom on any alt.), CD15-/CD66B- (no axiom on any alt.), CD16-	no		"[""marker_axioms""]"	null	"[{""sense"": ""high"", ""pr"": ""PR:000001013"", ""asserted"": ""False"", ""paths"": [{""via"": ""exact_alias"", ""source_token"": ""CD11"", ""tokens"": [""CD11""]}, {""via"": ""exact_alias"", ""source_token"": ""CD11C"", ""tokens"": [""CD11C""]}, {""via"": ""pro_id"", ""pr"": ""PR:000001013"", ""tokens"": [""CD11C""]}]}, {""sense"": ""negative"", ""pr"": ""PR:000001002"", ""asserted"": ""False"", ""paths"": [{""via"": ""exact_alias"", ""source_token"": ""CD19"", ""tokens"": [""CD19""]}, {""via"": ""pro_id"", ""pr"": ""PR:000001002"", ""tokens"": [""CD19""]}]}, {""sense"": ""negative"", ""pr"": ""PR:000001003"", ""asserted"": ""False"", ""paths"": [{""via"": ""exact_alias"", ""source_token"": ""CD34"", ""tokens"": [""CD34""]}, {""via"": ""pro_id"", ""pr"": ""PR:000001003"", ""tokens"": [""CD34""]}]}, {""sense"": ""negative"", ""pr"": ""PR:000001020"", ""asserted"": ""False"", ""paths"": [{""via"": ""exact_alias"", ""source_token"": ""CD3"", ""tokens"": [""CD3""]}, {""via"": ""exact_alias"", ""source_token"": ""CD3E"", ""tokens"": [""CD3E""]}, {""via"": ""exact_alias"", ""source_token"": ""CD3E"", ""tokens"": [""CD3E""]}, {""via"": ""pro_id"", ""pr"": ""PR:000001020"", ""tokens"": [""CD3""]}]}, {""sense"": ""negative"", ""pr"": ""PR:000001024"", ""asserted"": ""False"", ""paths"": [{""via"": ""exact_alias"", ""source_token"": ""CD56"", ""tokens"": [""CD56""]}, {""via"": ""pro_id"", ""pr"": ""PR:000001024"", ""tokens"": [""CD56""]}]}, {""sense"": ""negative"", ""pr"": ""PR:000001289"", ""asserted"": ""False"", ""paths"": [{""via"": ""exact_alias"", ""source_token"": ""CD20"", ""tokens"": [""CD20""]}, {""via"": ""pro_id"", ""pr"": ""PR:000001289"", ""tokens"": [""CD20""]}]}, {""sense"": ""negative"", ""pr"": ""PR:000001865"", ""asserted"": ""False"", ""paths"": [{""via"": ""exact_alias"", ""source_token"": ""CD123"", ""tokens"": [""CD123""]}, {""via"": ""pro_id"", ""pr"": ""PR:000001865"", ""tokens"": [""CD123""]}]}, {""sense"": ""negative"", ""pr"": ""PR:000001889"", ""asserted"": ""True"", ""paths"": [{""via"": ""exact_alias"", ""source_token"": ""CD14"", ""tokens"": [""CD14""]}, {""via"": ""pro_id"", ""pr"": ""PR:000001889"", ""tokens"": [""CD14""]}]}, {""sense"": ""positive"", ""pr"": ""PR:000002015"", ""asserted"": ""False"", ""paths"": []}]"
SOULCAP:SC000093		CD8+ TCRgd Tnaive	CD8+ naive gamma/delta  T cell	CD8+ TCRgd T cell			2	CL:0002000	Kit-positive erythroid progenitor cell	13	1	CD14- (1 of 3 alt.), CD19- (1 of 2 alt.), CD123-		HLA-DR:not:positive/CD11C:not:high (no axiom on any alt.), CD15-/CD66B- (no axiom on any alt.), CD16-	no		"[""marker_axioms""]"	null	"[{""sense"": ""negative"", ""pr"": ""PR:000001002"", ""asserted"": ""False"", ""paths"": [{""via"": ""exact_alias"", ""source_token"": ""CD19"", ""tokens"": [""CD19""]}, {""via"": ""pro_id"", ""pr"": ""PR:000001002"", ""tokens"": [""CD19""]}]}, {""sense"": ""negative"", ""pr"": ""PR:000001004"", ""asserted"": ""False"", ""paths"": [{""via"": ""exact_alias"", ""source_token"": ""CD4"", ""tokens"": [""CD4""]}, {""via"": ""pro_id"", ""pr"": ""PR:000001004"", ""tokens"": [""CD4""]}]}, {""sense"": ""negative"", ""pr"": ""PR:000001012"", ""asserted"": ""False"", ""paths"": [{""via"": ""exact_alias"", ""source_token"": ""CD11"", ""tokens"": [""CD11""]}, {""via"": ""exact_alias"", ""source_token"": ""CD11B"", ""tokens"": [""CD11B""]}]}, {""sense"": ""negative"", ""pr"": ""PR:000001020"", ""asserted"": ""False"", ""paths"": [{""via"": ""exact_alias"", ""source_token"": ""CD3"", ""tokens"": [""CD3""]}, {""via"": ""exact_alias"", ""source_token"": ""CD3E"", ""tokens"": [""CD3E""]}, {""via"": ""exact_alias"", ""source_token"": ""CD3E"", ""tokens"": [""CD3E""]}, {""via"": ""pro_id"", ""pr"": ""PR:000001020"", ""tokens"": [""CD3""]}]}, {""sense"": ""negative"", ""pr"": ""PR:000001024"", ""asserted"": ""False"", ""paths"": [{""via"": ""exact_alias"", ""source_token"": ""CD56"", ""tokens"": [""CD56""]}, {""via"": ""pro_id"", ""pr"": ""PR:000001024"", ""tokens"": [""CD56""]}]}, {""sense"": ""negative"", ""pr"": ""PR:000001083"", ""asserted"": ""False"", ""paths"": [{""via"": ""exact_alias"", ""source_token"": ""CD2"", ""tokens"": [""CD2""]}]}, {""sense"": ""negative"", ""pr"": ""PR:000001084"", ""asserted"": ""False"", ""paths"": [{""via"": ""exact_alias"", ""source_token"": ""CD8"", ""tokens"": [""CD8""]}, {""via"": ""exact_alias"", ""source_token"": ""CD8A"", ""tokens"": [""CD8A""]}, {""via"": ""exact_alias"", ""source_token"": ""CD8A"", ""tokens"": [""CD8A""]}, {""via"": ""pro_id"", ""pr"": ""PR:000001084"", ""tokens"": [""CD8""]}]}, {""sense"": ""negative"", ""pr"": ""PR:000001289"", ""asserted"": ""False"", ""paths"": [{""via"": ""exact_alias"", ""source_token"": ""CD20"", ""tokens"": [""CD20""]}, {""via"": ""pro_id"", ""pr"": ""PR:000001289"", ""tokens"": [""CD20""]}]}, {""sense"": ""negative"", ""pr"": ""PR:000001833"", ""asserted"": ""True"", ""paths"": [{""via"": ""exact_alias"", ""source_token"": ""CD150"", ""tokens"": [""CD150""]}, {""via"": ""exact_alias"", ""source_token"": ""CDW150"", ""tokens"": [""CDW150""]}]}, {""sense"": ""negative"", ""pr"": ""PR:000001839"", ""asserted"": ""False"", ""paths"": [{""via"": ""exact_alias"", ""source_token"": ""CD5"", ""tokens"": [""CD5""]}]}, {""sense"": ""negative"", ""pr"": ""PR:000001865"", ""asserted"": ""True"", ""paths"": [{""via"": ""exact_alias"", ""source_token"": ""CD123"", ""tokens"": [""CD123""]}, {""via"": ""pro_id"", ""pr"": ""PR:000001865"", ""tokens"": [""CD123""]}]}, {""sense"": ""negative"", ""pr"": ""PR:000001869"", ""asserted"": ""True"", ""paths"": [{""via"": ""exact_alias"", ""source_token"": ""CD127"", ""tokens"": [""CD127""]}, {""via"": ""exact_alias"", ""source_token"": ""CDW127"", ""tokens"": [""CDW127""]}, {""via"": ""pro_id"", ""pr"": ""PR:000001869"", ""tokens"": [""CD127""]}]}, {""sense"": ""negative"", ""pr"": ""PR:000001889"", ""asserted"": ""False"", ""paths"": [{""via"": ""exact_alias"", ""source_token"": ""CD14"", ""tokens"": [""CD14""]}, {""via"": ""pro_id"", ""pr"": ""PR:000001889"", ""tokens"": [""CD14""]}]}, {""sense"": ""negative"", ""pr"": ""PR:000002978"", ""asserted"": ""False"", ""paths"": []}, {""sense"": ""negative"", ""pr"": ""PR:000002979"", ""asserted"": ""True"", ""paths"": []}, {""sense"": ""negative"", ""pr"": ""PR:000009127"", ""asserted"": ""True"", ""paths"": [{""via"": ""exact_alias"", ""source_token"": ""CD41"", ""tokens"": [""CD41""]}]}, {""sense"": ""positive"", ""pr"": ""PR:000001345"", ""asserted"": ""True"", ""paths"": [{""via"": ""exact_alias"", ""source_token"": ""CD105"", ""tokens"": [""CD105""]}]}, {""sense"": ""positive"", ""pr"": ""PR:000001945"", ""asserted"": ""False"", ""paths"": [{""via"": ""exact_alias"", ""source_token"": ""CD71"", ""tokens"": [""CD71""]}]}, {""sense"": ""positive"", ""pr"": ""PR:000002065"", ""asserted"": ""True"", ""paths"": [{""via"": ""exact_alias"", ""source_token"": ""CD117"", ""tokens"": [""CD117""]}, {""via"": ""pro_id"", ""pr"": ""PR:000002065"", ""tokens"": [""CD117""]}]}]"
SOULCAP:SC000093		CD8+ TCRgd Tnaive	CD8+ naive gamma/delta  T cell	CD8+ TCRgd T cell			3	CL:0000938	CD16-negative, CD56-bright natural killer cell, human	11	1	CD14- (1 of 3 alt.), CD19- (1 of 2 alt.), CD16-		CD123-, HLA-DR:not:positive/CD11C:not:high (no axiom on any alt.), CD15-/CD66B- (no axiom on any alt.)	no		"[""marker_axioms""]"	null	"[{""sense"": ""high"", ""pr"": ""PR:000001024"", ""asserted"": ""True"", ""paths"": [{""via"": ""exact_alias"", ""source_token"": ""CD56"", ""tokens"": [""CD56""]}, {""via"": ""pro_id"", ""pr"": ""PR:000001024"", ""tokens"": [""CD56""]}]}, {""sense"": ""negative"", ""pr"": ""PR:000001002"", ""asserted"": ""False"", ""paths"": [{""via"": ""exact_alias"", ""source_token"": ""CD19"", ""tokens"": [""CD19""]}, {""via"": ""pro_id"", ""pr"": ""PR:000001002"", ""tokens"": [""CD19""]}]}, {""sense"": ""negative"", ""pr"": ""PR:000001020"", ""asserted"": ""False"", ""paths"": [{""via"": ""exact_alias"", ""source_token"": ""CD3"", ""tokens"": [""CD3""]}, {""via"": ""exact_alias"", ""source_token"": ""CD3E"", ""tokens"": [""CD3E""]}, {""via"": ""exact_alias"", ""source_token"": ""CD3E"", ""tokens"": [""CD3E""]}, {""via"": ""pro_id"", ""pr"": ""PR:000001020"", ""tokens"": [""CD3""]}]}, {""sense"": ""negative"", ""pr"": ""PR:000001289"", ""asserted"": ""False"", ""paths"": [{""via"": ""exact_alias"", ""source_token"": ""CD20"", ""tokens"": [""CD20""]}, {""via"": ""pro_id"", ""pr"": ""PR:000001289"", ""tokens"": [""CD20""]}]}, {""sense"": ""negative"", ""pr"": ""PR:000001483"", ""asserted"": ""True"", ""paths"": [{""via"": ""exact_alias"", ""source_token"": ""CD16"", ""tokens"": [""CD16""]}, {""via"": ""pro_id"", ""pr"": ""PR:000001483"", ""tokens"": [""CD16""]}]}, {""sense"": ""negative"", ""pr"": ""PR:000001889"", ""asserted"": ""False"", ""paths"": [{""via"": ""exact_alias"", ""source_token"": ""CD14"", ""tokens"": [""CD14""]}, {""via"": ""pro_id"", ""pr"": ""PR:000001889"", ""tokens"": [""CD14""]}]}, {""sense"": ""negative"", ""pr"": ""PR:000002015"", ""asserted"": ""True"", ""paths"": []}, {""sense"": ""positive"", ""pr"": ""PR:000001319"", ""asserted"": ""True"", ""paths"": [{""via"": ""exact_alias"", ""source_token"": ""CD84"", ""tokens"": [""CD84""]}]}]"
SOULCAP:SC000094		Tem	Effector memory T cell	T cell	Exact		1	CL:0001057	myeloid dendritic cell, human	13	1	CD14- (1 of 3 alt.), CD19- (1 of 2 alt.), CD123-		HLA-DR:not:positive/CD11C:not:high (hi) (no axiom on any alt.), CD15-/CD66B- (no axiom on any alt.), CD16-	no		"[""marker_axioms""]"	null	"[{""sense"": ""high"", ""pr"": ""PR:000001013"", ""asserted"": ""False"", ""paths"": [{""via"": ""exact_alias"", ""source_token"": ""CD11"", ""tokens"": [""CD11""]}, {""via"": ""exact_alias"", ""source_token"": ""CD11C"", ""tokens"": [""CD11C""]}, {""via"": ""pro_id"", ""pr"": ""PR:000001013"", ""tokens"": [""CD11C""]}]}, {""sense"": ""negative"", ""pr"": ""PR:000001002"", ""asserted"": ""False"", ""paths"": [{""via"": ""exact_alias"", ""source_token"": ""CD19"", ""tokens"": [""CD19""]}, {""via"": ""pro_id"", ""pr"": ""PR:000001002"", ""tokens"": [""CD19""]}]}, {""sense"": ""negative"", ""pr"": ""PR:000001003"", ""asserted"": ""False"", ""paths"": [{""via"": ""exact_alias"", ""source_token"": ""CD34"", ""tokens"": [""CD34""]}, {""via"": ""pro_id"", ""pr"": ""PR:000001003"", ""tokens"": [""CD34""]}]}, {""sense"": ""negative"", ""pr"": ""PR:000001020"", ""asserted"": ""False"", ""paths"": [{""via"": ""exact_alias"", ""source_token"": ""CD3"", ""tokens"": [""CD3""]}, {""via"": ""exact_alias"", ""source_token"": ""CD3E"", ""tokens"": [""CD3E""]}, {""via"": ""exact_alias"", ""source_token"": ""CD3E"", ""tokens"": [""CD3E""]}, {""via"": ""pro_id"", ""pr"": ""PR:000001020"", ""tokens"": [""CD3""]}]}, {""sense"": ""negative"", ""pr"": ""PR:000001024"", ""asserted"": ""False"", ""paths"": [{""via"": ""exact_alias"", ""source_token"": ""CD56"", ""tokens"": [""CD56""]}, {""via"": ""pro_id"", ""pr"": ""PR:000001024"", ""tokens"": [""CD56""]}]}, {""sense"": ""negative"", ""pr"": ""PR:000001289"", ""asserted"": ""False"", ""paths"": [{""via"": ""exact_alias"", ""source_token"": ""CD20"", ""tokens"": [""CD20""]}, {""via"": ""pro_id"", ""pr"": ""PR:000001289"", ""tokens"": [""CD20""]}]}, {""sense"": ""negative"", ""pr"": ""PR:000001865"", ""asserted"": ""False"", ""paths"": [{""via"": ""exact_alias"", ""source_token"": ""CD123"", ""tokens"": [""CD123""]}, {""via"": ""pro_id"", ""pr"": ""PR:000001865"", ""tokens"": [""CD123""]}]}, {""sense"": ""negative"", ""pr"": ""PR:000001889"", ""asserted"": ""True"", ""paths"": [{""via"": ""exact_alias"", ""source_token"": ""CD14"", ""tokens"": [""CD14""]}, {""via"": ""pro_id"", ""pr"": ""PR:000001889"", ""tokens"": [""CD14""]}]}, {""sense"": ""positive"", ""pr"": ""PR:000002015"", ""asserted"": ""False"", ""paths"": []}]"
SOULCAP:SC000094		Tem	Effector memory T cell	T cell	Exact		2	CL:0002000	Kit-positive erythroid progenitor cell	13	1	CD14- (1 of 3 alt.), CD19- (1 of 2 alt.), CD123-		HLA-DR:not:positive/CD11C:not:high (no axiom on any alt.), CD15-/CD66B- (no axiom on any alt.), CD16-	no		"[""marker_axioms""]"	null	"[{""sense"": ""negative"", ""pr"": ""PR:000001002"", ""asserted"": ""False"", ""paths"": [{""via"": ""exact_alias"", ""source_token"": ""CD19"", ""tokens"": [""CD19""]}, {""via"": ""pro_id"", ""pr"": ""PR:000001002"", ""tokens"": [""CD19""]}]}, {""sense"": ""negative"", ""pr"": ""PR:000001004"", ""asserted"": ""False"", ""paths"": [{""via"": ""exact_alias"", ""source_token"": ""CD4"", ""tokens"": [""CD4""]}, {""via"": ""pro_id"", ""pr"": ""PR:000001004"", ""tokens"": [""CD4""]}]}, {""sense"": ""negative"", ""pr"": ""PR:000001012"", ""asserted"": ""False"", ""paths"": [{""via"": ""exact_alias"", ""source_token"": ""CD11"", ""tokens"": [""CD11""]}, {""via"": ""exact_alias"", ""source_token"": ""CD11B"", ""tokens"": [""CD11B""]}]}, {""sense"": ""negative"", ""pr"": ""PR:000001020"", ""asserted"": ""False"", ""paths"": [{""via"": ""exact_alias"", ""source_token"": ""CD3"", ""tokens"": [""CD3""]}, {""via"": ""exact_alias"", ""source_token"": ""CD3E"", ""tokens"": [""CD3E""]}, {""via"": ""exact_alias"", ""source_token"": ""CD3E"", ""tokens"": [""CD3E""]}, {""via"": ""pro_id"", ""pr"": ""PR:000001020"", ""tokens"": [""CD3""]}]}, {""sense"": ""negative"", ""pr"": ""PR:000001024"", ""asserted"": ""False"", ""paths"": [{""via"": ""exact_alias"", ""source_token"": ""CD56"", ""tokens"": [""CD56""]}, {""via"": ""pro_id"", ""pr"": ""PR:000001024"", ""tokens"": [""CD56""]}]}, {""sense"": ""negative"", ""pr"": ""PR:000001083"", ""asserted"": ""False"", ""paths"": [{""via"": ""exact_alias"", ""source_token"": ""CD2"", ""tokens"": [""CD2""]}]}, {""sense"": ""negative"", ""pr"": ""PR:000001084"", ""asserted"": ""False"", ""paths"": [{""via"": ""exact_alias"", ""source_token"": ""CD8"", ""tokens"": [""CD8""]}, {""via"": ""exact_alias"", ""source_token"": ""CD8A"", ""tokens"": [""CD8A""]}, {""via"": ""exact_alias"", ""source_token"": ""CD8A"", ""tokens"": [""CD8A""]}, {""via"": ""pro_id"", ""pr"": ""PR:000001084"", ""tokens"": [""CD8""]}]}, {""sense"": ""negative"", ""pr"": ""PR:000001289"", ""asserted"": ""False"", ""paths"": [{""via"": ""exact_alias"", ""source_token"": ""CD20"", ""tokens"": [""CD20""]}, {""via"": ""pro_id"", ""pr"": ""PR:000001289"", ""tokens"": [""CD20""]}]}, {""sense"": ""negative"", ""pr"": ""PR:000001833"", ""asserted"": ""True"", ""paths"": [{""via"": ""exact_alias"", ""source_token"": ""CD150"", ""tokens"": [""CD150""]}, {""via"": ""exact_alias"", ""source_token"": ""CDW150"", ""tokens"": [""CDW150""]}]}, {""sense"": ""negative"", ""pr"": ""PR:000001839"", ""asserted"": ""False"", ""paths"": [{""via"": ""exact_alias"", ""source_token"": ""CD5"", ""tokens"": [""CD5""]}]}, {""sense"": ""negative"", ""pr"": ""PR:000001865"", ""asserted"": ""True"", ""paths"": [{""via"": ""exact_alias"", ""source_token"": ""CD123"", ""tokens"": [""CD123""]}, {""via"": ""pro_id"", ""pr"": ""PR:000001865"", ""tokens"": [""CD123""]}]}, {""sense"": ""negative"", ""pr"": ""PR:000001869"", ""asserted"": ""True"", ""paths"": [{""via"": ""exact_alias"", ""source_token"": ""CD127"", ""tokens"": [""CD127""]}, {""via"": ""exact_alias"", ""source_token"": ""CDW127"", ""tokens"": [""CDW127""]}, {""via"": ""pro_id"", ""pr"": ""PR:000001869"", ""tokens"": [""CD127""]}]}, {""sense"": ""negative"", ""pr"": ""PR:000001889"", ""asserted"": ""False"", ""paths"": [{""via"": ""exact_alias"", ""source_token"": ""CD14"", ""tokens"": [""CD14""]}, {""via"": ""pro_id"", ""pr"": ""PR:000001889"", ""tokens"": [""CD14""]}]}, {""sense"": ""negative"", ""pr"": ""PR:000002978"", ""asserted"": ""False"", ""paths"": []}, {""sense"": ""negative"", ""pr"": ""PR:000002979"", ""asserted"": ""True"", ""paths"": []}, {""sense"": ""negative"", ""pr"": ""PR:000009127"", ""asserted"": ""True"", ""paths"": [{""via"": ""exact_alias"", ""source_token"": ""CD41"", ""tokens"": [""CD41""]}]}, {""sense"": ""positive"", ""pr"": ""PR:000001345"", ""asserted"": ""True"", ""paths"": [{""via"": ""exact_alias"", ""source_token"": ""CD105"", ""tokens"": [""CD105""]}]}, {""sense"": ""positive"", ""pr"": ""PR:000001945"", ""asserted"": ""False"", ""paths"": [{""via"": ""exact_alias"", ""source_token"": ""CD71"", ""tokens"": [""CD71""]}]}, {""sense"": ""positive"", ""pr"": ""PR:000002065"", ""asserted"": ""True"", ""paths"": [{""via"": ""exact_alias"", ""source_token"": ""CD117"", ""tokens"": [""CD117""]}, {""via"": ""pro_id"", ""pr"": ""PR:000002065"", ""tokens"": [""CD117""]}]}]"
SOULCAP:SC000094		Tem	Effector memory T cell	T cell	Exact		3	CL:0001024	CD34-positive, CD38-negative hematopoietic stem cell	12	2	CD14- (1 of 3 alt.), CD19- (1 of 2 alt.), CD16-		CD123-, HLA-DR:not:positive/CD11C:not:high (no axiom on any alt.), CD15-/CD66B- (no axiom on any alt.)	no		"[""marker_axioms""]"	null	"[{""sense"": ""negative"", ""pr"": ""PR:000001002"", ""asserted"": ""False"", ""paths"": [{""via"": ""exact_alias"", ""source_token"": ""CD19"", ""tokens"": [""CD19""]}, {""via"": ""pro_id"", ""pr"": ""PR:000001002"", ""tokens"": [""CD19""]}]}, {""sense"": ""negative"", ""pr"": ""PR:000001004"", ""asserted"": ""False"", ""paths"": [{""via"": ""exact_alias"", ""source_token"": ""CD4"", ""tokens"": [""CD4""]}, {""via"": ""pro_id"", ""pr"": ""PR:000001004"", ""tokens"": [""CD4""]}]}, {""sense"": ""negative"", ""pr"": ""PR:000001012"", ""asserted"": ""False"", ""paths"": [{""via"": ""exact_alias"", ""source_token"": ""CD11"", ""tokens"": [""CD11""]}, {""via"": ""exact_alias"", ""source_token"": ""CD11B"", ""tokens"": [""CD11B""]}]}, {""sense"": ""negative"", ""pr"": ""PR:000001020"", ""asserted"": ""False"", ""paths"": [{""via"": ""exact_alias"", ""source_token"": ""CD3"", ""tokens"": [""CD3""]}, {""via"": ""exact_alias"", ""source_token"": ""CD3E"", ""tokens"": [""CD3E""]}, {""via"": ""exact_alias"", ""source_token"": ""CD3E"", ""tokens"": [""CD3E""]}, {""via"": ""pro_id"", ""pr"": ""PR:000001020"", ""tokens"": [""CD3""]}]}, {""sense"": ""negative"", ""pr"": ""PR:000001024"", ""asserted"": ""False"", ""paths"": [{""via"": ""exact_alias"", ""source_token"": ""CD56"", ""tokens"": [""CD56""]}, {""via"": ""pro_id"", ""pr"": ""PR:000001024"", ""tokens"": [""CD56""]}]}, {""sense"": ""negative"", ""pr"": ""PR:000001083"", ""asserted"": ""False"", ""paths"": [{""via"": ""exact_alias"", ""source_token"": ""CD2"", ""tokens"": [""CD2""]}]}, {""sense"": ""negative"", ""pr"": ""PR:000001084"", ""asserted"": ""False"", ""paths"": [{""via"": ""exact_alias"", ""source_token"": ""CD8"", ""tokens"": [""CD8""]}, {""via"": ""exact_alias"", ""source_token"": ""CD8A"", ""tokens"": [""CD8A""]}, {""via"": ""exact_alias"", ""source_token"": ""CD8A"", ""tokens"": [""CD8A""]}, {""via"": ""pro_id"", ""pr"": ""PR:000001084"", ""tokens"": [""CD8""]}]}, {""sense"": ""negative"", ""pr"": ""PR:000001289"", ""asserted"": ""False"", ""paths"": [{""via"": ""exact_alias"", ""source_token"": ""CD20"", ""tokens"": [""CD20""]}, {""via"": ""pro_id"", ""pr"": ""PR:000001289"", ""tokens"": [""CD20""]}]}, {""sense"": ""negative"", ""pr"": ""PR:000001408"", ""asserted"": ""True"", ""paths"": [{""via"": ""exact_alias"", ""source_token"": ""CD38"", ""tokens"": [""CD38""]}, {""via"": ""pro_id"", ""pr"": ""PR:000001408"", ""tokens"": [""CD38""]}]}, {""sense"": ""negative"", ""pr"": ""PR:000001483"", ""asserted"": ""True"", ""paths"": [{""via"": ""exact_alias"", ""source_token"": ""CD16"", ""tokens"": [""CD16""]}, {""via"": ""pro_id"", ""pr"": ""PR:000001483"", ""tokens"": [""CD16""]}]}, {""sense"": ""negative"", ""pr"": ""PR:000001839"", ""asserted"": ""False"", ""paths"": [{""via"": ""exact_alias"", ""source_token"": ""CD5"", ""tokens"": [""CD5""]}]}, {""sense"": ""negative"", ""pr"": ""PR:000001889"", ""asserted"": ""False"", ""paths"": [{""via"": ""exact_alias"", ""source_token"": ""CD14"", ""tokens"": [""CD14""]}, {""via"": ""pro_id"", ""pr"": ""PR:000001889"", ""tokens"": [""CD14""]}]}, {""sense"": ""negative"", ""pr"": ""PR:000001892"", ""asserted"": ""True"", ""paths"": [{""via"": ""exact_alias"", ""source_token"": ""CD33"", ""tokens"": [""CD33""]}, {""via"": ""pro_id"", ""pr"": ""PR:000001892"", ""tokens"": [""CD33""]}]}, {""sense"": ""negative"", ""pr"": ""PR:000001945"", ""asserted"": ""True"", ""paths"": [{""via"": ""exact_alias"", ""source_token"": ""CD71"", ""tokens"": [""CD71""]}]}, {""sense"": ""negative"", ""pr"": ""PR:000002978"", ""asserted"": ""False"", ""paths"": []}, {""sense"": ""negative"", ""pr"": ""PR:000002981"", ""asserted"": ""False"", ""paths"": []}, {""sense"": ""positive"", ""pr"": ""PR:000001003"", ""asserted"": ""True"", ""paths"": [{""via"": ""exact_alias"", ""source_token"": ""CD34"", ""tokens"": [""CD34""]}, {""via"": ""pro_id"", ""pr"": ""PR:000001003"", ""tokens"": [""CD34""]}]}, {""sense"": ""positive"", ""pr"": ""PR:000001786"", ""asserted"": ""True"", ""paths"": [{""via"": ""exact_alias"", ""source_token"": ""CD133"", ""tokens"": [""CD133""]}]}, {""sense"": ""positive"", ""pr"": ""PR:000001809"", ""asserted"": ""True"", ""paths"": [{""via"": ""exact_alias"", ""source_token"": ""CD59"", ""tokens"": [""CD59""]}]}, {""sense"": ""positive"", ""pr"": ""PR:000001843"", ""asserted"": ""True"", ""paths"": [{""via"": ""exact_alias"", ""source_token"": ""CD90"", ""tokens"": [""CD90""]}, {""via"": ""exact_alias"", ""source_token"": ""CDW90"", ""tokens"": [""CDW90""]}]}]"
SOULCAP:SC000095		CD4+ Tem	CD4+ effector memory alpha/beta and gamma/delta T cells	CD4+ T cell	Exact		1	CL:0001057	myeloid dendritic cell, human	13	1	CD14- (1 of 3 alt.), CD19- (1 of 2 alt.), CD123-		HLA-DR:not:positive/CD11C:not:high (hi) (no axiom on any alt.), CD15-/CD66B- (no axiom on any alt.), CD16-	no		"[""marker_axioms""]"	null	"[{""sense"": ""high"", ""pr"": ""PR:000001013"", ""asserted"": ""False"", ""paths"": [{""via"": ""exact_alias"", ""source_token"": ""CD11"", ""tokens"": [""CD11""]}, {""via"": ""exact_alias"", ""source_token"": ""CD11C"", ""tokens"": [""CD11C""]}, {""via"": ""pro_id"", ""pr"": ""PR:000001013"", ""tokens"": [""CD11C""]}]}, {""sense"": ""negative"", ""pr"": ""PR:000001002"", ""asserted"": ""False"", ""paths"": [{""via"": ""exact_alias"", ""source_token"": ""CD19"", ""tokens"": [""CD19""]}, {""via"": ""pro_id"", ""pr"": ""PR:000001002"", ""tokens"": [""CD19""]}]}, {""sense"": ""negative"", ""pr"": ""PR:000001003"", ""asserted"": ""False"", ""paths"": [{""via"": ""exact_alias"", ""source_token"": ""CD34"", ""tokens"": [""CD34""]}, {""via"": ""pro_id"", ""pr"": ""PR:000001003"", ""tokens"": [""CD34""]}]}, {""sense"": ""negative"", ""pr"": ""PR:000001020"", ""asserted"": ""False"", ""paths"": [{""via"": ""exact_alias"", ""source_token"": ""CD3"", ""tokens"": [""CD3""]}, {""via"": ""exact_alias"", ""source_token"": ""CD3E"", ""tokens"": [""CD3E""]}, {""via"": ""exact_alias"", ""source_token"": ""CD3E"", ""tokens"": [""CD3E""]}, {""via"": ""pro_id"", ""pr"": ""PR:000001020"", ""tokens"": [""CD3""]}]}, {""sense"": ""negative"", ""pr"": ""PR:000001024"", ""asserted"": ""False"", ""paths"": [{""via"": ""exact_alias"", ""source_token"": ""CD56"", ""tokens"": [""CD56""]}, {""via"": ""pro_id"", ""pr"": ""PR:000001024"", ""tokens"": [""CD56""]}]}, {""sense"": ""negative"", ""pr"": ""PR:000001289"", ""asserted"": ""False"", ""paths"": [{""via"": ""exact_alias"", ""source_token"": ""CD20"", ""tokens"": [""CD20""]}, {""via"": ""pro_id"", ""pr"": ""PR:000001289"", ""tokens"": [""CD20""]}]}, {""sense"": ""negative"", ""pr"": ""PR:000001865"", ""asserted"": ""False"", ""paths"": [{""via"": ""exact_alias"", ""source_token"": ""CD123"", ""tokens"": [""CD123""]}, {""via"": ""pro_id"", ""pr"": ""PR:000001865"", ""tokens"": [""CD123""]}]}, {""sense"": ""negative"", ""pr"": ""PR:000001889"", ""asserted"": ""True"", ""paths"": [{""via"": ""exact_alias"", ""source_token"": ""CD14"", ""tokens"": [""CD14""]}, {""via"": ""pro_id"", ""pr"": ""PR:000001889"", ""tokens"": [""CD14""]}]}, {""sense"": ""positive"", ""pr"": ""PR:000002015"", ""asserted"": ""False"", ""paths"": []}]"
SOULCAP:SC000095		CD4+ Tem	CD4+ effector memory alpha/beta and gamma/delta T cells	CD4+ T cell	Exact		2	CL:0002000	Kit-positive erythroid progenitor cell	13	1	CD14- (1 of 3 alt.), CD19- (1 of 2 alt.), CD123-		HLA-DR:not:positive/CD11C:not:high (no axiom on any alt.), CD15-/CD66B- (no axiom on any alt.), CD16-	no		"[""marker_axioms""]"	null	"[{""sense"": ""negative"", ""pr"": ""PR:000001002"", ""asserted"": ""False"", ""paths"": [{""via"": ""exact_alias"", ""source_token"": ""CD19"", ""tokens"": [""CD19""]}, {""via"": ""pro_id"", ""pr"": ""PR:000001002"", ""tokens"": [""CD19""]}]}, {""sense"": ""negative"", ""pr"": ""PR:000001004"", ""asserted"": ""False"", ""paths"": [{""via"": ""exact_alias"", ""source_token"": ""CD4"", ""tokens"": [""CD4""]}, {""via"": ""pro_id"", ""pr"": ""PR:000001004"", ""tokens"": [""CD4""]}]}, {""sense"": ""negative"", ""pr"": ""PR:000001012"", ""asserted"": ""False"", ""paths"": [{""via"": ""exact_alias"", ""source_token"": ""CD11"", ""tokens"": [""CD11""]}, {""via"": ""exact_alias"", ""source_token"": ""CD11B"", ""tokens"": [""CD11B""]}]}, {""sense"": ""negative"", ""pr"": ""PR:000001020"", ""asserted"": ""False"", ""paths"": [{""via"": ""exact_alias"", ""source_token"": ""CD3"", ""tokens"": [""CD3""]}, {""via"": ""exact_alias"", ""source_token"": ""CD3E"", ""tokens"": [""CD3E""]}, {""via"": ""exact_alias"", ""source_token"": ""CD3E"", ""tokens"": [""CD3E""]}, {""via"": ""pro_id"", ""pr"": ""PR:000001020"", ""tokens"": [""CD3""]}]}, {""sense"": ""negative"", ""pr"": ""PR:000001024"", ""asserted"": ""False"", ""paths"": [{""via"": ""exact_alias"", ""source_token"": ""CD56"", ""tokens"": [""CD56""]}, {""via"": ""pro_id"", ""pr"": ""PR:000001024"", ""tokens"": [""CD56""]}]}, {""sense"": ""negative"", ""pr"": ""PR:000001083"", ""asserted"": ""False"", ""paths"": [{""via"": ""exact_alias"", ""source_token"": ""CD2"", ""tokens"": [""CD2""]}]}, {""sense"": ""negative"", ""pr"": ""PR:000001084"", ""asserted"": ""False"", ""paths"": [{""via"": ""exact_alias"", ""source_token"": ""CD8"", ""tokens"": [""CD8""]}, {""via"": ""exact_alias"", ""source_token"": ""CD8A"", ""tokens"": [""CD8A""]}, {""via"": ""exact_alias"", ""source_token"": ""CD8A"", ""tokens"": [""CD8A""]}, {""via"": ""pro_id"", ""pr"": ""PR:000001084"", ""tokens"": [""CD8""]}]}, {""sense"": ""negative"", ""pr"": ""PR:000001289"", ""asserted"": ""False"", ""paths"": [{""via"": ""exact_alias"", ""source_token"": ""CD20"", ""tokens"": [""CD20""]}, {""via"": ""pro_id"", ""pr"": ""PR:000001289"", ""tokens"": [""CD20""]}]}, {""sense"": ""negative"", ""pr"": ""PR:000001833"", ""asserted"": ""True"", ""paths"": [{""via"": ""exact_alias"", ""source_token"": ""CD150"", ""tokens"": [""CD150""]}, {""via"": ""exact_alias"", ""source_token"": ""CDW150"", ""tokens"": [""CDW150""]}]}, {""sense"": ""negative"", ""pr"": ""PR:000001839"", ""asserted"": ""False"", ""paths"": [{""via"": ""exact_alias"", ""source_token"": ""CD5"", ""tokens"": [""CD5""]}]}, {""sense"": ""negative"", ""pr"": ""PR:000001865"", ""asserted"": ""True"", ""paths"": [{""via"": ""exact_alias"", ""source_token"": ""CD123"", ""tokens"": [""CD123""]}, {""via"": ""pro_id"", ""pr"": ""PR:000001865"", ""tokens"": [""CD123""]}]}, {""sense"": ""negative"", ""pr"": ""PR:000001869"", ""asserted"": ""True"", ""paths"": [{""via"": ""exact_alias"", ""source_token"": ""CD127"", ""tokens"": [""CD127""]}, {""via"": ""exact_alias"", ""source_token"": ""CDW127"", ""tokens"": [""CDW127""]}, {""via"": ""pro_id"", ""pr"": ""PR:000001869"", ""tokens"": [""CD127""]}]}, {""sense"": ""negative"", ""pr"": ""PR:000001889"", ""asserted"": ""False"", ""paths"": [{""via"": ""exact_alias"", ""source_token"": ""CD14"", ""tokens"": [""CD14""]}, {""via"": ""pro_id"", ""pr"": ""PR:000001889"", ""tokens"": [""CD14""]}]}, {""sense"": ""negative"", ""pr"": ""PR:000002978"", ""asserted"": ""False"", ""paths"": []}, {""sense"": ""negative"", ""pr"": ""PR:000002979"", ""asserted"": ""True"", ""paths"": []}, {""sense"": ""negative"", ""pr"": ""PR:000009127"", ""asserted"": ""True"", ""paths"": [{""via"": ""exact_alias"", ""source_token"": ""CD41"", ""tokens"": [""CD41""]}]}, {""sense"": ""positive"", ""pr"": ""PR:000001345"", ""asserted"": ""True"", ""paths"": [{""via"": ""exact_alias"", ""source_token"": ""CD105"", ""tokens"": [""CD105""]}]}, {""sense"": ""positive"", ""pr"": ""PR:000001945"", ""asserted"": ""False"", ""paths"": [{""via"": ""exact_alias"", ""source_token"": ""CD71"", ""tokens"": [""CD71""]}]}, {""sense"": ""positive"", ""pr"": ""PR:000002065"", ""asserted"": ""True"", ""paths"": [{""via"": ""exact_alias"", ""source_token"": ""CD117"", ""tokens"": [""CD117""]}, {""via"": ""pro_id"", ""pr"": ""PR:000002065"", ""tokens"": [""CD117""]}]}]"
SOULCAP:SC000095		CD4+ Tem	CD4+ effector memory alpha/beta and gamma/delta T cells	CD4+ T cell	Exact		3	CL:0001024	CD34-positive, CD38-negative hematopoietic stem cell	12	2	CD14- (1 of 3 alt.), CD19- (1 of 2 alt.), CD16-		CD123-, HLA-DR:not:positive/CD11C:not:high (no axiom on any alt.), CD15-/CD66B- (no axiom on any alt.)	no		"[""marker_axioms""]"	null	"[{""sense"": ""negative"", ""pr"": ""PR:000001002"", ""asserted"": ""False"", ""paths"": [{""via"": ""exact_alias"", ""source_token"": ""CD19"", ""tokens"": [""CD19""]}, {""via"": ""pro_id"", ""pr"": ""PR:000001002"", ""tokens"": [""CD19""]}]}, {""sense"": ""negative"", ""pr"": ""PR:000001004"", ""asserted"": ""False"", ""paths"": [{""via"": ""exact_alias"", ""source_token"": ""CD4"", ""tokens"": [""CD4""]}, {""via"": ""pro_id"", ""pr"": ""PR:000001004"", ""tokens"": [""CD4""]}]}, {""sense"": ""negative"", ""pr"": ""PR:000001012"", ""asserted"": ""False"", ""paths"": [{""via"": ""exact_alias"", ""source_token"": ""CD11"", ""tokens"": [""CD11""]}, {""via"": ""exact_alias"", ""source_token"": ""CD11B"", ""tokens"": [""CD11B""]}]}, {""sense"": ""negative"", ""pr"": ""PR:000001020"", ""asserted"": ""False"", ""paths"": [{""via"": ""exact_alias"", ""source_token"": ""CD3"", ""tokens"": [""CD3""]}, {""via"": ""exact_alias"", ""source_token"": ""CD3E"", ""tokens"": [""CD3E""]}, {""via"": ""exact_alias"", ""source_token"": ""CD3E"", ""tokens"": [""CD3E""]}, {""via"": ""pro_id"", ""pr"": ""PR:000001020"", ""tokens"": [""CD3""]}]}, {""sense"": ""negative"", ""pr"": ""PR:000001024"", ""asserted"": ""False"", ""paths"": [{""via"": ""exact_alias"", ""source_token"": ""CD56"", ""tokens"": [""CD56""]}, {""via"": ""pro_id"", ""pr"": ""PR:000001024"", ""tokens"": [""CD56""]}]}, {""sense"": ""negative"", ""pr"": ""PR:000001083"", ""asserted"": ""False"", ""paths"": [{""via"": ""exact_alias"", ""source_token"": ""CD2"", ""tokens"": [""CD2""]}]}, {""sense"": ""negative"", ""pr"": ""PR:000001084"", ""asserted"": ""False"", ""paths"": [{""via"": ""exact_alias"", ""source_token"": ""CD8"", ""tokens"": [""CD8""]}, {""via"": ""exact_alias"", ""source_token"": ""CD8A"", ""tokens"": [""CD8A""]}, {""via"": ""exact_alias"", ""source_token"": ""CD8A"", ""tokens"": [""CD8A""]}, {""via"": ""pro_id"", ""pr"": ""PR:000001084"", ""tokens"": [""CD8""]}]}, {""sense"": ""negative"", ""pr"": ""PR:000001289"", ""asserted"": ""False"", ""paths"": [{""via"": ""exact_alias"", ""source_token"": ""CD20"", ""tokens"": [""CD20""]}, {""via"": ""pro_id"", ""pr"": ""PR:000001289"", ""tokens"": [""CD20""]}]}, {""sense"": ""negative"", ""pr"": ""PR:000001408"", ""asserted"": ""True"", ""paths"": [{""via"": ""exact_alias"", ""source_token"": ""CD38"", ""tokens"": [""CD38""]}, {""via"": ""pro_id"", ""pr"": ""PR:000001408"", ""tokens"": [""CD38""]}]}, {""sense"": ""negative"", ""pr"": ""PR:000001483"", ""asserted"": ""True"", ""paths"": [{""via"": ""exact_alias"", ""source_token"": ""CD16"", ""tokens"": [""CD16""]}, {""via"": ""pro_id"", ""pr"": ""PR:000001483"", ""tokens"": [""CD16""]}]}, {""sense"": ""negative"", ""pr"": ""PR:000001839"", ""asserted"": ""False"", ""paths"": [{""via"": ""exact_alias"", ""source_token"": ""CD5"", ""tokens"": [""CD5""]}]}, {""sense"": ""negative"", ""pr"": ""PR:000001889"", ""asserted"": ""False"", ""paths"": [{""via"": ""exact_alias"", ""source_token"": ""CD14"", ""tokens"": [""CD14""]}, {""via"": ""pro_id"", ""pr"": ""PR:000001889"", ""tokens"": [""CD14""]}]}, {""sense"": ""negative"", ""pr"": ""PR:000001892"", ""asserted"": ""True"", ""paths"": [{""via"": ""exact_alias"", ""source_token"": ""CD33"", ""tokens"": [""CD33""]}, {""via"": ""pro_id"", ""pr"": ""PR:000001892"", ""tokens"": [""CD33""]}]}, {""sense"": ""negative"", ""pr"": ""PR:000001945"", ""asserted"": ""True"", ""paths"": [{""via"": ""exact_alias"", ""source_token"": ""CD71"", ""tokens"": [""CD71""]}]}, {""sense"": ""negative"", ""pr"": ""PR:000002978"", ""asserted"": ""False"", ""paths"": []}, {""sense"": ""negative"", ""pr"": ""PR:000002981"", ""asserted"": ""False"", ""paths"": []}, {""sense"": ""positive"", ""pr"": ""PR:000001003"", ""asserted"": ""True"", ""paths"": [{""via"": ""exact_alias"", ""source_token"": ""CD34"", ""tokens"": [""CD34""]}, {""via"": ""pro_id"", ""pr"": ""PR:000001003"", ""tokens"": [""CD34""]}]}, {""sense"": ""positive"", ""pr"": ""PR:000001786"", ""asserted"": ""True"", ""paths"": [{""via"": ""exact_alias"", ""source_token"": ""CD133"", ""tokens"": [""CD133""]}]}, {""sense"": ""positive"", ""pr"": ""PR:000001809"", ""asserted"": ""True"", ""paths"": [{""via"": ""exact_alias"", ""source_token"": ""CD59"", ""tokens"": [""CD59""]}]}, {""sense"": ""positive"", ""pr"": ""PR:000001843"", ""asserted"": ""True"", ""paths"": [{""via"": ""exact_alias"", ""source_token"": ""CD90"", ""tokens"": [""CD90""]}, {""via"": ""exact_alias"", ""source_token"": ""CDW90"", ""tokens"": [""CDW90""]}]}]"
SOULCAP:SC000096		CD4+ TCRab Tem	CD4+ effector memory alpha/beta T cell	CD4+ TCRab T cell	Exact		1	CL:0001057	myeloid dendritic cell, human	13	1	CD14- (1 of 3 alt.), CD19- (1 of 2 alt.), CD123-		HLA-DR:not:positive/CD11C:not:high (hi) (no axiom on any alt.), CD15-/CD66B- (no axiom on any alt.), CD16-	no		"[""marker_axioms""]"	null	"[{""sense"": ""high"", ""pr"": ""PR:000001013"", ""asserted"": ""False"", ""paths"": [{""via"": ""exact_alias"", ""source_token"": ""CD11"", ""tokens"": [""CD11""]}, {""via"": ""exact_alias"", ""source_token"": ""CD11C"", ""tokens"": [""CD11C""]}, {""via"": ""pro_id"", ""pr"": ""PR:000001013"", ""tokens"": [""CD11C""]}]}, {""sense"": ""negative"", ""pr"": ""PR:000001002"", ""asserted"": ""False"", ""paths"": [{""via"": ""exact_alias"", ""source_token"": ""CD19"", ""tokens"": [""CD19""]}, {""via"": ""pro_id"", ""pr"": ""PR:000001002"", ""tokens"": [""CD19""]}]}, {""sense"": ""negative"", ""pr"": ""PR:000001003"", ""asserted"": ""False"", ""paths"": [{""via"": ""exact_alias"", ""source_token"": ""CD34"", ""tokens"": [""CD34""]}, {""via"": ""pro_id"", ""pr"": ""PR:000001003"", ""tokens"": [""CD34""]}]}, {""sense"": ""negative"", ""pr"": ""PR:000001020"", ""asserted"": ""False"", ""paths"": [{""via"": ""exact_alias"", ""source_token"": ""CD3"", ""tokens"": [""CD3""]}, {""via"": ""exact_alias"", ""source_token"": ""CD3E"", ""tokens"": [""CD3E""]}, {""via"": ""exact_alias"", ""source_token"": ""CD3E"", ""tokens"": [""CD3E""]}, {""via"": ""pro_id"", ""pr"": ""PR:000001020"", ""tokens"": [""CD3""]}]}, {""sense"": ""negative"", ""pr"": ""PR:000001024"", ""asserted"": ""False"", ""paths"": [{""via"": ""exact_alias"", ""source_token"": ""CD56"", ""tokens"": [""CD56""]}, {""via"": ""pro_id"", ""pr"": ""PR:000001024"", ""tokens"": [""CD56""]}]}, {""sense"": ""negative"", ""pr"": ""PR:000001289"", ""asserted"": ""False"", ""paths"": [{""via"": ""exact_alias"", ""source_token"": ""CD20"", ""tokens"": [""CD20""]}, {""via"": ""pro_id"", ""pr"": ""PR:000001289"", ""tokens"": [""CD20""]}]}, {""sense"": ""negative"", ""pr"": ""PR:000001865"", ""asserted"": ""False"", ""paths"": [{""via"": ""exact_alias"", ""source_token"": ""CD123"", ""tokens"": [""CD123""]}, {""via"": ""pro_id"", ""pr"": ""PR:000001865"", ""tokens"": [""CD123""]}]}, {""sense"": ""negative"", ""pr"": ""PR:000001889"", ""asserted"": ""True"", ""paths"": [{""via"": ""exact_alias"", ""source_token"": ""CD14"", ""tokens"": [""CD14""]}, {""via"": ""pro_id"", ""pr"": ""PR:000001889"", ""tokens"": [""CD14""]}]}, {""sense"": ""positive"", ""pr"": ""PR:000002015"", ""asserted"": ""False"", ""paths"": []}]"
SOULCAP:SC000096		CD4+ TCRab Tem	CD4+ effector memory alpha/beta T cell	CD4+ TCRab T cell	Exact		2	CL:0002000	Kit-positive erythroid progenitor cell	13	1	CD14- (1 of 3 alt.), CD19- (1 of 2 alt.), CD123-		HLA-DR:not:positive/CD11C:not:high (no axiom on any alt.), CD15-/CD66B- (no axiom on any alt.), CD16-	no		"[""marker_axioms""]"	null	"[{""sense"": ""negative"", ""pr"": ""PR:000001002"", ""asserted"": ""False"", ""paths"": [{""via"": ""exact_alias"", ""source_token"": ""CD19"", ""tokens"": [""CD19""]}, {""via"": ""pro_id"", ""pr"": ""PR:000001002"", ""tokens"": [""CD19""]}]}, {""sense"": ""negative"", ""pr"": ""PR:000001004"", ""asserted"": ""False"", ""paths"": [{""via"": ""exact_alias"", ""source_token"": ""CD4"", ""tokens"": [""CD4""]}, {""via"": ""pro_id"", ""pr"": ""PR:000001004"", ""tokens"": [""CD4""]}]}, {""sense"": ""negative"", ""pr"": ""PR:000001012"", ""asserted"": ""False"", ""paths"": [{""via"": ""exact_alias"", ""source_token"": ""CD11"", ""tokens"": [""CD11""]}, {""via"": ""exact_alias"", ""source_token"": ""CD11B"", ""tokens"": [""CD11B""]}]}, {""sense"": ""negative"", ""pr"": ""PR:000001020"", ""asserted"": ""False"", ""paths"": [{""via"": ""exact_alias"", ""source_token"": ""CD3"", ""tokens"": [""CD3""]}, {""via"": ""exact_alias"", ""source_token"": ""CD3E"", ""tokens"": [""CD3E""]}, {""via"": ""exact_alias"", ""source_token"": ""CD3E"", ""tokens"": [""CD3E""]}, {""via"": ""pro_id"", ""pr"": ""PR:000001020"", ""tokens"": [""CD3""]}]}, {""sense"": ""negative"", ""pr"": ""PR:000001024"", ""asserted"": ""False"", ""paths"": [{""via"": ""exact_alias"", ""source_token"": ""CD56"", ""tokens"": [""CD56""]}, {""via"": ""pro_id"", ""pr"": ""PR:000001024"", ""tokens"": [""CD56""]}]}, {""sense"": ""negative"", ""pr"": ""PR:000001083"", ""asserted"": ""False"", ""paths"": [{""via"": ""exact_alias"", ""source_token"": ""CD2"", ""tokens"": [""CD2""]}]}, {""sense"": ""negative"", ""pr"": ""PR:000001084"", ""asserted"": ""False"", ""paths"": [{""via"": ""exact_alias"", ""source_token"": ""CD8"", ""tokens"": [""CD8""]}, {""via"": ""exact_alias"", ""source_token"": ""CD8A"", ""tokens"": [""CD8A""]}, {""via"": ""exact_alias"", ""source_token"": ""CD8A"", ""tokens"": [""CD8A""]}, {""via"": ""pro_id"", ""pr"": ""PR:000001084"", ""tokens"": [""CD8""]}]}, {""sense"": ""negative"", ""pr"": ""PR:000001289"", ""asserted"": ""False"", ""paths"": [{""via"": ""exact_alias"", ""source_token"": ""CD20"", ""tokens"": [""CD20""]}, {""via"": ""pro_id"", ""pr"": ""PR:000001289"", ""tokens"": [""CD20""]}]}, {""sense"": ""negative"", ""pr"": ""PR:000001833"", ""asserted"": ""True"", ""paths"": [{""via"": ""exact_alias"", ""source_token"": ""CD150"", ""tokens"": [""CD150""]}, {""via"": ""exact_alias"", ""source_token"": ""CDW150"", ""tokens"": [""CDW150""]}]}, {""sense"": ""negative"", ""pr"": ""PR:000001839"", ""asserted"": ""False"", ""paths"": [{""via"": ""exact_alias"", ""source_token"": ""CD5"", ""tokens"": [""CD5""]}]}, {""sense"": ""negative"", ""pr"": ""PR:000001865"", ""asserted"": ""True"", ""paths"": [{""via"": ""exact_alias"", ""source_token"": ""CD123"", ""tokens"": [""CD123""]}, {""via"": ""pro_id"", ""pr"": ""PR:000001865"", ""tokens"": [""CD123""]}]}, {""sense"": ""negative"", ""pr"": ""PR:000001869"", ""asserted"": ""True"", ""paths"": [{""via"": ""exact_alias"", ""source_token"": ""CD127"", ""tokens"": [""CD127""]}, {""via"": ""exact_alias"", ""source_token"": ""CDW127"", ""tokens"": [""CDW127""]}, {""via"": ""pro_id"", ""pr"": ""PR:000001869"", ""tokens"": [""CD127""]}]}, {""sense"": ""negative"", ""pr"": ""PR:000001889"", ""asserted"": ""False"", ""paths"": [{""via"": ""exact_alias"", ""source_token"": ""CD14"", ""tokens"": [""CD14""]}, {""via"": ""pro_id"", ""pr"": ""PR:000001889"", ""tokens"": [""CD14""]}]}, {""sense"": ""negative"", ""pr"": ""PR:000002978"", ""asserted"": ""False"", ""paths"": []}, {""sense"": ""negative"", ""pr"": ""PR:000002979"", ""asserted"": ""True"", ""paths"": []}, {""sense"": ""negative"", ""pr"": ""PR:000009127"", ""asserted"": ""True"", ""paths"": [{""via"": ""exact_alias"", ""source_token"": ""CD41"", ""tokens"": [""CD41""]}]}, {""sense"": ""positive"", ""pr"": ""PR:000001345"", ""asserted"": ""True"", ""paths"": [{""via"": ""exact_alias"", ""source_token"": ""CD105"", ""tokens"": [""CD105""]}]}, {""sense"": ""positive"", ""pr"": ""PR:000001945"", ""asserted"": ""False"", ""paths"": [{""via"": ""exact_alias"", ""source_token"": ""CD71"", ""tokens"": [""CD71""]}]}, {""sense"": ""positive"", ""pr"": ""PR:000002065"", ""asserted"": ""True"", ""paths"": [{""via"": ""exact_alias"", ""source_token"": ""CD117"", ""tokens"": [""CD117""]}, {""via"": ""pro_id"", ""pr"": ""PR:000002065"", ""tokens"": [""CD117""]}]}]"
SOULCAP:SC000096		CD4+ TCRab Tem	CD4+ effector memory alpha/beta T cell	CD4+ TCRab T cell	Exact		3	CL:0001024	CD34-positive, CD38-negative hematopoietic stem cell	12	2	CD14- (1 of 3 alt.), CD19- (1 of 2 alt.), CD16-		CD123-, HLA-DR:not:positive/CD11C:not:high (no axiom on any alt.), CD15-/CD66B- (no axiom on any alt.)	no		"[""marker_axioms""]"	null	"[{""sense"": ""negative"", ""pr"": ""PR:000001002"", ""asserted"": ""False"", ""paths"": [{""via"": ""exact_alias"", ""source_token"": ""CD19"", ""tokens"": [""CD19""]}, {""via"": ""pro_id"", ""pr"": ""PR:000001002"", ""tokens"": [""CD19""]}]}, {""sense"": ""negative"", ""pr"": ""PR:000001004"", ""asserted"": ""False"", ""paths"": [{""via"": ""exact_alias"", ""source_token"": ""CD4"", ""tokens"": [""CD4""]}, {""via"": ""pro_id"", ""pr"": ""PR:000001004"", ""tokens"": [""CD4""]}]}, {""sense"": ""negative"", ""pr"": ""PR:000001012"", ""asserted"": ""False"", ""paths"": [{""via"": ""exact_alias"", ""source_token"": ""CD11"", ""tokens"": [""CD11""]}, {""via"": ""exact_alias"", ""source_token"": ""CD11B"", ""tokens"": [""CD11B""]}]}, {""sense"": ""negative"", ""pr"": ""PR:000001020"", ""asserted"": ""False"", ""paths"": [{""via"": ""exact_alias"", ""source_token"": ""CD3"", ""tokens"": [""CD3""]}, {""via"": ""exact_alias"", ""source_token"": ""CD3E"", ""tokens"": [""CD3E""]}, {""via"": ""exact_alias"", ""source_token"": ""CD3E"", ""tokens"": [""CD3E""]}, {""via"": ""pro_id"", ""pr"": ""PR:000001020"", ""tokens"": [""CD3""]}]}, {""sense"": ""negative"", ""pr"": ""PR:000001024"", ""asserted"": ""False"", ""paths"": [{""via"": ""exact_alias"", ""source_token"": ""CD56"", ""tokens"": [""CD56""]}, {""via"": ""pro_id"", ""pr"": ""PR:000001024"", ""tokens"": [""CD56""]}]}, {""sense"": ""negative"", ""pr"": ""PR:000001083"", ""asserted"": ""False"", ""paths"": [{""via"": ""exact_alias"", ""source_token"": ""CD2"", ""tokens"": [""CD2""]}]}, {""sense"": ""negative"", ""pr"": ""PR:000001084"", ""asserted"": ""False"", ""paths"": [{""via"": ""exact_alias"", ""source_token"": ""CD8"", ""tokens"": [""CD8""]}, {""via"": ""exact_alias"", ""source_token"": ""CD8A"", ""tokens"": [""CD8A""]}, {""via"": ""exact_alias"", ""source_token"": ""CD8A"", ""tokens"": [""CD8A""]}, {""via"": ""pro_id"", ""pr"": ""PR:000001084"", ""tokens"": [""CD8""]}]}, {""sense"": ""negative"", ""pr"": ""PR:000001289"", ""asserted"": ""False"", ""paths"": [{""via"": ""exact_alias"", ""source_token"": ""CD20"", ""tokens"": [""CD20""]}, {""via"": ""pro_id"", ""pr"": ""PR:000001289"", ""tokens"": [""CD20""]}]}, {""sense"": ""negative"", ""pr"": ""PR:000001408"", ""asserted"": ""True"", ""paths"": [{""via"": ""exact_alias"", ""source_token"": ""CD38"", ""tokens"": [""CD38""]}, {""via"": ""pro_id"", ""pr"": ""PR:000001408"", ""tokens"": [""CD38""]}]}, {""sense"": ""negative"", ""pr"": ""PR:000001483"", ""asserted"": ""True"", ""paths"": [{""via"": ""exact_alias"", ""source_token"": ""CD16"", ""tokens"": [""CD16""]}, {""via"": ""pro_id"", ""pr"": ""PR:000001483"", ""tokens"": [""CD16""]}]}, {""sense"": ""negative"", ""pr"": ""PR:000001839"", ""asserted"": ""False"", ""paths"": [{""via"": ""exact_alias"", ""source_token"": ""CD5"", ""tokens"": [""CD5""]}]}, {""sense"": ""negative"", ""pr"": ""PR:000001889"", ""asserted"": ""False"", ""paths"": [{""via"": ""exact_alias"", ""source_token"": ""CD14"", ""tokens"": [""CD14""]}, {""via"": ""pro_id"", ""pr"": ""PR:000001889"", ""tokens"": [""CD14""]}]}, {""sense"": ""negative"", ""pr"": ""PR:000001892"", ""asserted"": ""True"", ""paths"": [{""via"": ""exact_alias"", ""source_token"": ""CD33"", ""tokens"": [""CD33""]}, {""via"": ""pro_id"", ""pr"": ""PR:000001892"", ""tokens"": [""CD33""]}]}, {""sense"": ""negative"", ""pr"": ""PR:000001945"", ""asserted"": ""True"", ""paths"": [{""via"": ""exact_alias"", ""source_token"": ""CD71"", ""tokens"": [""CD71""]}]}, {""sense"": ""negative"", ""pr"": ""PR:000002978"", ""asserted"": ""False"", ""paths"": []}, {""sense"": ""negative"", ""pr"": ""PR:000002981"", ""asserted"": ""False"", ""paths"": []}, {""sense"": ""positive"", ""pr"": ""PR:000001003"", ""asserted"": ""True"", ""paths"": [{""via"": ""exact_alias"", ""source_token"": ""CD34"", ""tokens"": [""CD34""]}, {""via"": ""pro_id"", ""pr"": ""PR:000001003"", ""tokens"": [""CD34""]}]}, {""sense"": ""positive"", ""pr"": ""PR:000001786"", ""asserted"": ""True"", ""paths"": [{""via"": ""exact_alias"", ""source_token"": ""CD133"", ""tokens"": [""CD133""]}]}, {""sense"": ""positive"", ""pr"": ""PR:000001809"", ""asserted"": ""True"", ""paths"": [{""via"": ""exact_alias"", ""source_token"": ""CD59"", ""tokens"": [""CD59""]}]}, {""sense"": ""positive"", ""pr"": ""PR:000001843"", ""asserted"": ""True"", ""paths"": [{""via"": ""exact_alias"", ""source_token"": ""CD90"", ""tokens"": [""CD90""]}, {""via"": ""exact_alias"", ""source_token"": ""CDW90"", ""tokens"": [""CDW90""]}]}]"
SOULCAP:SC000097		CD4+ TCRgd Tem	CD4+ effector memory gamma/delta T cell	CD4+ TCRgd T cell			1	CL:0001057	myeloid dendritic cell, human	13	1	CD14- (1 of 3 alt.), CD19- (1 of 2 alt.), CD123-		HLA-DR:not:positive/CD11C:not:high (hi) (no axiom on any alt.), CD15-/CD66B- (no axiom on any alt.), CD16-	no		"[""marker_axioms""]"	null	"[{""sense"": ""high"", ""pr"": ""PR:000001013"", ""asserted"": ""False"", ""paths"": [{""via"": ""exact_alias"", ""source_token"": ""CD11"", ""tokens"": [""CD11""]}, {""via"": ""exact_alias"", ""source_token"": ""CD11C"", ""tokens"": [""CD11C""]}, {""via"": ""pro_id"", ""pr"": ""PR:000001013"", ""tokens"": [""CD11C""]}]}, {""sense"": ""negative"", ""pr"": ""PR:000001002"", ""asserted"": ""False"", ""paths"": [{""via"": ""exact_alias"", ""source_token"": ""CD19"", ""tokens"": [""CD19""]}, {""via"": ""pro_id"", ""pr"": ""PR:000001002"", ""tokens"": [""CD19""]}]}, {""sense"": ""negative"", ""pr"": ""PR:000001003"", ""asserted"": ""False"", ""paths"": [{""via"": ""exact_alias"", ""source_token"": ""CD34"", ""tokens"": [""CD34""]}, {""via"": ""pro_id"", ""pr"": ""PR:000001003"", ""tokens"": [""CD34""]}]}, {""sense"": ""negative"", ""pr"": ""PR:000001020"", ""asserted"": ""False"", ""paths"": [{""via"": ""exact_alias"", ""source_token"": ""CD3"", ""tokens"": [""CD3""]}, {""via"": ""exact_alias"", ""source_token"": ""CD3E"", ""tokens"": [""CD3E""]}, {""via"": ""exact_alias"", ""source_token"": ""CD3E"", ""tokens"": [""CD3E""]}, {""via"": ""pro_id"", ""pr"": ""PR:000001020"", ""tokens"": [""CD3""]}]}, {""sense"": ""negative"", ""pr"": ""PR:000001024"", ""asserted"": ""False"", ""paths"": [{""via"": ""exact_alias"", ""source_token"": ""CD56"", ""tokens"": [""CD56""]}, {""via"": ""pro_id"", ""pr"": ""PR:000001024"", ""tokens"": [""CD56""]}]}, {""sense"": ""negative"", ""pr"": ""PR:000001289"", ""asserted"": ""False"", ""paths"": [{""via"": ""exact_alias"", ""source_token"": ""CD20"", ""tokens"": [""CD20""]}, {""via"": ""pro_id"", ""pr"": ""PR:000001289"", ""tokens"": [""CD20""]}]}, {""sense"": ""negative"", ""pr"": ""PR:000001865"", ""asserted"": ""False"", ""paths"": [{""via"": ""exact_alias"", ""source_token"": ""CD123"", ""tokens"": [""CD123""]}, {""via"": ""pro_id"", ""pr"": ""PR:000001865"", ""tokens"": [""CD123""]}]}, {""sense"": ""negative"", ""pr"": ""PR:000001889"", ""asserted"": ""True"", ""paths"": [{""via"": ""exact_alias"", ""source_token"": ""CD14"", ""tokens"": [""CD14""]}, {""via"": ""pro_id"", ""pr"": ""PR:000001889"", ""tokens"": [""CD14""]}]}, {""sense"": ""positive"", ""pr"": ""PR:000002015"", ""asserted"": ""False"", ""paths"": []}]"
SOULCAP:SC000097		CD4+ TCRgd Tem	CD4+ effector memory gamma/delta T cell	CD4+ TCRgd T cell			2	CL:0002000	Kit-positive erythroid progenitor cell	13	1	CD14- (1 of 3 alt.), CD19- (1 of 2 alt.), CD123-		HLA-DR:not:positive/CD11C:not:high (no axiom on any alt.), CD15-/CD66B- (no axiom on any alt.), CD16-	no		"[""marker_axioms""]"	null	"[{""sense"": ""negative"", ""pr"": ""PR:000001002"", ""asserted"": ""False"", ""paths"": [{""via"": ""exact_alias"", ""source_token"": ""CD19"", ""tokens"": [""CD19""]}, {""via"": ""pro_id"", ""pr"": ""PR:000001002"", ""tokens"": [""CD19""]}]}, {""sense"": ""negative"", ""pr"": ""PR:000001004"", ""asserted"": ""False"", ""paths"": [{""via"": ""exact_alias"", ""source_token"": ""CD4"", ""tokens"": [""CD4""]}, {""via"": ""pro_id"", ""pr"": ""PR:000001004"", ""tokens"": [""CD4""]}]}, {""sense"": ""negative"", ""pr"": ""PR:000001012"", ""asserted"": ""False"", ""paths"": [{""via"": ""exact_alias"", ""source_token"": ""CD11"", ""tokens"": [""CD11""]}, {""via"": ""exact_alias"", ""source_token"": ""CD11B"", ""tokens"": [""CD11B""]}]}, {""sense"": ""negative"", ""pr"": ""PR:000001020"", ""asserted"": ""False"", ""paths"": [{""via"": ""exact_alias"", ""source_token"": ""CD3"", ""tokens"": [""CD3""]}, {""via"": ""exact_alias"", ""source_token"": ""CD3E"", ""tokens"": [""CD3E""]}, {""via"": ""exact_alias"", ""source_token"": ""CD3E"", ""tokens"": [""CD3E""]}, {""via"": ""pro_id"", ""pr"": ""PR:000001020"", ""tokens"": [""CD3""]}]}, {""sense"": ""negative"", ""pr"": ""PR:000001024"", ""asserted"": ""False"", ""paths"": [{""via"": ""exact_alias"", ""source_token"": ""CD56"", ""tokens"": [""CD56""]}, {""via"": ""pro_id"", ""pr"": ""PR:000001024"", ""tokens"": [""CD56""]}]}, {""sense"": ""negative"", ""pr"": ""PR:000001083"", ""asserted"": ""False"", ""paths"": [{""via"": ""exact_alias"", ""source_token"": ""CD2"", ""tokens"": [""CD2""]}]}, {""sense"": ""negative"", ""pr"": ""PR:000001084"", ""asserted"": ""False"", ""paths"": [{""via"": ""exact_alias"", ""source_token"": ""CD8"", ""tokens"": [""CD8""]}, {""via"": ""exact_alias"", ""source_token"": ""CD8A"", ""tokens"": [""CD8A""]}, {""via"": ""exact_alias"", ""source_token"": ""CD8A"", ""tokens"": [""CD8A""]}, {""via"": ""pro_id"", ""pr"": ""PR:000001084"", ""tokens"": [""CD8""]}]}, {""sense"": ""negative"", ""pr"": ""PR:000001289"", ""asserted"": ""False"", ""paths"": [{""via"": ""exact_alias"", ""source_token"": ""CD20"", ""tokens"": [""CD20""]}, {""via"": ""pro_id"", ""pr"": ""PR:000001289"", ""tokens"": [""CD20""]}]}, {""sense"": ""negative"", ""pr"": ""PR:000001833"", ""asserted"": ""True"", ""paths"": [{""via"": ""exact_alias"", ""source_token"": ""CD150"", ""tokens"": [""CD150""]}, {""via"": ""exact_alias"", ""source_token"": ""CDW150"", ""tokens"": [""CDW150""]}]}, {""sense"": ""negative"", ""pr"": ""PR:000001839"", ""asserted"": ""False"", ""paths"": [{""via"": ""exact_alias"", ""source_token"": ""CD5"", ""tokens"": [""CD5""]}]}, {""sense"": ""negative"", ""pr"": ""PR:000001865"", ""asserted"": ""True"", ""paths"": [{""via"": ""exact_alias"", ""source_token"": ""CD123"", ""tokens"": [""CD123""]}, {""via"": ""pro_id"", ""pr"": ""PR:000001865"", ""tokens"": [""CD123""]}]}, {""sense"": ""negative"", ""pr"": ""PR:000001869"", ""asserted"": ""True"", ""paths"": [{""via"": ""exact_alias"", ""source_token"": ""CD127"", ""tokens"": [""CD127""]}, {""via"": ""exact_alias"", ""source_token"": ""CDW127"", ""tokens"": [""CDW127""]}, {""via"": ""pro_id"", ""pr"": ""PR:000001869"", ""tokens"": [""CD127""]}]}, {""sense"": ""negative"", ""pr"": ""PR:000001889"", ""asserted"": ""False"", ""paths"": [{""via"": ""exact_alias"", ""source_token"": ""CD14"", ""tokens"": [""CD14""]}, {""via"": ""pro_id"", ""pr"": ""PR:000001889"", ""tokens"": [""CD14""]}]}, {""sense"": ""negative"", ""pr"": ""PR:000002978"", ""asserted"": ""False"", ""paths"": []}, {""sense"": ""negative"", ""pr"": ""PR:000002979"", ""asserted"": ""True"", ""paths"": []}, {""sense"": ""negative"", ""pr"": ""PR:000009127"", ""asserted"": ""True"", ""paths"": [{""via"": ""exact_alias"", ""source_token"": ""CD41"", ""tokens"": [""CD41""]}]}, {""sense"": ""positive"", ""pr"": ""PR:000001345"", ""asserted"": ""True"", ""paths"": [{""via"": ""exact_alias"", ""source_token"": ""CD105"", ""tokens"": [""CD105""]}]}, {""sense"": ""positive"", ""pr"": ""PR:000001945"", ""asserted"": ""False"", ""paths"": [{""via"": ""exact_alias"", ""source_token"": ""CD71"", ""tokens"": [""CD71""]}]}, {""sense"": ""positive"", ""pr"": ""PR:000002065"", ""asserted"": ""True"", ""paths"": [{""via"": ""exact_alias"", ""source_token"": ""CD117"", ""tokens"": [""CD117""]}, {""via"": ""pro_id"", ""pr"": ""PR:000002065"", ""tokens"": [""CD117""]}]}]"
SOULCAP:SC000097		CD4+ TCRgd Tem	CD4+ effector memory gamma/delta T cell	CD4+ TCRgd T cell			3	CL:0001024	CD34-positive, CD38-negative hematopoietic stem cell	12	2	CD14- (1 of 3 alt.), CD19- (1 of 2 alt.), CD16-		CD123-, HLA-DR:not:positive/CD11C:not:high (no axiom on any alt.), CD15-/CD66B- (no axiom on any alt.)	no		"[""marker_axioms""]"	null	"[{""sense"": ""negative"", ""pr"": ""PR:000001002"", ""asserted"": ""False"", ""paths"": [{""via"": ""exact_alias"", ""source_token"": ""CD19"", ""tokens"": [""CD19""]}, {""via"": ""pro_id"", ""pr"": ""PR:000001002"", ""tokens"": [""CD19""]}]}, {""sense"": ""negative"", ""pr"": ""PR:000001004"", ""asserted"": ""False"", ""paths"": [{""via"": ""exact_alias"", ""source_token"": ""CD4"", ""tokens"": [""CD4""]}, {""via"": ""pro_id"", ""pr"": ""PR:000001004"", ""tokens"": [""CD4""]}]}, {""sense"": ""negative"", ""pr"": ""PR:000001012"", ""asserted"": ""False"", ""paths"": [{""via"": ""exact_alias"", ""source_token"": ""CD11"", ""tokens"": [""CD11""]}, {""via"": ""exact_alias"", ""source_token"": ""CD11B"", ""tokens"": [""CD11B""]}]}, {""sense"": ""negative"", ""pr"": ""PR:000001020"", ""asserted"": ""False"", ""paths"": [{""via"": ""exact_alias"", ""source_token"": ""CD3"", ""tokens"": [""CD3""]}, {""via"": ""exact_alias"", ""source_token"": ""CD3E"", ""tokens"": [""CD3E""]}, {""via"": ""exact_alias"", ""source_token"": ""CD3E"", ""tokens"": [""CD3E""]}, {""via"": ""pro_id"", ""pr"": ""PR:000001020"", ""tokens"": [""CD3""]}]}, {""sense"": ""negative"", ""pr"": ""PR:000001024"", ""asserted"": ""False"", ""paths"": [{""via"": ""exact_alias"", ""source_token"": ""CD56"", ""tokens"": [""CD56""]}, {""via"": ""pro_id"", ""pr"": ""PR:000001024"", ""tokens"": [""CD56""]}]}, {""sense"": ""negative"", ""pr"": ""PR:000001083"", ""asserted"": ""False"", ""paths"": [{""via"": ""exact_alias"", ""source_token"": ""CD2"", ""tokens"": [""CD2""]}]}, {""sense"": ""negative"", ""pr"": ""PR:000001084"", ""asserted"": ""False"", ""paths"": [{""via"": ""exact_alias"", ""source_token"": ""CD8"", ""tokens"": [""CD8""]}, {""via"": ""exact_alias"", ""source_token"": ""CD8A"", ""tokens"": [""CD8A""]}, {""via"": ""exact_alias"", ""source_token"": ""CD8A"", ""tokens"": [""CD8A""]}, {""via"": ""pro_id"", ""pr"": ""PR:000001084"", ""tokens"": [""CD8""]}]}, {""sense"": ""negative"", ""pr"": ""PR:000001289"", ""asserted"": ""False"", ""paths"": [{""via"": ""exact_alias"", ""source_token"": ""CD20"", ""tokens"": [""CD20""]}, {""via"": ""pro_id"", ""pr"": ""PR:000001289"", ""tokens"": [""CD20""]}]}, {""sense"": ""negative"", ""pr"": ""PR:000001408"", ""asserted"": ""True"", ""paths"": [{""via"": ""exact_alias"", ""source_token"": ""CD38"", ""tokens"": [""CD38""]}, {""via"": ""pro_id"", ""pr"": ""PR:000001408"", ""tokens"": [""CD38""]}]}, {""sense"": ""negative"", ""pr"": ""PR:000001483"", ""asserted"": ""True"", ""paths"": [{""via"": ""exact_alias"", ""source_token"": ""CD16"", ""tokens"": [""CD16""]}, {""via"": ""pro_id"", ""pr"": ""PR:000001483"", ""tokens"": [""CD16""]}]}, {""sense"": ""negative"", ""pr"": ""PR:000001839"", ""asserted"": ""False"", ""paths"": [{""via"": ""exact_alias"", ""source_token"": ""CD5"", ""tokens"": [""CD5""]}]}, {""sense"": ""negative"", ""pr"": ""PR:000001889"", ""asserted"": ""False"", ""paths"": [{""via"": ""exact_alias"", ""source_token"": ""CD14"", ""tokens"": [""CD14""]}, {""via"": ""pro_id"", ""pr"": ""PR:000001889"", ""tokens"": [""CD14""]}]}, {""sense"": ""negative"", ""pr"": ""PR:000001892"", ""asserted"": ""True"", ""paths"": [{""via"": ""exact_alias"", ""source_token"": ""CD33"", ""tokens"": [""CD33""]}, {""via"": ""pro_id"", ""pr"": ""PR:000001892"", ""tokens"": [""CD33""]}]}, {""sense"": ""negative"", ""pr"": ""PR:000001945"", ""asserted"": ""True"", ""paths"": [{""via"": ""exact_alias"", ""source_token"": ""CD71"", ""tokens"": [""CD71""]}]}, {""sense"": ""negative"", ""pr"": ""PR:000002978"", ""asserted"": ""False"", ""paths"": []}, {""sense"": ""negative"", ""pr"": ""PR:000002981"", ""asserted"": ""False"", ""paths"": []}, {""sense"": ""positive"", ""pr"": ""PR:000001003"", ""asserted"": ""True"", ""paths"": [{""via"": ""exact_alias"", ""source_token"": ""CD34"", ""tokens"": [""CD34""]}, {""via"": ""pro_id"", ""pr"": ""PR:000001003"", ""tokens"": [""CD34""]}]}, {""sense"": ""positive"", ""pr"": ""PR:000001786"", ""asserted"": ""True"", ""paths"": [{""via"": ""exact_alias"", ""source_token"": ""CD133"", ""tokens"": [""CD133""]}]}, {""sense"": ""positive"", ""pr"": ""PR:000001809"", ""asserted"": ""True"", ""paths"": [{""via"": ""exact_alias"", ""source_token"": ""CD59"", ""tokens"": [""CD59""]}]}, {""sense"": ""positive"", ""pr"": ""PR:000001843"", ""asserted"": ""True"", ""paths"": [{""via"": ""exact_alias"", ""source_token"": ""CD90"", ""tokens"": [""CD90""]}, {""via"": ""exact_alias"", ""source_token"": ""CDW90"", ""tokens"": [""CDW90""]}]}]"
SOULCAP:SC000098		CD8+ Tem	CD8+ effector memory T cell	CD8+ T cell	Exact		1	CL:0001057	myeloid dendritic cell, human	13	1	CD14- (1 of 3 alt.), CD19- (1 of 2 alt.), CD123-		HLA-DR:not:positive/CD11C:not:high (hi) (no axiom on any alt.), CD15-/CD66B- (no axiom on any alt.), CD16-	no		"[""marker_axioms""]"	null	"[{""sense"": ""high"", ""pr"": ""PR:000001013"", ""asserted"": ""False"", ""paths"": [{""via"": ""exact_alias"", ""source_token"": ""CD11"", ""tokens"": [""CD11""]}, {""via"": ""exact_alias"", ""source_token"": ""CD11C"", ""tokens"": [""CD11C""]}, {""via"": ""pro_id"", ""pr"": ""PR:000001013"", ""tokens"": [""CD11C""]}]}, {""sense"": ""negative"", ""pr"": ""PR:000001002"", ""asserted"": ""False"", ""paths"": [{""via"": ""exact_alias"", ""source_token"": ""CD19"", ""tokens"": [""CD19""]}, {""via"": ""pro_id"", ""pr"": ""PR:000001002"", ""tokens"": [""CD19""]}]}, {""sense"": ""negative"", ""pr"": ""PR:000001003"", ""asserted"": ""False"", ""paths"": [{""via"": ""exact_alias"", ""source_token"": ""CD34"", ""tokens"": [""CD34""]}, {""via"": ""pro_id"", ""pr"": ""PR:000001003"", ""tokens"": [""CD34""]}]}, {""sense"": ""negative"", ""pr"": ""PR:000001020"", ""asserted"": ""False"", ""paths"": [{""via"": ""exact_alias"", ""source_token"": ""CD3"", ""tokens"": [""CD3""]}, {""via"": ""exact_alias"", ""source_token"": ""CD3E"", ""tokens"": [""CD3E""]}, {""via"": ""exact_alias"", ""source_token"": ""CD3E"", ""tokens"": [""CD3E""]}, {""via"": ""pro_id"", ""pr"": ""PR:000001020"", ""tokens"": [""CD3""]}]}, {""sense"": ""negative"", ""pr"": ""PR:000001024"", ""asserted"": ""False"", ""paths"": [{""via"": ""exact_alias"", ""source_token"": ""CD56"", ""tokens"": [""CD56""]}, {""via"": ""pro_id"", ""pr"": ""PR:000001024"", ""tokens"": [""CD56""]}]}, {""sense"": ""negative"", ""pr"": ""PR:000001289"", ""asserted"": ""False"", ""paths"": [{""via"": ""exact_alias"", ""source_token"": ""CD20"", ""tokens"": [""CD20""]}, {""via"": ""pro_id"", ""pr"": ""PR:000001289"", ""tokens"": [""CD20""]}]}, {""sense"": ""negative"", ""pr"": ""PR:000001865"", ""asserted"": ""False"", ""paths"": [{""via"": ""exact_alias"", ""source_token"": ""CD123"", ""tokens"": [""CD123""]}, {""via"": ""pro_id"", ""pr"": ""PR:000001865"", ""tokens"": [""CD123""]}]}, {""sense"": ""negative"", ""pr"": ""PR:000001889"", ""asserted"": ""True"", ""paths"": [{""via"": ""exact_alias"", ""source_token"": ""CD14"", ""tokens"": [""CD14""]}, {""via"": ""pro_id"", ""pr"": ""PR:000001889"", ""tokens"": [""CD14""]}]}, {""sense"": ""positive"", ""pr"": ""PR:000002015"", ""asserted"": ""False"", ""paths"": []}]"
SOULCAP:SC000098		CD8+ Tem	CD8+ effector memory T cell	CD8+ T cell	Exact		2	CL:0002000	Kit-positive erythroid progenitor cell	13	1	CD14- (1 of 3 alt.), CD19- (1 of 2 alt.), CD123-		HLA-DR:not:positive/CD11C:not:high (no axiom on any alt.), CD15-/CD66B- (no axiom on any alt.), CD16-	no		"[""marker_axioms""]"	null	"[{""sense"": ""negative"", ""pr"": ""PR:000001002"", ""asserted"": ""False"", ""paths"": [{""via"": ""exact_alias"", ""source_token"": ""CD19"", ""tokens"": [""CD19""]}, {""via"": ""pro_id"", ""pr"": ""PR:000001002"", ""tokens"": [""CD19""]}]}, {""sense"": ""negative"", ""pr"": ""PR:000001004"", ""asserted"": ""False"", ""paths"": [{""via"": ""exact_alias"", ""source_token"": ""CD4"", ""tokens"": [""CD4""]}, {""via"": ""pro_id"", ""pr"": ""PR:000001004"", ""tokens"": [""CD4""]}]}, {""sense"": ""negative"", ""pr"": ""PR:000001012"", ""asserted"": ""False"", ""paths"": [{""via"": ""exact_alias"", ""source_token"": ""CD11"", ""tokens"": [""CD11""]}, {""via"": ""exact_alias"", ""source_token"": ""CD11B"", ""tokens"": [""CD11B""]}]}, {""sense"": ""negative"", ""pr"": ""PR:000001020"", ""asserted"": ""False"", ""paths"": [{""via"": ""exact_alias"", ""source_token"": ""CD3"", ""tokens"": [""CD3""]}, {""via"": ""exact_alias"", ""source_token"": ""CD3E"", ""tokens"": [""CD3E""]}, {""via"": ""exact_alias"", ""source_token"": ""CD3E"", ""tokens"": [""CD3E""]}, {""via"": ""pro_id"", ""pr"": ""PR:000001020"", ""tokens"": [""CD3""]}]}, {""sense"": ""negative"", ""pr"": ""PR:000001024"", ""asserted"": ""False"", ""paths"": [{""via"": ""exact_alias"", ""source_token"": ""CD56"", ""tokens"": [""CD56""]}, {""via"": ""pro_id"", ""pr"": ""PR:000001024"", ""tokens"": [""CD56""]}]}, {""sense"": ""negative"", ""pr"": ""PR:000001083"", ""asserted"": ""False"", ""paths"": [{""via"": ""exact_alias"", ""source_token"": ""CD2"", ""tokens"": [""CD2""]}]}, {""sense"": ""negative"", ""pr"": ""PR:000001084"", ""asserted"": ""False"", ""paths"": [{""via"": ""exact_alias"", ""source_token"": ""CD8"", ""tokens"": [""CD8""]}, {""via"": ""exact_alias"", ""source_token"": ""CD8A"", ""tokens"": [""CD8A""]}, {""via"": ""exact_alias"", ""source_token"": ""CD8A"", ""tokens"": [""CD8A""]}, {""via"": ""pro_id"", ""pr"": ""PR:000001084"", ""tokens"": [""CD8""]}]}, {""sense"": ""negative"", ""pr"": ""PR:000001289"", ""asserted"": ""False"", ""paths"": [{""via"": ""exact_alias"", ""source_token"": ""CD20"", ""tokens"": [""CD20""]}, {""via"": ""pro_id"", ""pr"": ""PR:000001289"", ""tokens"": [""CD20""]}]}, {""sense"": ""negative"", ""pr"": ""PR:000001833"", ""asserted"": ""True"", ""paths"": [{""via"": ""exact_alias"", ""source_token"": ""CD150"", ""tokens"": [""CD150""]}, {""via"": ""exact_alias"", ""source_token"": ""CDW150"", ""tokens"": [""CDW150""]}]}, {""sense"": ""negative"", ""pr"": ""PR:000001839"", ""asserted"": ""False"", ""paths"": [{""via"": ""exact_alias"", ""source_token"": ""CD5"", ""tokens"": [""CD5""]}]}, {""sense"": ""negative"", ""pr"": ""PR:000001865"", ""asserted"": ""True"", ""paths"": [{""via"": ""exact_alias"", ""source_token"": ""CD123"", ""tokens"": [""CD123""]}, {""via"": ""pro_id"", ""pr"": ""PR:000001865"", ""tokens"": [""CD123""]}]}, {""sense"": ""negative"", ""pr"": ""PR:000001869"", ""asserted"": ""True"", ""paths"": [{""via"": ""exact_alias"", ""source_token"": ""CD127"", ""tokens"": [""CD127""]}, {""via"": ""exact_alias"", ""source_token"": ""CDW127"", ""tokens"": [""CDW127""]}, {""via"": ""pro_id"", ""pr"": ""PR:000001869"", ""tokens"": [""CD127""]}]}, {""sense"": ""negative"", ""pr"": ""PR:000001889"", ""asserted"": ""False"", ""paths"": [{""via"": ""exact_alias"", ""source_token"": ""CD14"", ""tokens"": [""CD14""]}, {""via"": ""pro_id"", ""pr"": ""PR:000001889"", ""tokens"": [""CD14""]}]}, {""sense"": ""negative"", ""pr"": ""PR:000002978"", ""asserted"": ""False"", ""paths"": []}, {""sense"": ""negative"", ""pr"": ""PR:000002979"", ""asserted"": ""True"", ""paths"": []}, {""sense"": ""negative"", ""pr"": ""PR:000009127"", ""asserted"": ""True"", ""paths"": [{""via"": ""exact_alias"", ""source_token"": ""CD41"", ""tokens"": [""CD41""]}]}, {""sense"": ""positive"", ""pr"": ""PR:000001345"", ""asserted"": ""True"", ""paths"": [{""via"": ""exact_alias"", ""source_token"": ""CD105"", ""tokens"": [""CD105""]}]}, {""sense"": ""positive"", ""pr"": ""PR:000001945"", ""asserted"": ""False"", ""paths"": [{""via"": ""exact_alias"", ""source_token"": ""CD71"", ""tokens"": [""CD71""]}]}, {""sense"": ""positive"", ""pr"": ""PR:000002065"", ""asserted"": ""True"", ""paths"": [{""via"": ""exact_alias"", ""source_token"": ""CD117"", ""tokens"": [""CD117""]}, {""via"": ""pro_id"", ""pr"": ""PR:000002065"", ""tokens"": [""CD117""]}]}]"
SOULCAP:SC000098		CD8+ Tem	CD8+ effector memory T cell	CD8+ T cell	Exact		3	CL:0001024	CD34-positive, CD38-negative hematopoietic stem cell	12	2	CD14- (1 of 3 alt.), CD19- (1 of 2 alt.), CD16-		CD123-, HLA-DR:not:positive/CD11C:not:high (no axiom on any alt.), CD15-/CD66B- (no axiom on any alt.)	no		"[""marker_axioms""]"	null	"[{""sense"": ""negative"", ""pr"": ""PR:000001002"", ""asserted"": ""False"", ""paths"": [{""via"": ""exact_alias"", ""source_token"": ""CD19"", ""tokens"": [""CD19""]}, {""via"": ""pro_id"", ""pr"": ""PR:000001002"", ""tokens"": [""CD19""]}]}, {""sense"": ""negative"", ""pr"": ""PR:000001004"", ""asserted"": ""False"", ""paths"": [{""via"": ""exact_alias"", ""source_token"": ""CD4"", ""tokens"": [""CD4""]}, {""via"": ""pro_id"", ""pr"": ""PR:000001004"", ""tokens"": [""CD4""]}]}, {""sense"": ""negative"", ""pr"": ""PR:000001012"", ""asserted"": ""False"", ""paths"": [{""via"": ""exact_alias"", ""source_token"": ""CD11"", ""tokens"": [""CD11""]}, {""via"": ""exact_alias"", ""source_token"": ""CD11B"", ""tokens"": [""CD11B""]}]}, {""sense"": ""negative"", ""pr"": ""PR:000001020"", ""asserted"": ""False"", ""paths"": [{""via"": ""exact_alias"", ""source_token"": ""CD3"", ""tokens"": [""CD3""]}, {""via"": ""exact_alias"", ""source_token"": ""CD3E"", ""tokens"": [""CD3E""]}, {""via"": ""exact_alias"", ""source_token"": ""CD3E"", ""tokens"": [""CD3E""]}, {""via"": ""pro_id"", ""pr"": ""PR:000001020"", ""tokens"": [""CD3""]}]}, {""sense"": ""negative"", ""pr"": ""PR:000001024"", ""asserted"": ""False"", ""paths"": [{""via"": ""exact_alias"", ""source_token"": ""CD56"", ""tokens"": [""CD56""]}, {""via"": ""pro_id"", ""pr"": ""PR:000001024"", ""tokens"": [""CD56""]}]}, {""sense"": ""negative"", ""pr"": ""PR:000001083"", ""asserted"": ""False"", ""paths"": [{""via"": ""exact_alias"", ""source_token"": ""CD2"", ""tokens"": [""CD2""]}]}, {""sense"": ""negative"", ""pr"": ""PR:000001084"", ""asserted"": ""False"", ""paths"": [{""via"": ""exact_alias"", ""source_token"": ""CD8"", ""tokens"": [""CD8""]}, {""via"": ""exact_alias"", ""source_token"": ""CD8A"", ""tokens"": [""CD8A""]}, {""via"": ""exact_alias"", ""source_token"": ""CD8A"", ""tokens"": [""CD8A""]}, {""via"": ""pro_id"", ""pr"": ""PR:000001084"", ""tokens"": [""CD8""]}]}, {""sense"": ""negative"", ""pr"": ""PR:000001289"", ""asserted"": ""False"", ""paths"": [{""via"": ""exact_alias"", ""source_token"": ""CD20"", ""tokens"": [""CD20""]}, {""via"": ""pro_id"", ""pr"": ""PR:000001289"", ""tokens"": [""CD20""]}]}, {""sense"": ""negative"", ""pr"": ""PR:000001408"", ""asserted"": ""True"", ""paths"": [{""via"": ""exact_alias"", ""source_token"": ""CD38"", ""tokens"": [""CD38""]}, {""via"": ""pro_id"", ""pr"": ""PR:000001408"", ""tokens"": [""CD38""]}]}, {""sense"": ""negative"", ""pr"": ""PR:000001483"", ""asserted"": ""True"", ""paths"": [{""via"": ""exact_alias"", ""source_token"": ""CD16"", ""tokens"": [""CD16""]}, {""via"": ""pro_id"", ""pr"": ""PR:000001483"", ""tokens"": [""CD16""]}]}, {""sense"": ""negative"", ""pr"": ""PR:000001839"", ""asserted"": ""False"", ""paths"": [{""via"": ""exact_alias"", ""source_token"": ""CD5"", ""tokens"": [""CD5""]}]}, {""sense"": ""negative"", ""pr"": ""PR:000001889"", ""asserted"": ""False"", ""paths"": [{""via"": ""exact_alias"", ""source_token"": ""CD14"", ""tokens"": [""CD14""]}, {""via"": ""pro_id"", ""pr"": ""PR:000001889"", ""tokens"": [""CD14""]}]}, {""sense"": ""negative"", ""pr"": ""PR:000001892"", ""asserted"": ""True"", ""paths"": [{""via"": ""exact_alias"", ""source_token"": ""CD33"", ""tokens"": [""CD33""]}, {""via"": ""pro_id"", ""pr"": ""PR:000001892"", ""tokens"": [""CD33""]}]}, {""sense"": ""negative"", ""pr"": ""PR:000001945"", ""asserted"": ""True"", ""paths"": [{""via"": ""exact_alias"", ""source_token"": ""CD71"", ""tokens"": [""CD71""]}]}, {""sense"": ""negative"", ""pr"": ""PR:000002978"", ""asserted"": ""False"", ""paths"": []}, {""sense"": ""negative"", ""pr"": ""PR:000002981"", ""asserted"": ""False"", ""paths"": []}, {""sense"": ""positive"", ""pr"": ""PR:000001003"", ""asserted"": ""True"", ""paths"": [{""via"": ""exact_alias"", ""source_token"": ""CD34"", ""tokens"": [""CD34""]}, {""via"": ""pro_id"", ""pr"": ""PR:000001003"", ""tokens"": [""CD34""]}]}, {""sense"": ""positive"", ""pr"": ""PR:000001786"", ""asserted"": ""True"", ""paths"": [{""via"": ""exact_alias"", ""source_token"": ""CD133"", ""tokens"": [""CD133""]}]}, {""sense"": ""positive"", ""pr"": ""PR:000001809"", ""asserted"": ""True"", ""paths"": [{""via"": ""exact_alias"", ""source_token"": ""CD59"", ""tokens"": [""CD59""]}]}, {""sense"": ""positive"", ""pr"": ""PR:000001843"", ""asserted"": ""True"", ""paths"": [{""via"": ""exact_alias"", ""source_token"": ""CD90"", ""tokens"": [""CD90""]}, {""via"": ""exact_alias"", ""source_token"": ""CDW90"", ""tokens"": [""CDW90""]}]}]"
SOULCAP:SC000099		CD8+ TCRab Tem	CD8+  effector memory alpha/beta T cell	CD8+ TCRab T cell	Exact		1	CL:0001057	myeloid dendritic cell, human	13	1	CD14- (1 of 3 alt.), CD19- (1 of 2 alt.), CD123-		HLA-DR:not:positive/CD11C:not:high (hi) (no axiom on any alt.), CD15-/CD66B- (no axiom on any alt.), CD16-	no		"[""marker_axioms""]"	null	"[{""sense"": ""high"", ""pr"": ""PR:000001013"", ""asserted"": ""False"", ""paths"": [{""via"": ""exact_alias"", ""source_token"": ""CD11"", ""tokens"": [""CD11""]}, {""via"": ""exact_alias"", ""source_token"": ""CD11C"", ""tokens"": [""CD11C""]}, {""via"": ""pro_id"", ""pr"": ""PR:000001013"", ""tokens"": [""CD11C""]}]}, {""sense"": ""negative"", ""pr"": ""PR:000001002"", ""asserted"": ""False"", ""paths"": [{""via"": ""exact_alias"", ""source_token"": ""CD19"", ""tokens"": [""CD19""]}, {""via"": ""pro_id"", ""pr"": ""PR:000001002"", ""tokens"": [""CD19""]}]}, {""sense"": ""negative"", ""pr"": ""PR:000001003"", ""asserted"": ""False"", ""paths"": [{""via"": ""exact_alias"", ""source_token"": ""CD34"", ""tokens"": [""CD34""]}, {""via"": ""pro_id"", ""pr"": ""PR:000001003"", ""tokens"": [""CD34""]}]}, {""sense"": ""negative"", ""pr"": ""PR:000001020"", ""asserted"": ""False"", ""paths"": [{""via"": ""exact_alias"", ""source_token"": ""CD3"", ""tokens"": [""CD3""]}, {""via"": ""exact_alias"", ""source_token"": ""CD3E"", ""tokens"": [""CD3E""]}, {""via"": ""exact_alias"", ""source_token"": ""CD3E"", ""tokens"": [""CD3E""]}, {""via"": ""pro_id"", ""pr"": ""PR:000001020"", ""tokens"": [""CD3""]}]}, {""sense"": ""negative"", ""pr"": ""PR:000001024"", ""asserted"": ""False"", ""paths"": [{""via"": ""exact_alias"", ""source_token"": ""CD56"", ""tokens"": [""CD56""]}, {""via"": ""pro_id"", ""pr"": ""PR:000001024"", ""tokens"": [""CD56""]}]}, {""sense"": ""negative"", ""pr"": ""PR:000001289"", ""asserted"": ""False"", ""paths"": [{""via"": ""exact_alias"", ""source_token"": ""CD20"", ""tokens"": [""CD20""]}, {""via"": ""pro_id"", ""pr"": ""PR:000001289"", ""tokens"": [""CD20""]}]}, {""sense"": ""negative"", ""pr"": ""PR:000001865"", ""asserted"": ""False"", ""paths"": [{""via"": ""exact_alias"", ""source_token"": ""CD123"", ""tokens"": [""CD123""]}, {""via"": ""pro_id"", ""pr"": ""PR:000001865"", ""tokens"": [""CD123""]}]}, {""sense"": ""negative"", ""pr"": ""PR:000001889"", ""asserted"": ""True"", ""paths"": [{""via"": ""exact_alias"", ""source_token"": ""CD14"", ""tokens"": [""CD14""]}, {""via"": ""pro_id"", ""pr"": ""PR:000001889"", ""tokens"": [""CD14""]}]}, {""sense"": ""positive"", ""pr"": ""PR:000002015"", ""asserted"": ""False"", ""paths"": []}]"
SOULCAP:SC000099		CD8+ TCRab Tem	CD8+  effector memory alpha/beta T cell	CD8+ TCRab T cell	Exact		2	CL:0002000	Kit-positive erythroid progenitor cell	13	1	CD14- (1 of 3 alt.), CD19- (1 of 2 alt.), CD123-		HLA-DR:not:positive/CD11C:not:high (no axiom on any alt.), CD15-/CD66B- (no axiom on any alt.), CD16-	no		"[""marker_axioms""]"	null	"[{""sense"": ""negative"", ""pr"": ""PR:000001002"", ""asserted"": ""False"", ""paths"": [{""via"": ""exact_alias"", ""source_token"": ""CD19"", ""tokens"": [""CD19""]}, {""via"": ""pro_id"", ""pr"": ""PR:000001002"", ""tokens"": [""CD19""]}]}, {""sense"": ""negative"", ""pr"": ""PR:000001004"", ""asserted"": ""False"", ""paths"": [{""via"": ""exact_alias"", ""source_token"": ""CD4"", ""tokens"": [""CD4""]}, {""via"": ""pro_id"", ""pr"": ""PR:000001004"", ""tokens"": [""CD4""]}]}, {""sense"": ""negative"", ""pr"": ""PR:000001012"", ""asserted"": ""False"", ""paths"": [{""via"": ""exact_alias"", ""source_token"": ""CD11"", ""tokens"": [""CD11""]}, {""via"": ""exact_alias"", ""source_token"": ""CD11B"", ""tokens"": [""CD11B""]}]}, {""sense"": ""negative"", ""pr"": ""PR:000001020"", ""asserted"": ""False"", ""paths"": [{""via"": ""exact_alias"", ""source_token"": ""CD3"", ""tokens"": [""CD3""]}, {""via"": ""exact_alias"", ""source_token"": ""CD3E"", ""tokens"": [""CD3E""]}, {""via"": ""exact_alias"", ""source_token"": ""CD3E"", ""tokens"": [""CD3E""]}, {""via"": ""pro_id"", ""pr"": ""PR:000001020"", ""tokens"": [""CD3""]}]}, {""sense"": ""negative"", ""pr"": ""PR:000001024"", ""asserted"": ""False"", ""paths"": [{""via"": ""exact_alias"", ""source_token"": ""CD56"", ""tokens"": [""CD56""]}, {""via"": ""pro_id"", ""pr"": ""PR:000001024"", ""tokens"": [""CD56""]}]}, {""sense"": ""negative"", ""pr"": ""PR:000001083"", ""asserted"": ""False"", ""paths"": [{""via"": ""exact_alias"", ""source_token"": ""CD2"", ""tokens"": [""CD2""]}]}, {""sense"": ""negative"", ""pr"": ""PR:000001084"", ""asserted"": ""False"", ""paths"": [{""via"": ""exact_alias"", ""source_token"": ""CD8"", ""tokens"": [""CD8""]}, {""via"": ""exact_alias"", ""source_token"": ""CD8A"", ""tokens"": [""CD8A""]}, {""via"": ""exact_alias"", ""source_token"": ""CD8A"", ""tokens"": [""CD8A""]}, {""via"": ""pro_id"", ""pr"": ""PR:000001084"", ""tokens"": [""CD8""]}]}, {""sense"": ""negative"", ""pr"": ""PR:000001289"", ""asserted"": ""False"", ""paths"": [{""via"": ""exact_alias"", ""source_token"": ""CD20"", ""tokens"": [""CD20""]}, {""via"": ""pro_id"", ""pr"": ""PR:000001289"", ""tokens"": [""CD20""]}]}, {""sense"": ""negative"", ""pr"": ""PR:000001833"", ""asserted"": ""True"", ""paths"": [{""via"": ""exact_alias"", ""source_token"": ""CD150"", ""tokens"": [""CD150""]}, {""via"": ""exact_alias"", ""source_token"": ""CDW150"", ""tokens"": [""CDW150""]}]}, {""sense"": ""negative"", ""pr"": ""PR:000001839"", ""asserted"": ""False"", ""paths"": [{""via"": ""exact_alias"", ""source_token"": ""CD5"", ""tokens"": [""CD5""]}]}, {""sense"": ""negative"", ""pr"": ""PR:000001865"", ""asserted"": ""True"", ""paths"": [{""via"": ""exact_alias"", ""source_token"": ""CD123"", ""tokens"": [""CD123""]}, {""via"": ""pro_id"", ""pr"": ""PR:000001865"", ""tokens"": [""CD123""]}]}, {""sense"": ""negative"", ""pr"": ""PR:000001869"", ""asserted"": ""True"", ""paths"": [{""via"": ""exact_alias"", ""source_token"": ""CD127"", ""tokens"": [""CD127""]}, {""via"": ""exact_alias"", ""source_token"": ""CDW127"", ""tokens"": [""CDW127""]}, {""via"": ""pro_id"", ""pr"": ""PR:000001869"", ""tokens"": [""CD127""]}]}, {""sense"": ""negative"", ""pr"": ""PR:000001889"", ""asserted"": ""False"", ""paths"": [{""via"": ""exact_alias"", ""source_token"": ""CD14"", ""tokens"": [""CD14""]}, {""via"": ""pro_id"", ""pr"": ""PR:000001889"", ""tokens"": [""CD14""]}]}, {""sense"": ""negative"", ""pr"": ""PR:000002978"", ""asserted"": ""False"", ""paths"": []}, {""sense"": ""negative"", ""pr"": ""PR:000002979"", ""asserted"": ""True"", ""paths"": []}, {""sense"": ""negative"", ""pr"": ""PR:000009127"", ""asserted"": ""True"", ""paths"": [{""via"": ""exact_alias"", ""source_token"": ""CD41"", ""tokens"": [""CD41""]}]}, {""sense"": ""positive"", ""pr"": ""PR:000001345"", ""asserted"": ""True"", ""paths"": [{""via"": ""exact_alias"", ""source_token"": ""CD105"", ""tokens"": [""CD105""]}]}, {""sense"": ""positive"", ""pr"": ""PR:000001945"", ""asserted"": ""False"", ""paths"": [{""via"": ""exact_alias"", ""source_token"": ""CD71"", ""tokens"": [""CD71""]}]}, {""sense"": ""positive"", ""pr"": ""PR:000002065"", ""asserted"": ""True"", ""paths"": [{""via"": ""exact_alias"", ""source_token"": ""CD117"", ""tokens"": [""CD117""]}, {""via"": ""pro_id"", ""pr"": ""PR:000002065"", ""tokens"": [""CD117""]}]}]"
SOULCAP:SC000099		CD8+ TCRab Tem	CD8+  effector memory alpha/beta T cell	CD8+ TCRab T cell	Exact		3	CL:0001024	CD34-positive, CD38-negative hematopoietic stem cell	12	2	CD14- (1 of 3 alt.), CD19- (1 of 2 alt.), CD16-		CD123-, HLA-DR:not:positive/CD11C:not:high (no axiom on any alt.), CD15-/CD66B- (no axiom on any alt.)	no		"[""marker_axioms""]"	null	"[{""sense"": ""negative"", ""pr"": ""PR:000001002"", ""asserted"": ""False"", ""paths"": [{""via"": ""exact_alias"", ""source_token"": ""CD19"", ""tokens"": [""CD19""]}, {""via"": ""pro_id"", ""pr"": ""PR:000001002"", ""tokens"": [""CD19""]}]}, {""sense"": ""negative"", ""pr"": ""PR:000001004"", ""asserted"": ""False"", ""paths"": [{""via"": ""exact_alias"", ""source_token"": ""CD4"", ""tokens"": [""CD4""]}, {""via"": ""pro_id"", ""pr"": ""PR:000001004"", ""tokens"": [""CD4""]}]}, {""sense"": ""negative"", ""pr"": ""PR:000001012"", ""asserted"": ""False"", ""paths"": [{""via"": ""exact_alias"", ""source_token"": ""CD11"", ""tokens"": [""CD11""]}, {""via"": ""exact_alias"", ""source_token"": ""CD11B"", ""tokens"": [""CD11B""]}]}, {""sense"": ""negative"", ""pr"": ""PR:000001020"", ""asserted"": ""False"", ""paths"": [{""via"": ""exact_alias"", ""source_token"": ""CD3"", ""tokens"": [""CD3""]}, {""via"": ""exact_alias"", ""source_token"": ""CD3E"", ""tokens"": [""CD3E""]}, {""via"": ""exact_alias"", ""source_token"": ""CD3E"", ""tokens"": [""CD3E""]}, {""via"": ""pro_id"", ""pr"": ""PR:000001020"", ""tokens"": [""CD3""]}]}, {""sense"": ""negative"", ""pr"": ""PR:000001024"", ""asserted"": ""False"", ""paths"": [{""via"": ""exact_alias"", ""source_token"": ""CD56"", ""tokens"": [""CD56""]}, {""via"": ""pro_id"", ""pr"": ""PR:000001024"", ""tokens"": [""CD56""]}]}, {""sense"": ""negative"", ""pr"": ""PR:000001083"", ""asserted"": ""False"", ""paths"": [{""via"": ""exact_alias"", ""source_token"": ""CD2"", ""tokens"": [""CD2""]}]}, {""sense"": ""negative"", ""pr"": ""PR:000001084"", ""asserted"": ""False"", ""paths"": [{""via"": ""exact_alias"", ""source_token"": ""CD8"", ""tokens"": [""CD8""]}, {""via"": ""exact_alias"", ""source_token"": ""CD8A"", ""tokens"": [""CD8A""]}, {""via"": ""exact_alias"", ""source_token"": ""CD8A"", ""tokens"": [""CD8A""]}, {""via"": ""pro_id"", ""pr"": ""PR:000001084"", ""tokens"": [""CD8""]}]}, {""sense"": ""negative"", ""pr"": ""PR:000001289"", ""asserted"": ""False"", ""paths"": [{""via"": ""exact_alias"", ""source_token"": ""CD20"", ""tokens"": [""CD20""]}, {""via"": ""pro_id"", ""pr"": ""PR:000001289"", ""tokens"": [""CD20""]}]}, {""sense"": ""negative"", ""pr"": ""PR:000001408"", ""asserted"": ""True"", ""paths"": [{""via"": ""exact_alias"", ""source_token"": ""CD38"", ""tokens"": [""CD38""]}, {""via"": ""pro_id"", ""pr"": ""PR:000001408"", ""tokens"": [""CD38""]}]}, {""sense"": ""negative"", ""pr"": ""PR:000001483"", ""asserted"": ""True"", ""paths"": [{""via"": ""exact_alias"", ""source_token"": ""CD16"", ""tokens"": [""CD16""]}, {""via"": ""pro_id"", ""pr"": ""PR:000001483"", ""tokens"": [""CD16""]}]}, {""sense"": ""negative"", ""pr"": ""PR:000001839"", ""asserted"": ""False"", ""paths"": [{""via"": ""exact_alias"", ""source_token"": ""CD5"", ""tokens"": [""CD5""]}]}, {""sense"": ""negative"", ""pr"": ""PR:000001889"", ""asserted"": ""False"", ""paths"": [{""via"": ""exact_alias"", ""source_token"": ""CD14"", ""tokens"": [""CD14""]}, {""via"": ""pro_id"", ""pr"": ""PR:000001889"", ""tokens"": [""CD14""]}]}, {""sense"": ""negative"", ""pr"": ""PR:000001892"", ""asserted"": ""True"", ""paths"": [{""via"": ""exact_alias"", ""source_token"": ""CD33"", ""tokens"": [""CD33""]}, {""via"": ""pro_id"", ""pr"": ""PR:000001892"", ""tokens"": [""CD33""]}]}, {""sense"": ""negative"", ""pr"": ""PR:000001945"", ""asserted"": ""True"", ""paths"": [{""via"": ""exact_alias"", ""source_token"": ""CD71"", ""tokens"": [""CD71""]}]}, {""sense"": ""negative"", ""pr"": ""PR:000002978"", ""asserted"": ""False"", ""paths"": []}, {""sense"": ""negative"", ""pr"": ""PR:000002981"", ""asserted"": ""False"", ""paths"": []}, {""sense"": ""positive"", ""pr"": ""PR:000001003"", ""asserted"": ""True"", ""paths"": [{""via"": ""exact_alias"", ""source_token"": ""CD34"", ""tokens"": [""CD34""]}, {""via"": ""pro_id"", ""pr"": ""PR:000001003"", ""tokens"": [""CD34""]}]}, {""sense"": ""positive"", ""pr"": ""PR:000001786"", ""asserted"": ""True"", ""paths"": [{""via"": ""exact_alias"", ""source_token"": ""CD133"", ""tokens"": [""CD133""]}]}, {""sense"": ""positive"", ""pr"": ""PR:000001809"", ""asserted"": ""True"", ""paths"": [{""via"": ""exact_alias"", ""source_token"": ""CD59"", ""tokens"": [""CD59""]}]}, {""sense"": ""positive"", ""pr"": ""PR:000001843"", ""asserted"": ""True"", ""paths"": [{""via"": ""exact_alias"", ""source_token"": ""CD90"", ""tokens"": [""CD90""]}, {""via"": ""exact_alias"", ""source_token"": ""CDW90"", ""tokens"": [""CDW90""]}]}]"
SOULCAP:SC000100		CD8+ TCRgd Tem	CD8+ effector memory gamma/delta T cell	CD8+ TCRgd T cell			1	CL:0001057	myeloid dendritic cell, human	13	1	CD14- (1 of 3 alt.), CD19- (1 of 2 alt.), CD123-		HLA-DR:not:positive/CD11C:not:high (hi) (no axiom on any alt.), CD15-/CD66B- (no axiom on any alt.), CD16-	no		"[""marker_axioms""]"	null	"[{""sense"": ""high"", ""pr"": ""PR:000001013"", ""asserted"": ""False"", ""paths"": [{""via"": ""exact_alias"", ""source_token"": ""CD11"", ""tokens"": [""CD11""]}, {""via"": ""exact_alias"", ""source_token"": ""CD11C"", ""tokens"": [""CD11C""]}, {""via"": ""pro_id"", ""pr"": ""PR:000001013"", ""tokens"": [""CD11C""]}]}, {""sense"": ""negative"", ""pr"": ""PR:000001002"", ""asserted"": ""False"", ""paths"": [{""via"": ""exact_alias"", ""source_token"": ""CD19"", ""tokens"": [""CD19""]}, {""via"": ""pro_id"", ""pr"": ""PR:000001002"", ""tokens"": [""CD19""]}]}, {""sense"": ""negative"", ""pr"": ""PR:000001003"", ""asserted"": ""False"", ""paths"": [{""via"": ""exact_alias"", ""source_token"": ""CD34"", ""tokens"": [""CD34""]}, {""via"": ""pro_id"", ""pr"": ""PR:000001003"", ""tokens"": [""CD34""]}]}, {""sense"": ""negative"", ""pr"": ""PR:000001020"", ""asserted"": ""False"", ""paths"": [{""via"": ""exact_alias"", ""source_token"": ""CD3"", ""tokens"": [""CD3""]}, {""via"": ""exact_alias"", ""source_token"": ""CD3E"", ""tokens"": [""CD3E""]}, {""via"": ""exact_alias"", ""source_token"": ""CD3E"", ""tokens"": [""CD3E""]}, {""via"": ""pro_id"", ""pr"": ""PR:000001020"", ""tokens"": [""CD3""]}]}, {""sense"": ""negative"", ""pr"": ""PR:000001024"", ""asserted"": ""False"", ""paths"": [{""via"": ""exact_alias"", ""source_token"": ""CD56"", ""tokens"": [""CD56""]}, {""via"": ""pro_id"", ""pr"": ""PR:000001024"", ""tokens"": [""CD56""]}]}, {""sense"": ""negative"", ""pr"": ""PR:000001289"", ""asserted"": ""False"", ""paths"": [{""via"": ""exact_alias"", ""source_token"": ""CD20"", ""tokens"": [""CD20""]}, {""via"": ""pro_id"", ""pr"": ""PR:000001289"", ""tokens"": [""CD20""]}]}, {""sense"": ""negative"", ""pr"": ""PR:000001865"", ""asserted"": ""False"", ""paths"": [{""via"": ""exact_alias"", ""source_token"": ""CD123"", ""tokens"": [""CD123""]}, {""via"": ""pro_id"", ""pr"": ""PR:000001865"", ""tokens"": [""CD123""]}]}, {""sense"": ""negative"", ""pr"": ""PR:000001889"", ""asserted"": ""True"", ""paths"": [{""via"": ""exact_alias"", ""source_token"": ""CD14"", ""tokens"": [""CD14""]}, {""via"": ""pro_id"", ""pr"": ""PR:000001889"", ""tokens"": [""CD14""]}]}, {""sense"": ""positive"", ""pr"": ""PR:000002015"", ""asserted"": ""False"", ""paths"": []}]"
SOULCAP:SC000100		CD8+ TCRgd Tem	CD8+ effector memory gamma/delta T cell	CD8+ TCRgd T cell			2	CL:0002000	Kit-positive erythroid progenitor cell	13	1	CD14- (1 of 3 alt.), CD19- (1 of 2 alt.), CD123-		HLA-DR:not:positive/CD11C:not:high (no axiom on any alt.), CD15-/CD66B- (no axiom on any alt.), CD16-	no		"[""marker_axioms""]"	null	"[{""sense"": ""negative"", ""pr"": ""PR:000001002"", ""asserted"": ""False"", ""paths"": [{""via"": ""exact_alias"", ""source_token"": ""CD19"", ""tokens"": [""CD19""]}, {""via"": ""pro_id"", ""pr"": ""PR:000001002"", ""tokens"": [""CD19""]}]}, {""sense"": ""negative"", ""pr"": ""PR:000001004"", ""asserted"": ""False"", ""paths"": [{""via"": ""exact_alias"", ""source_token"": ""CD4"", ""tokens"": [""CD4""]}, {""via"": ""pro_id"", ""pr"": ""PR:000001004"", ""tokens"": [""CD4""]}]}, {""sense"": ""negative"", ""pr"": ""PR:000001012"", ""asserted"": ""False"", ""paths"": [{""via"": ""exact_alias"", ""source_token"": ""CD11"", ""tokens"": [""CD11""]}, {""via"": ""exact_alias"", ""source_token"": ""CD11B"", ""tokens"": [""CD11B""]}]}, {""sense"": ""negative"", ""pr"": ""PR:000001020"", ""asserted"": ""False"", ""paths"": [{""via"": ""exact_alias"", ""source_token"": ""CD3"", ""tokens"": [""CD3""]}, {""via"": ""exact_alias"", ""source_token"": ""CD3E"", ""tokens"": [""CD3E""]}, {""via"": ""exact_alias"", ""source_token"": ""CD3E"", ""tokens"": [""CD3E""]}, {""via"": ""pro_id"", ""pr"": ""PR:000001020"", ""tokens"": [""CD3""]}]}, {""sense"": ""negative"", ""pr"": ""PR:000001024"", ""asserted"": ""False"", ""paths"": [{""via"": ""exact_alias"", ""source_token"": ""CD56"", ""tokens"": [""CD56""]}, {""via"": ""pro_id"", ""pr"": ""PR:000001024"", ""tokens"": [""CD56""]}]}, {""sense"": ""negative"", ""pr"": ""PR:000001083"", ""asserted"": ""False"", ""paths"": [{""via"": ""exact_alias"", ""source_token"": ""CD2"", ""tokens"": [""CD2""]}]}, {""sense"": ""negative"", ""pr"": ""PR:000001084"", ""asserted"": ""False"", ""paths"": [{""via"": ""exact_alias"", ""source_token"": ""CD8"", ""tokens"": [""CD8""]}, {""via"": ""exact_alias"", ""source_token"": ""CD8A"", ""tokens"": [""CD8A""]}, {""via"": ""exact_alias"", ""source_token"": ""CD8A"", ""tokens"": [""CD8A""]}, {""via"": ""pro_id"", ""pr"": ""PR:000001084"", ""tokens"": [""CD8""]}]}, {""sense"": ""negative"", ""pr"": ""PR:000001289"", ""asserted"": ""False"", ""paths"": [{""via"": ""exact_alias"", ""source_token"": ""CD20"", ""tokens"": [""CD20""]}, {""via"": ""pro_id"", ""pr"": ""PR:000001289"", ""tokens"": [""CD20""]}]}, {""sense"": ""negative"", ""pr"": ""PR:000001833"", ""asserted"": ""True"", ""paths"": [{""via"": ""exact_alias"", ""source_token"": ""CD150"", ""tokens"": [""CD150""]}, {""via"": ""exact_alias"", ""source_token"": ""CDW150"", ""tokens"": [""CDW150""]}]}, {""sense"": ""negative"", ""pr"": ""PR:000001839"", ""asserted"": ""False"", ""paths"": [{""via"": ""exact_alias"", ""source_token"": ""CD5"", ""tokens"": [""CD5""]}]}, {""sense"": ""negative"", ""pr"": ""PR:000001865"", ""asserted"": ""True"", ""paths"": [{""via"": ""exact_alias"", ""source_token"": ""CD123"", ""tokens"": [""CD123""]}, {""via"": ""pro_id"", ""pr"": ""PR:000001865"", ""tokens"": [""CD123""]}]}, {""sense"": ""negative"", ""pr"": ""PR:000001869"", ""asserted"": ""True"", ""paths"": [{""via"": ""exact_alias"", ""source_token"": ""CD127"", ""tokens"": [""CD127""]}, {""via"": ""exact_alias"", ""source_token"": ""CDW127"", ""tokens"": [""CDW127""]}, {""via"": ""pro_id"", ""pr"": ""PR:000001869"", ""tokens"": [""CD127""]}]}, {""sense"": ""negative"", ""pr"": ""PR:000001889"", ""asserted"": ""False"", ""paths"": [{""via"": ""exact_alias"", ""source_token"": ""CD14"", ""tokens"": [""CD14""]}, {""via"": ""pro_id"", ""pr"": ""PR:000001889"", ""tokens"": [""CD14""]}]}, {""sense"": ""negative"", ""pr"": ""PR:000002978"", ""asserted"": ""False"", ""paths"": []}, {""sense"": ""negative"", ""pr"": ""PR:000002979"", ""asserted"": ""True"", ""paths"": []}, {""sense"": ""negative"", ""pr"": ""PR:000009127"", ""asserted"": ""True"", ""paths"": [{""via"": ""exact_alias"", ""source_token"": ""CD41"", ""tokens"": [""CD41""]}]}, {""sense"": ""positive"", ""pr"": ""PR:000001345"", ""asserted"": ""True"", ""paths"": [{""via"": ""exact_alias"", ""source_token"": ""CD105"", ""tokens"": [""CD105""]}]}, {""sense"": ""positive"", ""pr"": ""PR:000001945"", ""asserted"": ""False"", ""paths"": [{""via"": ""exact_alias"", ""source_token"": ""CD71"", ""tokens"": [""CD71""]}]}, {""sense"": ""positive"", ""pr"": ""PR:000002065"", ""asserted"": ""True"", ""paths"": [{""via"": ""exact_alias"", ""source_token"": ""CD117"", ""tokens"": [""CD117""]}, {""via"": ""pro_id"", ""pr"": ""PR:000002065"", ""tokens"": [""CD117""]}]}]"
SOULCAP:SC000100		CD8+ TCRgd Tem	CD8+ effector memory gamma/delta T cell	CD8+ TCRgd T cell			3	CL:0001024	CD34-positive, CD38-negative hematopoietic stem cell	12	2	CD14- (1 of 3 alt.), CD19- (1 of 2 alt.), CD16-		CD123-, HLA-DR:not:positive/CD11C:not:high (no axiom on any alt.), CD15-/CD66B- (no axiom on any alt.)	no		"[""marker_axioms""]"	null	"[{""sense"": ""negative"", ""pr"": ""PR:000001002"", ""asserted"": ""False"", ""paths"": [{""via"": ""exact_alias"", ""source_token"": ""CD19"", ""tokens"": [""CD19""]}, {""via"": ""pro_id"", ""pr"": ""PR:000001002"", ""tokens"": [""CD19""]}]}, {""sense"": ""negative"", ""pr"": ""PR:000001004"", ""asserted"": ""False"", ""paths"": [{""via"": ""exact_alias"", ""source_token"": ""CD4"", ""tokens"": [""CD4""]}, {""via"": ""pro_id"", ""pr"": ""PR:000001004"", ""tokens"": [""CD4""]}]}, {""sense"": ""negative"", ""pr"": ""PR:000001012"", ""asserted"": ""False"", ""paths"": [{""via"": ""exact_alias"", ""source_token"": ""CD11"", ""tokens"": [""CD11""]}, {""via"": ""exact_alias"", ""source_token"": ""CD11B"", ""tokens"": [""CD11B""]}]}, {""sense"": ""negative"", ""pr"": ""PR:000001020"", ""asserted"": ""False"", ""paths"": [{""via"": ""exact_alias"", ""source_token"": ""CD3"", ""tokens"": [""CD3""]}, {""via"": ""exact_alias"", ""source_token"": ""CD3E"", ""tokens"": [""CD3E""]}, {""via"": ""exact_alias"", ""source_token"": ""CD3E"", ""tokens"": [""CD3E""]}, {""via"": ""pro_id"", ""pr"": ""PR:000001020"", ""tokens"": [""CD3""]}]}, {""sense"": ""negative"", ""pr"": ""PR:000001024"", ""asserted"": ""False"", ""paths"": [{""via"": ""exact_alias"", ""source_token"": ""CD56"", ""tokens"": [""CD56""]}, {""via"": ""pro_id"", ""pr"": ""PR:000001024"", ""tokens"": [""CD56""]}]}, {""sense"": ""negative"", ""pr"": ""PR:000001083"", ""asserted"": ""False"", ""paths"": [{""via"": ""exact_alias"", ""source_token"": ""CD2"", ""tokens"": [""CD2""]}]}, {""sense"": ""negative"", ""pr"": ""PR:000001084"", ""asserted"": ""False"", ""paths"": [{""via"": ""exact_alias"", ""source_token"": ""CD8"", ""tokens"": [""CD8""]}, {""via"": ""exact_alias"", ""source_token"": ""CD8A"", ""tokens"": [""CD8A""]}, {""via"": ""exact_alias"", ""source_token"": ""CD8A"", ""tokens"": [""CD8A""]}, {""via"": ""pro_id"", ""pr"": ""PR:000001084"", ""tokens"": [""CD8""]}]}, {""sense"": ""negative"", ""pr"": ""PR:000001289"", ""asserted"": ""False"", ""paths"": [{""via"": ""exact_alias"", ""source_token"": ""CD20"", ""tokens"": [""CD20""]}, {""via"": ""pro_id"", ""pr"": ""PR:000001289"", ""tokens"": [""CD20""]}]}, {""sense"": ""negative"", ""pr"": ""PR:000001408"", ""asserted"": ""True"", ""paths"": [{""via"": ""exact_alias"", ""source_token"": ""CD38"", ""tokens"": [""CD38""]}, {""via"": ""pro_id"", ""pr"": ""PR:000001408"", ""tokens"": [""CD38""]}]}, {""sense"": ""negative"", ""pr"": ""PR:000001483"", ""asserted"": ""True"", ""paths"": [{""via"": ""exact_alias"", ""source_token"": ""CD16"", ""tokens"": [""CD16""]}, {""via"": ""pro_id"", ""pr"": ""PR:000001483"", ""tokens"": [""CD16""]}]}, {""sense"": ""negative"", ""pr"": ""PR:000001839"", ""asserted"": ""False"", ""paths"": [{""via"": ""exact_alias"", ""source_token"": ""CD5"", ""tokens"": [""CD5""]}]}, {""sense"": ""negative"", ""pr"": ""PR:000001889"", ""asserted"": ""False"", ""paths"": [{""via"": ""exact_alias"", ""source_token"": ""CD14"", ""tokens"": [""CD14""]}, {""via"": ""pro_id"", ""pr"": ""PR:000001889"", ""tokens"": [""CD14""]}]}, {""sense"": ""negative"", ""pr"": ""PR:000001892"", ""asserted"": ""True"", ""paths"": [{""via"": ""exact_alias"", ""source_token"": ""CD33"", ""tokens"": [""CD33""]}, {""via"": ""pro_id"", ""pr"": ""PR:000001892"", ""tokens"": [""CD33""]}]}, {""sense"": ""negative"", ""pr"": ""PR:000001945"", ""asserted"": ""True"", ""paths"": [{""via"": ""exact_alias"", ""source_token"": ""CD71"", ""tokens"": [""CD71""]}]}, {""sense"": ""negative"", ""pr"": ""PR:000002978"", ""asserted"": ""False"", ""paths"": []}, {""sense"": ""negative"", ""pr"": ""PR:000002981"", ""asserted"": ""False"", ""paths"": []}, {""sense"": ""positive"", ""pr"": ""PR:000001003"", ""asserted"": ""True"", ""paths"": [{""via"": ""exact_alias"", ""source_token"": ""CD34"", ""tokens"": [""CD34""]}, {""via"": ""pro_id"", ""pr"": ""PR:000001003"", ""tokens"": [""CD34""]}]}, {""sense"": ""positive"", ""pr"": ""PR:000001786"", ""asserted"": ""True"", ""paths"": [{""via"": ""exact_alias"", ""source_token"": ""CD133"", ""tokens"": [""CD133""]}]}, {""sense"": ""positive"", ""pr"": ""PR:000001809"", ""asserted"": ""True"", ""paths"": [{""via"": ""exact_alias"", ""source_token"": ""CD59"", ""tokens"": [""CD59""]}]}, {""sense"": ""positive"", ""pr"": ""PR:000001843"", ""asserted"": ""True"", ""paths"": [{""via"": ""exact_alias"", ""source_token"": ""CD90"", ""tokens"": [""CD90""]}, {""via"": ""exact_alias"", ""source_token"": ""CDW90"", ""tokens"": [""CDW90""]}]}]"
SOULCAP:SC000101		Temra	CD45RA+ effector memory alpha/beta and gamma/delta T cell	T cell	Exact		1	CL:0001057	myeloid dendritic cell, human	13	1	CD14- (1 of 3 alt.), CD19- (1 of 2 alt.), CD123-		HLA-DR:not:positive/CD11C:not:high (hi) (no axiom on any alt.), CD15-/CD66B- (no axiom on any alt.), CD16-	no		"[""marker_axioms""]"	null	"[{""sense"": ""high"", ""pr"": ""PR:000001013"", ""asserted"": ""False"", ""paths"": [{""via"": ""exact_alias"", ""source_token"": ""CD11"", ""tokens"": [""CD11""]}, {""via"": ""exact_alias"", ""source_token"": ""CD11C"", ""tokens"": [""CD11C""]}, {""via"": ""pro_id"", ""pr"": ""PR:000001013"", ""tokens"": [""CD11C""]}]}, {""sense"": ""negative"", ""pr"": ""PR:000001002"", ""asserted"": ""False"", ""paths"": [{""via"": ""exact_alias"", ""source_token"": ""CD19"", ""tokens"": [""CD19""]}, {""via"": ""pro_id"", ""pr"": ""PR:000001002"", ""tokens"": [""CD19""]}]}, {""sense"": ""negative"", ""pr"": ""PR:000001003"", ""asserted"": ""False"", ""paths"": [{""via"": ""exact_alias"", ""source_token"": ""CD34"", ""tokens"": [""CD34""]}, {""via"": ""pro_id"", ""pr"": ""PR:000001003"", ""tokens"": [""CD34""]}]}, {""sense"": ""negative"", ""pr"": ""PR:000001020"", ""asserted"": ""False"", ""paths"": [{""via"": ""exact_alias"", ""source_token"": ""CD3"", ""tokens"": [""CD3""]}, {""via"": ""exact_alias"", ""source_token"": ""CD3E"", ""tokens"": [""CD3E""]}, {""via"": ""exact_alias"", ""source_token"": ""CD3E"", ""tokens"": [""CD3E""]}, {""via"": ""pro_id"", ""pr"": ""PR:000001020"", ""tokens"": [""CD3""]}]}, {""sense"": ""negative"", ""pr"": ""PR:000001024"", ""asserted"": ""False"", ""paths"": [{""via"": ""exact_alias"", ""source_token"": ""CD56"", ""tokens"": [""CD56""]}, {""via"": ""pro_id"", ""pr"": ""PR:000001024"", ""tokens"": [""CD56""]}]}, {""sense"": ""negative"", ""pr"": ""PR:000001289"", ""asserted"": ""False"", ""paths"": [{""via"": ""exact_alias"", ""source_token"": ""CD20"", ""tokens"": [""CD20""]}, {""via"": ""pro_id"", ""pr"": ""PR:000001289"", ""tokens"": [""CD20""]}]}, {""sense"": ""negative"", ""pr"": ""PR:000001865"", ""asserted"": ""False"", ""paths"": [{""via"": ""exact_alias"", ""source_token"": ""CD123"", ""tokens"": [""CD123""]}, {""via"": ""pro_id"", ""pr"": ""PR:000001865"", ""tokens"": [""CD123""]}]}, {""sense"": ""negative"", ""pr"": ""PR:000001889"", ""asserted"": ""True"", ""paths"": [{""via"": ""exact_alias"", ""source_token"": ""CD14"", ""tokens"": [""CD14""]}, {""via"": ""pro_id"", ""pr"": ""PR:000001889"", ""tokens"": [""CD14""]}]}, {""sense"": ""positive"", ""pr"": ""PR:000002015"", ""asserted"": ""False"", ""paths"": []}]"
SOULCAP:SC000101		Temra	CD45RA+ effector memory alpha/beta and gamma/delta T cell	T cell	Exact		2	CL:0002000	Kit-positive erythroid progenitor cell	13	1	CD14- (1 of 3 alt.), CD19- (1 of 2 alt.), CD123-		HLA-DR:not:positive/CD11C:not:high (no axiom on any alt.), CD15-/CD66B- (no axiom on any alt.), CD16-	no		"[""marker_axioms""]"	null	"[{""sense"": ""negative"", ""pr"": ""PR:000001002"", ""asserted"": ""False"", ""paths"": [{""via"": ""exact_alias"", ""source_token"": ""CD19"", ""tokens"": [""CD19""]}, {""via"": ""pro_id"", ""pr"": ""PR:000001002"", ""tokens"": [""CD19""]}]}, {""sense"": ""negative"", ""pr"": ""PR:000001004"", ""asserted"": ""False"", ""paths"": [{""via"": ""exact_alias"", ""source_token"": ""CD4"", ""tokens"": [""CD4""]}, {""via"": ""pro_id"", ""pr"": ""PR:000001004"", ""tokens"": [""CD4""]}]}, {""sense"": ""negative"", ""pr"": ""PR:000001012"", ""asserted"": ""False"", ""paths"": [{""via"": ""exact_alias"", ""source_token"": ""CD11"", ""tokens"": [""CD11""]}, {""via"": ""exact_alias"", ""source_token"": ""CD11B"", ""tokens"": [""CD11B""]}]}, {""sense"": ""negative"", ""pr"": ""PR:000001020"", ""asserted"": ""False"", ""paths"": [{""via"": ""exact_alias"", ""source_token"": ""CD3"", ""tokens"": [""CD3""]}, {""via"": ""exact_alias"", ""source_token"": ""CD3E"", ""tokens"": [""CD3E""]}, {""via"": ""exact_alias"", ""source_token"": ""CD3E"", ""tokens"": [""CD3E""]}, {""via"": ""pro_id"", ""pr"": ""PR:000001020"", ""tokens"": [""CD3""]}]}, {""sense"": ""negative"", ""pr"": ""PR:000001024"", ""asserted"": ""False"", ""paths"": [{""via"": ""exact_alias"", ""source_token"": ""CD56"", ""tokens"": [""CD56""]}, {""via"": ""pro_id"", ""pr"": ""PR:000001024"", ""tokens"": [""CD56""]}]}, {""sense"": ""negative"", ""pr"": ""PR:000001083"", ""asserted"": ""False"", ""paths"": [{""via"": ""exact_alias"", ""source_token"": ""CD2"", ""tokens"": [""CD2""]}]}, {""sense"": ""negative"", ""pr"": ""PR:000001084"", ""asserted"": ""False"", ""paths"": [{""via"": ""exact_alias"", ""source_token"": ""CD8"", ""tokens"": [""CD8""]}, {""via"": ""exact_alias"", ""source_token"": ""CD8A"", ""tokens"": [""CD8A""]}, {""via"": ""exact_alias"", ""source_token"": ""CD8A"", ""tokens"": [""CD8A""]}, {""via"": ""pro_id"", ""pr"": ""PR:000001084"", ""tokens"": [""CD8""]}]}, {""sense"": ""negative"", ""pr"": ""PR:000001289"", ""asserted"": ""False"", ""paths"": [{""via"": ""exact_alias"", ""source_token"": ""CD20"", ""tokens"": [""CD20""]}, {""via"": ""pro_id"", ""pr"": ""PR:000001289"", ""tokens"": [""CD20""]}]}, {""sense"": ""negative"", ""pr"": ""PR:000001833"", ""asserted"": ""True"", ""paths"": [{""via"": ""exact_alias"", ""source_token"": ""CD150"", ""tokens"": [""CD150""]}, {""via"": ""exact_alias"", ""source_token"": ""CDW150"", ""tokens"": [""CDW150""]}]}, {""sense"": ""negative"", ""pr"": ""PR:000001839"", ""asserted"": ""False"", ""paths"": [{""via"": ""exact_alias"", ""source_token"": ""CD5"", ""tokens"": [""CD5""]}]}, {""sense"": ""negative"", ""pr"": ""PR:000001865"", ""asserted"": ""True"", ""paths"": [{""via"": ""exact_alias"", ""source_token"": ""CD123"", ""tokens"": [""CD123""]}, {""via"": ""pro_id"", ""pr"": ""PR:000001865"", ""tokens"": [""CD123""]}]}, {""sense"": ""negative"", ""pr"": ""PR:000001869"", ""asserted"": ""True"", ""paths"": [{""via"": ""exact_alias"", ""source_token"": ""CD127"", ""tokens"": [""CD127""]}, {""via"": ""exact_alias"", ""source_token"": ""CDW127"", ""tokens"": [""CDW127""]}, {""via"": ""pro_id"", ""pr"": ""PR:000001869"", ""tokens"": [""CD127""]}]}, {""sense"": ""negative"", ""pr"": ""PR:000001889"", ""asserted"": ""False"", ""paths"": [{""via"": ""exact_alias"", ""source_token"": ""CD14"", ""tokens"": [""CD14""]}, {""via"": ""pro_id"", ""pr"": ""PR:000001889"", ""tokens"": [""CD14""]}]}, {""sense"": ""negative"", ""pr"": ""PR:000002978"", ""asserted"": ""False"", ""paths"": []}, {""sense"": ""negative"", ""pr"": ""PR:000002979"", ""asserted"": ""True"", ""paths"": []}, {""sense"": ""negative"", ""pr"": ""PR:000009127"", ""asserted"": ""True"", ""paths"": [{""via"": ""exact_alias"", ""source_token"": ""CD41"", ""tokens"": [""CD41""]}]}, {""sense"": ""positive"", ""pr"": ""PR:000001345"", ""asserted"": ""True"", ""paths"": [{""via"": ""exact_alias"", ""source_token"": ""CD105"", ""tokens"": [""CD105""]}]}, {""sense"": ""positive"", ""pr"": ""PR:000001945"", ""asserted"": ""False"", ""paths"": [{""via"": ""exact_alias"", ""source_token"": ""CD71"", ""tokens"": [""CD71""]}]}, {""sense"": ""positive"", ""pr"": ""PR:000002065"", ""asserted"": ""True"", ""paths"": [{""via"": ""exact_alias"", ""source_token"": ""CD117"", ""tokens"": [""CD117""]}, {""via"": ""pro_id"", ""pr"": ""PR:000002065"", ""tokens"": [""CD117""]}]}]"
SOULCAP:SC000101		Temra	CD45RA+ effector memory alpha/beta and gamma/delta T cell	T cell	Exact		3	CL:0000938	CD16-negative, CD56-bright natural killer cell, human	11	1	CD14- (1 of 3 alt.), CD19- (1 of 2 alt.), CD16-		CD123-, HLA-DR:not:positive/CD11C:not:high (no axiom on any alt.), CD15-/CD66B- (no axiom on any alt.)	no		"[""marker_axioms""]"	null	"[{""sense"": ""high"", ""pr"": ""PR:000001024"", ""asserted"": ""True"", ""paths"": [{""via"": ""exact_alias"", ""source_token"": ""CD56"", ""tokens"": [""CD56""]}, {""via"": ""pro_id"", ""pr"": ""PR:000001024"", ""tokens"": [""CD56""]}]}, {""sense"": ""negative"", ""pr"": ""PR:000001002"", ""asserted"": ""False"", ""paths"": [{""via"": ""exact_alias"", ""source_token"": ""CD19"", ""tokens"": [""CD19""]}, {""via"": ""pro_id"", ""pr"": ""PR:000001002"", ""tokens"": [""CD19""]}]}, {""sense"": ""negative"", ""pr"": ""PR:000001020"", ""asserted"": ""False"", ""paths"": [{""via"": ""exact_alias"", ""source_token"": ""CD3"", ""tokens"": [""CD3""]}, {""via"": ""exact_alias"", ""source_token"": ""CD3E"", ""tokens"": [""CD3E""]}, {""via"": ""exact_alias"", ""source_token"": ""CD3E"", ""tokens"": [""CD3E""]}, {""via"": ""pro_id"", ""pr"": ""PR:000001020"", ""tokens"": [""CD3""]}]}, {""sense"": ""negative"", ""pr"": ""PR:000001289"", ""asserted"": ""False"", ""paths"": [{""via"": ""exact_alias"", ""source_token"": ""CD20"", ""tokens"": [""CD20""]}, {""via"": ""pro_id"", ""pr"": ""PR:000001289"", ""tokens"": [""CD20""]}]}, {""sense"": ""negative"", ""pr"": ""PR:000001483"", ""asserted"": ""True"", ""paths"": [{""via"": ""exact_alias"", ""source_token"": ""CD16"", ""tokens"": [""CD16""]}, {""via"": ""pro_id"", ""pr"": ""PR:000001483"", ""tokens"": [""CD16""]}]}, {""sense"": ""negative"", ""pr"": ""PR:000001889"", ""asserted"": ""False"", ""paths"": [{""via"": ""exact_alias"", ""source_token"": ""CD14"", ""tokens"": [""CD14""]}, {""via"": ""pro_id"", ""pr"": ""PR:000001889"", ""tokens"": [""CD14""]}]}, {""sense"": ""negative"", ""pr"": ""PR:000002015"", ""asserted"": ""True"", ""paths"": []}, {""sense"": ""positive"", ""pr"": ""PR:000001319"", ""asserted"": ""True"", ""paths"": [{""via"": ""exact_alias"", ""source_token"": ""CD84"", ""tokens"": [""CD84""]}]}]"
SOULCAP:SC000102		CD4+ Temra	CD4+ CD45RA+ effector memory alpha/beta and gamma/delta T cell	CD4+ T cell	Exact		1	CL:0001057	myeloid dendritic cell, human	13	1	CD14- (1 of 3 alt.), CD19- (1 of 2 alt.), CD123-		HLA-DR:not:positive/CD11C:not:high (hi) (no axiom on any alt.), CD15-/CD66B- (no axiom on any alt.), CD16-	no		"[""marker_axioms""]"	null	"[{""sense"": ""high"", ""pr"": ""PR:000001013"", ""asserted"": ""False"", ""paths"": [{""via"": ""exact_alias"", ""source_token"": ""CD11"", ""tokens"": [""CD11""]}, {""via"": ""exact_alias"", ""source_token"": ""CD11C"", ""tokens"": [""CD11C""]}, {""via"": ""pro_id"", ""pr"": ""PR:000001013"", ""tokens"": [""CD11C""]}]}, {""sense"": ""negative"", ""pr"": ""PR:000001002"", ""asserted"": ""False"", ""paths"": [{""via"": ""exact_alias"", ""source_token"": ""CD19"", ""tokens"": [""CD19""]}, {""via"": ""pro_id"", ""pr"": ""PR:000001002"", ""tokens"": [""CD19""]}]}, {""sense"": ""negative"", ""pr"": ""PR:000001003"", ""asserted"": ""False"", ""paths"": [{""via"": ""exact_alias"", ""source_token"": ""CD34"", ""tokens"": [""CD34""]}, {""via"": ""pro_id"", ""pr"": ""PR:000001003"", ""tokens"": [""CD34""]}]}, {""sense"": ""negative"", ""pr"": ""PR:000001020"", ""asserted"": ""False"", ""paths"": [{""via"": ""exact_alias"", ""source_token"": ""CD3"", ""tokens"": [""CD3""]}, {""via"": ""exact_alias"", ""source_token"": ""CD3E"", ""tokens"": [""CD3E""]}, {""via"": ""exact_alias"", ""source_token"": ""CD3E"", ""tokens"": [""CD3E""]}, {""via"": ""pro_id"", ""pr"": ""PR:000001020"", ""tokens"": [""CD3""]}]}, {""sense"": ""negative"", ""pr"": ""PR:000001024"", ""asserted"": ""False"", ""paths"": [{""via"": ""exact_alias"", ""source_token"": ""CD56"", ""tokens"": [""CD56""]}, {""via"": ""pro_id"", ""pr"": ""PR:000001024"", ""tokens"": [""CD56""]}]}, {""sense"": ""negative"", ""pr"": ""PR:000001289"", ""asserted"": ""False"", ""paths"": [{""via"": ""exact_alias"", ""source_token"": ""CD20"", ""tokens"": [""CD20""]}, {""via"": ""pro_id"", ""pr"": ""PR:000001289"", ""tokens"": [""CD20""]}]}, {""sense"": ""negative"", ""pr"": ""PR:000001865"", ""asserted"": ""False"", ""paths"": [{""via"": ""exact_alias"", ""source_token"": ""CD123"", ""tokens"": [""CD123""]}, {""via"": ""pro_id"", ""pr"": ""PR:000001865"", ""tokens"": [""CD123""]}]}, {""sense"": ""negative"", ""pr"": ""PR:000001889"", ""asserted"": ""True"", ""paths"": [{""via"": ""exact_alias"", ""source_token"": ""CD14"", ""tokens"": [""CD14""]}, {""via"": ""pro_id"", ""pr"": ""PR:000001889"", ""tokens"": [""CD14""]}]}, {""sense"": ""positive"", ""pr"": ""PR:000002015"", ""asserted"": ""False"", ""paths"": []}]"
SOULCAP:SC000102		CD4+ Temra	CD4+ CD45RA+ effector memory alpha/beta and gamma/delta T cell	CD4+ T cell	Exact		2	CL:0002000	Kit-positive erythroid progenitor cell	13	1	CD14- (1 of 3 alt.), CD19- (1 of 2 alt.), CD123-		HLA-DR:not:positive/CD11C:not:high (no axiom on any alt.), CD15-/CD66B- (no axiom on any alt.), CD16-	no		"[""marker_axioms""]"	null	"[{""sense"": ""negative"", ""pr"": ""PR:000001002"", ""asserted"": ""False"", ""paths"": [{""via"": ""exact_alias"", ""source_token"": ""CD19"", ""tokens"": [""CD19""]}, {""via"": ""pro_id"", ""pr"": ""PR:000001002"", ""tokens"": [""CD19""]}]}, {""sense"": ""negative"", ""pr"": ""PR:000001004"", ""asserted"": ""False"", ""paths"": [{""via"": ""exact_alias"", ""source_token"": ""CD4"", ""tokens"": [""CD4""]}, {""via"": ""pro_id"", ""pr"": ""PR:000001004"", ""tokens"": [""CD4""]}]}, {""sense"": ""negative"", ""pr"": ""PR:000001012"", ""asserted"": ""False"", ""paths"": [{""via"": ""exact_alias"", ""source_token"": ""CD11"", ""tokens"": [""CD11""]}, {""via"": ""exact_alias"", ""source_token"": ""CD11B"", ""tokens"": [""CD11B""]}]}, {""sense"": ""negative"", ""pr"": ""PR:000001020"", ""asserted"": ""False"", ""paths"": [{""via"": ""exact_alias"", ""source_token"": ""CD3"", ""tokens"": [""CD3""]}, {""via"": ""exact_alias"", ""source_token"": ""CD3E"", ""tokens"": [""CD3E""]}, {""via"": ""exact_alias"", ""source_token"": ""CD3E"", ""tokens"": [""CD3E""]}, {""via"": ""pro_id"", ""pr"": ""PR:000001020"", ""tokens"": [""CD3""]}]}, {""sense"": ""negative"", ""pr"": ""PR:000001024"", ""asserted"": ""False"", ""paths"": [{""via"": ""exact_alias"", ""source_token"": ""CD56"", ""tokens"": [""CD56""]}, {""via"": ""pro_id"", ""pr"": ""PR:000001024"", ""tokens"": [""CD56""]}]}, {""sense"": ""negative"", ""pr"": ""PR:000001083"", ""asserted"": ""False"", ""paths"": [{""via"": ""exact_alias"", ""source_token"": ""CD2"", ""tokens"": [""CD2""]}]}, {""sense"": ""negative"", ""pr"": ""PR:000001084"", ""asserted"": ""False"", ""paths"": [{""via"": ""exact_alias"", ""source_token"": ""CD8"", ""tokens"": [""CD8""]}, {""via"": ""exact_alias"", ""source_token"": ""CD8A"", ""tokens"": [""CD8A""]}, {""via"": ""exact_alias"", ""source_token"": ""CD8A"", ""tokens"": [""CD8A""]}, {""via"": ""pro_id"", ""pr"": ""PR:000001084"", ""tokens"": [""CD8""]}]}, {""sense"": ""negative"", ""pr"": ""PR:000001289"", ""asserted"": ""False"", ""paths"": [{""via"": ""exact_alias"", ""source_token"": ""CD20"", ""tokens"": [""CD20""]}, {""via"": ""pro_id"", ""pr"": ""PR:000001289"", ""tokens"": [""CD20""]}]}, {""sense"": ""negative"", ""pr"": ""PR:000001833"", ""asserted"": ""True"", ""paths"": [{""via"": ""exact_alias"", ""source_token"": ""CD150"", ""tokens"": [""CD150""]}, {""via"": ""exact_alias"", ""source_token"": ""CDW150"", ""tokens"": [""CDW150""]}]}, {""sense"": ""negative"", ""pr"": ""PR:000001839"", ""asserted"": ""False"", ""paths"": [{""via"": ""exact_alias"", ""source_token"": ""CD5"", ""tokens"": [""CD5""]}]}, {""sense"": ""negative"", ""pr"": ""PR:000001865"", ""asserted"": ""True"", ""paths"": [{""via"": ""exact_alias"", ""source_token"": ""CD123"", ""tokens"": [""CD123""]}, {""via"": ""pro_id"", ""pr"": ""PR:000001865"", ""tokens"": [""CD123""]}]}, {""sense"": ""negative"", ""pr"": ""PR:000001869"", ""asserted"": ""True"", ""paths"": [{""via"": ""exact_alias"", ""source_token"": ""CD127"", ""tokens"": [""CD127""]}, {""via"": ""exact_alias"", ""source_token"": ""CDW127"", ""tokens"": [""CDW127""]}, {""via"": ""pro_id"", ""pr"": ""PR:000001869"", ""tokens"": [""CD127""]}]}, {""sense"": ""negative"", ""pr"": ""PR:000001889"", ""asserted"": ""False"", ""paths"": [{""via"": ""exact_alias"", ""source_token"": ""CD14"", ""tokens"": [""CD14""]}, {""via"": ""pro_id"", ""pr"": ""PR:000001889"", ""tokens"": [""CD14""]}]}, {""sense"": ""negative"", ""pr"": ""PR:000002978"", ""asserted"": ""False"", ""paths"": []}, {""sense"": ""negative"", ""pr"": ""PR:000002979"", ""asserted"": ""True"", ""paths"": []}, {""sense"": ""negative"", ""pr"": ""PR:000009127"", ""asserted"": ""True"", ""paths"": [{""via"": ""exact_alias"", ""source_token"": ""CD41"", ""tokens"": [""CD41""]}]}, {""sense"": ""positive"", ""pr"": ""PR:000001345"", ""asserted"": ""True"", ""paths"": [{""via"": ""exact_alias"", ""source_token"": ""CD105"", ""tokens"": [""CD105""]}]}, {""sense"": ""positive"", ""pr"": ""PR:000001945"", ""asserted"": ""False"", ""paths"": [{""via"": ""exact_alias"", ""source_token"": ""CD71"", ""tokens"": [""CD71""]}]}, {""sense"": ""positive"", ""pr"": ""PR:000002065"", ""asserted"": ""True"", ""paths"": [{""via"": ""exact_alias"", ""source_token"": ""CD117"", ""tokens"": [""CD117""]}, {""via"": ""pro_id"", ""pr"": ""PR:000002065"", ""tokens"": [""CD117""]}]}]"
SOULCAP:SC000102		CD4+ Temra	CD4+ CD45RA+ effector memory alpha/beta and gamma/delta T cell	CD4+ T cell	Exact		3	CL:0000938	CD16-negative, CD56-bright natural killer cell, human	11	1	CD14- (1 of 3 alt.), CD19- (1 of 2 alt.), CD16-		CD123-, HLA-DR:not:positive/CD11C:not:high (no axiom on any alt.), CD15-/CD66B- (no axiom on any alt.)	no		"[""marker_axioms""]"	null	"[{""sense"": ""high"", ""pr"": ""PR:000001024"", ""asserted"": ""True"", ""paths"": [{""via"": ""exact_alias"", ""source_token"": ""CD56"", ""tokens"": [""CD56""]}, {""via"": ""pro_id"", ""pr"": ""PR:000001024"", ""tokens"": [""CD56""]}]}, {""sense"": ""negative"", ""pr"": ""PR:000001002"", ""asserted"": ""False"", ""paths"": [{""via"": ""exact_alias"", ""source_token"": ""CD19"", ""tokens"": [""CD19""]}, {""via"": ""pro_id"", ""pr"": ""PR:000001002"", ""tokens"": [""CD19""]}]}, {""sense"": ""negative"", ""pr"": ""PR:000001020"", ""asserted"": ""False"", ""paths"": [{""via"": ""exact_alias"", ""source_token"": ""CD3"", ""tokens"": [""CD3""]}, {""via"": ""exact_alias"", ""source_token"": ""CD3E"", ""tokens"": [""CD3E""]}, {""via"": ""exact_alias"", ""source_token"": ""CD3E"", ""tokens"": [""CD3E""]}, {""via"": ""pro_id"", ""pr"": ""PR:000001020"", ""tokens"": [""CD3""]}]}, {""sense"": ""negative"", ""pr"": ""PR:000001289"", ""asserted"": ""False"", ""paths"": [{""via"": ""exact_alias"", ""source_token"": ""CD20"", ""tokens"": [""CD20""]}, {""via"": ""pro_id"", ""pr"": ""PR:000001289"", ""tokens"": [""CD20""]}]}, {""sense"": ""negative"", ""pr"": ""PR:000001483"", ""asserted"": ""True"", ""paths"": [{""via"": ""exact_alias"", ""source_token"": ""CD16"", ""tokens"": [""CD16""]}, {""via"": ""pro_id"", ""pr"": ""PR:000001483"", ""tokens"": [""CD16""]}]}, {""sense"": ""negative"", ""pr"": ""PR:000001889"", ""asserted"": ""False"", ""paths"": [{""via"": ""exact_alias"", ""source_token"": ""CD14"", ""tokens"": [""CD14""]}, {""via"": ""pro_id"", ""pr"": ""PR:000001889"", ""tokens"": [""CD14""]}]}, {""sense"": ""negative"", ""pr"": ""PR:000002015"", ""asserted"": ""True"", ""paths"": []}, {""sense"": ""positive"", ""pr"": ""PR:000001319"", ""asserted"": ""True"", ""paths"": [{""via"": ""exact_alias"", ""source_token"": ""CD84"", ""tokens"": [""CD84""]}]}]"
SOULCAP:SC000103		CD4+ TCRab Temra	CD4+ CD45RA+ effector memory alpha/beta T cell	CD4 TCRab T cell	Exact		1	CL:0001057	myeloid dendritic cell, human	13	1	CD14- (1 of 3 alt.), CD19- (1 of 2 alt.), CD123-		HLA-DR:not:positive/CD11C:not:high (hi) (no axiom on any alt.), CD15-/CD66B- (no axiom on any alt.), CD16-	no		"[""marker_axioms""]"	null	"[{""sense"": ""high"", ""pr"": ""PR:000001013"", ""asserted"": ""False"", ""paths"": [{""via"": ""exact_alias"", ""source_token"": ""CD11"", ""tokens"": [""CD11""]}, {""via"": ""exact_alias"", ""source_token"": ""CD11C"", ""tokens"": [""CD11C""]}, {""via"": ""pro_id"", ""pr"": ""PR:000001013"", ""tokens"": [""CD11C""]}]}, {""sense"": ""negative"", ""pr"": ""PR:000001002"", ""asserted"": ""False"", ""paths"": [{""via"": ""exact_alias"", ""source_token"": ""CD19"", ""tokens"": [""CD19""]}, {""via"": ""pro_id"", ""pr"": ""PR:000001002"", ""tokens"": [""CD19""]}]}, {""sense"": ""negative"", ""pr"": ""PR:000001003"", ""asserted"": ""False"", ""paths"": [{""via"": ""exact_alias"", ""source_token"": ""CD34"", ""tokens"": [""CD34""]}, {""via"": ""pro_id"", ""pr"": ""PR:000001003"", ""tokens"": [""CD34""]}]}, {""sense"": ""negative"", ""pr"": ""PR:000001020"", ""asserted"": ""False"", ""paths"": [{""via"": ""exact_alias"", ""source_token"": ""CD3"", ""tokens"": [""CD3""]}, {""via"": ""exact_alias"", ""source_token"": ""CD3E"", ""tokens"": [""CD3E""]}, {""via"": ""exact_alias"", ""source_token"": ""CD3E"", ""tokens"": [""CD3E""]}, {""via"": ""pro_id"", ""pr"": ""PR:000001020"", ""tokens"": [""CD3""]}]}, {""sense"": ""negative"", ""pr"": ""PR:000001024"", ""asserted"": ""False"", ""paths"": [{""via"": ""exact_alias"", ""source_token"": ""CD56"", ""tokens"": [""CD56""]}, {""via"": ""pro_id"", ""pr"": ""PR:000001024"", ""tokens"": [""CD56""]}]}, {""sense"": ""negative"", ""pr"": ""PR:000001289"", ""asserted"": ""False"", ""paths"": [{""via"": ""exact_alias"", ""source_token"": ""CD20"", ""tokens"": [""CD20""]}, {""via"": ""pro_id"", ""pr"": ""PR:000001289"", ""tokens"": [""CD20""]}]}, {""sense"": ""negative"", ""pr"": ""PR:000001865"", ""asserted"": ""False"", ""paths"": [{""via"": ""exact_alias"", ""source_token"": ""CD123"", ""tokens"": [""CD123""]}, {""via"": ""pro_id"", ""pr"": ""PR:000001865"", ""tokens"": [""CD123""]}]}, {""sense"": ""negative"", ""pr"": ""PR:000001889"", ""asserted"": ""True"", ""paths"": [{""via"": ""exact_alias"", ""source_token"": ""CD14"", ""tokens"": [""CD14""]}, {""via"": ""pro_id"", ""pr"": ""PR:000001889"", ""tokens"": [""CD14""]}]}, {""sense"": ""positive"", ""pr"": ""PR:000002015"", ""asserted"": ""False"", ""paths"": []}]"
SOULCAP:SC000103		CD4+ TCRab Temra	CD4+ CD45RA+ effector memory alpha/beta T cell	CD4 TCRab T cell	Exact		2	CL:0002000	Kit-positive erythroid progenitor cell	13	1	CD14- (1 of 3 alt.), CD19- (1 of 2 alt.), CD123-		HLA-DR:not:positive/CD11C:not:high (no axiom on any alt.), CD15-/CD66B- (no axiom on any alt.), CD16-	no		"[""marker_axioms""]"	null	"[{""sense"": ""negative"", ""pr"": ""PR:000001002"", ""asserted"": ""False"", ""paths"": [{""via"": ""exact_alias"", ""source_token"": ""CD19"", ""tokens"": [""CD19""]}, {""via"": ""pro_id"", ""pr"": ""PR:000001002"", ""tokens"": [""CD19""]}]}, {""sense"": ""negative"", ""pr"": ""PR:000001004"", ""asserted"": ""False"", ""paths"": [{""via"": ""exact_alias"", ""source_token"": ""CD4"", ""tokens"": [""CD4""]}, {""via"": ""pro_id"", ""pr"": ""PR:000001004"", ""tokens"": [""CD4""]}]}, {""sense"": ""negative"", ""pr"": ""PR:000001012"", ""asserted"": ""False"", ""paths"": [{""via"": ""exact_alias"", ""source_token"": ""CD11"", ""tokens"": [""CD11""]}, {""via"": ""exact_alias"", ""source_token"": ""CD11B"", ""tokens"": [""CD11B""]}]}, {""sense"": ""negative"", ""pr"": ""PR:000001020"", ""asserted"": ""False"", ""paths"": [{""via"": ""exact_alias"", ""source_token"": ""CD3"", ""tokens"": [""CD3""]}, {""via"": ""exact_alias"", ""source_token"": ""CD3E"", ""tokens"": [""CD3E""]}, {""via"": ""exact_alias"", ""source_token"": ""CD3E"", ""tokens"": [""CD3E""]}, {""via"": ""pro_id"", ""pr"": ""PR:000001020"", ""tokens"": [""CD3""]}]}, {""sense"": ""negative"", ""pr"": ""PR:000001024"", ""asserted"": ""False"", ""paths"": [{""via"": ""exact_alias"", ""source_token"": ""CD56"", ""tokens"": [""CD56""]}, {""via"": ""pro_id"", ""pr"": ""PR:000001024"", ""tokens"": [""CD56""]}]}, {""sense"": ""negative"", ""pr"": ""PR:000001083"", ""asserted"": ""False"", ""paths"": [{""via"": ""exact_alias"", ""source_token"": ""CD2"", ""tokens"": [""CD2""]}]}, {""sense"": ""negative"", ""pr"": ""PR:000001084"", ""asserted"": ""False"", ""paths"": [{""via"": ""exact_alias"", ""source_token"": ""CD8"", ""tokens"": [""CD8""]}, {""via"": ""exact_alias"", ""source_token"": ""CD8A"", ""tokens"": [""CD8A""]}, {""via"": ""exact_alias"", ""source_token"": ""CD8A"", ""tokens"": [""CD8A""]}, {""via"": ""pro_id"", ""pr"": ""PR:000001084"", ""tokens"": [""CD8""]}]}, {""sense"": ""negative"", ""pr"": ""PR:000001289"", ""asserted"": ""False"", ""paths"": [{""via"": ""exact_alias"", ""source_token"": ""CD20"", ""tokens"": [""CD20""]}, {""via"": ""pro_id"", ""pr"": ""PR:000001289"", ""tokens"": [""CD20""]}]}, {""sense"": ""negative"", ""pr"": ""PR:000001833"", ""asserted"": ""True"", ""paths"": [{""via"": ""exact_alias"", ""source_token"": ""CD150"", ""tokens"": [""CD150""]}, {""via"": ""exact_alias"", ""source_token"": ""CDW150"", ""tokens"": [""CDW150""]}]}, {""sense"": ""negative"", ""pr"": ""PR:000001839"", ""asserted"": ""False"", ""paths"": [{""via"": ""exact_alias"", ""source_token"": ""CD5"", ""tokens"": [""CD5""]}]}, {""sense"": ""negative"", ""pr"": ""PR:000001865"", ""asserted"": ""True"", ""paths"": [{""via"": ""exact_alias"", ""source_token"": ""CD123"", ""tokens"": [""CD123""]}, {""via"": ""pro_id"", ""pr"": ""PR:000001865"", ""tokens"": [""CD123""]}]}, {""sense"": ""negative"", ""pr"": ""PR:000001869"", ""asserted"": ""True"", ""paths"": [{""via"": ""exact_alias"", ""source_token"": ""CD127"", ""tokens"": [""CD127""]}, {""via"": ""exact_alias"", ""source_token"": ""CDW127"", ""tokens"": [""CDW127""]}, {""via"": ""pro_id"", ""pr"": ""PR:000001869"", ""tokens"": [""CD127""]}]}, {""sense"": ""negative"", ""pr"": ""PR:000001889"", ""asserted"": ""False"", ""paths"": [{""via"": ""exact_alias"", ""source_token"": ""CD14"", ""tokens"": [""CD14""]}, {""via"": ""pro_id"", ""pr"": ""PR:000001889"", ""tokens"": [""CD14""]}]}, {""sense"": ""negative"", ""pr"": ""PR:000002978"", ""asserted"": ""False"", ""paths"": []}, {""sense"": ""negative"", ""pr"": ""PR:000002979"", ""asserted"": ""True"", ""paths"": []}, {""sense"": ""negative"", ""pr"": ""PR:000009127"", ""asserted"": ""True"", ""paths"": [{""via"": ""exact_alias"", ""source_token"": ""CD41"", ""tokens"": [""CD41""]}]}, {""sense"": ""positive"", ""pr"": ""PR:000001345"", ""asserted"": ""True"", ""paths"": [{""via"": ""exact_alias"", ""source_token"": ""CD105"", ""tokens"": [""CD105""]}]}, {""sense"": ""positive"", ""pr"": ""PR:000001945"", ""asserted"": ""False"", ""paths"": [{""via"": ""exact_alias"", ""source_token"": ""CD71"", ""tokens"": [""CD71""]}]}, {""sense"": ""positive"", ""pr"": ""PR:000002065"", ""asserted"": ""True"", ""paths"": [{""via"": ""exact_alias"", ""source_token"": ""CD117"", ""tokens"": [""CD117""]}, {""via"": ""pro_id"", ""pr"": ""PR:000002065"", ""tokens"": [""CD117""]}]}]"
SOULCAP:SC000103		CD4+ TCRab Temra	CD4+ CD45RA+ effector memory alpha/beta T cell	CD4 TCRab T cell	Exact		3	CL:0000938	CD16-negative, CD56-bright natural killer cell, human	11	1	CD14- (1 of 3 alt.), CD19- (1 of 2 alt.), CD16-		CD123-, HLA-DR:not:positive/CD11C:not:high (no axiom on any alt.), CD15-/CD66B- (no axiom on any alt.)	no		"[""marker_axioms""]"	null	"[{""sense"": ""high"", ""pr"": ""PR:000001024"", ""asserted"": ""True"", ""paths"": [{""via"": ""exact_alias"", ""source_token"": ""CD56"", ""tokens"": [""CD56""]}, {""via"": ""pro_id"", ""pr"": ""PR:000001024"", ""tokens"": [""CD56""]}]}, {""sense"": ""negative"", ""pr"": ""PR:000001002"", ""asserted"": ""False"", ""paths"": [{""via"": ""exact_alias"", ""source_token"": ""CD19"", ""tokens"": [""CD19""]}, {""via"": ""pro_id"", ""pr"": ""PR:000001002"", ""tokens"": [""CD19""]}]}, {""sense"": ""negative"", ""pr"": ""PR:000001020"", ""asserted"": ""False"", ""paths"": [{""via"": ""exact_alias"", ""source_token"": ""CD3"", ""tokens"": [""CD3""]}, {""via"": ""exact_alias"", ""source_token"": ""CD3E"", ""tokens"": [""CD3E""]}, {""via"": ""exact_alias"", ""source_token"": ""CD3E"", ""tokens"": [""CD3E""]}, {""via"": ""pro_id"", ""pr"": ""PR:000001020"", ""tokens"": [""CD3""]}]}, {""sense"": ""negative"", ""pr"": ""PR:000001289"", ""asserted"": ""False"", ""paths"": [{""via"": ""exact_alias"", ""source_token"": ""CD20"", ""tokens"": [""CD20""]}, {""via"": ""pro_id"", ""pr"": ""PR:000001289"", ""tokens"": [""CD20""]}]}, {""sense"": ""negative"", ""pr"": ""PR:000001483"", ""asserted"": ""True"", ""paths"": [{""via"": ""exact_alias"", ""source_token"": ""CD16"", ""tokens"": [""CD16""]}, {""via"": ""pro_id"", ""pr"": ""PR:000001483"", ""tokens"": [""CD16""]}]}, {""sense"": ""negative"", ""pr"": ""PR:000001889"", ""asserted"": ""False"", ""paths"": [{""via"": ""exact_alias"", ""source_token"": ""CD14"", ""tokens"": [""CD14""]}, {""via"": ""pro_id"", ""pr"": ""PR:000001889"", ""tokens"": [""CD14""]}]}, {""sense"": ""negative"", ""pr"": ""PR:000002015"", ""asserted"": ""True"", ""paths"": []}, {""sense"": ""positive"", ""pr"": ""PR:000001319"", ""asserted"": ""True"", ""paths"": [{""via"": ""exact_alias"", ""source_token"": ""CD84"", ""tokens"": [""CD84""]}]}]"
SOULCAP:SC000104		CD4+ TCRgd Temra	CD4+ CD45RA+ effector memory gamma/delta T cell	CD4+ TCRgd T cell			1	CL:0001057	myeloid dendritic cell, human	13	1	CD14- (1 of 3 alt.), CD19- (1 of 2 alt.), CD123-		HLA-DR:not:positive/CD11C:not:high (hi) (no axiom on any alt.), CD15-/CD66B- (no axiom on any alt.), CD16-	no		"[""marker_axioms""]"	null	"[{""sense"": ""high"", ""pr"": ""PR:000001013"", ""asserted"": ""False"", ""paths"": [{""via"": ""exact_alias"", ""source_token"": ""CD11"", ""tokens"": [""CD11""]}, {""via"": ""exact_alias"", ""source_token"": ""CD11C"", ""tokens"": [""CD11C""]}, {""via"": ""pro_id"", ""pr"": ""PR:000001013"", ""tokens"": [""CD11C""]}]}, {""sense"": ""negative"", ""pr"": ""PR:000001002"", ""asserted"": ""False"", ""paths"": [{""via"": ""exact_alias"", ""source_token"": ""CD19"", ""tokens"": [""CD19""]}, {""via"": ""pro_id"", ""pr"": ""PR:000001002"", ""tokens"": [""CD19""]}]}, {""sense"": ""negative"", ""pr"": ""PR:000001003"", ""asserted"": ""False"", ""paths"": [{""via"": ""exact_alias"", ""source_token"": ""CD34"", ""tokens"": [""CD34""]}, {""via"": ""pro_id"", ""pr"": ""PR:000001003"", ""tokens"": [""CD34""]}]}, {""sense"": ""negative"", ""pr"": ""PR:000001020"", ""asserted"": ""False"", ""paths"": [{""via"": ""exact_alias"", ""source_token"": ""CD3"", ""tokens"": [""CD3""]}, {""via"": ""exact_alias"", ""source_token"": ""CD3E"", ""tokens"": [""CD3E""]}, {""via"": ""exact_alias"", ""source_token"": ""CD3E"", ""tokens"": [""CD3E""]}, {""via"": ""pro_id"", ""pr"": ""PR:000001020"", ""tokens"": [""CD3""]}]}, {""sense"": ""negative"", ""pr"": ""PR:000001024"", ""asserted"": ""False"", ""paths"": [{""via"": ""exact_alias"", ""source_token"": ""CD56"", ""tokens"": [""CD56""]}, {""via"": ""pro_id"", ""pr"": ""PR:000001024"", ""tokens"": [""CD56""]}]}, {""sense"": ""negative"", ""pr"": ""PR:000001289"", ""asserted"": ""False"", ""paths"": [{""via"": ""exact_alias"", ""source_token"": ""CD20"", ""tokens"": [""CD20""]}, {""via"": ""pro_id"", ""pr"": ""PR:000001289"", ""tokens"": [""CD20""]}]}, {""sense"": ""negative"", ""pr"": ""PR:000001865"", ""asserted"": ""False"", ""paths"": [{""via"": ""exact_alias"", ""source_token"": ""CD123"", ""tokens"": [""CD123""]}, {""via"": ""pro_id"", ""pr"": ""PR:000001865"", ""tokens"": [""CD123""]}]}, {""sense"": ""negative"", ""pr"": ""PR:000001889"", ""asserted"": ""True"", ""paths"": [{""via"": ""exact_alias"", ""source_token"": ""CD14"", ""tokens"": [""CD14""]}, {""via"": ""pro_id"", ""pr"": ""PR:000001889"", ""tokens"": [""CD14""]}]}, {""sense"": ""positive"", ""pr"": ""PR:000002015"", ""asserted"": ""False"", ""paths"": []}]"
SOULCAP:SC000104		CD4+ TCRgd Temra	CD4+ CD45RA+ effector memory gamma/delta T cell	CD4+ TCRgd T cell			2	CL:0002000	Kit-positive erythroid progenitor cell	13	1	CD14- (1 of 3 alt.), CD19- (1 of 2 alt.), CD123-		HLA-DR:not:positive/CD11C:not:high (no axiom on any alt.), CD15-/CD66B- (no axiom on any alt.), CD16-	no		"[""marker_axioms""]"	null	"[{""sense"": ""negative"", ""pr"": ""PR:000001002"", ""asserted"": ""False"", ""paths"": [{""via"": ""exact_alias"", ""source_token"": ""CD19"", ""tokens"": [""CD19""]}, {""via"": ""pro_id"", ""pr"": ""PR:000001002"", ""tokens"": [""CD19""]}]}, {""sense"": ""negative"", ""pr"": ""PR:000001004"", ""asserted"": ""False"", ""paths"": [{""via"": ""exact_alias"", ""source_token"": ""CD4"", ""tokens"": [""CD4""]}, {""via"": ""pro_id"", ""pr"": ""PR:000001004"", ""tokens"": [""CD4""]}]}, {""sense"": ""negative"", ""pr"": ""PR:000001012"", ""asserted"": ""False"", ""paths"": [{""via"": ""exact_alias"", ""source_token"": ""CD11"", ""tokens"": [""CD11""]}, {""via"": ""exact_alias"", ""source_token"": ""CD11B"", ""tokens"": [""CD11B""]}]}, {""sense"": ""negative"", ""pr"": ""PR:000001020"", ""asserted"": ""False"", ""paths"": [{""via"": ""exact_alias"", ""source_token"": ""CD3"", ""tokens"": [""CD3""]}, {""via"": ""exact_alias"", ""source_token"": ""CD3E"", ""tokens"": [""CD3E""]}, {""via"": ""exact_alias"", ""source_token"": ""CD3E"", ""tokens"": [""CD3E""]}, {""via"": ""pro_id"", ""pr"": ""PR:000001020"", ""tokens"": [""CD3""]}]}, {""sense"": ""negative"", ""pr"": ""PR:000001024"", ""asserted"": ""False"", ""paths"": [{""via"": ""exact_alias"", ""source_token"": ""CD56"", ""tokens"": [""CD56""]}, {""via"": ""pro_id"", ""pr"": ""PR:000001024"", ""tokens"": [""CD56""]}]}, {""sense"": ""negative"", ""pr"": ""PR:000001083"", ""asserted"": ""False"", ""paths"": [{""via"": ""exact_alias"", ""source_token"": ""CD2"", ""tokens"": [""CD2""]}]}, {""sense"": ""negative"", ""pr"": ""PR:000001084"", ""asserted"": ""False"", ""paths"": [{""via"": ""exact_alias"", ""source_token"": ""CD8"", ""tokens"": [""CD8""]}, {""via"": ""exact_alias"", ""source_token"": ""CD8A"", ""tokens"": [""CD8A""]}, {""via"": ""exact_alias"", ""source_token"": ""CD8A"", ""tokens"": [""CD8A""]}, {""via"": ""pro_id"", ""pr"": ""PR:000001084"", ""tokens"": [""CD8""]}]}, {""sense"": ""negative"", ""pr"": ""PR:000001289"", ""asserted"": ""False"", ""paths"": [{""via"": ""exact_alias"", ""source_token"": ""CD20"", ""tokens"": [""CD20""]}, {""via"": ""pro_id"", ""pr"": ""PR:000001289"", ""tokens"": [""CD20""]}]}, {""sense"": ""negative"", ""pr"": ""PR:000001833"", ""asserted"": ""True"", ""paths"": [{""via"": ""exact_alias"", ""source_token"": ""CD150"", ""tokens"": [""CD150""]}, {""via"": ""exact_alias"", ""source_token"": ""CDW150"", ""tokens"": [""CDW150""]}]}, {""sense"": ""negative"", ""pr"": ""PR:000001839"", ""asserted"": ""False"", ""paths"": [{""via"": ""exact_alias"", ""source_token"": ""CD5"", ""tokens"": [""CD5""]}]}, {""sense"": ""negative"", ""pr"": ""PR:000001865"", ""asserted"": ""True"", ""paths"": [{""via"": ""exact_alias"", ""source_token"": ""CD123"", ""tokens"": [""CD123""]}, {""via"": ""pro_id"", ""pr"": ""PR:000001865"", ""tokens"": [""CD123""]}]}, {""sense"": ""negative"", ""pr"": ""PR:000001869"", ""asserted"": ""True"", ""paths"": [{""via"": ""exact_alias"", ""source_token"": ""CD127"", ""tokens"": [""CD127""]}, {""via"": ""exact_alias"", ""source_token"": ""CDW127"", ""tokens"": [""CDW127""]}, {""via"": ""pro_id"", ""pr"": ""PR:000001869"", ""tokens"": [""CD127""]}]}, {""sense"": ""negative"", ""pr"": ""PR:000001889"", ""asserted"": ""False"", ""paths"": [{""via"": ""exact_alias"", ""source_token"": ""CD14"", ""tokens"": [""CD14""]}, {""via"": ""pro_id"", ""pr"": ""PR:000001889"", ""tokens"": [""CD14""]}]}, {""sense"": ""negative"", ""pr"": ""PR:000002978"", ""asserted"": ""False"", ""paths"": []}, {""sense"": ""negative"", ""pr"": ""PR:000002979"", ""asserted"": ""True"", ""paths"": []}, {""sense"": ""negative"", ""pr"": ""PR:000009127"", ""asserted"": ""True"", ""paths"": [{""via"": ""exact_alias"", ""source_token"": ""CD41"", ""tokens"": [""CD41""]}]}, {""sense"": ""positive"", ""pr"": ""PR:000001345"", ""asserted"": ""True"", ""paths"": [{""via"": ""exact_alias"", ""source_token"": ""CD105"", ""tokens"": [""CD105""]}]}, {""sense"": ""positive"", ""pr"": ""PR:000001945"", ""asserted"": ""False"", ""paths"": [{""via"": ""exact_alias"", ""source_token"": ""CD71"", ""tokens"": [""CD71""]}]}, {""sense"": ""positive"", ""pr"": ""PR:000002065"", ""asserted"": ""True"", ""paths"": [{""via"": ""exact_alias"", ""source_token"": ""CD117"", ""tokens"": [""CD117""]}, {""via"": ""pro_id"", ""pr"": ""PR:000002065"", ""tokens"": [""CD117""]}]}]"
SOULCAP:SC000104		CD4+ TCRgd Temra	CD4+ CD45RA+ effector memory gamma/delta T cell	CD4+ TCRgd T cell			3	CL:0000938	CD16-negative, CD56-bright natural killer cell, human	11	1	CD14- (1 of 3 alt.), CD19- (1 of 2 alt.), CD16-		CD123-, HLA-DR:not:positive/CD11C:not:high (no axiom on any alt.), CD15-/CD66B- (no axiom on any alt.)	no		"[""marker_axioms""]"	null	"[{""sense"": ""high"", ""pr"": ""PR:000001024"", ""asserted"": ""True"", ""paths"": [{""via"": ""exact_alias"", ""source_token"": ""CD56"", ""tokens"": [""CD56""]}, {""via"": ""pro_id"", ""pr"": ""PR:000001024"", ""tokens"": [""CD56""]}]}, {""sense"": ""negative"", ""pr"": ""PR:000001002"", ""asserted"": ""False"", ""paths"": [{""via"": ""exact_alias"", ""source_token"": ""CD19"", ""tokens"": [""CD19""]}, {""via"": ""pro_id"", ""pr"": ""PR:000001002"", ""tokens"": [""CD19""]}]}, {""sense"": ""negative"", ""pr"": ""PR:000001020"", ""asserted"": ""False"", ""paths"": [{""via"": ""exact_alias"", ""source_token"": ""CD3"", ""tokens"": [""CD3""]}, {""via"": ""exact_alias"", ""source_token"": ""CD3E"", ""tokens"": [""CD3E""]}, {""via"": ""exact_alias"", ""source_token"": ""CD3E"", ""tokens"": [""CD3E""]}, {""via"": ""pro_id"", ""pr"": ""PR:000001020"", ""tokens"": [""CD3""]}]}, {""sense"": ""negative"", ""pr"": ""PR:000001289"", ""asserted"": ""False"", ""paths"": [{""via"": ""exact_alias"", ""source_token"": ""CD20"", ""tokens"": [""CD20""]}, {""via"": ""pro_id"", ""pr"": ""PR:000001289"", ""tokens"": [""CD20""]}]}, {""sense"": ""negative"", ""pr"": ""PR:000001483"", ""asserted"": ""True"", ""paths"": [{""via"": ""exact_alias"", ""source_token"": ""CD16"", ""tokens"": [""CD16""]}, {""via"": ""pro_id"", ""pr"": ""PR:000001483"", ""tokens"": [""CD16""]}]}, {""sense"": ""negative"", ""pr"": ""PR:000001889"", ""asserted"": ""False"", ""paths"": [{""via"": ""exact_alias"", ""source_token"": ""CD14"", ""tokens"": [""CD14""]}, {""via"": ""pro_id"", ""pr"": ""PR:000001889"", ""tokens"": [""CD14""]}]}, {""sense"": ""negative"", ""pr"": ""PR:000002015"", ""asserted"": ""True"", ""paths"": []}, {""sense"": ""positive"", ""pr"": ""PR:000001319"", ""asserted"": ""True"", ""paths"": [{""via"": ""exact_alias"", ""source_token"": ""CD84"", ""tokens"": [""CD84""]}]}]"
SOULCAP:SC000105		CD8+ Temra	CD8+ CD45RA+ effector memory alpha/beta and gamma/delta T cell	CD8+ T cell	Exact		1	CL:0001057	myeloid dendritic cell, human	13	1	CD14- (1 of 3 alt.), CD19- (1 of 2 alt.), CD123-		HLA-DR:not:positive/CD11C:not:high (hi) (no axiom on any alt.), CD15-/CD66B- (no axiom on any alt.), CD16-	no		"[""marker_axioms""]"	null	"[{""sense"": ""high"", ""pr"": ""PR:000001013"", ""asserted"": ""False"", ""paths"": [{""via"": ""exact_alias"", ""source_token"": ""CD11"", ""tokens"": [""CD11""]}, {""via"": ""exact_alias"", ""source_token"": ""CD11C"", ""tokens"": [""CD11C""]}, {""via"": ""pro_id"", ""pr"": ""PR:000001013"", ""tokens"": [""CD11C""]}]}, {""sense"": ""negative"", ""pr"": ""PR:000001002"", ""asserted"": ""False"", ""paths"": [{""via"": ""exact_alias"", ""source_token"": ""CD19"", ""tokens"": [""CD19""]}, {""via"": ""pro_id"", ""pr"": ""PR:000001002"", ""tokens"": [""CD19""]}]}, {""sense"": ""negative"", ""pr"": ""PR:000001003"", ""asserted"": ""False"", ""paths"": [{""via"": ""exact_alias"", ""source_token"": ""CD34"", ""tokens"": [""CD34""]}, {""via"": ""pro_id"", ""pr"": ""PR:000001003"", ""tokens"": [""CD34""]}]}, {""sense"": ""negative"", ""pr"": ""PR:000001020"", ""asserted"": ""False"", ""paths"": [{""via"": ""exact_alias"", ""source_token"": ""CD3"", ""tokens"": [""CD3""]}, {""via"": ""exact_alias"", ""source_token"": ""CD3E"", ""tokens"": [""CD3E""]}, {""via"": ""exact_alias"", ""source_token"": ""CD3E"", ""tokens"": [""CD3E""]}, {""via"": ""pro_id"", ""pr"": ""PR:000001020"", ""tokens"": [""CD3""]}]}, {""sense"": ""negative"", ""pr"": ""PR:000001024"", ""asserted"": ""False"", ""paths"": [{""via"": ""exact_alias"", ""source_token"": ""CD56"", ""tokens"": [""CD56""]}, {""via"": ""pro_id"", ""pr"": ""PR:000001024"", ""tokens"": [""CD56""]}]}, {""sense"": ""negative"", ""pr"": ""PR:000001289"", ""asserted"": ""False"", ""paths"": [{""via"": ""exact_alias"", ""source_token"": ""CD20"", ""tokens"": [""CD20""]}, {""via"": ""pro_id"", ""pr"": ""PR:000001289"", ""tokens"": [""CD20""]}]}, {""sense"": ""negative"", ""pr"": ""PR:000001865"", ""asserted"": ""False"", ""paths"": [{""via"": ""exact_alias"", ""source_token"": ""CD123"", ""tokens"": [""CD123""]}, {""via"": ""pro_id"", ""pr"": ""PR:000001865"", ""tokens"": [""CD123""]}]}, {""sense"": ""negative"", ""pr"": ""PR:000001889"", ""asserted"": ""True"", ""paths"": [{""via"": ""exact_alias"", ""source_token"": ""CD14"", ""tokens"": [""CD14""]}, {""via"": ""pro_id"", ""pr"": ""PR:000001889"", ""tokens"": [""CD14""]}]}, {""sense"": ""positive"", ""pr"": ""PR:000002015"", ""asserted"": ""False"", ""paths"": []}]"
SOULCAP:SC000105		CD8+ Temra	CD8+ CD45RA+ effector memory alpha/beta and gamma/delta T cell	CD8+ T cell	Exact		2	CL:0002000	Kit-positive erythroid progenitor cell	13	1	CD14- (1 of 3 alt.), CD19- (1 of 2 alt.), CD123-		HLA-DR:not:positive/CD11C:not:high (no axiom on any alt.), CD15-/CD66B- (no axiom on any alt.), CD16-	no		"[""marker_axioms""]"	null	"[{""sense"": ""negative"", ""pr"": ""PR:000001002"", ""asserted"": ""False"", ""paths"": [{""via"": ""exact_alias"", ""source_token"": ""CD19"", ""tokens"": [""CD19""]}, {""via"": ""pro_id"", ""pr"": ""PR:000001002"", ""tokens"": [""CD19""]}]}, {""sense"": ""negative"", ""pr"": ""PR:000001004"", ""asserted"": ""False"", ""paths"": [{""via"": ""exact_alias"", ""source_token"": ""CD4"", ""tokens"": [""CD4""]}, {""via"": ""pro_id"", ""pr"": ""PR:000001004"", ""tokens"": [""CD4""]}]}, {""sense"": ""negative"", ""pr"": ""PR:000001012"", ""asserted"": ""False"", ""paths"": [{""via"": ""exact_alias"", ""source_token"": ""CD11"", ""tokens"": [""CD11""]}, {""via"": ""exact_alias"", ""source_token"": ""CD11B"", ""tokens"": [""CD11B""]}]}, {""sense"": ""negative"", ""pr"": ""PR:000001020"", ""asserted"": ""False"", ""paths"": [{""via"": ""exact_alias"", ""source_token"": ""CD3"", ""tokens"": [""CD3""]}, {""via"": ""exact_alias"", ""source_token"": ""CD3E"", ""tokens"": [""CD3E""]}, {""via"": ""exact_alias"", ""source_token"": ""CD3E"", ""tokens"": [""CD3E""]}, {""via"": ""pro_id"", ""pr"": ""PR:000001020"", ""tokens"": [""CD3""]}]}, {""sense"": ""negative"", ""pr"": ""PR:000001024"", ""asserted"": ""False"", ""paths"": [{""via"": ""exact_alias"", ""source_token"": ""CD56"", ""tokens"": [""CD56""]}, {""via"": ""pro_id"", ""pr"": ""PR:000001024"", ""tokens"": [""CD56""]}]}, {""sense"": ""negative"", ""pr"": ""PR:000001083"", ""asserted"": ""False"", ""paths"": [{""via"": ""exact_alias"", ""source_token"": ""CD2"", ""tokens"": [""CD2""]}]}, {""sense"": ""negative"", ""pr"": ""PR:000001084"", ""asserted"": ""False"", ""paths"": [{""via"": ""exact_alias"", ""source_token"": ""CD8"", ""tokens"": [""CD8""]}, {""via"": ""exact_alias"", ""source_token"": ""CD8A"", ""tokens"": [""CD8A""]}, {""via"": ""exact_alias"", ""source_token"": ""CD8A"", ""tokens"": [""CD8A""]}, {""via"": ""pro_id"", ""pr"": ""PR:000001084"", ""tokens"": [""CD8""]}]}, {""sense"": ""negative"", ""pr"": ""PR:000001289"", ""asserted"": ""False"", ""paths"": [{""via"": ""exact_alias"", ""source_token"": ""CD20"", ""tokens"": [""CD20""]}, {""via"": ""pro_id"", ""pr"": ""PR:000001289"", ""tokens"": [""CD20""]}]}, {""sense"": ""negative"", ""pr"": ""PR:000001833"", ""asserted"": ""True"", ""paths"": [{""via"": ""exact_alias"", ""source_token"": ""CD150"", ""tokens"": [""CD150""]}, {""via"": ""exact_alias"", ""source_token"": ""CDW150"", ""tokens"": [""CDW150""]}]}, {""sense"": ""negative"", ""pr"": ""PR:000001839"", ""asserted"": ""False"", ""paths"": [{""via"": ""exact_alias"", ""source_token"": ""CD5"", ""tokens"": [""CD5""]}]}, {""sense"": ""negative"", ""pr"": ""PR:000001865"", ""asserted"": ""True"", ""paths"": [{""via"": ""exact_alias"", ""source_token"": ""CD123"", ""tokens"": [""CD123""]}, {""via"": ""pro_id"", ""pr"": ""PR:000001865"", ""tokens"": [""CD123""]}]}, {""sense"": ""negative"", ""pr"": ""PR:000001869"", ""asserted"": ""True"", ""paths"": [{""via"": ""exact_alias"", ""source_token"": ""CD127"", ""tokens"": [""CD127""]}, {""via"": ""exact_alias"", ""source_token"": ""CDW127"", ""tokens"": [""CDW127""]}, {""via"": ""pro_id"", ""pr"": ""PR:000001869"", ""tokens"": [""CD127""]}]}, {""sense"": ""negative"", ""pr"": ""PR:000001889"", ""asserted"": ""False"", ""paths"": [{""via"": ""exact_alias"", ""source_token"": ""CD14"", ""tokens"": [""CD14""]}, {""via"": ""pro_id"", ""pr"": ""PR:000001889"", ""tokens"": [""CD14""]}]}, {""sense"": ""negative"", ""pr"": ""PR:000002978"", ""asserted"": ""False"", ""paths"": []}, {""sense"": ""negative"", ""pr"": ""PR:000002979"", ""asserted"": ""True"", ""paths"": []}, {""sense"": ""negative"", ""pr"": ""PR:000009127"", ""asserted"": ""True"", ""paths"": [{""via"": ""exact_alias"", ""source_token"": ""CD41"", ""tokens"": [""CD41""]}]}, {""sense"": ""positive"", ""pr"": ""PR:000001345"", ""asserted"": ""True"", ""paths"": [{""via"": ""exact_alias"", ""source_token"": ""CD105"", ""tokens"": [""CD105""]}]}, {""sense"": ""positive"", ""pr"": ""PR:000001945"", ""asserted"": ""False"", ""paths"": [{""via"": ""exact_alias"", ""source_token"": ""CD71"", ""tokens"": [""CD71""]}]}, {""sense"": ""positive"", ""pr"": ""PR:000002065"", ""asserted"": ""True"", ""paths"": [{""via"": ""exact_alias"", ""source_token"": ""CD117"", ""tokens"": [""CD117""]}, {""via"": ""pro_id"", ""pr"": ""PR:000002065"", ""tokens"": [""CD117""]}]}]"
SOULCAP:SC000105		CD8+ Temra	CD8+ CD45RA+ effector memory alpha/beta and gamma/delta T cell	CD8+ T cell	Exact		3	CL:0000938	CD16-negative, CD56-bright natural killer cell, human	11	1	CD14- (1 of 3 alt.), CD19- (1 of 2 alt.), CD16-		CD123-, HLA-DR:not:positive/CD11C:not:high (no axiom on any alt.), CD15-/CD66B- (no axiom on any alt.)	no		"[""marker_axioms""]"	null	"[{""sense"": ""high"", ""pr"": ""PR:000001024"", ""asserted"": ""True"", ""paths"": [{""via"": ""exact_alias"", ""source_token"": ""CD56"", ""tokens"": [""CD56""]}, {""via"": ""pro_id"", ""pr"": ""PR:000001024"", ""tokens"": [""CD56""]}]}, {""sense"": ""negative"", ""pr"": ""PR:000001002"", ""asserted"": ""False"", ""paths"": [{""via"": ""exact_alias"", ""source_token"": ""CD19"", ""tokens"": [""CD19""]}, {""via"": ""pro_id"", ""pr"": ""PR:000001002"", ""tokens"": [""CD19""]}]}, {""sense"": ""negative"", ""pr"": ""PR:000001020"", ""asserted"": ""False"", ""paths"": [{""via"": ""exact_alias"", ""source_token"": ""CD3"", ""tokens"": [""CD3""]}, {""via"": ""exact_alias"", ""source_token"": ""CD3E"", ""tokens"": [""CD3E""]}, {""via"": ""exact_alias"", ""source_token"": ""CD3E"", ""tokens"": [""CD3E""]}, {""via"": ""pro_id"", ""pr"": ""PR:000001020"", ""tokens"": [""CD3""]}]}, {""sense"": ""negative"", ""pr"": ""PR:000001289"", ""asserted"": ""False"", ""paths"": [{""via"": ""exact_alias"", ""source_token"": ""CD20"", ""tokens"": [""CD20""]}, {""via"": ""pro_id"", ""pr"": ""PR:000001289"", ""tokens"": [""CD20""]}]}, {""sense"": ""negative"", ""pr"": ""PR:000001483"", ""asserted"": ""True"", ""paths"": [{""via"": ""exact_alias"", ""source_token"": ""CD16"", ""tokens"": [""CD16""]}, {""via"": ""pro_id"", ""pr"": ""PR:000001483"", ""tokens"": [""CD16""]}]}, {""sense"": ""negative"", ""pr"": ""PR:000001889"", ""asserted"": ""False"", ""paths"": [{""via"": ""exact_alias"", ""source_token"": ""CD14"", ""tokens"": [""CD14""]}, {""via"": ""pro_id"", ""pr"": ""PR:000001889"", ""tokens"": [""CD14""]}]}, {""sense"": ""negative"", ""pr"": ""PR:000002015"", ""asserted"": ""True"", ""paths"": []}, {""sense"": ""positive"", ""pr"": ""PR:000001319"", ""asserted"": ""True"", ""paths"": [{""via"": ""exact_alias"", ""source_token"": ""CD84"", ""tokens"": [""CD84""]}]}]"
SOULCAP:SC000106		CD8+ TCRab Temra	CD8+ CD45RA+ effector memory alpha/beta T cell	CD8+ TCRab T cell	Exact		1	CL:0001057	myeloid dendritic cell, human	13	1	CD14- (1 of 3 alt.), CD19- (1 of 2 alt.), CD123-		HLA-DR:not:positive/CD11C:not:high (hi) (no axiom on any alt.), CD15-/CD66B- (no axiom on any alt.), CD16-	no		"[""marker_axioms""]"	null	"[{""sense"": ""high"", ""pr"": ""PR:000001013"", ""asserted"": ""False"", ""paths"": [{""via"": ""exact_alias"", ""source_token"": ""CD11"", ""tokens"": [""CD11""]}, {""via"": ""exact_alias"", ""source_token"": ""CD11C"", ""tokens"": [""CD11C""]}, {""via"": ""pro_id"", ""pr"": ""PR:000001013"", ""tokens"": [""CD11C""]}]}, {""sense"": ""negative"", ""pr"": ""PR:000001002"", ""asserted"": ""False"", ""paths"": [{""via"": ""exact_alias"", ""source_token"": ""CD19"", ""tokens"": [""CD19""]}, {""via"": ""pro_id"", ""pr"": ""PR:000001002"", ""tokens"": [""CD19""]}]}, {""sense"": ""negative"", ""pr"": ""PR:000001003"", ""asserted"": ""False"", ""paths"": [{""via"": ""exact_alias"", ""source_token"": ""CD34"", ""tokens"": [""CD34""]}, {""via"": ""pro_id"", ""pr"": ""PR:000001003"", ""tokens"": [""CD34""]}]}, {""sense"": ""negative"", ""pr"": ""PR:000001020"", ""asserted"": ""False"", ""paths"": [{""via"": ""exact_alias"", ""source_token"": ""CD3"", ""tokens"": [""CD3""]}, {""via"": ""exact_alias"", ""source_token"": ""CD3E"", ""tokens"": [""CD3E""]}, {""via"": ""exact_alias"", ""source_token"": ""CD3E"", ""tokens"": [""CD3E""]}, {""via"": ""pro_id"", ""pr"": ""PR:000001020"", ""tokens"": [""CD3""]}]}, {""sense"": ""negative"", ""pr"": ""PR:000001024"", ""asserted"": ""False"", ""paths"": [{""via"": ""exact_alias"", ""source_token"": ""CD56"", ""tokens"": [""CD56""]}, {""via"": ""pro_id"", ""pr"": ""PR:000001024"", ""tokens"": [""CD56""]}]}, {""sense"": ""negative"", ""pr"": ""PR:000001289"", ""asserted"": ""False"", ""paths"": [{""via"": ""exact_alias"", ""source_token"": ""CD20"", ""tokens"": [""CD20""]}, {""via"": ""pro_id"", ""pr"": ""PR:000001289"", ""tokens"": [""CD20""]}]}, {""sense"": ""negative"", ""pr"": ""PR:000001865"", ""asserted"": ""False"", ""paths"": [{""via"": ""exact_alias"", ""source_token"": ""CD123"", ""tokens"": [""CD123""]}, {""via"": ""pro_id"", ""pr"": ""PR:000001865"", ""tokens"": [""CD123""]}]}, {""sense"": ""negative"", ""pr"": ""PR:000001889"", ""asserted"": ""True"", ""paths"": [{""via"": ""exact_alias"", ""source_token"": ""CD14"", ""tokens"": [""CD14""]}, {""via"": ""pro_id"", ""pr"": ""PR:000001889"", ""tokens"": [""CD14""]}]}, {""sense"": ""positive"", ""pr"": ""PR:000002015"", ""asserted"": ""False"", ""paths"": []}]"
SOULCAP:SC000106		CD8+ TCRab Temra	CD8+ CD45RA+ effector memory alpha/beta T cell	CD8+ TCRab T cell	Exact		2	CL:0002000	Kit-positive erythroid progenitor cell	13	1	CD14- (1 of 3 alt.), CD19- (1 of 2 alt.), CD123-		HLA-DR:not:positive/CD11C:not:high (no axiom on any alt.), CD15-/CD66B- (no axiom on any alt.), CD16-	no		"[""marker_axioms""]"	null	"[{""sense"": ""negative"", ""pr"": ""PR:000001002"", ""asserted"": ""False"", ""paths"": [{""via"": ""exact_alias"", ""source_token"": ""CD19"", ""tokens"": [""CD19""]}, {""via"": ""pro_id"", ""pr"": ""PR:000001002"", ""tokens"": [""CD19""]}]}, {""sense"": ""negative"", ""pr"": ""PR:000001004"", ""asserted"": ""False"", ""paths"": [{""via"": ""exact_alias"", ""source_token"": ""CD4"", ""tokens"": [""CD4""]}, {""via"": ""pro_id"", ""pr"": ""PR:000001004"", ""tokens"": [""CD4""]}]}, {""sense"": ""negative"", ""pr"": ""PR:000001012"", ""asserted"": ""False"", ""paths"": [{""via"": ""exact_alias"", ""source_token"": ""CD11"", ""tokens"": [""CD11""]}, {""via"": ""exact_alias"", ""source_token"": ""CD11B"", ""tokens"": [""CD11B""]}]}, {""sense"": ""negative"", ""pr"": ""PR:000001020"", ""asserted"": ""False"", ""paths"": [{""via"": ""exact_alias"", ""source_token"": ""CD3"", ""tokens"": [""CD3""]}, {""via"": ""exact_alias"", ""source_token"": ""CD3E"", ""tokens"": [""CD3E""]}, {""via"": ""exact_alias"", ""source_token"": ""CD3E"", ""tokens"": [""CD3E""]}, {""via"": ""pro_id"", ""pr"": ""PR:000001020"", ""tokens"": [""CD3""]}]}, {""sense"": ""negative"", ""pr"": ""PR:000001024"", ""asserted"": ""False"", ""paths"": [{""via"": ""exact_alias"", ""source_token"": ""CD56"", ""tokens"": [""CD56""]}, {""via"": ""pro_id"", ""pr"": ""PR:000001024"", ""tokens"": [""CD56""]}]}, {""sense"": ""negative"", ""pr"": ""PR:000001083"", ""asserted"": ""False"", ""paths"": [{""via"": ""exact_alias"", ""source_token"": ""CD2"", ""tokens"": [""CD2""]}]}, {""sense"": ""negative"", ""pr"": ""PR:000001084"", ""asserted"": ""False"", ""paths"": [{""via"": ""exact_alias"", ""source_token"": ""CD8"", ""tokens"": [""CD8""]}, {""via"": ""exact_alias"", ""source_token"": ""CD8A"", ""tokens"": [""CD8A""]}, {""via"": ""exact_alias"", ""source_token"": ""CD8A"", ""tokens"": [""CD8A""]}, {""via"": ""pro_id"", ""pr"": ""PR:000001084"", ""tokens"": [""CD8""]}]}, {""sense"": ""negative"", ""pr"": ""PR:000001289"", ""asserted"": ""False"", ""paths"": [{""via"": ""exact_alias"", ""source_token"": ""CD20"", ""tokens"": [""CD20""]}, {""via"": ""pro_id"", ""pr"": ""PR:000001289"", ""tokens"": [""CD20""]}]}, {""sense"": ""negative"", ""pr"": ""PR:000001833"", ""asserted"": ""True"", ""paths"": [{""via"": ""exact_alias"", ""source_token"": ""CD150"", ""tokens"": [""CD150""]}, {""via"": ""exact_alias"", ""source_token"": ""CDW150"", ""tokens"": [""CDW150""]}]}, {""sense"": ""negative"", ""pr"": ""PR:000001839"", ""asserted"": ""False"", ""paths"": [{""via"": ""exact_alias"", ""source_token"": ""CD5"", ""tokens"": [""CD5""]}]}, {""sense"": ""negative"", ""pr"": ""PR:000001865"", ""asserted"": ""True"", ""paths"": [{""via"": ""exact_alias"", ""source_token"": ""CD123"", ""tokens"": [""CD123""]}, {""via"": ""pro_id"", ""pr"": ""PR:000001865"", ""tokens"": [""CD123""]}]}, {""sense"": ""negative"", ""pr"": ""PR:000001869"", ""asserted"": ""True"", ""paths"": [{""via"": ""exact_alias"", ""source_token"": ""CD127"", ""tokens"": [""CD127""]}, {""via"": ""exact_alias"", ""source_token"": ""CDW127"", ""tokens"": [""CDW127""]}, {""via"": ""pro_id"", ""pr"": ""PR:000001869"", ""tokens"": [""CD127""]}]}, {""sense"": ""negative"", ""pr"": ""PR:000001889"", ""asserted"": ""False"", ""paths"": [{""via"": ""exact_alias"", ""source_token"": ""CD14"", ""tokens"": [""CD14""]}, {""via"": ""pro_id"", ""pr"": ""PR:000001889"", ""tokens"": [""CD14""]}]}, {""sense"": ""negative"", ""pr"": ""PR:000002978"", ""asserted"": ""False"", ""paths"": []}, {""sense"": ""negative"", ""pr"": ""PR:000002979"", ""asserted"": ""True"", ""paths"": []}, {""sense"": ""negative"", ""pr"": ""PR:000009127"", ""asserted"": ""True"", ""paths"": [{""via"": ""exact_alias"", ""source_token"": ""CD41"", ""tokens"": [""CD41""]}]}, {""sense"": ""positive"", ""pr"": ""PR:000001345"", ""asserted"": ""True"", ""paths"": [{""via"": ""exact_alias"", ""source_token"": ""CD105"", ""tokens"": [""CD105""]}]}, {""sense"": ""positive"", ""pr"": ""PR:000001945"", ""asserted"": ""False"", ""paths"": [{""via"": ""exact_alias"", ""source_token"": ""CD71"", ""tokens"": [""CD71""]}]}, {""sense"": ""positive"", ""pr"": ""PR:000002065"", ""asserted"": ""True"", ""paths"": [{""via"": ""exact_alias"", ""source_token"": ""CD117"", ""tokens"": [""CD117""]}, {""via"": ""pro_id"", ""pr"": ""PR:000002065"", ""tokens"": [""CD117""]}]}]"
SOULCAP:SC000106		CD8+ TCRab Temra	CD8+ CD45RA+ effector memory alpha/beta T cell	CD8+ TCRab T cell	Exact		3	CL:0000938	CD16-negative, CD56-bright natural killer cell, human	11	1	CD14- (1 of 3 alt.), CD19- (1 of 2 alt.), CD16-		CD123-, HLA-DR:not:positive/CD11C:not:high (no axiom on any alt.), CD15-/CD66B- (no axiom on any alt.)	no		"[""marker_axioms""]"	null	"[{""sense"": ""high"", ""pr"": ""PR:000001024"", ""asserted"": ""True"", ""paths"": [{""via"": ""exact_alias"", ""source_token"": ""CD56"", ""tokens"": [""CD56""]}, {""via"": ""pro_id"", ""pr"": ""PR:000001024"", ""tokens"": [""CD56""]}]}, {""sense"": ""negative"", ""pr"": ""PR:000001002"", ""asserted"": ""False"", ""paths"": [{""via"": ""exact_alias"", ""source_token"": ""CD19"", ""tokens"": [""CD19""]}, {""via"": ""pro_id"", ""pr"": ""PR:000001002"", ""tokens"": [""CD19""]}]}, {""sense"": ""negative"", ""pr"": ""PR:000001020"", ""asserted"": ""False"", ""paths"": [{""via"": ""exact_alias"", ""source_token"": ""CD3"", ""tokens"": [""CD3""]}, {""via"": ""exact_alias"", ""source_token"": ""CD3E"", ""tokens"": [""CD3E""]}, {""via"": ""exact_alias"", ""source_token"": ""CD3E"", ""tokens"": [""CD3E""]}, {""via"": ""pro_id"", ""pr"": ""PR:000001020"", ""tokens"": [""CD3""]}]}, {""sense"": ""negative"", ""pr"": ""PR:000001289"", ""asserted"": ""False"", ""paths"": [{""via"": ""exact_alias"", ""source_token"": ""CD20"", ""tokens"": [""CD20""]}, {""via"": ""pro_id"", ""pr"": ""PR:000001289"", ""tokens"": [""CD20""]}]}, {""sense"": ""negative"", ""pr"": ""PR:000001483"", ""asserted"": ""True"", ""paths"": [{""via"": ""exact_alias"", ""source_token"": ""CD16"", ""tokens"": [""CD16""]}, {""via"": ""pro_id"", ""pr"": ""PR:000001483"", ""tokens"": [""CD16""]}]}, {""sense"": ""negative"", ""pr"": ""PR:000001889"", ""asserted"": ""False"", ""paths"": [{""via"": ""exact_alias"", ""source_token"": ""CD14"", ""tokens"": [""CD14""]}, {""via"": ""pro_id"", ""pr"": ""PR:000001889"", ""tokens"": [""CD14""]}]}, {""sense"": ""negative"", ""pr"": ""PR:000002015"", ""asserted"": ""True"", ""paths"": []}, {""sense"": ""positive"", ""pr"": ""PR:000001319"", ""asserted"": ""True"", ""paths"": [{""via"": ""exact_alias"", ""source_token"": ""CD84"", ""tokens"": [""CD84""]}]}]"
SOULCAP:SC000107		T helper		TCRab												invalid expression in Required phenotypic markers: mixed '|' and space in a group			
SOULCAP:SC000108		T cytotoxic		TCRab			1	CL:0001057	myeloid dendritic cell, human	12	0	CD14- (1 of 3 alt.), CD19- (1 of 2 alt.), CD123-		HLA-DR:not:positive/CD11C:not:high (hi) (no axiom on any alt.), CD15-/CD66B- (no axiom on any alt.), CD16-	no		"[""marker_axioms""]"	null	"[{""sense"": ""high"", ""pr"": ""PR:000001013"", ""asserted"": ""False"", ""paths"": [{""via"": ""exact_alias"", ""source_token"": ""CD11"", ""tokens"": [""CD11""]}, {""via"": ""exact_alias"", ""source_token"": ""CD11C"", ""tokens"": [""CD11C""]}, {""via"": ""pro_id"", ""pr"": ""PR:000001013"", ""tokens"": [""CD11C""]}]}, {""sense"": ""negative"", ""pr"": ""PR:000001002"", ""asserted"": ""False"", ""paths"": [{""via"": ""exact_alias"", ""source_token"": ""CD19"", ""tokens"": [""CD19""]}, {""via"": ""pro_id"", ""pr"": ""PR:000001002"", ""tokens"": [""CD19""]}]}, {""sense"": ""negative"", ""pr"": ""PR:000001003"", ""asserted"": ""False"", ""paths"": [{""via"": ""exact_alias"", ""source_token"": ""CD34"", ""tokens"": [""CD34""]}, {""via"": ""pro_id"", ""pr"": ""PR:000001003"", ""tokens"": [""CD34""]}]}, {""sense"": ""negative"", ""pr"": ""PR:000001020"", ""asserted"": ""False"", ""paths"": [{""via"": ""exact_alias"", ""source_token"": ""CD3"", ""tokens"": [""CD3""]}, {""via"": ""exact_alias"", ""source_token"": ""CD3E"", ""tokens"": [""CD3E""]}, {""via"": ""exact_alias"", ""source_token"": ""CD3E"", ""tokens"": [""CD3E""]}, {""via"": ""pro_id"", ""pr"": ""PR:000001020"", ""tokens"": [""CD3""]}]}, {""sense"": ""negative"", ""pr"": ""PR:000001024"", ""asserted"": ""False"", ""paths"": [{""via"": ""exact_alias"", ""source_token"": ""CD56"", ""tokens"": [""CD56""]}, {""via"": ""pro_id"", ""pr"": ""PR:000001024"", ""tokens"": [""CD56""]}]}, {""sense"": ""negative"", ""pr"": ""PR:000001289"", ""asserted"": ""False"", ""paths"": [{""via"": ""exact_alias"", ""source_token"": ""CD20"", ""tokens"": [""CD20""]}, {""via"": ""pro_id"", ""pr"": ""PR:000001289"", ""tokens"": [""CD20""]}]}, {""sense"": ""negative"", ""pr"": ""PR:000001865"", ""asserted"": ""False"", ""paths"": [{""via"": ""exact_alias"", ""source_token"": ""CD123"", ""tokens"": [""CD123""]}, {""via"": ""pro_id"", ""pr"": ""PR:000001865"", ""tokens"": [""CD123""]}]}, {""sense"": ""negative"", ""pr"": ""PR:000001889"", ""asserted"": ""True"", ""paths"": [{""via"": ""exact_alias"", ""source_token"": ""CD14"", ""tokens"": [""CD14""]}, {""via"": ""pro_id"", ""pr"": ""PR:000001889"", ""tokens"": [""CD14""]}]}, {""sense"": ""positive"", ""pr"": ""PR:000002015"", ""asserted"": ""False"", ""paths"": []}]"
SOULCAP:SC000108		T cytotoxic		TCRab			2	CL:0002000	Kit-positive erythroid progenitor cell	12	0	CD14- (1 of 3 alt.), CD19- (1 of 2 alt.), CD123-		HLA-DR:not:positive/CD11C:not:high (no axiom on any alt.), CD15-/CD66B- (no axiom on any alt.), CD16-	no		"[""marker_axioms""]"	null	"[{""sense"": ""negative"", ""pr"": ""PR:000001002"", ""asserted"": ""False"", ""paths"": [{""via"": ""exact_alias"", ""source_token"": ""CD19"", ""tokens"": [""CD19""]}, {""via"": ""pro_id"", ""pr"": ""PR:000001002"", ""tokens"": [""CD19""]}]}, {""sense"": ""negative"", ""pr"": ""PR:000001004"", ""asserted"": ""False"", ""paths"": [{""via"": ""exact_alias"", ""source_token"": ""CD4"", ""tokens"": [""CD4""]}, {""via"": ""pro_id"", ""pr"": ""PR:000001004"", ""tokens"": [""CD4""]}]}, {""sense"": ""negative"", ""pr"": ""PR:000001012"", ""asserted"": ""False"", ""paths"": [{""via"": ""exact_alias"", ""source_token"": ""CD11"", ""tokens"": [""CD11""]}, {""via"": ""exact_alias"", ""source_token"": ""CD11B"", ""tokens"": [""CD11B""]}]}, {""sense"": ""negative"", ""pr"": ""PR:000001020"", ""asserted"": ""False"", ""paths"": [{""via"": ""exact_alias"", ""source_token"": ""CD3"", ""tokens"": [""CD3""]}, {""via"": ""exact_alias"", ""source_token"": ""CD3E"", ""tokens"": [""CD3E""]}, {""via"": ""exact_alias"", ""source_token"": ""CD3E"", ""tokens"": [""CD3E""]}, {""via"": ""pro_id"", ""pr"": ""PR:000001020"", ""tokens"": [""CD3""]}]}, {""sense"": ""negative"", ""pr"": ""PR:000001024"", ""asserted"": ""False"", ""paths"": [{""via"": ""exact_alias"", ""source_token"": ""CD56"", ""tokens"": [""CD56""]}, {""via"": ""pro_id"", ""pr"": ""PR:000001024"", ""tokens"": [""CD56""]}]}, {""sense"": ""negative"", ""pr"": ""PR:000001083"", ""asserted"": ""False"", ""paths"": [{""via"": ""exact_alias"", ""source_token"": ""CD2"", ""tokens"": [""CD2""]}]}, {""sense"": ""negative"", ""pr"": ""PR:000001084"", ""asserted"": ""False"", ""paths"": [{""via"": ""exact_alias"", ""source_token"": ""CD8"", ""tokens"": [""CD8""]}, {""via"": ""exact_alias"", ""source_token"": ""CD8A"", ""tokens"": [""CD8A""]}, {""via"": ""exact_alias"", ""source_token"": ""CD8A"", ""tokens"": [""CD8A""]}, {""via"": ""pro_id"", ""pr"": ""PR:000001084"", ""tokens"": [""CD8""]}]}, {""sense"": ""negative"", ""pr"": ""PR:000001289"", ""asserted"": ""False"", ""paths"": [{""via"": ""exact_alias"", ""source_token"": ""CD20"", ""tokens"": [""CD20""]}, {""via"": ""pro_id"", ""pr"": ""PR:000001289"", ""tokens"": [""CD20""]}]}, {""sense"": ""negative"", ""pr"": ""PR:000001833"", ""asserted"": ""True"", ""paths"": [{""via"": ""exact_alias"", ""source_token"": ""CD150"", ""tokens"": [""CD150""]}, {""via"": ""exact_alias"", ""source_token"": ""CDW150"", ""tokens"": [""CDW150""]}]}, {""sense"": ""negative"", ""pr"": ""PR:000001839"", ""asserted"": ""False"", ""paths"": [{""via"": ""exact_alias"", ""source_token"": ""CD5"", ""tokens"": [""CD5""]}]}, {""sense"": ""negative"", ""pr"": ""PR:000001865"", ""asserted"": ""True"", ""paths"": [{""via"": ""exact_alias"", ""source_token"": ""CD123"", ""tokens"": [""CD123""]}, {""via"": ""pro_id"", ""pr"": ""PR:000001865"", ""tokens"": [""CD123""]}]}, {""sense"": ""negative"", ""pr"": ""PR:000001869"", ""asserted"": ""True"", ""paths"": [{""via"": ""exact_alias"", ""source_token"": ""CD127"", ""tokens"": [""CD127""]}, {""via"": ""exact_alias"", ""source_token"": ""CDW127"", ""tokens"": [""CDW127""]}, {""via"": ""pro_id"", ""pr"": ""PR:000001869"", ""tokens"": [""CD127""]}]}, {""sense"": ""negative"", ""pr"": ""PR:000001889"", ""asserted"": ""False"", ""paths"": [{""via"": ""exact_alias"", ""source_token"": ""CD14"", ""tokens"": [""CD14""]}, {""via"": ""pro_id"", ""pr"": ""PR:000001889"", ""tokens"": [""CD14""]}]}, {""sense"": ""negative"", ""pr"": ""PR:000002978"", ""asserted"": ""False"", ""paths"": []}, {""sense"": ""negative"", ""pr"": ""PR:000002979"", ""asserted"": ""True"", ""paths"": []}, {""sense"": ""negative"", ""pr"": ""PR:000009127"", ""asserted"": ""True"", ""paths"": [{""via"": ""exact_alias"", ""source_token"": ""CD41"", ""tokens"": [""CD41""]}]}, {""sense"": ""positive"", ""pr"": ""PR:000001345"", ""asserted"": ""True"", ""paths"": [{""via"": ""exact_alias"", ""source_token"": ""CD105"", ""tokens"": [""CD105""]}]}, {""sense"": ""positive"", ""pr"": ""PR:000001945"", ""asserted"": ""False"", ""paths"": [{""via"": ""exact_alias"", ""source_token"": ""CD71"", ""tokens"": [""CD71""]}]}, {""sense"": ""positive"", ""pr"": ""PR:000002065"", ""asserted"": ""True"", ""paths"": [{""via"": ""exact_alias"", ""source_token"": ""CD117"", ""tokens"": [""CD117""]}, {""via"": ""pro_id"", ""pr"": ""PR:000002065"", ""tokens"": [""CD117""]}]}]"
SOULCAP:SC000108		T cytotoxic		TCRab			3	CL:0000938	CD16-negative, CD56-bright natural killer cell, human	10	0	CD14- (1 of 3 alt.), CD19- (1 of 2 alt.), CD16-		CD123-, HLA-DR:not:positive/CD11C:not:high (no axiom on any alt.), CD15-/CD66B- (no axiom on any alt.)	no		"[""marker_axioms""]"	null	"[{""sense"": ""high"", ""pr"": ""PR:000001024"", ""asserted"": ""True"", ""paths"": [{""via"": ""exact_alias"", ""source_token"": ""CD56"", ""tokens"": [""CD56""]}, {""via"": ""pro_id"", ""pr"": ""PR:000001024"", ""tokens"": [""CD56""]}]}, {""sense"": ""negative"", ""pr"": ""PR:000001002"", ""asserted"": ""False"", ""paths"": [{""via"": ""exact_alias"", ""source_token"": ""CD19"", ""tokens"": [""CD19""]}, {""via"": ""pro_id"", ""pr"": ""PR:000001002"", ""tokens"": [""CD19""]}]}, {""sense"": ""negative"", ""pr"": ""PR:000001020"", ""asserted"": ""False"", ""paths"": [{""via"": ""exact_alias"", ""source_token"": ""CD3"", ""tokens"": [""CD3""]}, {""via"": ""exact_alias"", ""source_token"": ""CD3E"", ""tokens"": [""CD3E""]}, {""via"": ""exact_alias"", ""source_token"": ""CD3E"", ""tokens"": [""CD3E""]}, {""via"": ""pro_id"", ""pr"": ""PR:000001020"", ""tokens"": [""CD3""]}]}, {""sense"": ""negative"", ""pr"": ""PR:000001289"", ""asserted"": ""False"", ""paths"": [{""via"": ""exact_alias"", ""source_token"": ""CD20"", ""tokens"": [""CD20""]}, {""via"": ""pro_id"", ""pr"": ""PR:000001289"", ""tokens"": [""CD20""]}]}, {""sense"": ""negative"", ""pr"": ""PR:000001483"", ""asserted"": ""True"", ""paths"": [{""via"": ""exact_alias"", ""source_token"": ""CD16"", ""tokens"": [""CD16""]}, {""via"": ""pro_id"", ""pr"": ""PR:000001483"", ""tokens"": [""CD16""]}]}, {""sense"": ""negative"", ""pr"": ""PR:000001889"", ""asserted"": ""False"", ""paths"": [{""via"": ""exact_alias"", ""source_token"": ""CD14"", ""tokens"": [""CD14""]}, {""via"": ""pro_id"", ""pr"": ""PR:000001889"", ""tokens"": [""CD14""]}]}, {""sense"": ""negative"", ""pr"": ""PR:000002015"", ""asserted"": ""True"", ""paths"": []}, {""sense"": ""positive"", ""pr"": ""PR:000001319"", ""asserted"": ""True"", ""paths"": [{""via"": ""exact_alias"", ""source_token"": ""CD84"", ""tokens"": [""CD84""]}]}]"
SOULCAP:SC000109		ConT Treg-like		CD4 ConT												invalid expression in Required phenotypic markers: mixed '|' and space in a group			
SOULCAP:SC000110		ConT Tfh-like		CD4 ConT												invalid expression in Required phenotypic markers: mixed '|' and space in a group			
SOULCAP:SC000111		Th1-like		CD4 ConT												invalid expression in Required phenotypic markers: mixed '|' and space in a group			
SOULCAP:SC000112		Th2-like		CD4 ConT												invalid expression in Required phenotypic markers: mixed '|' and space in a group			
SOULCAP:SC000113		Th9-like														invalid expression in Required phenotypic markers: mixed '|' and space in a group			
SOULCAP:SC000114		Th17-like		CD4 ConT												invalid expression in Required phenotypic markers: mixed '|' and space in a group			
SOULCAP:SC000115		CD4 PanT helper		CD4/CD8 PanT			1	CL:0000895	naive thymus-derived CD4-positive, alpha-beta T cell	13	1	CD45+, CD4+, CD8-		CD14-/CD33-/CD64- (no axiom on any alt.), CD19-/CD20- (no axiom on any alt.), CD123-, CD3+, CD183:unknown/CXCR3:unknown (no axiom on any alt.), CD185:unknown/CXCR5:unknown (no axiom on any alt.), CD194:unknown/CCR4:unknown (no axiom on any alt.), CD196:unknown/CCR6:unknown (no axiom on any alt.), HLA-DR:not:positive/CD11C:not:high (no axiom on any alt.), CD15-/CD66B- (no axiom on any alt.), CD16-	no		"[""marker_axioms""]"	null	"[{""sense"": ""high"", ""pr"": ""PR:000001318"", ""asserted"": ""False"", ""paths"": [{""via"": ""exact_alias"", ""source_token"": ""CD62"", ""tokens"": [""CD62""]}, {""via"": ""exact_alias"", ""source_token"": ""CD62L"", ""tokens"": [""CD62L""]}]}, {""sense"": ""low"", ""pr"": ""PR:000001307"", ""asserted"": ""False"", ""paths"": [{""via"": ""exact_alias"", ""source_token"": ""CD44"", ""tokens"": [""CD44""]}, {""via"": ""exact_alias"", ""source_token"": ""CDW44"", ""tokens"": [""CDW44""]}]}, {""sense"": ""negative"", ""pr"": ""PR:000001380"", ""asserted"": ""True"", ""paths"": [{""via"": ""exact_alias"", ""source_token"": ""CD25"", ""tokens"": [""CD25""]}, {""via"": ""pro_id"", ""pr"": ""PR:000001380"", ""tokens"": [""CD25""]}]}, {""sense"": ""negative"", ""pr"": ""PR:000025402"", ""asserted"": ""False"", ""paths"": [{""via"": ""exact_alias"", ""source_token"": ""CD8"", ""tokens"": [""CD8""]}]}, {""sense"": ""positive"", ""pr"": ""PR:000001004"", ""asserted"": ""False"", ""paths"": [{""via"": ""exact_alias"", ""source_token"": ""CD4"", ""tokens"": [""CD4""]}, {""via"": ""pro_id"", ""pr"": ""PR:000001004"", ""tokens"": [""CD4""]}]}, {""sense"": ""positive"", ""pr"": ""PR:000001006"", ""asserted"": ""False"", ""paths"": [{""via"": ""pro_id"", ""pr"": ""PR:000001006"", ""tokens"": [""CD45""]}]}, {""sense"": ""positive"", ""pr"": ""PR:000001015"", ""asserted"": ""False"", ""paths"": [{""via"": ""exact_alias"", ""source_token"": ""CD45RA"", ""tokens"": [""CD45RA""]}]}, {""sense"": ""positive"", ""pr"": ""PR:000001203"", ""asserted"": ""False"", ""paths"": [{""via"": ""exact_alias"", ""source_token"": ""CD197"", ""tokens"": [""CD197""]}, {""via"": ""exact_alias"", ""source_token"": ""CDW197"", ""tokens"": [""CDW197""]}]}, {""sense"": ""positive"", ""pr"": ""PR:000001869"", ""asserted"": ""False"", ""paths"": [{""via"": ""exact_alias"", ""source_token"": ""CD127"", ""tokens"": [""CD127""]}, {""via"": ""exact_alias"", ""source_token"": ""CDW127"", ""tokens"": [""CDW127""]}, {""via"": ""pro_id"", ""pr"": ""PR:000001869"", ""tokens"": [""CD127""]}]}]"
SOULCAP:SC000115		CD4 PanT helper		CD4/CD8 PanT			2	CL:0001044	effector CD4-positive, alpha-beta T cell	13	1	CD45+, CD4+, CD8-		CD14-/CD33-/CD64- (no axiom on any alt.), CD19-/CD20- (no axiom on any alt.), CD123-, CD3+, CD183:unknown/CXCR3:unknown (no axiom on any alt.), CD185:unknown/CXCR5:unknown (no axiom on any alt.), CD194:unknown/CCR4:unknown (no axiom on any alt.), CD196:unknown/CCR6:unknown (no axiom on any alt.), HLA-DR:not:positive/CD11C:not:high (no axiom on any alt.), CD15-/CD66B- (no axiom on any alt.), CD16-	no		"[""marker_axioms""]"	null	"[{""sense"": ""negative"", ""pr"": ""PR:000001203"", ""asserted"": ""True"", ""paths"": [{""via"": ""exact_alias"", ""source_token"": ""CD197"", ""tokens"": [""CD197""]}, {""via"": ""exact_alias"", ""source_token"": ""CDW197"", ""tokens"": [""CDW197""]}]}, {""sense"": ""negative"", ""pr"": ""PR:000025402"", ""asserted"": ""False"", ""paths"": [{""via"": ""exact_alias"", ""source_token"": ""CD8"", ""tokens"": [""CD8""]}]}, {""sense"": ""positive"", ""pr"": ""PR:000001004"", ""asserted"": ""False"", ""paths"": [{""via"": ""exact_alias"", ""source_token"": ""CD4"", ""tokens"": [""CD4""]}, {""via"": ""pro_id"", ""pr"": ""PR:000001004"", ""tokens"": [""CD4""]}]}, {""sense"": ""positive"", ""pr"": ""PR:000001006"", ""asserted"": ""False"", ""paths"": [{""via"": ""pro_id"", ""pr"": ""PR:000001006"", ""tokens"": [""CD45""]}]}, {""sense"": ""positive"", ""pr"": ""PR:000001015"", ""asserted"": ""True"", ""paths"": [{""via"": ""exact_alias"", ""source_token"": ""CD45RA"", ""tokens"": [""CD45RA""]}]}]"
SOULCAP:SC000115		CD4 PanT helper		CD4/CD8 PanT			3	CL:0001204	CD4-positive, alpha-beta memory T cell, CD45RO-positive	13	1	CD45+, CD4+, CD8-		CD14-/CD33-/CD64- (no axiom on any alt.), CD19-/CD20- (no axiom on any alt.), CD123-, CD3+, CD183:unknown/CXCR3:unknown (no axiom on any alt.), CD185:unknown/CXCR5:unknown (no axiom on any alt.), CD194:unknown/CCR4:unknown (no axiom on any alt.), CD196:unknown/CCR6:unknown (no axiom on any alt.), HLA-DR:not:positive/CD11C:not:high (no axiom on any alt.), CD15-/CD66B- (no axiom on any alt.), CD16-	no		"[""marker_axioms""]"	null	"[{""sense"": ""negative"", ""pr"": ""PR:000001380"", ""asserted"": ""True"", ""paths"": [{""via"": ""exact_alias"", ""source_token"": ""CD25"", ""tokens"": [""CD25""]}, {""via"": ""pro_id"", ""pr"": ""PR:000001380"", ""tokens"": [""CD25""]}]}, {""sense"": ""negative"", ""pr"": ""PR:000025402"", ""asserted"": ""False"", ""paths"": [{""via"": ""exact_alias"", ""source_token"": ""CD8"", ""tokens"": [""CD8""]}]}, {""sense"": ""positive"", ""pr"": ""PR:000001004"", ""asserted"": ""False"", ""paths"": [{""via"": ""exact_alias"", ""source_token"": ""CD4"", ""tokens"": [""CD4""]}, {""via"": ""pro_id"", ""pr"": ""PR:000001004"", ""tokens"": [""CD4""]}]}, {""sense"": ""positive"", ""pr"": ""PR:000001006"", ""asserted"": ""False"", ""paths"": [{""via"": ""pro_id"", ""pr"": ""PR:000001006"", ""tokens"": [""CD45""]}]}, {""sense"": ""positive"", ""pr"": ""PR:000001017"", ""asserted"": ""True"", ""paths"": [{""via"": ""exact_alias"", ""source_token"": ""CD45RO"", ""tokens"": [""CD45RO""]}]}, {""sense"": ""positive"", ""pr"": ""PR:000001869"", ""asserted"": ""True"", ""paths"": [{""via"": ""exact_alias"", ""source_token"": ""CD127"", ""tokens"": [""CD127""]}, {""via"": ""exact_alias"", ""source_token"": ""CDW127"", ""tokens"": [""CDW127""]}, {""via"": ""pro_id"", ""pr"": ""PR:000001869"", ""tokens"": [""CD127""]}]}]"
SOULCAP:SC000116		Th1-like			Surface Only		1	CL:0000895	naive thymus-derived CD4-positive, alpha-beta T cell	12	0	CD45+, CD4+, CD8-		CD14-/CD33-/CD64- (no axiom on any alt.), CD19-/CD20- (no axiom on any alt.), CD123-, CD3+, CD183+, CD185-, CD194-, CD196-, HLA-DR:not:positive/CD11C:not:high (no axiom on any alt.), CD15-/CD66B- (no axiom on any alt.), CD16-, IFNG+, IL-4-, IL-5-, IL-13-	no		"[""marker_axioms""]"	null	"[{""sense"": ""high"", ""pr"": ""PR:000001318"", ""asserted"": ""False"", ""paths"": [{""via"": ""exact_alias"", ""source_token"": ""CD62"", ""tokens"": [""CD62""]}, {""via"": ""exact_alias"", ""source_token"": ""CD62L"", ""tokens"": [""CD62L""]}]}, {""sense"": ""low"", ""pr"": ""PR:000001307"", ""asserted"": ""False"", ""paths"": [{""via"": ""exact_alias"", ""source_token"": ""CD44"", ""tokens"": [""CD44""]}, {""via"": ""exact_alias"", ""source_token"": ""CDW44"", ""tokens"": [""CDW44""]}]}, {""sense"": ""negative"", ""pr"": ""PR:000001380"", ""asserted"": ""True"", ""paths"": [{""via"": ""exact_alias"", ""source_token"": ""CD25"", ""tokens"": [""CD25""]}, {""via"": ""pro_id"", ""pr"": ""PR:000001380"", ""tokens"": [""CD25""]}]}, {""sense"": ""negative"", ""pr"": ""PR:000025402"", ""asserted"": ""False"", ""paths"": [{""via"": ""exact_alias"", ""source_token"": ""CD8"", ""tokens"": [""CD8""]}]}, {""sense"": ""positive"", ""pr"": ""PR:000001004"", ""asserted"": ""False"", ""paths"": [{""via"": ""exact_alias"", ""source_token"": ""CD4"", ""tokens"": [""CD4""]}, {""via"": ""pro_id"", ""pr"": ""PR:000001004"", ""tokens"": [""CD4""]}]}, {""sense"": ""positive"", ""pr"": ""PR:000001006"", ""asserted"": ""False"", ""paths"": [{""via"": ""pro_id"", ""pr"": ""PR:000001006"", ""tokens"": [""CD45""]}]}, {""sense"": ""positive"", ""pr"": ""PR:000001015"", ""asserted"": ""False"", ""paths"": [{""via"": ""exact_alias"", ""source_token"": ""CD45RA"", ""tokens"": [""CD45RA""]}]}, {""sense"": ""positive"", ""pr"": ""PR:000001203"", ""asserted"": ""False"", ""paths"": [{""via"": ""exact_alias"", ""source_token"": ""CD197"", ""tokens"": [""CD197""]}, {""via"": ""exact_alias"", ""source_token"": ""CDW197"", ""tokens"": [""CDW197""]}]}, {""sense"": ""positive"", ""pr"": ""PR:000001869"", ""asserted"": ""False"", ""paths"": [{""via"": ""exact_alias"", ""source_token"": ""CD127"", ""tokens"": [""CD127""]}, {""via"": ""exact_alias"", ""source_token"": ""CDW127"", ""tokens"": [""CDW127""]}, {""via"": ""pro_id"", ""pr"": ""PR:000001869"", ""tokens"": [""CD127""]}]}]"
SOULCAP:SC000116		Th1-like			Surface Only		2	CL:0001044	effector CD4-positive, alpha-beta T cell	12	0	CD45+, CD4+, CD8-		CD14-/CD33-/CD64- (no axiom on any alt.), CD19-/CD20- (no axiom on any alt.), CD123-, CD3+, CD183+, CD185-, CD194-, CD196-, HLA-DR:not:positive/CD11C:not:high (no axiom on any alt.), CD15-/CD66B- (no axiom on any alt.), CD16-, IFNG+, IL-4-, IL-5-, IL-13-	no		"[""marker_axioms""]"	null	"[{""sense"": ""negative"", ""pr"": ""PR:000001203"", ""asserted"": ""True"", ""paths"": [{""via"": ""exact_alias"", ""source_token"": ""CD197"", ""tokens"": [""CD197""]}, {""via"": ""exact_alias"", ""source_token"": ""CDW197"", ""tokens"": [""CDW197""]}]}, {""sense"": ""negative"", ""pr"": ""PR:000025402"", ""asserted"": ""False"", ""paths"": [{""via"": ""exact_alias"", ""source_token"": ""CD8"", ""tokens"": [""CD8""]}]}, {""sense"": ""positive"", ""pr"": ""PR:000001004"", ""asserted"": ""False"", ""paths"": [{""via"": ""exact_alias"", ""source_token"": ""CD4"", ""tokens"": [""CD4""]}, {""via"": ""pro_id"", ""pr"": ""PR:000001004"", ""tokens"": [""CD4""]}]}, {""sense"": ""positive"", ""pr"": ""PR:000001006"", ""asserted"": ""False"", ""paths"": [{""via"": ""pro_id"", ""pr"": ""PR:000001006"", ""tokens"": [""CD45""]}]}, {""sense"": ""positive"", ""pr"": ""PR:000001015"", ""asserted"": ""True"", ""paths"": [{""via"": ""exact_alias"", ""source_token"": ""CD45RA"", ""tokens"": [""CD45RA""]}]}]"
SOULCAP:SC000116		Th1-like			Surface Only		3	CL:0001046	memory CCR4-positive regulatory T cell	12	0	CD45+, CD4+, CD8-		CD14-/CD33-/CD64- (no axiom on any alt.), CD19-/CD20- (no axiom on any alt.), CD123-, CD3+, CD183+, CD185-, CD194-, CD196-, HLA-DR:not:positive/CD11C:not:high (no axiom on any alt.), CD15-/CD66B- (no axiom on any alt.), CD16-, IFNG+, IL-4-, IL-5-, IL-13-	no		"[""marker_axioms""]"	null	"[{""sense"": ""low"", ""pr"": ""PR:000001869"", ""asserted"": ""False"", ""paths"": [{""via"": ""exact_alias"", ""source_token"": ""CD127"", ""tokens"": [""CD127""]}, {""via"": ""exact_alias"", ""source_token"": ""CDW127"", ""tokens"": [""CDW127""]}, {""via"": ""pro_id"", ""pr"": ""PR:000001869"", ""tokens"": [""CD127""]}]}, {""sense"": ""negative"", ""pr"": ""PR:000025402"", ""asserted"": ""False"", ""paths"": [{""via"": ""exact_alias"", ""source_token"": ""CD8"", ""tokens"": [""CD8""]}]}, {""sense"": ""positive"", ""pr"": ""PR:000001004"", ""asserted"": ""False"", ""paths"": [{""via"": ""exact_alias"", ""source_token"": ""CD4"", ""tokens"": [""CD4""]}, {""via"": ""pro_id"", ""pr"": ""PR:000001004"", ""tokens"": [""CD4""]}]}, {""sense"": ""positive"", ""pr"": ""PR:000001006"", ""asserted"": ""False"", ""paths"": [{""via"": ""pro_id"", ""pr"": ""PR:000001006"", ""tokens"": [""CD45""]}]}, {""sense"": ""positive"", ""pr"": ""PR:000001017"", ""asserted"": ""True"", ""paths"": [{""via"": ""exact_alias"", ""source_token"": ""CD45RO"", ""tokens"": [""CD45RO""]}]}, {""sense"": ""positive"", ""pr"": ""PR:000001200"", ""asserted"": ""False"", ""paths"": []}, {""sense"": ""positive"", ""pr"": ""PR:000001380"", ""asserted"": ""False"", ""paths"": [{""via"": ""exact_alias"", ""source_token"": ""CD25"", ""tokens"": [""CD25""]}, {""via"": ""pro_id"", ""pr"": ""PR:000001380"", ""tokens"": [""CD25""]}]}]"
SOULCAP:SC000117		Th2-like					1	CL:0000895	naive thymus-derived CD4-positive, alpha-beta T cell	12	0	CD45+, CD4+, CD8-		CD14-/CD33-/CD64- (no axiom on any alt.), CD19-/CD20- (no axiom on any alt.), CD123-, CD3+, CD183-, CD185-, CD194+, CD196-, HLA-DR:not:positive/CD11C:not:high (no axiom on any alt.), CD15-/CD66B- (no axiom on any alt.), CD16-, CD294+, IL-4+/IL-5+/IL-13+ (no axiom on any alt.)	no		"[""marker_axioms""]"	null	"[{""sense"": ""high"", ""pr"": ""PR:000001318"", ""asserted"": ""False"", ""paths"": [{""via"": ""exact_alias"", ""source_token"": ""CD62"", ""tokens"": [""CD62""]}, {""via"": ""exact_alias"", ""source_token"": ""CD62L"", ""tokens"": [""CD62L""]}]}, {""sense"": ""low"", ""pr"": ""PR:000001307"", ""asserted"": ""False"", ""paths"": [{""via"": ""exact_alias"", ""source_token"": ""CD44"", ""tokens"": [""CD44""]}, {""via"": ""exact_alias"", ""source_token"": ""CDW44"", ""tokens"": [""CDW44""]}]}, {""sense"": ""negative"", ""pr"": ""PR:000001380"", ""asserted"": ""True"", ""paths"": [{""via"": ""exact_alias"", ""source_token"": ""CD25"", ""tokens"": [""CD25""]}, {""via"": ""pro_id"", ""pr"": ""PR:000001380"", ""tokens"": [""CD25""]}]}, {""sense"": ""negative"", ""pr"": ""PR:000025402"", ""asserted"": ""False"", ""paths"": [{""via"": ""exact_alias"", ""source_token"": ""CD8"", ""tokens"": [""CD8""]}]}, {""sense"": ""positive"", ""pr"": ""PR:000001004"", ""asserted"": ""False"", ""paths"": [{""via"": ""exact_alias"", ""source_token"": ""CD4"", ""tokens"": [""CD4""]}, {""via"": ""pro_id"", ""pr"": ""PR:000001004"", ""tokens"": [""CD4""]}]}, {""sense"": ""positive"", ""pr"": ""PR:000001006"", ""asserted"": ""False"", ""paths"": [{""via"": ""pro_id"", ""pr"": ""PR:000001006"", ""tokens"": [""CD45""]}]}, {""sense"": ""positive"", ""pr"": ""PR:000001015"", ""asserted"": ""False"", ""paths"": [{""via"": ""exact_alias"", ""source_token"": ""CD45RA"", ""tokens"": [""CD45RA""]}]}, {""sense"": ""positive"", ""pr"": ""PR:000001203"", ""asserted"": ""False"", ""paths"": [{""via"": ""exact_alias"", ""source_token"": ""CD197"", ""tokens"": [""CD197""]}, {""via"": ""exact_alias"", ""source_token"": ""CDW197"", ""tokens"": [""CDW197""]}]}, {""sense"": ""positive"", ""pr"": ""PR:000001869"", ""asserted"": ""False"", ""paths"": [{""via"": ""exact_alias"", ""source_token"": ""CD127"", ""tokens"": [""CD127""]}, {""via"": ""exact_alias"", ""source_token"": ""CDW127"", ""tokens"": [""CDW127""]}, {""via"": ""pro_id"", ""pr"": ""PR:000001869"", ""tokens"": [""CD127""]}]}]"
SOULCAP:SC000117		Th2-like					2	CL:0001044	effector CD4-positive, alpha-beta T cell	12	0	CD45+, CD4+, CD8-		CD14-/CD33-/CD64- (no axiom on any alt.), CD19-/CD20- (no axiom on any alt.), CD123-, CD3+, CD183-, CD185-, CD194+, CD196-, HLA-DR:not:positive/CD11C:not:high (no axiom on any alt.), CD15-/CD66B- (no axiom on any alt.), CD16-, CD294+, IL-4+/IL-5+/IL-13+ (no axiom on any alt.)	no		"[""marker_axioms""]"	null	"[{""sense"": ""negative"", ""pr"": ""PR:000001203"", ""asserted"": ""True"", ""paths"": [{""via"": ""exact_alias"", ""source_token"": ""CD197"", ""tokens"": [""CD197""]}, {""via"": ""exact_alias"", ""source_token"": ""CDW197"", ""tokens"": [""CDW197""]}]}, {""sense"": ""negative"", ""pr"": ""PR:000025402"", ""asserted"": ""False"", ""paths"": [{""via"": ""exact_alias"", ""source_token"": ""CD8"", ""tokens"": [""CD8""]}]}, {""sense"": ""positive"", ""pr"": ""PR:000001004"", ""asserted"": ""False"", ""paths"": [{""via"": ""exact_alias"", ""source_token"": ""CD4"", ""tokens"": [""CD4""]}, {""via"": ""pro_id"", ""pr"": ""PR:000001004"", ""tokens"": [""CD4""]}]}, {""sense"": ""positive"", ""pr"": ""PR:000001006"", ""asserted"": ""False"", ""paths"": [{""via"": ""pro_id"", ""pr"": ""PR:000001006"", ""tokens"": [""CD45""]}]}, {""sense"": ""positive"", ""pr"": ""PR:000001015"", ""asserted"": ""True"", ""paths"": [{""via"": ""exact_alias"", ""source_token"": ""CD45RA"", ""tokens"": [""CD45RA""]}]}]"
SOULCAP:SC000117		Th2-like					3	CL:0001046	memory CCR4-positive regulatory T cell	12	0	CD45+, CD4+, CD8-		CD14-/CD33-/CD64- (no axiom on any alt.), CD19-/CD20- (no axiom on any alt.), CD123-, CD3+, CD183-, CD185-, CD194+, CD196-, HLA-DR:not:positive/CD11C:not:high (no axiom on any alt.), CD15-/CD66B- (no axiom on any alt.), CD16-, CD294+, IL-4+/IL-5+/IL-13+ (no axiom on any alt.)	no		"[""marker_axioms""]"	null	"[{""sense"": ""low"", ""pr"": ""PR:000001869"", ""asserted"": ""False"", ""paths"": [{""via"": ""exact_alias"", ""source_token"": ""CD127"", ""tokens"": [""CD127""]}, {""via"": ""exact_alias"", ""source_token"": ""CDW127"", ""tokens"": [""CDW127""]}, {""via"": ""pro_id"", ""pr"": ""PR:000001869"", ""tokens"": [""CD127""]}]}, {""sense"": ""negative"", ""pr"": ""PR:000025402"", ""asserted"": ""False"", ""paths"": [{""via"": ""exact_alias"", ""source_token"": ""CD8"", ""tokens"": [""CD8""]}]}, {""sense"": ""positive"", ""pr"": ""PR:000001004"", ""asserted"": ""False"", ""paths"": [{""via"": ""exact_alias"", ""source_token"": ""CD4"", ""tokens"": [""CD4""]}, {""via"": ""pro_id"", ""pr"": ""PR:000001004"", ""tokens"": [""CD4""]}]}, {""sense"": ""positive"", ""pr"": ""PR:000001006"", ""asserted"": ""False"", ""paths"": [{""via"": ""pro_id"", ""pr"": ""PR:000001006"", ""tokens"": [""CD45""]}]}, {""sense"": ""positive"", ""pr"": ""PR:000001017"", ""asserted"": ""True"", ""paths"": [{""via"": ""exact_alias"", ""source_token"": ""CD45RO"", ""tokens"": [""CD45RO""]}]}, {""sense"": ""positive"", ""pr"": ""PR:000001200"", ""asserted"": ""False"", ""paths"": []}, {""sense"": ""positive"", ""pr"": ""PR:000001380"", ""asserted"": ""False"", ""paths"": [{""via"": ""exact_alias"", ""source_token"": ""CD25"", ""tokens"": [""CD25""]}, {""via"": ""pro_id"", ""pr"": ""PR:000001380"", ""tokens"": [""CD25""]}]}]"
SOULCAP:SC000118		Th9-like					1	CL:0000895	naive thymus-derived CD4-positive, alpha-beta T cell	12	0	CD45+, CD4+, CD8-		CD14-/CD33-/CD64- (no axiom on any alt.), CD19-/CD20- (no axiom on any alt.), CD123-, CD3+, CD183-, CD185-, CD194+, CD196-, HLA-DR:not:positive/CD11C:not:high (no axiom on any alt.), CD15-/CD66B- (no axiom on any alt.), CD16-, CD198+, IL-9+	no		"[""marker_axioms""]"	null	"[{""sense"": ""high"", ""pr"": ""PR:000001318"", ""asserted"": ""False"", ""paths"": [{""via"": ""exact_alias"", ""source_token"": ""CD62"", ""tokens"": [""CD62""]}, {""via"": ""exact_alias"", ""source_token"": ""CD62L"", ""tokens"": [""CD62L""]}]}, {""sense"": ""low"", ""pr"": ""PR:000001307"", ""asserted"": ""False"", ""paths"": [{""via"": ""exact_alias"", ""source_token"": ""CD44"", ""tokens"": [""CD44""]}, {""via"": ""exact_alias"", ""source_token"": ""CDW44"", ""tokens"": [""CDW44""]}]}, {""sense"": ""negative"", ""pr"": ""PR:000001380"", ""asserted"": ""True"", ""paths"": [{""via"": ""exact_alias"", ""source_token"": ""CD25"", ""tokens"": [""CD25""]}, {""via"": ""pro_id"", ""pr"": ""PR:000001380"", ""tokens"": [""CD25""]}]}, {""sense"": ""negative"", ""pr"": ""PR:000025402"", ""asserted"": ""False"", ""paths"": [{""via"": ""exact_alias"", ""source_token"": ""CD8"", ""tokens"": [""CD8""]}]}, {""sense"": ""positive"", ""pr"": ""PR:000001004"", ""asserted"": ""False"", ""paths"": [{""via"": ""exact_alias"", ""source_token"": ""CD4"", ""tokens"": [""CD4""]}, {""via"": ""pro_id"", ""pr"": ""PR:000001004"", ""tokens"": [""CD4""]}]}, {""sense"": ""positive"", ""pr"": ""PR:000001006"", ""asserted"": ""False"", ""paths"": [{""via"": ""pro_id"", ""pr"": ""PR:000001006"", ""tokens"": [""CD45""]}]}, {""sense"": ""positive"", ""pr"": ""PR:000001015"", ""asserted"": ""False"", ""paths"": [{""via"": ""exact_alias"", ""source_token"": ""CD45RA"", ""tokens"": [""CD45RA""]}]}, {""sense"": ""positive"", ""pr"": ""PR:000001203"", ""asserted"": ""False"", ""paths"": [{""via"": ""exact_alias"", ""source_token"": ""CD197"", ""tokens"": [""CD197""]}, {""via"": ""exact_alias"", ""source_token"": ""CDW197"", ""tokens"": [""CDW197""]}]}, {""sense"": ""positive"", ""pr"": ""PR:000001869"", ""asserted"": ""False"", ""paths"": [{""via"": ""exact_alias"", ""source_token"": ""CD127"", ""tokens"": [""CD127""]}, {""via"": ""exact_alias"", ""source_token"": ""CDW127"", ""tokens"": [""CDW127""]}, {""via"": ""pro_id"", ""pr"": ""PR:000001869"", ""tokens"": [""CD127""]}]}]"
SOULCAP:SC000118		Th9-like					2	CL:0001044	effector CD4-positive, alpha-beta T cell	12	0	CD45+, CD4+, CD8-		CD14-/CD33-/CD64- (no axiom on any alt.), CD19-/CD20- (no axiom on any alt.), CD123-, CD3+, CD183-, CD185-, CD194+, CD196-, HLA-DR:not:positive/CD11C:not:high (no axiom on any alt.), CD15-/CD66B- (no axiom on any alt.), CD16-, CD198+, IL-9+	no		"[""marker_axioms""]"	null	"[{""sense"": ""negative"", ""pr"": ""PR:000001203"", ""asserted"": ""True"", ""paths"": [{""via"": ""exact_alias"", ""source_token"": ""CD197"", ""tokens"": [""CD197""]}, {""via"": ""exact_alias"", ""source_token"": ""CDW197"", ""tokens"": [""CDW197""]}]}, {""sense"": ""negative"", ""pr"": ""PR:000025402"", ""asserted"": ""False"", ""paths"": [{""via"": ""exact_alias"", ""source_token"": ""CD8"", ""tokens"": [""CD8""]}]}, {""sense"": ""positive"", ""pr"": ""PR:000001004"", ""asserted"": ""False"", ""paths"": [{""via"": ""exact_alias"", ""source_token"": ""CD4"", ""tokens"": [""CD4""]}, {""via"": ""pro_id"", ""pr"": ""PR:000001004"", ""tokens"": [""CD4""]}]}, {""sense"": ""positive"", ""pr"": ""PR:000001006"", ""asserted"": ""False"", ""paths"": [{""via"": ""pro_id"", ""pr"": ""PR:000001006"", ""tokens"": [""CD45""]}]}, {""sense"": ""positive"", ""pr"": ""PR:000001015"", ""asserted"": ""True"", ""paths"": [{""via"": ""exact_alias"", ""source_token"": ""CD45RA"", ""tokens"": [""CD45RA""]}]}]"
SOULCAP:SC000118		Th9-like					3	CL:0001046	memory CCR4-positive regulatory T cell	12	0	CD45+, CD4+, CD8-		CD14-/CD33-/CD64- (no axiom on any alt.), CD19-/CD20- (no axiom on any alt.), CD123-, CD3+, CD183-, CD185-, CD194+, CD196-, HLA-DR:not:positive/CD11C:not:high (no axiom on any alt.), CD15-/CD66B- (no axiom on any alt.), CD16-, CD198+, IL-9+	no		"[""marker_axioms""]"	null	"[{""sense"": ""low"", ""pr"": ""PR:000001869"", ""asserted"": ""False"", ""paths"": [{""via"": ""exact_alias"", ""source_token"": ""CD127"", ""tokens"": [""CD127""]}, {""via"": ""exact_alias"", ""source_token"": ""CDW127"", ""tokens"": [""CDW127""]}, {""via"": ""pro_id"", ""pr"": ""PR:000001869"", ""tokens"": [""CD127""]}]}, {""sense"": ""negative"", ""pr"": ""PR:000025402"", ""asserted"": ""False"", ""paths"": [{""via"": ""exact_alias"", ""source_token"": ""CD8"", ""tokens"": [""CD8""]}]}, {""sense"": ""positive"", ""pr"": ""PR:000001004"", ""asserted"": ""False"", ""paths"": [{""via"": ""exact_alias"", ""source_token"": ""CD4"", ""tokens"": [""CD4""]}, {""via"": ""pro_id"", ""pr"": ""PR:000001004"", ""tokens"": [""CD4""]}]}, {""sense"": ""positive"", ""pr"": ""PR:000001006"", ""asserted"": ""False"", ""paths"": [{""via"": ""pro_id"", ""pr"": ""PR:000001006"", ""tokens"": [""CD45""]}]}, {""sense"": ""positive"", ""pr"": ""PR:000001017"", ""asserted"": ""True"", ""paths"": [{""via"": ""exact_alias"", ""source_token"": ""CD45RO"", ""tokens"": [""CD45RO""]}]}, {""sense"": ""positive"", ""pr"": ""PR:000001200"", ""asserted"": ""False"", ""paths"": []}, {""sense"": ""positive"", ""pr"": ""PR:000001380"", ""asserted"": ""False"", ""paths"": [{""via"": ""exact_alias"", ""source_token"": ""CD25"", ""tokens"": [""CD25""]}, {""via"": ""pro_id"", ""pr"": ""PR:000001380"", ""tokens"": [""CD25""]}]}]"
SOULCAP:SC000119		Th17-like					1	CL:0000895	naive thymus-derived CD4-positive, alpha-beta T cell	12	0	CD45+, CD4+, CD8-		CD14-/CD33-/CD64- (no axiom on any alt.), CD19-/CD20- (no axiom on any alt.), CD123-, CD3+, CD183-, CD185-, CD194:low/CD194- (no axiom on any alt.), CD196+, HLA-DR:not:positive/CD11C:not:high (no axiom on any alt.), CD15-/CD66B- (no axiom on any alt.), CD16-, IL-17A+	no		"[""marker_axioms""]"	null	"[{""sense"": ""high"", ""pr"": ""PR:000001318"", ""asserted"": ""False"", ""paths"": [{""via"": ""exact_alias"", ""source_token"": ""CD62"", ""tokens"": [""CD62""]}, {""via"": ""exact_alias"", ""source_token"": ""CD62L"", ""tokens"": [""CD62L""]}]}, {""sense"": ""low"", ""pr"": ""PR:000001307"", ""asserted"": ""False"", ""paths"": [{""via"": ""exact_alias"", ""source_token"": ""CD44"", ""tokens"": [""CD44""]}, {""via"": ""exact_alias"", ""source_token"": ""CDW44"", ""tokens"": [""CDW44""]}]}, {""sense"": ""negative"", ""pr"": ""PR:000001380"", ""asserted"": ""True"", ""paths"": [{""via"": ""exact_alias"", ""source_token"": ""CD25"", ""tokens"": [""CD25""]}, {""via"": ""pro_id"", ""pr"": ""PR:000001380"", ""tokens"": [""CD25""]}]}, {""sense"": ""negative"", ""pr"": ""PR:000025402"", ""asserted"": ""False"", ""paths"": [{""via"": ""exact_alias"", ""source_token"": ""CD8"", ""tokens"": [""CD8""]}]}, {""sense"": ""positive"", ""pr"": ""PR:000001004"", ""asserted"": ""False"", ""paths"": [{""via"": ""exact_alias"", ""source_token"": ""CD4"", ""tokens"": [""CD4""]}, {""via"": ""pro_id"", ""pr"": ""PR:000001004"", ""tokens"": [""CD4""]}]}, {""sense"": ""positive"", ""pr"": ""PR:000001006"", ""asserted"": ""False"", ""paths"": [{""via"": ""pro_id"", ""pr"": ""PR:000001006"", ""tokens"": [""CD45""]}]}, {""sense"": ""positive"", ""pr"": ""PR:000001015"", ""asserted"": ""False"", ""paths"": [{""via"": ""exact_alias"", ""source_token"": ""CD45RA"", ""tokens"": [""CD45RA""]}]}, {""sense"": ""positive"", ""pr"": ""PR:000001203"", ""asserted"": ""False"", ""paths"": [{""via"": ""exact_alias"", ""source_token"": ""CD197"", ""tokens"": [""CD197""]}, {""via"": ""exact_alias"", ""source_token"": ""CDW197"", ""tokens"": [""CDW197""]}]}, {""sense"": ""positive"", ""pr"": ""PR:000001869"", ""asserted"": ""False"", ""paths"": [{""via"": ""exact_alias"", ""source_token"": ""CD127"", ""tokens"": [""CD127""]}, {""via"": ""exact_alias"", ""source_token"": ""CDW127"", ""tokens"": [""CDW127""]}, {""via"": ""pro_id"", ""pr"": ""PR:000001869"", ""tokens"": [""CD127""]}]}]"
SOULCAP:SC000119		Th17-like					2	CL:0001044	effector CD4-positive, alpha-beta T cell	12	0	CD45+, CD4+, CD8-		CD14-/CD33-/CD64- (no axiom on any alt.), CD19-/CD20- (no axiom on any alt.), CD123-, CD3+, CD183-, CD185-, CD194:low/CD194- (no axiom on any alt.), CD196+, HLA-DR:not:positive/CD11C:not:high (no axiom on any alt.), CD15-/CD66B- (no axiom on any alt.), CD16-, IL-17A+	no		"[""marker_axioms""]"	null	"[{""sense"": ""negative"", ""pr"": ""PR:000001203"", ""asserted"": ""True"", ""paths"": [{""via"": ""exact_alias"", ""source_token"": ""CD197"", ""tokens"": [""CD197""]}, {""via"": ""exact_alias"", ""source_token"": ""CDW197"", ""tokens"": [""CDW197""]}]}, {""sense"": ""negative"", ""pr"": ""PR:000025402"", ""asserted"": ""False"", ""paths"": [{""via"": ""exact_alias"", ""source_token"": ""CD8"", ""tokens"": [""CD8""]}]}, {""sense"": ""positive"", ""pr"": ""PR:000001004"", ""asserted"": ""False"", ""paths"": [{""via"": ""exact_alias"", ""source_token"": ""CD4"", ""tokens"": [""CD4""]}, {""via"": ""pro_id"", ""pr"": ""PR:000001004"", ""tokens"": [""CD4""]}]}, {""sense"": ""positive"", ""pr"": ""PR:000001006"", ""asserted"": ""False"", ""paths"": [{""via"": ""pro_id"", ""pr"": ""PR:000001006"", ""tokens"": [""CD45""]}]}, {""sense"": ""positive"", ""pr"": ""PR:000001015"", ""asserted"": ""True"", ""paths"": [{""via"": ""exact_alias"", ""source_token"": ""CD45RA"", ""tokens"": [""CD45RA""]}]}]"
SOULCAP:SC000119		Th17-like					3	CL:0001046	memory CCR4-positive regulatory T cell	12	0	CD45+, CD4+, CD8-		CD14-/CD33-/CD64- (no axiom on any alt.), CD19-/CD20- (no axiom on any alt.), CD123-, CD3+, CD183-, CD185-, CD194:low/CD194- (no axiom on any alt.), CD196+, HLA-DR:not:positive/CD11C:not:high (no axiom on any alt.), CD15-/CD66B- (no axiom on any alt.), CD16-, IL-17A+	no		"[""marker_axioms""]"	null	"[{""sense"": ""low"", ""pr"": ""PR:000001869"", ""asserted"": ""False"", ""paths"": [{""via"": ""exact_alias"", ""source_token"": ""CD127"", ""tokens"": [""CD127""]}, {""via"": ""exact_alias"", ""source_token"": ""CDW127"", ""tokens"": [""CDW127""]}, {""via"": ""pro_id"", ""pr"": ""PR:000001869"", ""tokens"": [""CD127""]}]}, {""sense"": ""negative"", ""pr"": ""PR:000025402"", ""asserted"": ""False"", ""paths"": [{""via"": ""exact_alias"", ""source_token"": ""CD8"", ""tokens"": [""CD8""]}]}, {""sense"": ""positive"", ""pr"": ""PR:000001004"", ""asserted"": ""False"", ""paths"": [{""via"": ""exact_alias"", ""source_token"": ""CD4"", ""tokens"": [""CD4""]}, {""via"": ""pro_id"", ""pr"": ""PR:000001004"", ""tokens"": [""CD4""]}]}, {""sense"": ""positive"", ""pr"": ""PR:000001006"", ""asserted"": ""False"", ""paths"": [{""via"": ""pro_id"", ""pr"": ""PR:000001006"", ""tokens"": [""CD45""]}]}, {""sense"": ""positive"", ""pr"": ""PR:000001017"", ""asserted"": ""True"", ""paths"": [{""via"": ""exact_alias"", ""source_token"": ""CD45RO"", ""tokens"": [""CD45RO""]}]}, {""sense"": ""positive"", ""pr"": ""PR:000001200"", ""asserted"": ""False"", ""paths"": []}, {""sense"": ""positive"", ""pr"": ""PR:000001380"", ""asserted"": ""False"", ""paths"": [{""via"": ""exact_alias"", ""source_token"": ""CD25"", ""tokens"": [""CD25""]}, {""via"": ""pro_id"", ""pr"": ""PR:000001380"", ""tokens"": [""CD25""]}]}]"
SOULCAP:SC000120		Tfh					1	CL:0001057	myeloid dendritic cell, human	12	0	CD14- (1 of 3 alt.), CD19- (1 of 2 alt.), CD123-		HLA-DR:not:positive/CD11C:not:high (hi) (no axiom on any alt.), CD15-/CD66B- (no axiom on any alt.), CD16-	no		"[""marker_axioms""]"	null	"[{""sense"": ""high"", ""pr"": ""PR:000001013"", ""asserted"": ""False"", ""paths"": [{""via"": ""exact_alias"", ""source_token"": ""CD11"", ""tokens"": [""CD11""]}, {""via"": ""exact_alias"", ""source_token"": ""CD11C"", ""tokens"": [""CD11C""]}, {""via"": ""pro_id"", ""pr"": ""PR:000001013"", ""tokens"": [""CD11C""]}]}, {""sense"": ""negative"", ""pr"": ""PR:000001002"", ""asserted"": ""False"", ""paths"": [{""via"": ""exact_alias"", ""source_token"": ""CD19"", ""tokens"": [""CD19""]}, {""via"": ""pro_id"", ""pr"": ""PR:000001002"", ""tokens"": [""CD19""]}]}, {""sense"": ""negative"", ""pr"": ""PR:000001003"", ""asserted"": ""False"", ""paths"": [{""via"": ""exact_alias"", ""source_token"": ""CD34"", ""tokens"": [""CD34""]}, {""via"": ""pro_id"", ""pr"": ""PR:000001003"", ""tokens"": [""CD34""]}]}, {""sense"": ""negative"", ""pr"": ""PR:000001020"", ""asserted"": ""False"", ""paths"": [{""via"": ""exact_alias"", ""source_token"": ""CD3"", ""tokens"": [""CD3""]}, {""via"": ""exact_alias"", ""source_token"": ""CD3E"", ""tokens"": [""CD3E""]}, {""via"": ""exact_alias"", ""source_token"": ""CD3E"", ""tokens"": [""CD3E""]}, {""via"": ""pro_id"", ""pr"": ""PR:000001020"", ""tokens"": [""CD3""]}]}, {""sense"": ""negative"", ""pr"": ""PR:000001024"", ""asserted"": ""False"", ""paths"": [{""via"": ""exact_alias"", ""source_token"": ""CD56"", ""tokens"": [""CD56""]}, {""via"": ""pro_id"", ""pr"": ""PR:000001024"", ""tokens"": [""CD56""]}]}, {""sense"": ""negative"", ""pr"": ""PR:000001289"", ""asserted"": ""False"", ""paths"": [{""via"": ""exact_alias"", ""source_token"": ""CD20"", ""tokens"": [""CD20""]}, {""via"": ""pro_id"", ""pr"": ""PR:000001289"", ""tokens"": [""CD20""]}]}, {""sense"": ""negative"", ""pr"": ""PR:000001865"", ""asserted"": ""False"", ""paths"": [{""via"": ""exact_alias"", ""source_token"": ""CD123"", ""tokens"": [""CD123""]}, {""via"": ""pro_id"", ""pr"": ""PR:000001865"", ""tokens"": [""CD123""]}]}, {""sense"": ""negative"", ""pr"": ""PR:000001889"", ""asserted"": ""True"", ""paths"": [{""via"": ""exact_alias"", ""source_token"": ""CD14"", ""tokens"": [""CD14""]}, {""via"": ""pro_id"", ""pr"": ""PR:000001889"", ""tokens"": [""CD14""]}]}, {""sense"": ""positive"", ""pr"": ""PR:000002015"", ""asserted"": ""False"", ""paths"": []}]"
SOULCAP:SC000120		Tfh					2	CL:0002000	Kit-positive erythroid progenitor cell	12	0	CD14- (1 of 3 alt.), CD19- (1 of 2 alt.), CD123-		HLA-DR:not:positive/CD11C:not:high (no axiom on any alt.), CD15-/CD66B- (no axiom on any alt.), CD16-	no		"[""marker_axioms""]"	null	"[{""sense"": ""negative"", ""pr"": ""PR:000001002"", ""asserted"": ""False"", ""paths"": [{""via"": ""exact_alias"", ""source_token"": ""CD19"", ""tokens"": [""CD19""]}, {""via"": ""pro_id"", ""pr"": ""PR:000001002"", ""tokens"": [""CD19""]}]}, {""sense"": ""negative"", ""pr"": ""PR:000001004"", ""asserted"": ""False"", ""paths"": [{""via"": ""exact_alias"", ""source_token"": ""CD4"", ""tokens"": [""CD4""]}, {""via"": ""pro_id"", ""pr"": ""PR:000001004"", ""tokens"": [""CD4""]}]}, {""sense"": ""negative"", ""pr"": ""PR:000001012"", ""asserted"": ""False"", ""paths"": [{""via"": ""exact_alias"", ""source_token"": ""CD11"", ""tokens"": [""CD11""]}, {""via"": ""exact_alias"", ""source_token"": ""CD11B"", ""tokens"": [""CD11B""]}]}, {""sense"": ""negative"", ""pr"": ""PR:000001020"", ""asserted"": ""False"", ""paths"": [{""via"": ""exact_alias"", ""source_token"": ""CD3"", ""tokens"": [""CD3""]}, {""via"": ""exact_alias"", ""source_token"": ""CD3E"", ""tokens"": [""CD3E""]}, {""via"": ""exact_alias"", ""source_token"": ""CD3E"", ""tokens"": [""CD3E""]}, {""via"": ""pro_id"", ""pr"": ""PR:000001020"", ""tokens"": [""CD3""]}]}, {""sense"": ""negative"", ""pr"": ""PR:000001024"", ""asserted"": ""False"", ""paths"": [{""via"": ""exact_alias"", ""source_token"": ""CD56"", ""tokens"": [""CD56""]}, {""via"": ""pro_id"", ""pr"": ""PR:000001024"", ""tokens"": [""CD56""]}]}, {""sense"": ""negative"", ""pr"": ""PR:000001083"", ""asserted"": ""False"", ""paths"": [{""via"": ""exact_alias"", ""source_token"": ""CD2"", ""tokens"": [""CD2""]}]}, {""sense"": ""negative"", ""pr"": ""PR:000001084"", ""asserted"": ""False"", ""paths"": [{""via"": ""exact_alias"", ""source_token"": ""CD8"", ""tokens"": [""CD8""]}, {""via"": ""exact_alias"", ""source_token"": ""CD8A"", ""tokens"": [""CD8A""]}, {""via"": ""exact_alias"", ""source_token"": ""CD8A"", ""tokens"": [""CD8A""]}, {""via"": ""pro_id"", ""pr"": ""PR:000001084"", ""tokens"": [""CD8""]}]}, {""sense"": ""negative"", ""pr"": ""PR:000001289"", ""asserted"": ""False"", ""paths"": [{""via"": ""exact_alias"", ""source_token"": ""CD20"", ""tokens"": [""CD20""]}, {""via"": ""pro_id"", ""pr"": ""PR:000001289"", ""tokens"": [""CD20""]}]}, {""sense"": ""negative"", ""pr"": ""PR:000001833"", ""asserted"": ""True"", ""paths"": [{""via"": ""exact_alias"", ""source_token"": ""CD150"", ""tokens"": [""CD150""]}, {""via"": ""exact_alias"", ""source_token"": ""CDW150"", ""tokens"": [""CDW150""]}]}, {""sense"": ""negative"", ""pr"": ""PR:000001839"", ""asserted"": ""False"", ""paths"": [{""via"": ""exact_alias"", ""source_token"": ""CD5"", ""tokens"": [""CD5""]}]}, {""sense"": ""negative"", ""pr"": ""PR:000001865"", ""asserted"": ""True"", ""paths"": [{""via"": ""exact_alias"", ""source_token"": ""CD123"", ""tokens"": [""CD123""]}, {""via"": ""pro_id"", ""pr"": ""PR:000001865"", ""tokens"": [""CD123""]}]}, {""sense"": ""negative"", ""pr"": ""PR:000001869"", ""asserted"": ""True"", ""paths"": [{""via"": ""exact_alias"", ""source_token"": ""CD127"", ""tokens"": [""CD127""]}, {""via"": ""exact_alias"", ""source_token"": ""CDW127"", ""tokens"": [""CDW127""]}, {""via"": ""pro_id"", ""pr"": ""PR:000001869"", ""tokens"": [""CD127""]}]}, {""sense"": ""negative"", ""pr"": ""PR:000001889"", ""asserted"": ""False"", ""paths"": [{""via"": ""exact_alias"", ""source_token"": ""CD14"", ""tokens"": [""CD14""]}, {""via"": ""pro_id"", ""pr"": ""PR:000001889"", ""tokens"": [""CD14""]}]}, {""sense"": ""negative"", ""pr"": ""PR:000002978"", ""asserted"": ""False"", ""paths"": []}, {""sense"": ""negative"", ""pr"": ""PR:000002979"", ""asserted"": ""True"", ""paths"": []}, {""sense"": ""negative"", ""pr"": ""PR:000009127"", ""asserted"": ""True"", ""paths"": [{""via"": ""exact_alias"", ""source_token"": ""CD41"", ""tokens"": [""CD41""]}]}, {""sense"": ""positive"", ""pr"": ""PR:000001345"", ""asserted"": ""True"", ""paths"": [{""via"": ""exact_alias"", ""source_token"": ""CD105"", ""tokens"": [""CD105""]}]}, {""sense"": ""positive"", ""pr"": ""PR:000001945"", ""asserted"": ""False"", ""paths"": [{""via"": ""exact_alias"", ""source_token"": ""CD71"", ""tokens"": [""CD71""]}]}, {""sense"": ""positive"", ""pr"": ""PR:000002065"", ""asserted"": ""True"", ""paths"": [{""via"": ""exact_alias"", ""source_token"": ""CD117"", ""tokens"": [""CD117""]}, {""via"": ""pro_id"", ""pr"": ""PR:000002065"", ""tokens"": [""CD117""]}]}]"
SOULCAP:SC000120		Tfh					3	CL:0000938	CD16-negative, CD56-bright natural killer cell, human	10	0	CD14- (1 of 3 alt.), CD19- (1 of 2 alt.), CD16-		CD123-, HLA-DR:not:positive/CD11C:not:high (no axiom on any alt.), CD15-/CD66B- (no axiom on any alt.)	no		"[""marker_axioms""]"	null	"[{""sense"": ""high"", ""pr"": ""PR:000001024"", ""asserted"": ""True"", ""paths"": [{""via"": ""exact_alias"", ""source_token"": ""CD56"", ""tokens"": [""CD56""]}, {""via"": ""pro_id"", ""pr"": ""PR:000001024"", ""tokens"": [""CD56""]}]}, {""sense"": ""negative"", ""pr"": ""PR:000001002"", ""asserted"": ""False"", ""paths"": [{""via"": ""exact_alias"", ""source_token"": ""CD19"", ""tokens"": [""CD19""]}, {""via"": ""pro_id"", ""pr"": ""PR:000001002"", ""tokens"": [""CD19""]}]}, {""sense"": ""negative"", ""pr"": ""PR:000001020"", ""asserted"": ""False"", ""paths"": [{""via"": ""exact_alias"", ""source_token"": ""CD3"", ""tokens"": [""CD3""]}, {""via"": ""exact_alias"", ""source_token"": ""CD3E"", ""tokens"": [""CD3E""]}, {""via"": ""exact_alias"", ""source_token"": ""CD3E"", ""tokens"": [""CD3E""]}, {""via"": ""pro_id"", ""pr"": ""PR:000001020"", ""tokens"": [""CD3""]}]}, {""sense"": ""negative"", ""pr"": ""PR:000001289"", ""asserted"": ""False"", ""paths"": [{""via"": ""exact_alias"", ""source_token"": ""CD20"", ""tokens"": [""CD20""]}, {""via"": ""pro_id"", ""pr"": ""PR:000001289"", ""tokens"": [""CD20""]}]}, {""sense"": ""negative"", ""pr"": ""PR:000001483"", ""asserted"": ""True"", ""paths"": [{""via"": ""exact_alias"", ""source_token"": ""CD16"", ""tokens"": [""CD16""]}, {""via"": ""pro_id"", ""pr"": ""PR:000001483"", ""tokens"": [""CD16""]}]}, {""sense"": ""negative"", ""pr"": ""PR:000001889"", ""asserted"": ""False"", ""paths"": [{""via"": ""exact_alias"", ""source_token"": ""CD14"", ""tokens"": [""CD14""]}, {""via"": ""pro_id"", ""pr"": ""PR:000001889"", ""tokens"": [""CD14""]}]}, {""sense"": ""negative"", ""pr"": ""PR:000002015"", ""asserted"": ""True"", ""paths"": []}, {""sense"": ""positive"", ""pr"": ""PR:000001319"", ""asserted"": ""True"", ""paths"": [{""via"": ""exact_alias"", ""source_token"": ""CD84"", ""tokens"": [""CD84""]}]}]"
SOULCAP:SC000121		CD4 PanT Treg		CD4/CD8 PanT			1	CL:0001046	memory CCR4-positive regulatory T cell	20	0	CD45+, CD4+, CD8-, CD127:low (dim) (1 of 2 alt.), CD25+		CD14-/CD33-/CD64- (no axiom on any alt.), CD19-/CD20- (no axiom on any alt.), CD123-, CD3+, HLA-DR:not:positive/CD11C:not:high (no axiom on any alt.), CD15-/CD66B- (no axiom on any alt.), CD16-	no		"[""marker_axioms""]"	null	"[{""sense"": ""low"", ""pr"": ""PR:000001869"", ""asserted"": ""False"", ""paths"": [{""via"": ""exact_alias"", ""source_token"": ""CD127"", ""tokens"": [""CD127""]}, {""via"": ""exact_alias"", ""source_token"": ""CDW127"", ""tokens"": [""CDW127""]}, {""via"": ""pro_id"", ""pr"": ""PR:000001869"", ""tokens"": [""CD127""]}]}, {""sense"": ""negative"", ""pr"": ""PR:000025402"", ""asserted"": ""False"", ""paths"": [{""via"": ""exact_alias"", ""source_token"": ""CD8"", ""tokens"": [""CD8""]}]}, {""sense"": ""positive"", ""pr"": ""PR:000001004"", ""asserted"": ""False"", ""paths"": [{""via"": ""exact_alias"", ""source_token"": ""CD4"", ""tokens"": [""CD4""]}, {""via"": ""pro_id"", ""pr"": ""PR:000001004"", ""tokens"": [""CD4""]}]}, {""sense"": ""positive"", ""pr"": ""PR:000001006"", ""asserted"": ""False"", ""paths"": [{""via"": ""pro_id"", ""pr"": ""PR:000001006"", ""tokens"": [""CD45""]}]}, {""sense"": ""positive"", ""pr"": ""PR:000001017"", ""asserted"": ""True"", ""paths"": [{""via"": ""exact_alias"", ""source_token"": ""CD45RO"", ""tokens"": [""CD45RO""]}]}, {""sense"": ""positive"", ""pr"": ""PR:000001200"", ""asserted"": ""False"", ""paths"": []}, {""sense"": ""positive"", ""pr"": ""PR:000001380"", ""asserted"": ""False"", ""paths"": [{""via"": ""exact_alias"", ""source_token"": ""CD25"", ""tokens"": [""CD25""]}, {""via"": ""pro_id"", ""pr"": ""PR:000001380"", ""tokens"": [""CD25""]}]}]"
SOULCAP:SC000121		CD4 PanT Treg		CD4/CD8 PanT			2	CL:0002677	naive regulatory T cell	20	0	CD45+, CD4+, CD8-, CD127:low (dim) (1 of 2 alt.), CD25+		CD14-/CD33-/CD64- (no axiom on any alt.), CD19-/CD20- (no axiom on any alt.), CD123-, CD3+, HLA-DR:not:positive/CD11C:not:high (no axiom on any alt.), CD15-/CD66B- (no axiom on any alt.), CD16-	no		"[""marker_axioms""]"	null	"[{""sense"": ""high"", ""pr"": ""PR:000001318"", ""asserted"": ""False"", ""paths"": [{""via"": ""exact_alias"", ""source_token"": ""CD62"", ""tokens"": [""CD62""]}, {""via"": ""exact_alias"", ""source_token"": ""CD62L"", ""tokens"": [""CD62L""]}]}, {""sense"": ""low"", ""pr"": ""PR:000001307"", ""asserted"": ""False"", ""paths"": [{""via"": ""exact_alias"", ""source_token"": ""CD44"", ""tokens"": [""CD44""]}, {""via"": ""exact_alias"", ""source_token"": ""CDW44"", ""tokens"": [""CDW44""]}]}, {""sense"": ""low"", ""pr"": ""PR:000001869"", ""asserted"": ""False"", ""paths"": [{""via"": ""exact_alias"", ""source_token"": ""CD127"", ""tokens"": [""CD127""]}, {""via"": ""exact_alias"", ""source_token"": ""CDW127"", ""tokens"": [""CDW127""]}, {""via"": ""pro_id"", ""pr"": ""PR:000001869"", ""tokens"": [""CD127""]}]}, {""sense"": ""negative"", ""pr"": ""PR:000025402"", ""asserted"": ""False"", ""paths"": [{""via"": ""exact_alias"", ""source_token"": ""CD8"", ""tokens"": [""CD8""]}]}, {""sense"": ""positive"", ""pr"": ""PR:000001004"", ""asserted"": ""False"", ""paths"": [{""via"": ""exact_alias"", ""source_token"": ""CD4"", ""tokens"": [""CD4""]}, {""via"": ""pro_id"", ""pr"": ""PR:000001004"", ""tokens"": [""CD4""]}]}, {""sense"": ""positive"", ""pr"": ""PR:000001006"", ""asserted"": ""False"", ""paths"": [{""via"": ""pro_id"", ""pr"": ""PR:000001006"", ""tokens"": [""CD45""]}]}, {""sense"": ""positive"", ""pr"": ""PR:000001015"", ""asserted"": ""False"", ""paths"": [{""via"": ""exact_alias"", ""source_token"": ""CD45RA"", ""tokens"": [""CD45RA""]}]}, {""sense"": ""positive"", ""pr"": ""PR:000001203"", ""asserted"": ""False"", ""paths"": [{""via"": ""exact_alias"", ""source_token"": ""CD197"", ""tokens"": [""CD197""]}, {""via"": ""exact_alias"", ""source_token"": ""CDW197"", ""tokens"": [""CDW197""]}]}, {""sense"": ""positive"", ""pr"": ""PR:000001380"", ""asserted"": ""False"", ""paths"": [{""via"": ""exact_alias"", ""source_token"": ""CD25"", ""tokens"": [""CD25""]}, {""via"": ""pro_id"", ""pr"": ""PR:000001380"", ""tokens"": [""CD25""]}]}]"
SOULCAP:SC000121		CD4 PanT Treg		CD4/CD8 PanT			3	CL:0000792	CD4-positive, CD25-positive, alpha-beta regulatory T cell	17	1	CD4+, CD8-, CD127:low (dim) (1 of 2 alt.), CD25+		CD14-/CD33-/CD64- (no axiom on any alt.), CD19-/CD20- (no axiom on any alt.), CD123-, CD45+, CD3+, HLA-DR:not:positive/CD11C:not:high (no axiom on any alt.), CD15-/CD66B- (no axiom on any alt.), CD16-	no		"[""marker_axioms""]"	null	"[{""sense"": ""low"", ""pr"": ""PR:000001869"", ""asserted"": ""True"", ""paths"": [{""via"": ""exact_alias"", ""source_token"": ""CD127"", ""tokens"": [""CD127""]}, {""via"": ""exact_alias"", ""source_token"": ""CDW127"", ""tokens"": [""CDW127""]}, {""via"": ""pro_id"", ""pr"": ""PR:000001869"", ""tokens"": [""CD127""]}]}, {""sense"": ""negative"", ""pr"": ""PR:000025402"", ""asserted"": ""False"", ""paths"": [{""via"": ""exact_alias"", ""source_token"": ""CD8"", ""tokens"": [""CD8""]}]}, {""sense"": ""positive"", ""pr"": ""PR:000001004"", ""asserted"": ""False"", ""paths"": [{""via"": ""exact_alias"", ""source_token"": ""CD4"", ""tokens"": [""CD4""]}, {""via"": ""pro_id"", ""pr"": ""PR:000001004"", ""tokens"": [""CD4""]}]}, {""sense"": ""positive"", ""pr"": ""PR:000001380"", ""asserted"": ""True"", ""paths"": [{""via"": ""exact_alias"", ""source_token"": ""CD25"", ""tokens"": [""CD25""]}, {""via"": ""pro_id"", ""pr"": ""PR:000001380"", ""tokens"": [""CD25""]}]}]"
SOULCAP:SC000122		Vg9 Vd2		TCRgd			1	CL:0002467	Gr1-high myeloid suppressor cell	6	0	CD45+, CD11C:not:high (1 of 2 alt.)		CD14-/CD33-/CD64- (no axiom on any alt.), CD19-/CD20- (no axiom on any alt.), CD123-, CD3+, TCRAB-/TCRGD+ (no axiom on any alt.), TCRVD2+, TCRVG9+, CD15-/CD66B- (no axiom on any alt.), CD16-, TCR:unknown, V:unknown, DELTA1-	no		"[""marker_axioms""]"	null	"[{""sense"": ""high"", ""pr"": ""PR:000002980"", ""asserted"": ""True"", ""paths"": []}, {""sense"": ""negative"", ""pr"": ""PR:000001013"", ""asserted"": ""True"", ""paths"": [{""via"": ""exact_alias"", ""source_token"": ""CD11"", ""tokens"": [""CD11""]}, {""via"": ""exact_alias"", ""source_token"": ""CD11C"", ""tokens"": [""CD11C""]}, {""via"": ""pro_id"", ""pr"": ""PR:000001013"", ""tokens"": [""CD11C""]}]}, {""sense"": ""positive"", ""pr"": ""PR:000001006"", ""asserted"": ""False"", ""paths"": [{""via"": ""pro_id"", ""pr"": ""PR:000001006"", ""tokens"": [""CD45""]}]}, {""sense"": ""positive"", ""pr"": ""PR:000001012"", ""asserted"": ""False"", ""paths"": [{""via"": ""exact_alias"", ""source_token"": ""CD11"", ""tokens"": [""CD11""]}, {""via"": ""exact_alias"", ""source_token"": ""CD11B"", ""tokens"": [""CD11B""]}]}]"
SOULCAP:SC000122		Vg9 Vd2		TCRgd			2	CL:0000097	mast cell	4	0	CD123-		CD14-/CD33-/CD64- (no axiom on any alt.), CD19-/CD20- (no axiom on any alt.), CD45+, CD3+, TCRAB-/TCRGD+ (no axiom on any alt.), TCRVD2+, TCRVG9+, HLA-DR:not:positive/CD11C:not:high (no axiom on any alt.), CD15-/CD66B- (no axiom on any alt.), CD16-, TCR:unknown, V:unknown, DELTA1-	no		"[""marker_axioms""]"	null	"[{""sense"": ""high"", ""pr"": ""PR:000002065"", ""asserted"": ""True"", ""paths"": [{""via"": ""exact_alias"", ""source_token"": ""CD117"", ""tokens"": [""CD117""]}, {""via"": ""pro_id"", ""pr"": ""PR:000002065"", ""tokens"": [""CD117""]}]}, {""sense"": ""high"", ""pr"": ""PR:000007431"", ""asserted"": ""True"", ""paths"": [{""via"": ""pro_id"", ""pr"": ""PR:000007431"", ""tokens"": [""FCER1A""]}]}, {""sense"": ""negative"", ""pr"": ""PR:000001865"", ""asserted"": ""True"", ""paths"": [{""via"": ""exact_alias"", ""source_token"": ""CD123"", ""tokens"": [""CD123""]}, {""via"": ""pro_id"", ""pr"": ""PR:000001865"", ""tokens"": [""CD123""]}]}, {""sense"": ""positive"", ""pr"": ""PR:000001255"", ""asserted"": ""True"", ""paths"": [{""via"": ""exact_alias"", ""source_token"": ""CD193"", ""tokens"": [""CD193""]}, {""via"": ""pro_id"", ""pr"": ""PR:000001255"", ""tokens"": [""CD193""]}]}, {""sense"": ""positive"", ""pr"": ""PR:000006169"", ""asserted"": ""True"", ""paths"": [{""via"": ""exact_alias"", ""source_token"": ""CD200"", ""tokens"": [""CD200""]}, {""via"": ""exact_alias"", ""source_token"": ""CD200RLB"", ""tokens"": [""CD200RLB""]}]}]"
SOULCAP:SC000122		Vg9 Vd2		TCRgd			3	CL:0000484	connective tissue type mast cell	4	0	CD123-		CD14-/CD33-/CD64- (no axiom on any alt.), CD19-/CD20- (no axiom on any alt.), CD45+, CD3+, TCRAB-/TCRGD+ (no axiom on any alt.), TCRVD2+, TCRVG9+, HLA-DR:not:positive/CD11C:not:high (no axiom on any alt.), CD15-/CD66B- (no axiom on any alt.), CD16-, TCR:unknown, V:unknown, DELTA1-	no		"[""marker_axioms""]"	null	"[{""sense"": ""high"", ""pr"": ""PR:000002065"", ""asserted"": ""False"", ""paths"": [{""via"": ""exact_alias"", ""source_token"": ""CD117"", ""tokens"": [""CD117""]}, {""via"": ""pro_id"", ""pr"": ""PR:000002065"", ""tokens"": [""CD117""]}]}, {""sense"": ""high"", ""pr"": ""PR:000007431"", ""asserted"": ""False"", ""paths"": [{""via"": ""pro_id"", ""pr"": ""PR:000007431"", ""tokens"": [""FCER1A""]}]}, {""sense"": ""negative"", ""pr"": ""PR:000001865"", ""asserted"": ""False"", ""paths"": [{""via"": ""exact_alias"", ""source_token"": ""CD123"", ""tokens"": [""CD123""]}, {""via"": ""pro_id"", ""pr"": ""PR:000001865"", ""tokens"": [""CD123""]}]}, {""sense"": ""positive"", ""pr"": ""PR:000001255"", ""asserted"": ""False"", ""paths"": [{""via"": ""exact_alias"", ""source_token"": ""CD193"", ""tokens"": [""CD193""]}, {""via"": ""pro_id"", ""pr"": ""PR:000001255"", ""tokens"": [""CD193""]}]}, {""sense"": ""positive"", ""pr"": ""PR:000006169"", ""asserted"": ""False"", ""paths"": [{""via"": ""exact_alias"", ""source_token"": ""CD200"", ""tokens"": [""CD200""]}, {""via"": ""exact_alias"", ""source_token"": ""CD200RLB"", ""tokens"": [""CD200RLB""]}]}]"
SOULCAP:SC000123		Vd2		TCRgd												invalid expression in Required phenotypic markers: invalid marker token '2+'			
SOULCAP:SC000124		Vd3		TCRgd												invalid expression in Required phenotypic markers: invalid marker token '1-'			
SOULCAP:SC000125		Vg9 Vd1														invalid expression in Required phenotypic markers: invalid marker token '1+'			
SOULCAP:SC000126		Vd1		TCRgd												invalid expression in Required phenotypic markers: invalid marker token '1+'			
SOULCAP:SC000127		Vg9		TCRgd												invalid expression in Required phenotypic markers: invalid marker token '1-'			
