abbreviation	full_name	parent	type_of_match	existing_cl_id	rank	cl_id	cl_label	score	hint_bonus	matched	contradictions	gaps	disqualified	note
NK	Natural Killer Cell		Exact		1	CL:0002338	CD56-positive, CD161-positive immature natural killer cell, human	23	3	CD14- (1 of 3 alt.), CD34-, CD3-, CD19-, CD56+		CD45+, CD127-, HLA-DR+, CD11C+, CD15-/CD66B- (no axiom on any alt.), CD123-, CD33-/CD64- (no axiom on any alt.)	no	
NK	Natural Killer Cell		Exact		2	CL:0000938	CD16-negative, CD56-bright natural killer cell, human	19	3	CD14- (1 of 3 alt.), CD3-, CD19-, CD56+ (hi)		CD34-, CD45+, CD127-, HLA-DR+, CD11C+, CD15-/CD66B- (no axiom on any alt.), CD123-, CD33-/CD64- (no axiom on any alt.)	no	
NK	Natural Killer Cell		Exact		3	CL:0000939	CD16-positive, CD56-dim natural killer cell, human	19	3	CD14- (1 of 3 alt.), CD3-, CD19-, CD56+ (dim)		CD34-, CD45+, CD127-, HLA-DR+, CD11C+, CD15-/CD66B- (no axiom on any alt.), CD123-, CD33-/CD64- (no axiom on any alt.)	no	
NK2	Natural Killer Cell 2	NK	Surface Only (SO)		1	CL:0000938	CD16-negative, CD56-bright natural killer cell, human	23	3	CD14- (1 of 3 alt.), CD3-, CD19-, CD56+ (hi), CD16-		CD34-, CD45+, CD127-, CD57-, HLA-DR+, CD11C+, CD15-/CD66B- (no axiom on any alt.), CD123-	no	
NK2	Natural Killer Cell 2	NK	Surface Only (SO)		2	CL:0002338	CD56-positive, CD161-positive immature natural killer cell, human	23	3	CD14- (1 of 3 alt.), CD34-, CD3-, CD19-, CD56+		CD45+, CD127-, CD16-, CD57-, HLA-DR+, CD11C+, CD15-/CD66B- (no axiom on any alt.), CD123-	no	
NK2	Natural Killer Cell 2	NK	Surface Only (SO)		3	CL:0002343	decidual natural killer cell, human	23	3	CD14- (1 of 3 alt.), CD3-, CD19-, CD56+ (hi), CD16-		CD34-, CD45+, CD127-, CD57-, HLA-DR+, CD11C+, CD15-/CD66B- (no axiom on any alt.), CD123-	no	
CTNK	Cytotoxice Natural Killer Cell	NK	SO and Cytokine		1	CL:0000939	CD16-positive, CD56-dim natural killer cell, human	23	3	CD14- (1 of 3 alt.), CD3-, CD19-, CD56+ (dim), CD16+		CD34-, CD45+, CD127-, HLA-DR+, CD11C+, CD15-/CD66B- (no axiom on any alt.), CD123-	no	
CTNK	Cytotoxice Natural Killer Cell	NK	SO and Cytokine		2	CL:0002338	CD56-positive, CD161-positive immature natural killer cell, human	23	3	CD14- (1 of 3 alt.), CD34-, CD3-, CD19-, CD56+		CD45+, CD127-, CD16+, HLA-DR+, CD11C+, CD15-/CD66B- (no axiom on any alt.), CD123-	no	
CTNK	Cytotoxice Natural Killer Cell	NK	SO and Cytokine		3	CL:0001073	CD34-negative, CD56-positive, CD117-positive innate lymphoid cell, human	17	1	CD34-, CD3-, CD19-, CD56+		CD14-/CD33-/CD64- (no axiom on any alt.), CD45+, CD127-, CD16+, HLA-DR+, CD11C+, CD15-/CD66B- (no axiom on any alt.), CD123-	no	
NK1	Natural Killer Cell 1	CTNK	SO and TF		1	CL:0000939	CD16-positive, CD56-dim natural killer cell, human	23	3	CD14- (1 of 3 alt.), CD3-, CD19-, CD56+ (dim), CD16+		CD34-, CD45+, CD127-, CD57-, HLA-DR+, CD11C+, CD15-/CD66B- (no axiom on any alt.), CD123-	no	
NK1	Natural Killer Cell 1	CTNK	SO and TF		2	CL:0002338	CD56-positive, CD161-positive immature natural killer cell, human	23	3	CD14- (1 of 3 alt.), CD34-, CD3-, CD19-, CD56+		CD45+, CD127-, CD16+, CD57-, HLA-DR+, CD11C+, CD15-/CD66B- (no axiom on any alt.), CD123-	no	
NK1	Natural Killer Cell 1	CTNK	SO and TF		3	CL:0001073	CD34-negative, CD56-positive, CD117-positive innate lymphoid cell, human	17	1	CD34-, CD3-, CD19-, CD56+		CD14-/CD33-/CD64- (no axiom on any alt.), CD45+, CD127-, CD16+, CD57-, HLA-DR+, CD11C+, CD15-/CD66B- (no axiom on any alt.), CD123-	no	
NK3	Natural Killer Cell 3	CTNK	TF ONLY		1	CL:0000939	CD16-positive, CD56-dim natural killer cell, human	23	3	CD14- (1 of 3 alt.), CD3-, CD19-, CD56+ (dim), CD16+		CD34-, CD45+, CD127-, CD57+, HLA-DR+, CD11C+, CD15-/CD66B- (no axiom on any alt.), CD123-	no	
NK3	Natural Killer Cell 3	CTNK	TF ONLY		2	CL:0002338	CD56-positive, CD161-positive immature natural killer cell, human	23	3	CD14- (1 of 3 alt.), CD34-, CD3-, CD19-, CD56+		CD45+, CD127-, CD16+, CD57+, HLA-DR+, CD11C+, CD15-/CD66B- (no axiom on any alt.), CD123-	no	
NK3	Natural Killer Cell 3	CTNK	TF ONLY		3	CL:0001073	CD34-negative, CD56-positive, CD117-positive innate lymphoid cell, human	17	1	CD34-, CD3-, CD19-, CD56+		CD14-/CD33-/CD64- (no axiom on any alt.), CD45+, CD127-, CD16+, CD57+, HLA-DR+, CD11C+, CD15-/CD66B- (no axiom on any alt.), CD123-	no	
ILCp	Innate Lymphoid Cell Progenitor		Surface Only (SO)		1	CL:0001073	CD34-negative, CD56-positive, CD117-positive innate lymphoid cell, human	15	3	CD3-, CD56+, CD117+		CD45+, CD127+, CD294-	no	
ILCp	Innate Lymphoid Cell Progenitor		Surface Only (SO)		2	CL:0001076	NKp46-positive innate lymphoid cell, human	15	3	CD3-, CD56+, CD117+		CD45+, CD127+, CD294-	no	
ILCp	Innate Lymphoid Cell Progenitor		Surface Only (SO)		3	CL:0001074	CD34-positive, CD56-positive, CD117-positive common innate lymphoid precursor, human	14	2	CD3-, CD56+, CD117+		CD45+, CD127+, CD294-	no	
ILC	Innate Lymphoid Cell		Surface Only (SO)		1	CL:0001057	myeloid dendritic cell, human	25	1	CD14- (1 of 3 alt.), CD34-, CD3-, CD19-, CD3-, CD11C+ (hi), CD123-		CD45+, CD127+, HLA-DR+, CD15-/CD66B- (no axiom on any alt.)	no	
ILC	Innate Lymphoid Cell		Surface Only (SO)		2	CL:0000989	CD11c-low plasmacytoid dendritic cell	23	1	CD34-, CD3-, CD19-, CD45+, CD3-, CD11C+ (dim)		CD14-/CD33-/CD64- (no axiom on any alt.), CD127+, HLA-DR+, CD15-/CD66B- (no axiom on any alt.), CD123-	no	
ILC	Innate Lymphoid Cell		Surface Only (SO)		3	CL:0000992	immature CD11c-low plasmacytoid dendritic cell	23	1	CD34-, CD3-, CD19-, CD45+, CD3-, CD11C+ (dim)		CD14-/CD33-/CD64- (no axiom on any alt.), CD127+, HLA-DR+, CD15-/CD66B- (no axiom on any alt.), CD123-	no	
ILC1	Innate Lymphoid Cell 1	ILC	Surface Only (SO)		1	CL:0001057	myeloid dendritic cell, human	29	1	CD14- (1 of 3 alt.), CD34-, CD3-, CD19-, CD3-, CD56-, CD11C+ (hi), CD123-		CD45+, CD127+, CD117-, CD294-, HLA-DR+, CD15-/CD66B- (no axiom on any alt.)	no	
ILC1	Innate Lymphoid Cell 1	ILC	Surface Only (SO)		2	CL:0000989	CD11c-low plasmacytoid dendritic cell	27	1	CD34-, CD3-, CD19-, CD45+, CD3-, CD56-, CD11C+ (dim)		CD14-/CD33-/CD64- (no axiom on any alt.), CD127+, CD117-, CD294-, HLA-DR+, CD15-/CD66B- (no axiom on any alt.), CD123-	no	
ILC1	Innate Lymphoid Cell 1	ILC	Surface Only (SO)		3	CL:0000992	immature CD11c-low plasmacytoid dendritic cell	27	1	CD34-, CD3-, CD19-, CD45+, CD3-, CD56-, CD11C+ (dim)		CD14-/CD33-/CD64- (no axiom on any alt.), CD127+, CD117-, CD294-, HLA-DR+, CD15-/CD66B- (no axiom on any alt.), CD123-	no	
ILC2	Innate Lymphoid Cell 2	ILC	Surface Only (SO)		1	CL:0001057	myeloid dendritic cell, human	29	1	CD14- (1 of 3 alt.), CD34-, CD3-, CD19-, CD3-, CD56-, CD11C+ (hi), CD123-		CD45+, CD127+, CD117-, CD294+, HLA-DR+, CD15-/CD66B- (no axiom on any alt.)	no	
ILC2	Innate Lymphoid Cell 2	ILC	Surface Only (SO)		2	CL:0000989	CD11c-low plasmacytoid dendritic cell	27	1	CD34-, CD3-, CD19-, CD45+, CD3-, CD56-, CD11C+ (dim)		CD14-/CD33-/CD64- (no axiom on any alt.), CD127+, CD117-, CD294+, HLA-DR+, CD15-/CD66B- (no axiom on any alt.), CD123-	no	
ILC2	Innate Lymphoid Cell 2	ILC	Surface Only (SO)		3	CL:0000992	immature CD11c-low plasmacytoid dendritic cell	27	1	CD34-, CD3-, CD19-, CD45+, CD3-, CD56-, CD11C+ (dim)		CD14-/CD33-/CD64- (no axiom on any alt.), CD127+, CD117-, CD294+, HLA-DR+, CD15-/CD66B- (no axiom on any alt.), CD123-	no	
ILC3	Innate Lymphoid Cell 3	ILC	Surface Only (SO)		1	CL:0002338	CD56-positive, CD161-positive immature natural killer cell, human	29	1	CD14- (1 of 3 alt.), CD34-, CD3-, CD19-, CD3-, CD56+, CD117+		CD45+, CD127+, CD294-, HLA-DR+, CD11C+, CD15-/CD66B- (no axiom on any alt.), CD123-	no	
ILC3	Innate Lymphoid Cell 3	ILC	Surface Only (SO)		2	CL:0001073	CD34-negative, CD56-positive, CD117-positive innate lymphoid cell, human	27	3	CD34-, CD3-, CD19-, CD3-, CD56+, CD117+		CD14-/CD33-/CD64- (no axiom on any alt.), CD45+, CD127+, CD294-, HLA-DR+, CD11C+, CD15-/CD66B- (no axiom on any alt.), CD123-	no	
ILC3	Innate Lymphoid Cell 3	ILC	Surface Only (SO)		3	CL:0001072	CD34-negative, CD117-positive innate lymphoid cell, human	23	3	CD34-, CD3-, CD19-, CD3-, CD117+		CD14-/CD33-/CD64- (no axiom on any alt.), CD45+, CD127+, CD56+, CD294-, HLA-DR+, CD11C+, CD15-/CD66B- (no axiom on any alt.), CD123-	no	
cDC	Conventional Dendritic Cell		Exact		1	CL:0002008	CD34-positive, CD38-positive eosinophil progenitor cell	23	1	CD123+ (1 of 2 alt.), CD123+ (1 of 2 alt.), CD14-, CD45+, CD3-, CD19-, CD56-		CD16-, CD33+/CD64+ (no axiom on any alt.), CD11C+, HLA-DR+, CD127-	no	
cDC	Conventional Dendritic Cell		Exact		2	CL:0000614	basophilic myelocyte	22	0	CD123+ (hi) (1 of 2 alt.), CD123+ (hi) (1 of 2 alt.), CD16-, CD33+ (1 of 2 alt.), CD3-, CD19-, CD56-		CD14-, CD45+, CD11C+, HLA-DR+, CD127-	no	
cDC	Conventional Dendritic Cell		Exact		3	CL:0000942	thymic plasmacytoid dendritic cell	20	2	CD123+ (1 of 2 alt.), CD123+ (1 of 2 alt.), CD45+, CD3-, CD19-, CD56-		CD14-, CD16-, CD33+/CD64+ (no axiom on any alt.), CD11C+, HLA-DR+, CD127-	no	
cDC1	Conventional Dendritic Cell 1	DCM	Exact		1	CL:0002008	CD34-positive, CD38-positive eosinophil progenitor cell	23	1	CD123+ (1 of 2 alt.), CD123+ (1 of 2 alt.), CD14-, CD45+, CD3-, CD19-, CD56-		CD16-, CD33+/CD64+ (no axiom on any alt.), CD11C+, HLA-DR+, CD1C-, CD141+, CD127-, CD172A-, FCER1A-	no	
cDC1	Conventional Dendritic Cell 1	DCM	Exact		2	CL:0000614	basophilic myelocyte	22	0	CD123+ (hi) (1 of 2 alt.), CD123+ (hi) (1 of 2 alt.), CD16-, CD33+ (1 of 2 alt.), CD3-, CD19-, CD56-		CD14-, CD45+, CD11C+, HLA-DR+, CD1C-, CD141+, CD127-, CD172A-, FCER1A-	no	
cDC1	Conventional Dendritic Cell 1	DCM	Exact		3	CL:0000942	thymic plasmacytoid dendritic cell	20	2	CD123+ (1 of 2 alt.), CD123+ (1 of 2 alt.), CD45+, CD3-, CD19-, CD56-		CD14-, CD16-, CD33+/CD64+ (no axiom on any alt.), CD11C+, HLA-DR+, CD1C-, CD141+, CD127-, CD172A-, FCER1A-	no	
cDC2	Conventional Dendritic Cell 2	DCM	Exact		1	CL:0002008	CD34-positive, CD38-positive eosinophil progenitor cell	23	1	CD123+ (1 of 2 alt.), CD123+ (1 of 2 alt.), CD14-, CD45+, CD3-, CD19-, CD56-		CD16-, CD33+/CD64+ (no axiom on any alt.), CD11C+, HLA-DR+, CD1C+, CD141-, CD127-, CD172A+, FCER1A+	no	
cDC2	Conventional Dendritic Cell 2	DCM	Exact		2	CL:0000614	basophilic myelocyte	22	0	CD123+ (hi) (1 of 2 alt.), CD123+ (hi) (1 of 2 alt.), CD16-, CD33+ (1 of 2 alt.), CD3-, CD19-, CD56-		CD14-, CD45+, CD11C+, HLA-DR+, CD1C+, CD141-, CD127-, CD172A+, FCER1A+	no	
cDC2	Conventional Dendritic Cell 2	DCM	Exact		3	CL:0000942	thymic plasmacytoid dendritic cell	20	2	CD123+ (1 of 2 alt.), CD123+ (1 of 2 alt.), CD45+, CD3-, CD19-, CD56-		CD14-, CD16-, CD33+/CD64+ (no axiom on any alt.), CD11C+, HLA-DR+, CD1C+, CD141-, CD127-, CD172A+, FCER1A+	no	
pDC	Peripheral Dendritic Cell		Exact		1	CL:0000991	CD11c-negative plasmacytoid dendritic cell	22	2	CD3-, CD45+, CD123+ (1 of 2 alt.), CD303+ (1 of 3 alt.), CD56-, CD19-		CD127-, CD15-/CD66B- (no axiom on any alt.), CD14-, CD16-	no	
pDC	Peripheral Dendritic Cell		Exact		2	CL:0000994	immature CD11c-negative plasmacytoid dendritic cell	22	2	CD3-, CD45+, CD123+ (1 of 2 alt.), CD303+ (1 of 3 alt.), CD56-, CD19-		CD127-, CD15-/CD66B- (no axiom on any alt.), CD14-, CD16-	no	
pDC	Peripheral Dendritic Cell		Exact		3	CL:0000996	mature CD11c-negative plasmacytoid dendritic cell	22	2	CD3-, CD45+, CD123+ (1 of 2 alt.), CD303+ (1 of 3 alt.), CD56-, CD19-		CD127-, CD15-/CD66B- (no axiom on any alt.), CD14-, CD16-	no	
Basophil	Basophil		Exact		1	CL:0000614	basophilic myelocyte	18	1	CD3-, CD33+ (1 of 2 alt.), CD193+ (hi) (1 of 4 alt.), CD56-, CD19-, CD16-	CD15-/CD66B- (all alt. conflict)	CD45+, CD127-, CD14-, FCER1A+, HLA-DR-	no	
Basophil	Basophil		Exact		2	CL:0002008	CD34-positive, CD38-positive eosinophil progenitor cell	18	0	CD3-, CD45+, CD123+ (1 of 2 alt.), CD56-, CD19-, CD14-		CD193+/FCER1A+/HLA-DR-/CD303- (no axiom on any alt.), CD127-, CD15-/CD66B- (no axiom on any alt.), CD16-, FCER1A+, HLA-DR-	no	
Basophil	Basophil		Exact		3	CL:0000043	mature basophil	17	1	CD3-, CD123+ (hi) (1 of 2 alt.), CD193+ (hi) (1 of 4 alt.), CD56-, CD19-		CD45+, CD127-, CD15-/CD66B- (no axiom on any alt.), CD14-, CD16-, FCER1A+, HLA-DR-	no	
Basophil	Basophil		Exact		1	CL:0000043	mature basophil	17	1	CD3-, CD193+ (hi), CD123+ (hi), CD56-, CD19-		CD15-/CD66B- (no axiom on any alt.), CD45+, CD127-	no	
Basophil	Basophil		Exact		2	CL:0000767	basophil	17	1	CD3-, CD193+ (hi), CD123+ (hi), CD56-, CD19-		CD15-/CD66B- (no axiom on any alt.), CD45+, CD127-	no	
Basophil	Basophil		Exact		3	CL:0000768	immature basophil	17	1	CD3-, CD193+ (hi), CD123+ (hi), CD56-, CD19-		CD15-/CD66B- (no axiom on any alt.), CD45+, CD127-	no	
Mono	Monocyte		Exact		1	CL:0000614	basophilic myelocyte	24	0	CD56-, CD19-, CD123+ (hi), CD123+ (hi) (1 of 2 alt.), CD15+, CD66B+, CD3-, CD33+ (1 of 2 alt.)		CD303-, CD45+, CD14+, CD11C+	no	
Mono	Monocyte		Exact		2	CL:0000769	basophilic metamyelocyte	24	0	CD56-, CD19-, CD123+ (hi), CD123+ (hi) (1 of 2 alt.), CD15+, CD66B+, CD3-, CD33+ (1 of 2 alt.)		CD303-, CD45+, CD14+, CD11C+	no	
Mono	Monocyte		Exact		3	CL:0000942	thymic plasmacytoid dendritic cell	22	0	CD56-, CD19-, CD123+, CD123+ (1 of 2 alt.), CD45+, CD3-		CD303-, CD14+, CD11C+, CD15+, CD66B+, CD64+/CD33+ (no axiom on any alt.)	no	
CMo	Classical Monocyte	Mono	Exact		1	CL:0000614	basophilic myelocyte	28	0	CD56-, CD19-, CD123+ (hi), CD123+ (hi) (1 of 2 alt.), CD16-, CD15+, CD66B+, CD3-, CD33+ (1 of 2 alt.)		CD303-, CD45+, CD14+	no	
CMo	Classical Monocyte	Mono	Exact		2	CL:0000942	thymic plasmacytoid dendritic cell	22	0	CD56-, CD19-, CD123+, CD123+ (1 of 2 alt.), CD45+, CD3-		CD303-, CD14+, CD16-, CD15+, CD66B+, CD64+/CD33+ (no axiom on any alt.)	no	
CMo	Classical Monocyte	Mono	Exact		3	CL:0000043	mature basophil	20	0	CD56-, CD19-, CD123+ (hi), CD123+ (hi) (1 of 2 alt.), CD66B+, CD3-		CD303-, CD45+, CD14+, CD16-, CD15+, CD64+/CD33+ (no axiom on any alt.)	no	
NCMo	Non-classical Monocyte	Mono	Exact		1	CL:0000769	basophilic metamyelocyte	28	0	CD56-, CD19-, CD123+ (hi), CD123+ (hi) (1 of 2 alt.), CD16+, CD15+, CD66B+, CD3-, CD33+ (1 of 2 alt.)		CD303-, CD45+, CD14-	no	
NCMo	Non-classical Monocyte	Mono	Exact		2	CL:0002008	CD34-positive, CD38-positive eosinophil progenitor cell	26	0	CD56-, CD19-, CD123+, CD123+ (1 of 2 alt.), CD45+, CD14-, CD3-		CD303-, CD16+, CD15+, CD66B+, CD64+/CD33+ (no axiom on any alt.)	no	
NCMo	Non-classical Monocyte	Mono	Exact		3	CL:0000557	granulocyte monocyte progenitor cell	24	2	CD56-, CD19-, CD123+, CD123+ (1 of 2 alt.), CD14-, CD3-		CD303-, CD45+, CD16+, CD15+, CD66B+, CD64+/CD33+ (no axiom on any alt.)	no	
IntMo	Intermediate Monocyte	Mono	Exact		1	CL:0000769	basophilic metamyelocyte	28	0	CD56-, CD19-, CD123+ (hi), CD123+ (hi) (1 of 2 alt.), CD16+, CD15+, CD66B+, CD3-, CD33+ (1 of 2 alt.)		CD303-, CD45+, CD14+	no	
IntMo	Intermediate Monocyte	Mono	Exact		2	CL:0000942	thymic plasmacytoid dendritic cell	22	0	CD56-, CD19-, CD123+, CD123+ (1 of 2 alt.), CD45+, CD3-		CD303-, CD14+, CD16+, CD15+, CD66B+, CD64+/CD33+ (no axiom on any alt.)	no	
IntMo	Intermediate Monocyte	Mono	Exact		3	CL:0000043	mature basophil	20	0	CD56-, CD19-, CD123+ (hi), CD123+ (hi) (1 of 2 alt.), CD66B+, CD3-		CD303-, CD45+, CD14+, CD16+, CD15+, CD64+/CD33+ (no axiom on any alt.)	no	
Neut	Neutrophil		Exact		1	CL:0000582	neutrophilic metamyelocyte	22	2	CD3-, CD56-, CD15+ (1 of 2 alt.), CD16+, CD19-, CD33+ (1 of 2 alt.)		CD14-, CD123-, CD45+, CD193-, HLA-DR+, CD11C+	no	
Neut	Neutrophil		Exact		2	CL:0000096	mature neutrophil	20	2	CD3-, CD56-, CD15+ (1 of 2 alt.), CD16+, CD19-		CD14-, CD123-, CD45+, CD193-, HLA-DR+, CD11C+, CD64-/CD33+ (no axiom on any alt.)	no	
Neut	Neutrophil		Exact		3	CL:0000560	band form neutrophil	20	2	CD3-, CD56-, CD15+ (1 of 2 alt.), CD16+, CD19-		CD14-, CD123-, CD45+, CD193-, HLA-DR+, CD11C+, CD64-/CD33+ (no axiom on any alt.)	no	
Eos	Eosinophil		Exact		1	CL:0000612	eosinophilic myelocyte	26	2	CD3-, CD56-, CD15+ (1 of 2 alt.), CD193+, CD16-, CD19-, CD33+ (1 of 2 alt.)		CD14-, CD123-, CD45+, HLA-DR+, CD11C+	no	
Eos	Eosinophil		Exact		2	CL:0000041	mature eosinophil	20	2	CD3-, CD56-, CD66B+ (1 of 2 alt.), CD193+, CD19-		CD14-, CD123-, CD45+, CD16-, HLA-DR+, CD11C+, CD64-/CD33+ (no axiom on any alt.)	no	
Eos	Eosinophil		Exact		3	CL:0000580	neutrophilic myelocyte	20	0	CD3-, CD56-, CD15+ (1 of 2 alt.), CD16-, CD19-, CD33+ (1 of 2 alt.)		CD14-, CD123-, CD45+, CD193+, HLA-DR+, CD11C+	no	
B cell	B cell		Exact		1	CL:0000819	B-1 B cell	15	1	CD3-, CD45+, CD20+ (1 of 2 alt.), CD20+		CD14-/CD33-/CD64- (no axiom on any alt.), CD56-, CD127-, CD16-, CD15-/CD66B- (no axiom on any alt.), HLA-DR+, CD11C+, CD123-	no	
B cell	B cell		Exact		2	CL:0000820	B-1a B cell	15	1	CD3-, CD45+, CD20+ (1 of 2 alt.), CD20+		CD14-/CD33-/CD64- (no axiom on any alt.), CD56-, CD127-, CD16-, CD15-/CD66B- (no axiom on any alt.), HLA-DR+, CD11C+, CD123-	no	
B cell	B cell		Exact		3	CL:0000821	B-1b B cell	15	1	CD3-, CD45+, CD20+ (1 of 2 alt.), CD20+		CD14-/CD33-/CD64- (no axiom on any alt.), CD56-, CD127-, CD16-, CD15-/CD66B- (no axiom on any alt.), HLA-DR+, CD11C+, CD123-	no	
ASC	Antibody Secreting Cell		Surface Only (SO)		1	CL:0002115	B220-positive CD38-positive unswitched memory B cell	23	1	CD3-, CD45+, CD19+, CD27+, CD38+, CD20+		CD14-/CD33-/CD64- (no axiom on any alt.), CD56-, CD127-, CD16-, CD15-/CD66B- (no axiom on any alt.), HLA-DR+, CD11C+, CD123-	no	
ASC	Antibody Secreting Cell		Surface Only (SO)		2	CL:0002116	B220-low CD38-positive unswitched memory B cell	23	1	CD3-, CD45+ (dim), CD19+, CD27+, CD38+, CD20+		CD14-/CD33-/CD64- (no axiom on any alt.), CD56-, CD127-, CD16-, CD15-/CD66B- (no axiom on any alt.), HLA-DR+, CD11C+, CD123-	no	
ASC	Antibody Secreting Cell		Surface Only (SO)		3	CL:0002122	B220-positive CD38-positive IgG-negative class switched memory B cell	23	1	CD3-, CD45+, CD19+, CD27+, CD38+, CD20+		CD14-/CD33-/CD64- (no axiom on any alt.), CD56-, CD127-, CD16-, CD15-/CD66B- (no axiom on any alt.), HLA-DR+, CD11C+, CD123-	no	
PB	Plasmablast	ASC	Surface Only (SO)		1	CL:0002115	B220-positive CD38-positive unswitched memory B cell	26	0	CD3-, CD45+, CD19+, CD27+, CD38+, CD138-, CD20+		CD14-/CD33-/CD64- (no axiom on any alt.), CD56-, CD127-, CD16-, CD15-/CD66B- (no axiom on any alt.), HLA-DR+, CD11C+, CD123-	no	
PB	Plasmablast	ASC	Surface Only (SO)		2	CL:0002116	B220-low CD38-positive unswitched memory B cell	26	0	CD3-, CD45+ (dim), CD19+, CD27+, CD38+, CD138-, CD20+		CD14-/CD33-/CD64- (no axiom on any alt.), CD56-, CD127-, CD16-, CD15-/CD66B- (no axiom on any alt.), HLA-DR+, CD11C+, CD123-	no	
PB	Plasmablast	ASC	Surface Only (SO)		3	CL:0002122	B220-positive CD38-positive IgG-negative class switched memory B cell	26	0	CD3-, CD45+, CD19+, CD27+, CD38+, CD138-, CD20+		CD14-/CD33-/CD64- (no axiom on any alt.), CD56-, CD127-, CD16-, CD15-/CD66B- (no axiom on any alt.), HLA-DR+, CD11C+, CD123-	no	
PC	Plasma Cell	ASC	Surface Only (SO)		1	CL:0000962	Bm2 B cell	16	1	CD3-, CD45+, CD19+, CD38+	CD20-	CD14-/CD33-/CD64- (no axiom on any alt.), CD56-, CD27+, CD138+, CD127-, CD16-, CD15-/CD66B- (no axiom on any alt.), HLA-DR+, CD11C+, CD123-	no	
PC	Plasma Cell	ASC	Surface Only (SO)		2	CL:0002047	fraction B precursor B cell	13	1	CD3-, CD45+, CD19+		CD14-/CD33-/CD64- (no axiom on any alt.), CD56-, CD27+, CD38+, CD138+, CD127-, CD16-, CD15-/CD66B- (no axiom on any alt.), HLA-DR+, CD11C+, CD123-, CD20-	no	
PC	Plasma Cell	ASC	Surface Only (SO)		3	CL:0002048	late pro-B cell	13	1	CD3-, CD19+ (dim), CD38+		CD14-/CD33-/CD64- (no axiom on any alt.), CD56-, CD45+, CD27+, CD138+, CD127-, CD16-, CD15-/CD66B- (no axiom on any alt.), HLA-DR+, CD11C+, CD123-, CD20-	no	
Transitional	Transitional B cell		Exact											no qualified markers found
T1/T2 B	Transitonal B cell 1 and 2				1	CL:0002109	B220-positive CD38-positive naive B cell	23	1	CD3-, CD45+, CD20+ (1 of 2 alt.), CD27-, CD38+ (1 of 2 alt.), CD20+		CD14-/CD33-/CD64- (no axiom on any alt.), CD56-, CD24+, CD127-, CD16-, CD15-/CD66B- (no axiom on any alt.), HLA-DR+, CD11C+, CD123-	no	
T1/T2 B	Transitonal B cell 1 and 2				2	CL:0002110	B220-low CD38-positive naive B cell	23	1	CD3-, CD45+ (dim), CD20+ (1 of 2 alt.), CD27-, CD38+ (1 of 2 alt.), CD20+		CD14-/CD33-/CD64- (no axiom on any alt.), CD56-, CD24+, CD127-, CD16-, CD15-/CD66B- (no axiom on any alt.), HLA-DR+, CD11C+, CD123-	no	
T1/T2 B	Transitonal B cell 1 and 2				3	CL:0002047	fraction B precursor B cell	21	1	CD3-, CD45+, CD19+ (1 of 2 alt.), CD10+ (1 of 2 alt.), CD24+		CD14-/CD33-/CD64- (no axiom on any alt.), CD56-, CD27-, CD127-, CD16-, CD15-/CD66B- (no axiom on any alt.), HLA-DR+, CD11C+, CD123-, CD20+	no	
Mature B	Mature B cell		Exact		1	CL:0000961	Bm1 B cell	19	1	CD3-, CD45+, CD20+ (1 of 2 alt.), CD38-, CD20+		CD14-/CD33-/CD64- (no axiom on any alt.), CD56-, CD27-, CD127-, CD16-, CD15-/CD66B- (no axiom on any alt.), HLA-DR+, CD11C+, CD123-	no	
Mature B	Mature B cell		Exact		2	CL:0002102	CD38-negative naive B cell	19	1	CD3-, CD20+ (1 of 2 alt.), CD27-, CD38-, CD20+		CD14-/CD33-/CD64- (no axiom on any alt.), CD56-, CD45+, CD127-, CD16-, CD15-/CD66B- (no axiom on any alt.), HLA-DR+, CD11C+, CD123-	no	
Mature B	Mature B cell		Exact		3	CL:0002055	CD38-negative immature B cell	16	2	CD3-, CD20+ (1 of 2 alt.), CD38-, CD20+		CD14-/CD33-/CD64- (no axiom on any alt.), CD56-, CD45+, CD27-, CD127-, CD16-, CD15-/CD66B- (no axiom on any alt.), HLA-DR+, CD11C+, CD123-	no	
T3	Transitional B cell 3	Mature B	Exact		1	CL:0000961	Bm1 B cell	19	1	CD3-, CD45+, CD20+ (1 of 2 alt.), CD38- (1 of 2 alt.), CD20+		CD14-/CD33-/CD64- (no axiom on any alt.), CD56-, CD27-, CD24+, IGD+, CD127-, CD16-, CD15-/CD66B- (no axiom on any alt.), HLA-DR+, CD11C+, CD123-	no	
T3	Transitional B cell 3	Mature B	Exact		2	CL:0002102	CD38-negative naive B cell	19	1	CD3-, CD20+ (1 of 2 alt.), CD27-, CD38- (1 of 2 alt.), CD20+		CD14-/CD33-/CD64- (no axiom on any alt.), CD56-, CD45+, CD24+, IGD+, CD127-, CD16-, CD15-/CD66B- (no axiom on any alt.), HLA-DR+, CD11C+, CD123-	no	
T3	Transitional B cell 3	Mature B	Exact		3	CL:0002109	B220-positive CD38-positive naive B cell	19	1	CD3-, CD45+, CD20+ (1 of 2 alt.), CD27-, CD20+		CD14-/CD33-/CD64- (no axiom on any alt.), CD56-, CD38-/CD10- (no axiom on any alt.), CD24+, IGD+, CD127-, CD16-, CD15-/CD66B- (no axiom on any alt.), HLA-DR+, CD11C+, CD123-	no	
Naive	Naive B cell	Mature B	Exact		1	CL:0002102	CD38-negative naive B cell	20	2	CD3-, CD20+ (1 of 2 alt.), CD27-, CD38- (1 of 2 alt.), CD20+		CD14-/CD33-/CD64- (no axiom on any alt.), CD56-, CD45+, CD24-, IGD+, CD127-, CD16-, CD15-/CD66B- (no axiom on any alt.), HLA-DR+, CD11C+, CD123-	no	
Naive	Naive B cell	Mature B	Exact		2	CL:0002109	B220-positive CD38-positive naive B cell	20	2	CD3-, CD45+, CD20+ (1 of 2 alt.), CD27-, CD20+		CD14-/CD33-/CD64- (no axiom on any alt.), CD56-, CD38-/CD10- (no axiom on any alt.), CD24-, IGD+, CD127-, CD16-, CD15-/CD66B- (no axiom on any alt.), HLA-DR+, CD11C+, CD123-	no	
Naive	Naive B cell	Mature B	Exact		3	CL:0002110	B220-low CD38-positive naive B cell	20	2	CD3-, CD45+ (dim), CD20+ (1 of 2 alt.), CD27-, CD20+		CD14-/CD33-/CD64- (no axiom on any alt.), CD56-, CD38-/CD10- (no axiom on any alt.), CD24-, IGD+, CD127-, CD16-, CD15-/CD66B- (no axiom on any alt.), HLA-DR+, CD11C+, CD123-	no	
BDN	Double Negative B cells	Mature B	Exact		1	CL:0002102	CD38-negative naive B cell	19	1	CD3-, CD20+ (1 of 2 alt.), CD27-, CD38- (1 of 2 alt.), CD20+		CD14-/CD33-/CD64- (no axiom on any alt.), CD56-, CD45+, CD24-, IGD-, CD127-, CD16-, CD15-/CD66B- (no axiom on any alt.), HLA-DR+, CD11C+, CD123-	no	
BDN	Double Negative B cells	Mature B	Exact		2	CL:0000961	Bm1 B cell	18	0	CD3-, CD45+, CD20+ (1 of 2 alt.), CD38- (1 of 2 alt.), CD20+		CD14-/CD33-/CD64- (no axiom on any alt.), CD56-, CD27-, CD24-, IGD-, CD127-, CD16-, CD15-/CD66B- (no axiom on any alt.), HLA-DR+, CD11C+, CD123-	no	
BDN	Double Negative B cells	Mature B	Exact		3	CL:0002109	B220-positive CD38-positive naive B cell	18	0	CD3-, CD45+, CD20+ (1 of 2 alt.), CD27-, CD20+		CD14-/CD33-/CD64- (no axiom on any alt.), CD56-, CD38-/CD10- (no axiom on any alt.), CD24-, IGD-, CD127-, CD16-, CD15-/CD66B- (no axiom on any alt.), HLA-DR+, CD11C+, CD123-	no	
BDN1	Double Negative B cell 1	BDN	Exact		1	CL:0000961	Bm1 B cell	23	1	CD3-, CD45+, CD20+ (1 of 2 alt.), CD38- (1 of 2 alt.), CD21+, CD20+		CD14-/CD33-/CD64- (no axiom on any alt.), CD56-, CD27-, CD24+, IGD-, CD11C-, CD185+, IGE-, CD127-, CD16-, CD15-/CD66B- (no axiom on any alt.), HLA-DR+, CD11C+, CD123-	no	
BDN1	Double Negative B cell 1	BDN	Exact		2	CL:0002055	CD38-negative immature B cell	20	2	CD3-, CD20+ (1 of 2 alt.), CD38- (1 of 2 alt.), CD21+ (dim), CD20+		CD14-/CD33-/CD64- (no axiom on any alt.), CD56-, CD45+, CD27-, CD24+, IGD-, CD11C-, CD185+, IGE-, CD127-, CD16-, CD15-/CD66B- (no axiom on any alt.), HLA-DR+, CD11C+, CD123-	no	
BDN1	Double Negative B cell 1	BDN	Exact		3	CL:0002102	CD38-negative naive B cell	20	2	CD3-, CD20+ (1 of 2 alt.), CD27-, CD38- (1 of 2 alt.), CD20+		CD14-/CD33-/CD64- (no axiom on any alt.), CD56-, CD45+, CD24+, IGD-, CD21+, CD11C-, CD185+, IGE-, CD127-, CD16-, CD15-/CD66B- (no axiom on any alt.), HLA-DR+, CD11C+, CD123-	no	
BDN2	Double Negative B cell 2	BDN	Exact		1	CL:0002102	CD38-negative naive B cell	20	2	CD3-, CD20+ (1 of 2 alt.), CD27-, CD38- (1 of 2 alt.), CD20+		CD14-/CD33-/CD64- (no axiom on any alt.), CD56-, CD45+, CD24-, IGD-, CD21-, CD11C+, CD185-, CD127-, CD16-, CD15-/CD66B- (no axiom on any alt.), HLA-DR+, CD11C+, CD123-	no	
BDN2	Double Negative B cell 2	BDN	Exact		2	CL:0002109	B220-positive CD38-positive naive B cell	19	1	CD3-, CD45+, CD20+ (1 of 2 alt.), CD27-, CD20+		CD14-/CD33-/CD64- (no axiom on any alt.), CD56-, CD38-/CD10- (no axiom on any alt.), CD24-, IGD-, CD21-, CD11C+, CD185-, CD127-, CD16-, CD15-/CD66B- (no axiom on any alt.), HLA-DR+, CD11C+, CD123-	no	
BDN2	Double Negative B cell 2	BDN	Exact		3	CL:0002110	B220-low CD38-positive naive B cell	19	1	CD3-, CD45+ (dim), CD20+ (1 of 2 alt.), CD27-, CD20+		CD14-/CD33-/CD64- (no axiom on any alt.), CD56-, CD38-/CD10- (no axiom on any alt.), CD24-, IGD-, CD21-, CD11C+, CD185-, CD127-, CD16-, CD15-/CD66B- (no axiom on any alt.), HLA-DR+, CD11C+, CD123-	no	
BDN3	Double Negative B cell 3	BDN	Exact		1	CL:0002102	CD38-negative naive B cell	20	2	CD3-, CD20+ (1 of 2 alt.), CD27-, CD38- (1 of 2 alt.), CD20+		CD14-/CD33-/CD64- (no axiom on any alt.), CD56-, CD45+, CD24+, IGD-, CD21-, CD11C-, CD185-, CD127-, CD16-, CD15-/CD66B- (no axiom on any alt.), HLA-DR+, CD11C+, CD123-	no	
BDN3	Double Negative B cell 3	BDN	Exact		2	CL:0000958	T1 B cell	19	1	CD3-, CD20+ (1 of 2 alt.), CD24+ (hi), CD21-, CD20+		CD14-/CD33-/CD64- (no axiom on any alt.), CD56-, CD45+, CD27-, CD38- (hi)/CD10- (no axiom on any alt.), IGD-, CD11C-, CD185-, CD127-, CD16-, CD15-/CD66B- (no axiom on any alt.), HLA-DR+, CD11C+, CD123-	no	
BDN3	Double Negative B cell 3	BDN	Exact		3	CL:0002109	B220-positive CD38-positive naive B cell	19	1	CD3-, CD45+, CD20+ (1 of 2 alt.), CD27-, CD20+		CD14-/CD33-/CD64- (no axiom on any alt.), CD56-, CD38-/CD10- (no axiom on any alt.), CD24+, IGD-, CD21-, CD11C-, CD185-, CD127-, CD16-, CD15-/CD66B- (no axiom on any alt.), HLA-DR+, CD11C+, CD123-	no	
BDN4	Double Negative B cell 4	BDN	Exact		1	CL:0000961	Bm1 B cell	23	1	CD3-, CD45+, CD20+ (1 of 2 alt.), CD38- (1 of 2 alt.), CD21+, CD20+		CD14-/CD33-/CD64- (no axiom on any alt.), CD56-, CD27-, CD24+, IGD-, CD11C-, CD185+, IGE+, CD127-, CD16-, CD15-/CD66B- (no axiom on any alt.), HLA-DR+, CD11C+, CD123-	no	
BDN4	Double Negative B cell 4	BDN	Exact		2	CL:0002055	CD38-negative immature B cell	20	2	CD3-, CD20+ (1 of 2 alt.), CD38- (1 of 2 alt.), CD21+ (dim), CD20+		CD14-/CD33-/CD64- (no axiom on any alt.), CD56-, CD45+, CD27-, CD24+, IGD-, CD11C-, CD185+, IGE+, CD127-, CD16-, CD15-/CD66B- (no axiom on any alt.), HLA-DR+, CD11C+, CD123-	no	
BDN4	Double Negative B cell 4	BDN	Exact		3	CL:0002102	CD38-negative naive B cell	20	2	CD3-, CD20+ (1 of 2 alt.), CD27-, CD38- (1 of 2 alt.), CD20+		CD14-/CD33-/CD64- (no axiom on any alt.), CD56-, CD45+, CD24+, IGD-, CD21+, CD11C-, CD185+, IGE+, CD127-, CD16-, CD15-/CD66B- (no axiom on any alt.), HLA-DR+, CD11C+, CD123-	no	
Bmem	Memory B cell		Exact		1	CL:0002112	B220-positive CD38-negative unswitched memory B cell	24	2	CD3-, CD45+, CD20+ (1 of 2 alt.), CD27+, CD38-, CD20+		CD14-/CD33-/CD64- (no axiom on any alt.), CD56-, CD127-, CD16-, CD15-/CD66B- (no axiom on any alt.), HLA-DR+, CD11C+, CD123-	no	
Bmem	Memory B cell		Exact		2	CL:0002113	B220-low CD38-negative unswitched memory B cell	24	2	CD3-, CD45+ (dim), CD20+ (1 of 2 alt.), CD27+, CD38-, CD20+		CD14-/CD33-/CD64- (no axiom on any alt.), CD56-, CD127-, CD16-, CD15-/CD66B- (no axiom on any alt.), HLA-DR+, CD11C+, CD123-	no	
Bmem	Memory B cell		Exact		3	CL:0002108	CD38-negative IgG memory B cell	20	2	CD3-, CD20+ (1 of 2 alt.), CD27+, CD38-, CD20+		CD14-/CD33-/CD64- (no axiom on any alt.), CD56-, CD45+, CD127-, CD16-, CD15-/CD66B- (no axiom on any alt.), HLA-DR+, CD11C+, CD123-	no	
IgD only	IgD only Memory B cell	Bmem	Exact		1	CL:0002112	B220-positive CD38-negative unswitched memory B cell	24	2	CD3-, CD45+, CD20+ (1 of 2 alt.), CD27+, CD38-, CD20+		CD14-/CD33-/CD64- (no axiom on any alt.), CD56-, IGD+, IGM-, CD127-, CD16-, CD15-/CD66B- (no axiom on any alt.), HLA-DR+, CD11C+, CD123-	no	
IgD only	IgD only Memory B cell	Bmem	Exact		2	CL:0002113	B220-low CD38-negative unswitched memory B cell	24	2	CD3-, CD45+ (dim), CD20+ (1 of 2 alt.), CD27+, CD38-, CD20+		CD14-/CD33-/CD64- (no axiom on any alt.), CD56-, IGD+, IGM-, CD127-, CD16-, CD15-/CD66B- (no axiom on any alt.), HLA-DR+, CD11C+, CD123-	no	
IgD only	IgD only Memory B cell	Bmem	Exact		3	CL:0002108	CD38-negative IgG memory B cell	20	2	CD3-, CD20+ (1 of 2 alt.), CD27+, CD38-, CD20+		CD14-/CD33-/CD64- (no axiom on any alt.), CD56-, CD45+, IGD+, IGM-, CD127-, CD16-, CD15-/CD66B- (no axiom on any alt.), HLA-DR+, CD11C+, CD123-	no	
Unswitched	Unswitched Memory B cell	Bmem	Exact		1	CL:0002112	B220-positive CD38-negative unswitched memory B cell	25	3	CD3-, CD45+, CD20+ (1 of 2 alt.), CD27+, CD38-, CD20+		CD14-/CD33-/CD64- (no axiom on any alt.), CD56-, IGD+, IGM+, CD127-, CD16-, CD15-/CD66B- (no axiom on any alt.), HLA-DR+, CD11C+, CD123-	no	
Unswitched	Unswitched Memory B cell	Bmem	Exact		2	CL:0002113	B220-low CD38-negative unswitched memory B cell	25	3	CD3-, CD45+ (dim), CD20+ (1 of 2 alt.), CD27+, CD38-, CD20+		CD14-/CD33-/CD64- (no axiom on any alt.), CD56-, IGD+, IGM+, CD127-, CD16-, CD15-/CD66B- (no axiom on any alt.), HLA-DR+, CD11C+, CD123-	no	
Unswitched	Unswitched Memory B cell	Bmem	Exact		3	CL:0002111	CD38-negative unswitched memory B cell	21	3	CD3-, CD20+ (1 of 2 alt.), CD27+, CD38-, CD20+		CD14-/CD33-/CD64- (no axiom on any alt.), CD56-, CD45+, IGD+, IGM+, CD127-, CD16-, CD15-/CD66B- (no axiom on any alt.), HLA-DR+, CD11C+, CD123-	no	
IgM only	IgM-only Memory B cell	Bmem	Exact		1	CL:0002112	B220-positive CD38-negative unswitched memory B cell	24	2	CD3-, CD45+, CD20+ (1 of 2 alt.), CD27+, CD38-, CD20+		CD14-/CD33-/CD64- (no axiom on any alt.), CD56-, IGD-, IGM+, CD127-, CD16-, CD15-/CD66B- (no axiom on any alt.), HLA-DR+, CD11C+, CD123-	no	
IgM only	IgM-only Memory B cell	Bmem	Exact		2	CL:0002113	B220-low CD38-negative unswitched memory B cell	24	2	CD3-, CD45+ (dim), CD20+ (1 of 2 alt.), CD27+, CD38-, CD20+		CD14-/CD33-/CD64- (no axiom on any alt.), CD56-, IGD-, IGM+, CD127-, CD16-, CD15-/CD66B- (no axiom on any alt.), HLA-DR+, CD11C+, CD123-	no	
IgM only	IgM-only Memory B cell	Bmem	Exact		3	CL:0002108	CD38-negative IgG memory B cell	20	2	CD3-, CD20+ (1 of 2 alt.), CD27+, CD38-, CD20+		CD14-/CD33-/CD64- (no axiom on any alt.), CD56-, CD45+, IGD-, IGM+, CD127-, CD16-, CD15-/CD66B- (no axiom on any alt.), HLA-DR+, CD11C+, CD123-	no	
Switched	Switched Memory B cell	Bmem	Exact		1	CL:0002112	B220-positive CD38-negative unswitched memory B cell	25	3	CD3-, CD45+, CD20+ (1 of 2 alt.), CD27+, CD38-, CD20+		CD14-/CD33-/CD64- (no axiom on any alt.), CD56-, IGD-, IGM-, CD127-, CD16-, CD15-/CD66B- (no axiom on any alt.), HLA-DR+, CD11C+, CD123-	no	
Switched	Switched Memory B cell	Bmem	Exact		2	CL:0002113	B220-low CD38-negative unswitched memory B cell	25	3	CD3-, CD45+ (dim), CD20+ (1 of 2 alt.), CD27+, CD38-, CD20+		CD14-/CD33-/CD64- (no axiom on any alt.), CD56-, IGD-, IGM-, CD127-, CD16-, CD15-/CD66B- (no axiom on any alt.), HLA-DR+, CD11C+, CD123-	no	
Switched	Switched Memory B cell	Bmem	Exact		3	CL:0002111	CD38-negative unswitched memory B cell	21	3	CD3-, CD20+ (1 of 2 alt.), CD27+, CD38-, CD20+		CD14-/CD33-/CD64- (no axiom on any alt.), CD56-, CD45+, IGD-, IGM-, CD127-, CD16-, CD15-/CD66B- (no axiom on any alt.), HLA-DR+, CD11C+, CD123-	no	
IgA	IgA-Class Switched B cell	Switched	Surface Only (SO)		1	CL:0002112	B220-positive CD38-negative unswitched memory B cell	24	2	CD3-, CD45+, CD20+ (1 of 2 alt.), CD27+, CD38-, CD20+		CD14-/CD33-/CD64- (no axiom on any alt.), CD56-, IGD-, IGM-, IGA+, IGG-, IGE-, CD127-, CD16-, CD15-/CD66B- (no axiom on any alt.), HLA-DR+, CD11C+, CD123-	no	
IgA	IgA-Class Switched B cell	Switched	Surface Only (SO)		2	CL:0002113	B220-low CD38-negative unswitched memory B cell	24	2	CD3-, CD45+ (dim), CD20+ (1 of 2 alt.), CD27+, CD38-, CD20+		CD14-/CD33-/CD64- (no axiom on any alt.), CD56-, IGD-, IGM-, IGA+, IGG-, IGE-, CD127-, CD16-, CD15-/CD66B- (no axiom on any alt.), HLA-DR+, CD11C+, CD123-	no	
IgA	IgA-Class Switched B cell	Switched	Surface Only (SO)		3	CL:0002118	CD38-negative IgG-negative class switched memory B cell	21	3	CD3-, CD20+ (1 of 2 alt.), CD27+, CD38-, CD20+		CD14-/CD33-/CD64- (no axiom on any alt.), CD56-, CD45+, IGD-, IGM-, IGA+, IGG-, IGE-, CD127-, CD16-, CD15-/CD66B- (no axiom on any alt.), HLA-DR+, CD11C+, CD123-	no	
IgG	IgG-Class Switched B cell	Switched	Surface Only (SO)		1	CL:0002112	B220-positive CD38-negative unswitched memory B cell	24	2	CD3-, CD45+, CD20+ (1 of 2 alt.), CD27+, CD38-, CD20+		CD14-/CD33-/CD64- (no axiom on any alt.), CD56-, IGD-, IGM-, IGA-, IGG+, IGE-, CD127-, CD16-, CD15-/CD66B- (no axiom on any alt.), HLA-DR+, CD11C+, CD123-	no	
IgG	IgG-Class Switched B cell	Switched	Surface Only (SO)		2	CL:0002113	B220-low CD38-negative unswitched memory B cell	24	2	CD3-, CD45+ (dim), CD20+ (1 of 2 alt.), CD27+, CD38-, CD20+		CD14-/CD33-/CD64- (no axiom on any alt.), CD56-, IGD-, IGM-, IGA-, IGG+, IGE-, CD127-, CD16-, CD15-/CD66B- (no axiom on any alt.), HLA-DR+, CD11C+, CD123-	no	
IgG	IgG-Class Switched B cell	Switched	Surface Only (SO)		3	CL:0002118	CD38-negative IgG-negative class switched memory B cell	22	4	CD3-, CD20+ (1 of 2 alt.), CD27+, CD38-, CD20+		CD14-/CD33-/CD64- (no axiom on any alt.), CD56-, CD45+, IGD-, IGM-, IGA-, IGG+, IGE-, CD127-, CD16-, CD15-/CD66B- (no axiom on any alt.), HLA-DR+, CD11C+, CD123-	no	
IgE	IgE-Class Switched B cell	Switched	Surface Only (SO)		1	CL:0002112	B220-positive CD38-negative unswitched memory B cell	24	2	CD3-, CD45+, CD20+ (1 of 2 alt.), CD27+, CD38-, CD20+		CD14-/CD33-/CD64- (no axiom on any alt.), CD56-, IGD-, IGM-, IGA-, IGG-, IGE+, CD127-, CD16-, CD15-/CD66B- (no axiom on any alt.), HLA-DR+, CD11C+, CD123-	no	
IgE	IgE-Class Switched B cell	Switched	Surface Only (SO)		2	CL:0002113	B220-low CD38-negative unswitched memory B cell	24	2	CD3-, CD45+ (dim), CD20+ (1 of 2 alt.), CD27+, CD38-, CD20+		CD14-/CD33-/CD64- (no axiom on any alt.), CD56-, IGD-, IGM-, IGA-, IGG-, IGE+, CD127-, CD16-, CD15-/CD66B- (no axiom on any alt.), HLA-DR+, CD11C+, CD123-	no	
IgE	IgE-Class Switched B cell	Switched	Surface Only (SO)		3	CL:0002118	CD38-negative IgG-negative class switched memory B cell	21	3	CD3-, CD20+ (1 of 2 alt.), CD27+, CD38-, CD20+		CD14-/CD33-/CD64- (no axiom on any alt.), CD56-, CD45+, IGD-, IGM-, IGA-, IGG-, IGE+, CD127-, CD16-, CD15-/CD66B- (no axiom on any alt.), HLA-DR+, CD11C+, CD123-	no	
T cell	T lymphocyte		Exact		1	CL:0002468	Gr1-low myeloid suppressor cell	7	1	CD45+, CD11C+		CD14-/CD33-/CD64- (no axiom on any alt.), CD19-/CD20- (no axiom on any alt.), CD123-, CD3+, HLA-DR+, CD15-/CD66B- (no axiom on any alt.), CD16-	no	
T cell	T lymphocyte		Exact		2	CL:0002477	adipose macrophage	6	0	CD45+, CD11C+		CD14-/CD33-/CD64- (no axiom on any alt.), CD19-/CD20- (no axiom on any alt.), CD123-, CD3+, HLA-DR+, CD15-/CD66B- (no axiom on any alt.), CD16-	no	
T cell	T lymphocyte		Exact		3	CL:0002478	F4/80-negative adipose macrophage	6	0	CD45+, CD11C+		CD14-/CD33-/CD64- (no axiom on any alt.), CD19-/CD20- (no axiom on any alt.), CD123-, CD3+, HLA-DR+, CD15-/CD66B- (no axiom on any alt.), CD16-	no	
CD56+ T cell	CD56+ T cell	T cell	Exact		1	CL:0002468	Gr1-low myeloid suppressor cell	7	1	CD45+, CD11C+		CD14-/CD33-/CD64- (no axiom on any alt.), CD19-/CD20- (no axiom on any alt.), CD123-, CD3+, CD56+, HLA-DR+, CD15-/CD66B- (no axiom on any alt.), CD16-	no	
CD56+ T cell	CD56+ T cell	T cell	Exact		2	CL:0002477	adipose macrophage	6	0	CD45+, CD11C+		CD14-/CD33-/CD64- (no axiom on any alt.), CD19-/CD20- (no axiom on any alt.), CD123-, CD3+, CD56+, HLA-DR+, CD15-/CD66B- (no axiom on any alt.), CD16-	no	
CD56+ T cell	CD56+ T cell	T cell	Exact		3	CL:0002478	F4/80-negative adipose macrophage	6	0	CD45+, CD11C+		CD14-/CD33-/CD64- (no axiom on any alt.), CD19-/CD20- (no axiom on any alt.), CD123-, CD3+, CD56+, HLA-DR+, CD15-/CD66B- (no axiom on any alt.), CD16-	no	
CD56+ CD4 T cell	CD56+ CD4 T cell	CD4+ T cell	Exact		1	CL:0002039	immature NK T cell stage I, mouse	9	1	CD4+ (dim), CD8+ (dim)		CD14-/CD33-/CD64- (no axiom on any alt.), CD19-/CD20- (no axiom on any alt.), CD123-, CD45+, CD3+, CD56+, HLA-DR+, CD11C+, CD15-/CD66B- (no axiom on any alt.), CD16-	no	
CD56+ CD4 T cell	CD56+ CD4 T cell	CD4+ T cell	Exact		2	CL:0002430	CD4-intermediate, CD8-positive double-positive thymocyte	9	1	CD4+ (dim), CD8+		CD14-/CD33-/CD64- (no axiom on any alt.), CD19-/CD20- (no axiom on any alt.), CD123-, CD45+, CD3+, CD56+, HLA-DR+, CD11C+, CD15-/CD66B- (no axiom on any alt.), CD16-	no	
CD56+ CD4 T cell	CD56+ CD4 T cell	CD4+ T cell	Exact		3	CL:0002431	CD4-positive, CD8-intermediate double-positive thymocyte	9	1	CD4+, CD8+ (dim)		CD14-/CD33-/CD64- (no axiom on any alt.), CD19-/CD20- (no axiom on any alt.), CD123-, CD45+, CD3+, CD56+, HLA-DR+, CD11C+, CD15-/CD66B- (no axiom on any alt.), CD16-	no	
CD56+ CD8 T cell	CD56+ CD8 T cell	CD8+ T cell	Exact		1	CL:0000900	naive thymus-derived CD8-positive, alpha-beta T cell	14	2	CD45+, CD4-, CD8+		CD14-/CD33-/CD64- (no axiom on any alt.), CD19-/CD20- (no axiom on any alt.), CD123-, CD3+, CD56+, HLA-DR+, CD11C+, CD15-/CD66B- (no axiom on any alt.), CD16-	no	
CD56+ CD8 T cell	CD56+ CD8 T cell	CD8+ T cell	Exact		2	CL:0000907	central memory CD8-positive, alpha-beta T cell	14	2	CD45+, CD4-, CD8+		CD14-/CD33-/CD64- (no axiom on any alt.), CD19-/CD20- (no axiom on any alt.), CD123-, CD3+, CD56+, HLA-DR+, CD11C+, CD15-/CD66B- (no axiom on any alt.), CD16-	no	
CD56+ CD8 T cell	CD56+ CD8 T cell	CD8+ T cell	Exact		3	CL:0000913	effector memory CD8-positive, alpha-beta T cell	14	2	CD45+, CD4-, CD8+		CD14-/CD33-/CD64- (no axiom on any alt.), CD19-/CD20- (no axiom on any alt.), CD123-, CD3+, CD56+, HLA-DR+, CD11C+, CD15-/CD66B- (no axiom on any alt.), CD16-	no	
CD56+ TCRab	CD56+ alpha/beta T cell	TCRab	Exact		1	CL:0002468	Gr1-low myeloid suppressor cell	7	1	CD45+, CD11C+		CD14-/CD33-/CD64- (no axiom on any alt.), CD19-/CD20- (no axiom on any alt.), CD123-, CD3+, TCRAB+/TCRGD- (no axiom on any alt.), CD56+, HLA-DR+, CD15-/CD66B- (no axiom on any alt.), CD16-	no	
CD56+ TCRab	CD56+ alpha/beta T cell	TCRab	Exact		2	CL:0002477	adipose macrophage	6	0	CD45+, CD11C+		CD14-/CD33-/CD64- (no axiom on any alt.), CD19-/CD20- (no axiom on any alt.), CD123-, CD3+, TCRAB+/TCRGD- (no axiom on any alt.), CD56+, HLA-DR+, CD15-/CD66B- (no axiom on any alt.), CD16-	no	
CD56+ TCRab	CD56+ alpha/beta T cell	TCRab	Exact		3	CL:0002478	F4/80-negative adipose macrophage	6	0	CD45+, CD11C+		CD14-/CD33-/CD64- (no axiom on any alt.), CD19-/CD20- (no axiom on any alt.), CD123-, CD3+, TCRAB+/TCRGD- (no axiom on any alt.), CD56+, HLA-DR+, CD15-/CD66B- (no axiom on any alt.), CD16-	no	
CD56+ CD4+ TCRab	CD56+ CD4+ alpha/beta T cell	CD4+ TCRab T cell	Exact		1	CL:0000895	naive thymus-derived CD4-positive, alpha-beta T cell	13	1	CD45+, CD4+, CD8-		CD14-/CD33-/CD64- (no axiom on any alt.), CD19-/CD20- (no axiom on any alt.), CD123-, CD3+, TCRAB+/TCRGD- (no axiom on any alt.), CD56+, HLA-DR+, CD11C+, CD15-/CD66B- (no axiom on any alt.), CD16-	no	
CD56+ CD4+ TCRab	CD56+ CD4+ alpha/beta T cell	CD4+ TCRab T cell	Exact		2	CL:0000904	central memory CD4-positive, alpha-beta T cell	13	1	CD45+, CD4+, CD8-		CD14-/CD33-/CD64- (no axiom on any alt.), CD19-/CD20- (no axiom on any alt.), CD123-, CD3+, TCRAB+/TCRGD- (no axiom on any alt.), CD56+, HLA-DR+, CD11C+, CD15-/CD66B- (no axiom on any alt.), CD16-	no	
CD56+ CD4+ TCRab	CD56+ CD4+ alpha/beta T cell	CD4+ TCRab T cell	Exact		3	CL:0000905	effector memory CD4-positive, alpha-beta T cell	13	1	CD45+, CD4+, CD8-		CD14-/CD33-/CD64- (no axiom on any alt.), CD19-/CD20- (no axiom on any alt.), CD123-, CD3+, TCRAB+/TCRGD- (no axiom on any alt.), CD56+, HLA-DR+, CD11C+, CD15-/CD66B- (no axiom on any alt.), CD16-	no	
CD56+ CD8+ TCRab	CD56+ CD8+ alpha/beta T cell	CD8+ TCRab T cell	Exact		1	CL:0000900	naive thymus-derived CD8-positive, alpha-beta T cell	13	1	CD45+, CD4-, CD8+		CD14-/CD33-/CD64- (no axiom on any alt.), CD19-/CD20- (no axiom on any alt.), CD123-, CD3+, TCRAB+/TCRGD- (no axiom on any alt.), CD56+, HLA-DR+, CD11C+, CD15-/CD66B- (no axiom on any alt.), CD16-	no	
CD56+ CD8+ TCRab	CD56+ CD8+ alpha/beta T cell	CD8+ TCRab T cell	Exact		2	CL:0000907	central memory CD8-positive, alpha-beta T cell	13	1	CD45+, CD4-, CD8+		CD14-/CD33-/CD64- (no axiom on any alt.), CD19-/CD20- (no axiom on any alt.), CD123-, CD3+, TCRAB+/TCRGD- (no axiom on any alt.), CD56+, HLA-DR+, CD11C+, CD15-/CD66B- (no axiom on any alt.), CD16-	no	
CD56+ CD8+ TCRab	CD56+ CD8+ alpha/beta T cell	CD8+ TCRab T cell	Exact		3	CL:0000913	effector memory CD8-positive, alpha-beta T cell	13	1	CD45+, CD4-, CD8+		CD14-/CD33-/CD64- (no axiom on any alt.), CD19-/CD20- (no axiom on any alt.), CD123-, CD3+, TCRAB+/TCRGD- (no axiom on any alt.), CD56+, HLA-DR+, CD11C+, CD15-/CD66B- (no axiom on any alt.), CD16-	no	
CD56+ CD4+/CD8+ TCRab	CD56+ CD4+/CD8+ alpha/beta T cell	CD4+/CD8+ TCRab T cell	Exact		1	CL:0002039	immature NK T cell stage I, mouse	9	1	CD4+ (dim), CD8+ (dim)		CD14-/CD33-/CD64- (no axiom on any alt.), CD19-/CD20- (no axiom on any alt.), CD123-, CD45+, CD3+, TCRAB+/TCRGD- (no axiom on any alt.), CD56+, HLA-DR+, CD11C+, CD15-/CD66B- (no axiom on any alt.), CD16-	no	
CD56+ CD4+/CD8+ TCRab	CD56+ CD4+/CD8+ alpha/beta T cell	CD4+/CD8+ TCRab T cell	Exact		2	CL:0000809	double-positive, alpha-beta thymocyte	8	0	CD4+, CD8+		CD14-/CD33-/CD64- (no axiom on any alt.), CD19-/CD20- (no axiom on any alt.), CD123-, CD45+, CD3+, TCRAB+/TCRGD- (no axiom on any alt.), CD56+, HLA-DR+, CD11C+, CD15-/CD66B- (no axiom on any alt.), CD16-	no	
CD56+ CD4+/CD8+ TCRab	CD56+ CD4+/CD8+ alpha/beta T cell	CD4+/CD8+ TCRab T cell	Exact		3	CL:0002427	resting double-positive thymocyte	8	0	CD4+, CD8+		CD14-/CD33-/CD64- (no axiom on any alt.), CD19-/CD20- (no axiom on any alt.), CD123-, CD45+, CD3+, TCRAB+/TCRGD- (no axiom on any alt.), CD56+, HLA-DR+, CD11C+, CD15-/CD66B- (no axiom on any alt.), CD16-	no	
CD56+ CD4-/CD8- TCRab	CD56+ CD4-/CD8- alpha/beta T cell	CD4-/CD8- TCRab T cell	Exact		1	CL:0000803	CD4-negative CD8-negative gamma-delta intraepithelial T cell	10	2	CD4-, CD8-		CD14-/CD33-/CD64- (no axiom on any alt.), CD19-/CD20- (no axiom on any alt.), CD123-, CD45+, CD3+, TCRAB+/TCRGD- (no axiom on any alt.), CD56+, HLA-DR+, CD11C+, CD15-/CD66B- (no axiom on any alt.), CD16-	no	
CD56+ CD4-/CD8- TCRab	CD56+ CD4-/CD8- alpha/beta T cell	CD4-/CD8- TCRab T cell	Exact		2	CL:0000924	CD4-negative, CD8-negative type I NK T cell	10	2	CD4-, CD8-		CD14-/CD33-/CD64- (no axiom on any alt.), CD19-/CD20- (no axiom on any alt.), CD123-, CD45+, CD3+, TCRAB+/TCRGD- (no axiom on any alt.), CD56+, HLA-DR+, CD11C+, CD15-/CD66B- (no axiom on any alt.), CD16-	no	
CD56+ CD4-/CD8- TCRab	CD56+ CD4-/CD8- alpha/beta T cell	CD4-/CD8- TCRab T cell	Exact		3	CL:0000928	activated CD4-negative, CD8-negative type I NK T cell	10	2	CD4-, CD8-		CD14-/CD33-/CD64- (no axiom on any alt.), CD19-/CD20- (no axiom on any alt.), CD123-, CD45+, CD3+, TCRAB+/TCRGD- (no axiom on any alt.), CD56+, HLA-DR+, CD11C+, CD15-/CD66B- (no axiom on any alt.), CD16-	no	
CD56+ TCRgd	CD56+ gamma/delta T cell	TCRgd	Exact		1	CL:0002468	Gr1-low myeloid suppressor cell	7	1	CD45+, CD11C+		CD14-/CD33-/CD64- (no axiom on any alt.), CD19-/CD20- (no axiom on any alt.), CD123-, CD3+, TCRAB-/TCRGD+ (no axiom on any alt.), CD56+, HLA-DR+, CD15-/CD66B- (no axiom on any alt.), CD16-	no	
CD56+ TCRgd	CD56+ gamma/delta T cell	TCRgd	Exact		2	CL:0002477	adipose macrophage	6	0	CD45+, CD11C+		CD14-/CD33-/CD64- (no axiom on any alt.), CD19-/CD20- (no axiom on any alt.), CD123-, CD3+, TCRAB-/TCRGD+ (no axiom on any alt.), CD56+, HLA-DR+, CD15-/CD66B- (no axiom on any alt.), CD16-	no	
CD56+ TCRgd	CD56+ gamma/delta T cell	TCRgd	Exact		3	CL:0002478	F4/80-negative adipose macrophage	6	0	CD45+, CD11C+		CD14-/CD33-/CD64- (no axiom on any alt.), CD19-/CD20- (no axiom on any alt.), CD123-, CD3+, TCRAB-/TCRGD+ (no axiom on any alt.), CD56+, HLA-DR+, CD15-/CD66B- (no axiom on any alt.), CD16-	no	
CD56+ CD4+ TCRgd	CD56+ CD4+ gamma/delta T cell	CD4+ TCRgd T cell	Exact		1	CL:0000895	naive thymus-derived CD4-positive, alpha-beta T cell	13	1	CD45+, CD4+, CD8-		CD14-/CD33-/CD64- (no axiom on any alt.), CD19-/CD20- (no axiom on any alt.), CD123-, CD3+, TCRAB-/TCRGD+ (no axiom on any alt.), CD56+, HLA-DR+, CD11C+, CD15-/CD66B- (no axiom on any alt.), CD16-	no	
CD56+ CD4+ TCRgd	CD56+ CD4+ gamma/delta T cell	CD4+ TCRgd T cell	Exact		2	CL:0000904	central memory CD4-positive, alpha-beta T cell	13	1	CD45+, CD4+, CD8-		CD14-/CD33-/CD64- (no axiom on any alt.), CD19-/CD20- (no axiom on any alt.), CD123-, CD3+, TCRAB-/TCRGD+ (no axiom on any alt.), CD56+, HLA-DR+, CD11C+, CD15-/CD66B- (no axiom on any alt.), CD16-	no	
CD56+ CD4+ TCRgd	CD56+ CD4+ gamma/delta T cell	CD4+ TCRgd T cell	Exact		3	CL:0000905	effector memory CD4-positive, alpha-beta T cell	13	1	CD45+, CD4+, CD8-		CD14-/CD33-/CD64- (no axiom on any alt.), CD19-/CD20- (no axiom on any alt.), CD123-, CD3+, TCRAB-/TCRGD+ (no axiom on any alt.), CD56+, HLA-DR+, CD11C+, CD15-/CD66B- (no axiom on any alt.), CD16-	no	
CD56+ CD8+ TCRgd	CD56+ CD8+ gamma/delta T cell	CD8+ TCRgd T cell	Exact		1	CL:0000900	naive thymus-derived CD8-positive, alpha-beta T cell	13	1	CD45+, CD4-, CD8+		CD14-/CD33-/CD64- (no axiom on any alt.), CD19-/CD20- (no axiom on any alt.), CD123-, CD3+, TCRAB-/TCRGD+ (no axiom on any alt.), CD56+, HLA-DR+, CD11C+, CD15-/CD66B- (no axiom on any alt.), CD16-	no	
CD56+ CD8+ TCRgd	CD56+ CD8+ gamma/delta T cell	CD8+ TCRgd T cell	Exact		2	CL:0000907	central memory CD8-positive, alpha-beta T cell	13	1	CD45+, CD4-, CD8+		CD14-/CD33-/CD64- (no axiom on any alt.), CD19-/CD20- (no axiom on any alt.), CD123-, CD3+, TCRAB-/TCRGD+ (no axiom on any alt.), CD56+, HLA-DR+, CD11C+, CD15-/CD66B- (no axiom on any alt.), CD16-	no	
CD56+ CD8+ TCRgd	CD56+ CD8+ gamma/delta T cell	CD8+ TCRgd T cell	Exact		3	CL:0000913	effector memory CD8-positive, alpha-beta T cell	13	1	CD45+, CD4-, CD8+		CD14-/CD33-/CD64- (no axiom on any alt.), CD19-/CD20- (no axiom on any alt.), CD123-, CD3+, TCRAB-/TCRGD+ (no axiom on any alt.), CD56+, HLA-DR+, CD11C+, CD15-/CD66B- (no axiom on any alt.), CD16-	no	
CD56+ CD4+/CD8+ TCRgd	CD56+ CD4+/CD8+ gamma/delta T cell	CD4+/CD8+ TCRgd	Exact		1	CL:0002039	immature NK T cell stage I, mouse	9	1	CD4+ (dim), CD8+ (dim)		CD14-/CD33-/CD64- (no axiom on any alt.), CD19-/CD20- (no axiom on any alt.), CD123-, CD45+, CD3+, TCRAB-/TCRGD+ (no axiom on any alt.), CD56+, HLA-DR+, CD11C+, CD15-/CD66B- (no axiom on any alt.), CD16-	no	
CD56+ CD4+/CD8+ TCRgd	CD56+ CD4+/CD8+ gamma/delta T cell	CD4+/CD8+ TCRgd	Exact		2	CL:0000809	double-positive, alpha-beta thymocyte	8	0	CD4+, CD8+		CD14-/CD33-/CD64- (no axiom on any alt.), CD19-/CD20- (no axiom on any alt.), CD123-, CD45+, CD3+, TCRAB-/TCRGD+ (no axiom on any alt.), CD56+, HLA-DR+, CD11C+, CD15-/CD66B- (no axiom on any alt.), CD16-	no	
CD56+ CD4+/CD8+ TCRgd	CD56+ CD4+/CD8+ gamma/delta T cell	CD4+/CD8+ TCRgd	Exact		3	CL:0002427	resting double-positive thymocyte	8	0	CD4+, CD8+		CD14-/CD33-/CD64- (no axiom on any alt.), CD19-/CD20- (no axiom on any alt.), CD123-, CD45+, CD3+, TCRAB-/TCRGD+ (no axiom on any alt.), CD56+, HLA-DR+, CD11C+, CD15-/CD66B- (no axiom on any alt.), CD16-	no	
CD56+ CD8-/CD8- TCRgd	CD56+ CD8-/CD8- gamma/delta T cell	CD4-/CD8- TCRgd	Exact		1	CL:0000803	CD4-negative CD8-negative gamma-delta intraepithelial T cell	11	3	CD4-, CD8-		CD14-/CD33-/CD64- (no axiom on any alt.), CD19-/CD20- (no axiom on any alt.), CD123-, CD45+, CD3+, TCRAB-/TCRGD+ (no axiom on any alt.), CD56+, HLA-DR+, CD11C+, CD15-/CD66B- (no axiom on any alt.), CD16-	no	
CD56+ CD8-/CD8- TCRgd	CD56+ CD8-/CD8- gamma/delta T cell	CD4-/CD8- TCRgd	Exact		2	CL:0000924	CD4-negative, CD8-negative type I NK T cell	11	3	CD4-, CD8-		CD14-/CD33-/CD64- (no axiom on any alt.), CD19-/CD20- (no axiom on any alt.), CD123-, CD45+, CD3+, TCRAB-/TCRGD+ (no axiom on any alt.), CD56+, HLA-DR+, CD11C+, CD15-/CD66B- (no axiom on any alt.), CD16-	no	
CD56+ CD8-/CD8- TCRgd	CD56+ CD8-/CD8- gamma/delta T cell	CD4-/CD8- TCRgd	Exact		3	CL:0000928	activated CD4-negative, CD8-negative type I NK T cell	11	3	CD4-, CD8-		CD14-/CD33-/CD64- (no axiom on any alt.), CD19-/CD20- (no axiom on any alt.), CD123-, CD45+, CD3+, TCRAB-/TCRGD+ (no axiom on any alt.), CD56+, HLA-DR+, CD11C+, CD15-/CD66B- (no axiom on any alt.), CD16-	no	
iNKT	Invariant Natural Killer T cell	T cell	Exact		1	CL:0002468	Gr1-low myeloid suppressor cell	7	1	CD45+, CD11C+		CD14-/CD33-/CD64- (no axiom on any alt.), CD19-/CD20- (no axiom on any alt.), CD123-, CD3+, TCRAB+/TCRGD- (no axiom on any alt.), TCRVA24-JA18+/TCRVA24+/TETRAMER+ (no axiom on any alt.), VB11+, HLA-DR+, CD15-/CD66B- (no axiom on any alt.), CD16-	no	
iNKT	Invariant Natural Killer T cell	T cell	Exact		2	CL:0002477	adipose macrophage	6	0	CD45+, CD11C+		CD14-/CD33-/CD64- (no axiom on any alt.), CD19-/CD20- (no axiom on any alt.), CD123-, CD3+, TCRAB+/TCRGD- (no axiom on any alt.), TCRVA24-JA18+/TCRVA24+/TETRAMER+ (no axiom on any alt.), VB11+, HLA-DR+, CD15-/CD66B- (no axiom on any alt.), CD16-	no	
iNKT	Invariant Natural Killer T cell	T cell	Exact		3	CL:0002478	F4/80-negative adipose macrophage	6	0	CD45+, CD11C+		CD14-/CD33-/CD64- (no axiom on any alt.), CD19-/CD20- (no axiom on any alt.), CD123-, CD3+, TCRAB+/TCRGD- (no axiom on any alt.), TCRVA24-JA18+/TCRVA24+/TETRAMER+ (no axiom on any alt.), VB11+, HLA-DR+, CD15-/CD66B- (no axiom on any alt.), CD16-	no	
TCRab	alpha/beta T cell	T cell	Exact		1	CL:0002468	Gr1-low myeloid suppressor cell	7	1	CD45+, CD11C+		CD14-/CD33-/CD64- (no axiom on any alt.), CD19-/CD20- (no axiom on any alt.), CD123-, CD3+, TCRAB+/TCRGD- (no axiom on any alt.), HLA-DR+, CD15-/CD66B- (no axiom on any alt.), CD16-	no	
TCRab	alpha/beta T cell	T cell	Exact		2	CL:0002477	adipose macrophage	6	0	CD45+, CD11C+		CD14-/CD33-/CD64- (no axiom on any alt.), CD19-/CD20- (no axiom on any alt.), CD123-, CD3+, TCRAB+/TCRGD- (no axiom on any alt.), HLA-DR+, CD15-/CD66B- (no axiom on any alt.), CD16-	no	
TCRab	alpha/beta T cell	T cell	Exact		3	CL:0002478	F4/80-negative adipose macrophage	6	0	CD45+, CD11C+		CD14-/CD33-/CD64- (no axiom on any alt.), CD19-/CD20- (no axiom on any alt.), CD123-, CD3+, TCRAB+/TCRGD- (no axiom on any alt.), HLA-DR+, CD15-/CD66B- (no axiom on any alt.), CD16-	no	
TCRgd	gamma/delta T cell	T cell	Exact		1	CL:0002468	Gr1-low myeloid suppressor cell	7	1	CD45+, CD11C+		CD14-/CD33-/CD64- (no axiom on any alt.), CD19-/CD20- (no axiom on any alt.), CD123-, CD3+, TCRAB-/TCRGD+ (no axiom on any alt.), HLA-DR+, CD15-/CD66B- (no axiom on any alt.), CD16-	no	
TCRgd	gamma/delta T cell	T cell	Exact		2	CL:0002477	adipose macrophage	6	0	CD45+, CD11C+		CD14-/CD33-/CD64- (no axiom on any alt.), CD19-/CD20- (no axiom on any alt.), CD123-, CD3+, TCRAB-/TCRGD+ (no axiom on any alt.), HLA-DR+, CD15-/CD66B- (no axiom on any alt.), CD16-	no	
TCRgd	gamma/delta T cell	T cell	Exact		3	CL:0002478	F4/80-negative adipose macrophage	6	0	CD45+, CD11C+		CD14-/CD33-/CD64- (no axiom on any alt.), CD19-/CD20- (no axiom on any alt.), CD123-, CD3+, TCRAB-/TCRGD+ (no axiom on any alt.), HLA-DR+, CD15-/CD66B- (no axiom on any alt.), CD16-	no	
CD4+ T cell	alpha/beta and gamma/delta CD4+ T cells	T cell	Exact		1	CL:0000895	naive thymus-derived CD4-positive, alpha-beta T cell	13	1	CD45+, CD4+, CD8-		CD14-/CD33-/CD64- (no axiom on any alt.), CD19-/CD20- (no axiom on any alt.), CD123-, CD3+, HLA-DR+, CD11C+, CD15-/CD66B- (no axiom on any alt.), CD16-	no	
CD4+ T cell	alpha/beta and gamma/delta CD4+ T cells	T cell	Exact		2	CL:0000904	central memory CD4-positive, alpha-beta T cell	13	1	CD45+, CD4+, CD8-		CD14-/CD33-/CD64- (no axiom on any alt.), CD19-/CD20- (no axiom on any alt.), CD123-, CD3+, HLA-DR+, CD11C+, CD15-/CD66B- (no axiom on any alt.), CD16-	no	
CD4+ T cell	alpha/beta and gamma/delta CD4+ T cells	T cell	Exact		3	CL:0000905	effector memory CD4-positive, alpha-beta T cell	13	1	CD45+, CD4+, CD8-		CD14-/CD33-/CD64- (no axiom on any alt.), CD19-/CD20- (no axiom on any alt.), CD123-, CD3+, HLA-DR+, CD11C+, CD15-/CD66B- (no axiom on any alt.), CD16-	no	
CD8+ T cell	alpha/beta and gamma/delta CD8+ T cells	T cell	Exact		1	CL:0000900	naive thymus-derived CD8-positive, alpha-beta T cell	13	1	CD45+, CD4-, CD8+		CD14-/CD33-/CD64- (no axiom on any alt.), CD19-/CD20- (no axiom on any alt.), CD123-, CD3+, HLA-DR+, CD11C+, CD15-/CD66B- (no axiom on any alt.), CD16-	no	
CD8+ T cell	alpha/beta and gamma/delta CD8+ T cells	T cell	Exact		2	CL:0000907	central memory CD8-positive, alpha-beta T cell	13	1	CD45+, CD4-, CD8+		CD14-/CD33-/CD64- (no axiom on any alt.), CD19-/CD20- (no axiom on any alt.), CD123-, CD3+, HLA-DR+, CD11C+, CD15-/CD66B- (no axiom on any alt.), CD16-	no	
CD8+ T cell	alpha/beta and gamma/delta CD8+ T cells	T cell	Exact		3	CL:0000913	effector memory CD8-positive, alpha-beta T cell	13	1	CD45+, CD4-, CD8+		CD14-/CD33-/CD64- (no axiom on any alt.), CD19-/CD20- (no axiom on any alt.), CD123-, CD3+, HLA-DR+, CD11C+, CD15-/CD66B- (no axiom on any alt.), CD16-	no	
CD4+/CD8+ T cell	alpha/beta and gamma/delta CD4+ and CD8+ T cells	T cell	Exact		1	CL:0002039	immature NK T cell stage I, mouse	9	1	CD4+ (dim), CD8+ (dim)		CD14-/CD33-/CD64- (no axiom on any alt.), CD19-/CD20- (no axiom on any alt.), CD123-, CD45+, CD3+, HLA-DR+, CD11C+, CD15-/CD66B- (no axiom on any alt.), CD16-	no	
CD4+/CD8+ T cell	alpha/beta and gamma/delta CD4+ and CD8+ T cells	T cell	Exact		2	CL:0000809	double-positive, alpha-beta thymocyte	8	0	CD4+, CD8+		CD14-/CD33-/CD64- (no axiom on any alt.), CD19-/CD20- (no axiom on any alt.), CD123-, CD45+, CD3+, HLA-DR+, CD11C+, CD15-/CD66B- (no axiom on any alt.), CD16-	no	
CD4+/CD8+ T cell	alpha/beta and gamma/delta CD4+ and CD8+ T cells	T cell	Exact		3	CL:0002427	resting double-positive thymocyte	8	0	CD4+, CD8+		CD14-/CD33-/CD64- (no axiom on any alt.), CD19-/CD20- (no axiom on any alt.), CD123-, CD45+, CD3+, HLA-DR+, CD11C+, CD15-/CD66B- (no axiom on any alt.), CD16-	no	
CD4-/CD8- T cell	alpha/beta and gamma/delta CD4- and CD8- T cells	T cell	Exact		1	CL:0000803	CD4-negative CD8-negative gamma-delta intraepithelial T cell	11	3	CD4-, CD8-		CD14-/CD33-/CD64- (no axiom on any alt.), CD19-/CD20- (no axiom on any alt.), CD123-, CD45+, CD3+, HLA-DR+, CD11C+, CD15-/CD66B- (no axiom on any alt.), CD16-	no	
CD4-/CD8- T cell	alpha/beta and gamma/delta CD4- and CD8- T cells	T cell	Exact		2	CL:0000924	CD4-negative, CD8-negative type I NK T cell	11	3	CD4-, CD8-		CD14-/CD33-/CD64- (no axiom on any alt.), CD19-/CD20- (no axiom on any alt.), CD123-, CD45+, CD3+, HLA-DR+, CD11C+, CD15-/CD66B- (no axiom on any alt.), CD16-	no	
CD4-/CD8- T cell	alpha/beta and gamma/delta CD4- and CD8- T cells	T cell	Exact		3	CL:0000928	activated CD4-negative, CD8-negative type I NK T cell	11	3	CD4-, CD8-		CD14-/CD33-/CD64- (no axiom on any alt.), CD19-/CD20- (no axiom on any alt.), CD123-, CD45+, CD3+, HLA-DR+, CD11C+, CD15-/CD66B- (no axiom on any alt.), CD16-	no	
CD4+ TCRab T cell	CD4+ alpha/beta T cell	TCRab	Exact		1	CL:0000895	naive thymus-derived CD4-positive, alpha-beta T cell	13	1	CD45+, CD4+, CD8-		CD14-/CD33-/CD64- (no axiom on any alt.), CD19-/CD20- (no axiom on any alt.), CD123-, CD3+, TCRAB+/TCRGD- (no axiom on any alt.), HLA-DR+, CD11C+, CD15-/CD66B- (no axiom on any alt.), CD16-	no	
CD4+ TCRab T cell	CD4+ alpha/beta T cell	TCRab	Exact		2	CL:0000904	central memory CD4-positive, alpha-beta T cell	13	1	CD45+, CD4+, CD8-		CD14-/CD33-/CD64- (no axiom on any alt.), CD19-/CD20- (no axiom on any alt.), CD123-, CD3+, TCRAB+/TCRGD- (no axiom on any alt.), HLA-DR+, CD11C+, CD15-/CD66B- (no axiom on any alt.), CD16-	no	
CD4+ TCRab T cell	CD4+ alpha/beta T cell	TCRab	Exact		3	CL:0000905	effector memory CD4-positive, alpha-beta T cell	13	1	CD45+, CD4+, CD8-		CD14-/CD33-/CD64- (no axiom on any alt.), CD19-/CD20- (no axiom on any alt.), CD123-, CD3+, TCRAB+/TCRGD- (no axiom on any alt.), HLA-DR+, CD11C+, CD15-/CD66B- (no axiom on any alt.), CD16-	no	
CD8+ TCRab T cell	CD8+ alpha/beta T cell	TCRab	Exact		1	CL:0000900	naive thymus-derived CD8-positive, alpha-beta T cell	13	1	CD45+, CD4-, CD8+		CD14-/CD33-/CD64- (no axiom on any alt.), CD19-/CD20- (no axiom on any alt.), CD123-, CD3+, TCRAB+/TCRGD- (no axiom on any alt.), HLA-DR+, CD11C+, CD15-/CD66B- (no axiom on any alt.), CD16-	no	
CD8+ TCRab T cell	CD8+ alpha/beta T cell	TCRab	Exact		2	CL:0000907	central memory CD8-positive, alpha-beta T cell	13	1	CD45+, CD4-, CD8+		CD14-/CD33-/CD64- (no axiom on any alt.), CD19-/CD20- (no axiom on any alt.), CD123-, CD3+, TCRAB+/TCRGD- (no axiom on any alt.), HLA-DR+, CD11C+, CD15-/CD66B- (no axiom on any alt.), CD16-	no	
CD8+ TCRab T cell	CD8+ alpha/beta T cell	TCRab	Exact		3	CL:0000913	effector memory CD8-positive, alpha-beta T cell	13	1	CD45+, CD4-, CD8+		CD14-/CD33-/CD64- (no axiom on any alt.), CD19-/CD20- (no axiom on any alt.), CD123-, CD3+, TCRAB+/TCRGD- (no axiom on any alt.), HLA-DR+, CD11C+, CD15-/CD66B- (no axiom on any alt.), CD16-	no	
CD4+/CD8+ TCRab T cell	CD4+ and CD8+ alpha/beta T cell	TCRab	Exact		1	CL:0002039	immature NK T cell stage I, mouse	9	1	CD4+ (dim), CD8+ (dim)		CD14-/CD33-/CD64- (no axiom on any alt.), CD19-/CD20- (no axiom on any alt.), CD123-, CD45+, CD3+, TCRAB+/TCRGD- (no axiom on any alt.), HLA-DR+, CD11C+, CD15-/CD66B- (no axiom on any alt.), CD16-	no	
CD4+/CD8+ TCRab T cell	CD4+ and CD8+ alpha/beta T cell	TCRab	Exact		2	CL:0000809	double-positive, alpha-beta thymocyte	8	0	CD4+, CD8+		CD14-/CD33-/CD64- (no axiom on any alt.), CD19-/CD20- (no axiom on any alt.), CD123-, CD45+, CD3+, TCRAB+/TCRGD- (no axiom on any alt.), HLA-DR+, CD11C+, CD15-/CD66B- (no axiom on any alt.), CD16-	no	
CD4+/CD8+ TCRab T cell	CD4+ and CD8+ alpha/beta T cell	TCRab	Exact		3	CL:0002427	resting double-positive thymocyte	8	0	CD4+, CD8+		CD14-/CD33-/CD64- (no axiom on any alt.), CD19-/CD20- (no axiom on any alt.), CD123-, CD45+, CD3+, TCRAB+/TCRGD- (no axiom on any alt.), HLA-DR+, CD11C+, CD15-/CD66B- (no axiom on any alt.), CD16-	no	
CD4-/CD8- TCRab T cell	CD4- and CD8- alpha/beta T cell	TCRab	Exact		1	CL:0000803	CD4-negative CD8-negative gamma-delta intraepithelial T cell	11	3	CD4-, CD8-		CD14-/CD33-/CD64- (no axiom on any alt.), CD19-/CD20- (no axiom on any alt.), CD123-, CD45+, CD3+, TCRAB+/TCRGD- (no axiom on any alt.), HLA-DR+, CD11C+, CD15-/CD66B- (no axiom on any alt.), CD16-	no	
CD4-/CD8- TCRab T cell	CD4- and CD8- alpha/beta T cell	TCRab	Exact		2	CL:0000924	CD4-negative, CD8-negative type I NK T cell	11	3	CD4-, CD8-		CD14-/CD33-/CD64- (no axiom on any alt.), CD19-/CD20- (no axiom on any alt.), CD123-, CD45+, CD3+, TCRAB+/TCRGD- (no axiom on any alt.), HLA-DR+, CD11C+, CD15-/CD66B- (no axiom on any alt.), CD16-	no	
CD4-/CD8- TCRab T cell	CD4- and CD8- alpha/beta T cell	TCRab	Exact		3	CL:0000928	activated CD4-negative, CD8-negative type I NK T cell	11	3	CD4-, CD8-		CD14-/CD33-/CD64- (no axiom on any alt.), CD19-/CD20- (no axiom on any alt.), CD123-, CD45+, CD3+, TCRAB+/TCRGD- (no axiom on any alt.), HLA-DR+, CD11C+, CD15-/CD66B- (no axiom on any alt.), CD16-	no	
CD4+ TCRgd T cell	CD4+ gamma/delta T cell	TCRgd	Exact		1	CL:0000895	naive thymus-derived CD4-positive, alpha-beta T cell	13	1	CD45+, CD4+, CD8-		CD14-/CD33-/CD64- (no axiom on any alt.), CD19-/CD20- (no axiom on any alt.), CD123-, CD3+, TCRAB-/TCRGD+ (no axiom on any alt.), HLA-DR+, CD11C+, CD15-/CD66B- (no axiom on any alt.), CD16-	no	
CD4+ TCRgd T cell	CD4+ gamma/delta T cell	TCRgd	Exact		2	CL:0000904	central memory CD4-positive, alpha-beta T cell	13	1	CD45+, CD4+, CD8-		CD14-/CD33-/CD64- (no axiom on any alt.), CD19-/CD20- (no axiom on any alt.), CD123-, CD3+, TCRAB-/TCRGD+ (no axiom on any alt.), HLA-DR+, CD11C+, CD15-/CD66B- (no axiom on any alt.), CD16-	no	
CD4+ TCRgd T cell	CD4+ gamma/delta T cell	TCRgd	Exact		3	CL:0000905	effector memory CD4-positive, alpha-beta T cell	13	1	CD45+, CD4+, CD8-		CD14-/CD33-/CD64- (no axiom on any alt.), CD19-/CD20- (no axiom on any alt.), CD123-, CD3+, TCRAB-/TCRGD+ (no axiom on any alt.), HLA-DR+, CD11C+, CD15-/CD66B- (no axiom on any alt.), CD16-	no	
CD8+ TCRgd T cell	CD8+ gamma/delta T cell	TCRgd	Exact		1	CL:0000900	naive thymus-derived CD8-positive, alpha-beta T cell	13	1	CD45+, CD4-, CD8+		CD14-/CD33-/CD64- (no axiom on any alt.), CD19-/CD20- (no axiom on any alt.), CD123-, CD3+, TCRAB-/TCRGD+ (no axiom on any alt.), HLA-DR+, CD11C+, CD15-/CD66B- (no axiom on any alt.), CD16-	no	
CD8+ TCRgd T cell	CD8+ gamma/delta T cell	TCRgd	Exact		2	CL:0000907	central memory CD8-positive, alpha-beta T cell	13	1	CD45+, CD4-, CD8+		CD14-/CD33-/CD64- (no axiom on any alt.), CD19-/CD20- (no axiom on any alt.), CD123-, CD3+, TCRAB-/TCRGD+ (no axiom on any alt.), HLA-DR+, CD11C+, CD15-/CD66B- (no axiom on any alt.), CD16-	no	
CD8+ TCRgd T cell	CD8+ gamma/delta T cell	TCRgd	Exact		3	CL:0000913	effector memory CD8-positive, alpha-beta T cell	13	1	CD45+, CD4-, CD8+		CD14-/CD33-/CD64- (no axiom on any alt.), CD19-/CD20- (no axiom on any alt.), CD123-, CD3+, TCRAB-/TCRGD+ (no axiom on any alt.), HLA-DR+, CD11C+, CD15-/CD66B- (no axiom on any alt.), CD16-	no	
CD4+/CD8+ TCRgd	CD4+/CD8+ gamma/delta T cell	TCRgd	Exact		1	CL:0002039	immature NK T cell stage I, mouse	9	1	CD4+ (dim), CD8+ (dim)		CD14-/CD33-/CD64- (no axiom on any alt.), CD19-/CD20- (no axiom on any alt.), CD123-, CD45+, CD3+, TCRAB-/TCRGD+ (no axiom on any alt.), HLA-DR+, CD11C+, CD15-/CD66B- (no axiom on any alt.), CD16-	no	
CD4+/CD8+ TCRgd	CD4+/CD8+ gamma/delta T cell	TCRgd	Exact		2	CL:0000809	double-positive, alpha-beta thymocyte	8	0	CD4+, CD8+		CD14-/CD33-/CD64- (no axiom on any alt.), CD19-/CD20- (no axiom on any alt.), CD123-, CD45+, CD3+, TCRAB-/TCRGD+ (no axiom on any alt.), HLA-DR+, CD11C+, CD15-/CD66B- (no axiom on any alt.), CD16-	no	
CD4+/CD8+ TCRgd	CD4+/CD8+ gamma/delta T cell	TCRgd	Exact		3	CL:0002427	resting double-positive thymocyte	8	0	CD4+, CD8+		CD14-/CD33-/CD64- (no axiom on any alt.), CD19-/CD20- (no axiom on any alt.), CD123-, CD45+, CD3+, TCRAB-/TCRGD+ (no axiom on any alt.), HLA-DR+, CD11C+, CD15-/CD66B- (no axiom on any alt.), CD16-	no	
CD4-/CD8- TCRgd	CD4-/CD8- gamma/delta T cell	TCRgd	Exact		1	CL:0000803	CD4-negative CD8-negative gamma-delta intraepithelial T cell	10	2	CD4-, CD8-		CD14-/CD33-/CD64- (no axiom on any alt.), CD19-/CD20- (no axiom on any alt.), CD123-, CD45+, CD3+, TCRAB-/TCRGD+ (no axiom on any alt.), HLA-DR+, CD11C+, CD15-/CD66B- (no axiom on any alt.), CD16-	no	
CD4-/CD8- TCRgd	CD4-/CD8- gamma/delta T cell	TCRgd	Exact		2	CL:0000924	CD4-negative, CD8-negative type I NK T cell	10	2	CD4-, CD8-		CD14-/CD33-/CD64- (no axiom on any alt.), CD19-/CD20- (no axiom on any alt.), CD123-, CD45+, CD3+, TCRAB-/TCRGD+ (no axiom on any alt.), HLA-DR+, CD11C+, CD15-/CD66B- (no axiom on any alt.), CD16-	no	
CD4-/CD8- TCRgd	CD4-/CD8- gamma/delta T cell	TCRgd	Exact		3	CL:0000928	activated CD4-negative, CD8-negative type I NK T cell	10	2	CD4-, CD8-		CD14-/CD33-/CD64- (no axiom on any alt.), CD19-/CD20- (no axiom on any alt.), CD123-, CD45+, CD3+, TCRAB-/TCRGD+ (no axiom on any alt.), HLA-DR+, CD11C+, CD15-/CD66B- (no axiom on any alt.), CD16-	no	
MAIT	Mucosal-associated Invariant T cell	T Lymph	Exact		1	CL:0002468	Gr1-low myeloid suppressor cell	7	1	CD45+, CD11C+		CD14-/CD33-/CD64- (no axiom on any alt.), CD19-/CD20- (no axiom on any alt.), CD123-, CD3+, TCRAB+/TCRGD- (no axiom on any alt.), TCRVA7.2+/TETRAMER+ (no axiom on any alt.), CD161+, HLA-DR+, CD15-/CD66B- (no axiom on any alt.), CD16-	no	
MAIT	Mucosal-associated Invariant T cell	T Lymph	Exact		2	CL:0000485	mucosal type mast cell	6	2	CD123-		CD14-/CD33-/CD64- (no axiom on any alt.), CD19-/CD20- (no axiom on any alt.), CD45+, CD3+, TCRAB+/TCRGD- (no axiom on any alt.), TCRVA7.2+/TETRAMER+ (no axiom on any alt.), CD161+, HLA-DR+, CD11C+, CD15-/CD66B- (no axiom on any alt.), CD16-	no	
MAIT	Mucosal-associated Invariant T cell	T Lymph	Exact		3	CL:0002477	adipose macrophage	6	0	CD45+, CD11C+		CD14-/CD33-/CD64- (no axiom on any alt.), CD19-/CD20- (no axiom on any alt.), CD123-, CD3+, TCRAB+/TCRGD- (no axiom on any alt.), TCRVA7.2+/TETRAMER+ (no axiom on any alt.), CD161+, HLA-DR+, CD15-/CD66B- (no axiom on any alt.), CD16-	no	
Conv TCRab		T Lymph	Exact		1	CL:0002468	Gr1-low myeloid suppressor cell	6	0	CD45+, CD11C+		CD14-/CD33-/CD64- (no axiom on any alt.), CD19-/CD20- (no axiom on any alt.), CD123-, CD3+, TCRAB+/TCRGD- (no axiom on any alt.), TCRVA7.2+/TETRAMER+ (no axiom on any alt.), CD161+, TCRVA24-JA18+/TCRVA24+/TETRAMER+ (no axiom on any alt.), VB11+, HLA-DR+, CD15-/CD66B- (no axiom on any alt.), CD16-	no	
Conv TCRab		T Lymph	Exact		2	CL:0002477	adipose macrophage	6	0	CD45+, CD11C+		CD14-/CD33-/CD64- (no axiom on any alt.), CD19-/CD20- (no axiom on any alt.), CD123-, CD3+, TCRAB+/TCRGD- (no axiom on any alt.), TCRVA7.2+/TETRAMER+ (no axiom on any alt.), CD161+, TCRVA24-JA18+/TCRVA24+/TETRAMER+ (no axiom on any alt.), VB11+, HLA-DR+, CD15-/CD66B- (no axiom on any alt.), CD16-	no	
Conv TCRab		T Lymph	Exact		3	CL:0002478	F4/80-negative adipose macrophage	6	0	CD45+, CD11C+		CD14-/CD33-/CD64- (no axiom on any alt.), CD19-/CD20- (no axiom on any alt.), CD123-, CD3+, TCRAB+/TCRGD- (no axiom on any alt.), TCRVA7.2+/TETRAMER+ (no axiom on any alt.), CD161+, TCRVA24-JA18+/TCRVA24+/TETRAMER+ (no axiom on any alt.), VB11+, HLA-DR+, CD15-/CD66B- (no axiom on any alt.), CD16-	no	
CD4+ Conv TCRab		ConT TCRab	Exact		1	CL:0000895	naive thymus-derived CD4-positive, alpha-beta T cell	12	0	CD45+, CD4+, CD8-		CD14-/CD33-/CD64- (no axiom on any alt.), CD19-/CD20- (no axiom on any alt.), CD123-, CD3+, TCRAB+/TCRGD- (no axiom on any alt.), TCRVA7.2+/TETRAMER+ (no axiom on any alt.), CD161+, TCRVA24-JA18+/TCRVA24+/TETRAMER+ (no axiom on any alt.), VB11+, HLA-DR+, CD11C+, CD15-/CD66B- (no axiom on any alt.), CD16-	no	
CD4+ Conv TCRab		ConT TCRab	Exact		2	CL:0000904	central memory CD4-positive, alpha-beta T cell	12	0	CD45+, CD4+, CD8-		CD14-/CD33-/CD64- (no axiom on any alt.), CD19-/CD20- (no axiom on any alt.), CD123-, CD3+, TCRAB+/TCRGD- (no axiom on any alt.), TCRVA7.2+/TETRAMER+ (no axiom on any alt.), CD161+, TCRVA24-JA18+/TCRVA24+/TETRAMER+ (no axiom on any alt.), VB11+, HLA-DR+, CD11C+, CD15-/CD66B- (no axiom on any alt.), CD16-	no	
CD4+ Conv TCRab		ConT TCRab	Exact		3	CL:0000905	effector memory CD4-positive, alpha-beta T cell	12	0	CD45+, CD4+, CD8-		CD14-/CD33-/CD64- (no axiom on any alt.), CD19-/CD20- (no axiom on any alt.), CD123-, CD3+, TCRAB+/TCRGD- (no axiom on any alt.), TCRVA7.2+/TETRAMER+ (no axiom on any alt.), CD161+, TCRVA24-JA18+/TCRVA24+/TETRAMER+ (no axiom on any alt.), VB11+, HLA-DR+, CD11C+, CD15-/CD66B- (no axiom on any alt.), CD16-	no	
CD8+ Conv TCRab		ConT TCRab	Exact		1	CL:0000900	naive thymus-derived CD8-positive, alpha-beta T cell	12	0	CD45+, CD4-, CD8+		CD14-/CD33-/CD64- (no axiom on any alt.), CD19-/CD20- (no axiom on any alt.), CD123-, CD3+, TCRAB+/TCRGD- (no axiom on any alt.), TCRVA7.2+/TETRAMER+ (no axiom on any alt.), CD161+, TCRVA24-JA18+/TCRVA24+/TETRAMER+ (no axiom on any alt.), VB11+, HLA-DR+, CD11C+, CD15-/CD66B- (no axiom on any alt.), CD16-	no	
CD8+ Conv TCRab		ConT TCRab	Exact		2	CL:0000907	central memory CD8-positive, alpha-beta T cell	12	0	CD45+, CD4-, CD8+		CD14-/CD33-/CD64- (no axiom on any alt.), CD19-/CD20- (no axiom on any alt.), CD123-, CD3+, TCRAB+/TCRGD- (no axiom on any alt.), TCRVA7.2+/TETRAMER+ (no axiom on any alt.), CD161+, TCRVA24-JA18+/TCRVA24+/TETRAMER+ (no axiom on any alt.), VB11+, HLA-DR+, CD11C+, CD15-/CD66B- (no axiom on any alt.), CD16-	no	
CD8+ Conv TCRab		ConT TCRab	Exact		3	CL:0000913	effector memory CD8-positive, alpha-beta T cell	12	0	CD45+, CD4-, CD8+		CD14-/CD33-/CD64- (no axiom on any alt.), CD19-/CD20- (no axiom on any alt.), CD123-, CD3+, TCRAB+/TCRGD- (no axiom on any alt.), TCRVA7.2+/TETRAMER+ (no axiom on any alt.), CD161+, TCRVA24-JA18+/TCRVA24+/TETRAMER+ (no axiom on any alt.), VB11+, HLA-DR+, CD11C+, CD15-/CD66B- (no axiom on any alt.), CD16-	no	
CD4+/CD8+ Conv TCRab		ConT TCRab	Exact		1	CL:0000809	double-positive, alpha-beta thymocyte	8	0	CD4+, CD8+		CD14-/CD33-/CD64- (no axiom on any alt.), CD19-/CD20- (no axiom on any alt.), CD123-, CD45+, CD3+, TCRAB+/TCRGD- (no axiom on any alt.), TCRVA7.2+/TETRAMER+ (no axiom on any alt.), CD161+, TCRVA24-JA18+/TCRVA24+/TETRAMER+ (no axiom on any alt.), VB11+, HLA-DR+, CD11C+, CD15-/CD66B- (no axiom on any alt.), CD16-	no	
CD4+/CD8+ Conv TCRab		ConT TCRab	Exact		2	CL:0002039	immature NK T cell stage I, mouse	8	0	CD4+ (dim), CD8+ (dim)		CD14-/CD33-/CD64- (no axiom on any alt.), CD19-/CD20- (no axiom on any alt.), CD123-, CD45+, CD3+, TCRAB+/TCRGD- (no axiom on any alt.), TCRVA7.2+/TETRAMER+ (no axiom on any alt.), CD161+, TCRVA24-JA18+/TCRVA24+/TETRAMER+ (no axiom on any alt.), VB11+, HLA-DR+, CD11C+, CD15-/CD66B- (no axiom on any alt.), CD16-	no	
CD4+/CD8+ Conv TCRab		ConT TCRab	Exact		3	CL:0002427	resting double-positive thymocyte	8	0	CD4+, CD8+		CD14-/CD33-/CD64- (no axiom on any alt.), CD19-/CD20- (no axiom on any alt.), CD123-, CD45+, CD3+, TCRAB+/TCRGD- (no axiom on any alt.), TCRVA7.2+/TETRAMER+ (no axiom on any alt.), CD161+, TCRVA24-JA18+/TCRVA24+/TETRAMER+ (no axiom on any alt.), VB11+, HLA-DR+, CD11C+, CD15-/CD66B- (no axiom on any alt.), CD16-	no	
CD4-/CD8- Conv TCRab		ConT TCRab	Exact		1	CL:0000803	CD4-negative CD8-negative gamma-delta intraepithelial T cell	9	1	CD4-, CD8-		CD14-/CD33-/CD64- (no axiom on any alt.), CD19-/CD20- (no axiom on any alt.), CD123-, CD45+, CD3+, TCRAB+/TCRGD- (no axiom on any alt.), TCRVA7.2+/TETRAMER+ (no axiom on any alt.), CD161+, TCRVA24-JA18+/TCRVA24+/TETRAMER+ (no axiom on any alt.), VB11+, HLA-DR+, CD11C+, CD15-/CD66B- (no axiom on any alt.), CD16-	no	
CD4-/CD8- Conv TCRab		ConT TCRab	Exact		2	CL:0000924	CD4-negative, CD8-negative type I NK T cell	9	1	CD4-, CD8-		CD14-/CD33-/CD64- (no axiom on any alt.), CD19-/CD20- (no axiom on any alt.), CD123-, CD45+, CD3+, TCRAB+/TCRGD- (no axiom on any alt.), TCRVA7.2+/TETRAMER+ (no axiom on any alt.), CD161+, TCRVA24-JA18+/TCRVA24+/TETRAMER+ (no axiom on any alt.), VB11+, HLA-DR+, CD11C+, CD15-/CD66B- (no axiom on any alt.), CD16-	no	
CD4-/CD8- Conv TCRab		ConT TCRab	Exact		3	CL:0000928	activated CD4-negative, CD8-negative type I NK T cell	9	1	CD4-, CD8-		CD14-/CD33-/CD64- (no axiom on any alt.), CD19-/CD20- (no axiom on any alt.), CD123-, CD45+, CD3+, TCRAB+/TCRGD- (no axiom on any alt.), TCRVA7.2+/TETRAMER+ (no axiom on any alt.), CD161+, TCRVA24-JA18+/TCRVA24+/TETRAMER+ (no axiom on any alt.), VB11+, HLA-DR+, CD11C+, CD15-/CD66B- (no axiom on any alt.), CD16-	no	
Tcm	Central memory alpha/beta and gamma/delta T cells	T cell	Exact		1	CL:0001057	myeloid dendritic cell, human	15	1	CD14- (1 of 3 alt.), CD19- (1 of 2 alt.), CD123-, CD11C+ (hi)		HLA-DR+, CD15-/CD66B- (no axiom on any alt.), CD16-	no	
Tcm	Central memory alpha/beta and gamma/delta T cells	T cell	Exact		2	CL:0002000	Kit-positive erythroid progenitor cell	13	1	CD14- (1 of 3 alt.), CD19- (1 of 2 alt.), CD123-		HLA-DR+, CD11C+, CD15-/CD66B- (no axiom on any alt.), CD16-	no	
Tcm	Central memory alpha/beta and gamma/delta T cells	T cell	Exact		3	CL:0000782	myeloid dendritic cell	11	1	CD19- (1 of 2 alt.), CD123-, CD11C+ (hi)		CD14-/CD33-/CD64- (no axiom on any alt.), HLA-DR+, CD15-/CD66B- (no axiom on any alt.), CD16-	no	
CD4+ Tcm	CD4+ central memory alpha/beta and gamma/delta T cells	CD4+ T cell	Exact		1	CL:0001057	myeloid dendritic cell, human	15	1	CD14- (1 of 3 alt.), CD19- (1 of 2 alt.), CD123-, CD11C+ (hi)		HLA-DR+, CD15-/CD66B- (no axiom on any alt.), CD16-	no	
CD4+ Tcm	CD4+ central memory alpha/beta and gamma/delta T cells	CD4+ T cell	Exact		2	CL:0002000	Kit-positive erythroid progenitor cell	13	1	CD14- (1 of 3 alt.), CD19- (1 of 2 alt.), CD123-		HLA-DR+, CD11C+, CD15-/CD66B- (no axiom on any alt.), CD16-	no	
CD4+ Tcm	CD4+ central memory alpha/beta and gamma/delta T cells	CD4+ T cell	Exact		3	CL:0000782	myeloid dendritic cell	11	1	CD19- (1 of 2 alt.), CD123-, CD11C+ (hi)		CD14-/CD33-/CD64- (no axiom on any alt.), HLA-DR+, CD15-/CD66B- (no axiom on any alt.), CD16-	no	
CD4+ TCRab Tcm	CD4+ central memory alpha/beta T cell	CD4+ TCRab T cell	Exact		1	CL:0001057	myeloid dendritic cell, human	15	1	CD14- (1 of 3 alt.), CD19- (1 of 2 alt.), CD123-, CD11C+ (hi)		HLA-DR+, CD15-/CD66B- (no axiom on any alt.), CD16-	no	
CD4+ TCRab Tcm	CD4+ central memory alpha/beta T cell	CD4+ TCRab T cell	Exact		2	CL:0002000	Kit-positive erythroid progenitor cell	13	1	CD14- (1 of 3 alt.), CD19- (1 of 2 alt.), CD123-		HLA-DR+, CD11C+, CD15-/CD66B- (no axiom on any alt.), CD16-	no	
CD4+ TCRab Tcm	CD4+ central memory alpha/beta T cell	CD4+ TCRab T cell	Exact		3	CL:0000782	myeloid dendritic cell	11	1	CD19- (1 of 2 alt.), CD123-, CD11C+ (hi)		CD14-/CD33-/CD64- (no axiom on any alt.), HLA-DR+, CD15-/CD66B- (no axiom on any alt.), CD16-	no	
CD4+ TCRgd Tcm	CD4+ central memory gamma/delta T cell	CD4+ TCRgd T cell			1	CL:0001057	myeloid dendritic cell, human	15	1	CD14- (1 of 3 alt.), CD19- (1 of 2 alt.), CD123-, CD11C+ (hi)		HLA-DR+, CD15-/CD66B- (no axiom on any alt.), CD16-	no	
CD4+ TCRgd Tcm	CD4+ central memory gamma/delta T cell	CD4+ TCRgd T cell			2	CL:0002000	Kit-positive erythroid progenitor cell	13	1	CD14- (1 of 3 alt.), CD19- (1 of 2 alt.), CD123-		HLA-DR+, CD11C+, CD15-/CD66B- (no axiom on any alt.), CD16-	no	
CD4+ TCRgd Tcm	CD4+ central memory gamma/delta T cell	CD4+ TCRgd T cell			3	CL:0000782	myeloid dendritic cell	11	1	CD19- (1 of 2 alt.), CD123-, CD11C+ (hi)		CD14-/CD33-/CD64- (no axiom on any alt.), HLA-DR+, CD15-/CD66B- (no axiom on any alt.), CD16-	no	
CD8+ Tcm	CD8+ central memory T cell	CD8+ T cell	Exact		1	CL:0001057	myeloid dendritic cell, human	15	1	CD14- (1 of 3 alt.), CD19- (1 of 2 alt.), CD123-, CD11C+ (hi)		HLA-DR+, CD15-/CD66B- (no axiom on any alt.), CD16-	no	
CD8+ Tcm	CD8+ central memory T cell	CD8+ T cell	Exact		2	CL:0002000	Kit-positive erythroid progenitor cell	13	1	CD14- (1 of 3 alt.), CD19- (1 of 2 alt.), CD123-		HLA-DR+, CD11C+, CD15-/CD66B- (no axiom on any alt.), CD16-	no	
CD8+ Tcm	CD8+ central memory T cell	CD8+ T cell	Exact		3	CL:0000782	myeloid dendritic cell	11	1	CD19- (1 of 2 alt.), CD123-, CD11C+ (hi)		CD14-/CD33-/CD64- (no axiom on any alt.), HLA-DR+, CD15-/CD66B- (no axiom on any alt.), CD16-	no	
CD8+ TCRab Tcm	CD8+  central memory alpha/beta T cell	CD8+ TCRab T cell	Exact		1	CL:0001057	myeloid dendritic cell, human	15	1	CD14- (1 of 3 alt.), CD19- (1 of 2 alt.), CD123-, CD11C+ (hi)		HLA-DR+, CD15-/CD66B- (no axiom on any alt.), CD16-	no	
CD8+ TCRab Tcm	CD8+  central memory alpha/beta T cell	CD8+ TCRab T cell	Exact		2	CL:0002000	Kit-positive erythroid progenitor cell	13	1	CD14- (1 of 3 alt.), CD19- (1 of 2 alt.), CD123-		HLA-DR+, CD11C+, CD15-/CD66B- (no axiom on any alt.), CD16-	no	
CD8+ TCRab Tcm	CD8+  central memory alpha/beta T cell	CD8+ TCRab T cell	Exact		3	CL:0000782	myeloid dendritic cell	11	1	CD19- (1 of 2 alt.), CD123-, CD11C+ (hi)		CD14-/CD33-/CD64- (no axiom on any alt.), HLA-DR+, CD15-/CD66B- (no axiom on any alt.), CD16-	no	
CD8+ TCRgd Tcm	CD8+ central memory gamma/delta T cell	CD8+ TCRgd T cell			1	CL:0001057	myeloid dendritic cell, human	15	1	CD14- (1 of 3 alt.), CD19- (1 of 2 alt.), CD123-, CD11C+ (hi)		HLA-DR+, CD15-/CD66B- (no axiom on any alt.), CD16-	no	
CD8+ TCRgd Tcm	CD8+ central memory gamma/delta T cell	CD8+ TCRgd T cell			2	CL:0002000	Kit-positive erythroid progenitor cell	13	1	CD14- (1 of 3 alt.), CD19- (1 of 2 alt.), CD123-		HLA-DR+, CD11C+, CD15-/CD66B- (no axiom on any alt.), CD16-	no	
CD8+ TCRgd Tcm	CD8+ central memory gamma/delta T cell	CD8+ TCRgd T cell			3	CL:0000782	myeloid dendritic cell	11	1	CD19- (1 of 2 alt.), CD123-, CD11C+ (hi)		CD14-/CD33-/CD64- (no axiom on any alt.), HLA-DR+, CD15-/CD66B- (no axiom on any alt.), CD16-	no	
Tnaive	Naive alpha/beta and gamma/delta T cell	T cell	Exact		1	CL:0001057	myeloid dendritic cell, human	15	1	CD14- (1 of 3 alt.), CD19- (1 of 2 alt.), CD123-, CD11C+ (hi)		HLA-DR+, CD15-/CD66B- (no axiom on any alt.), CD16-	no	
Tnaive	Naive alpha/beta and gamma/delta T cell	T cell	Exact		2	CL:0002000	Kit-positive erythroid progenitor cell	13	1	CD14- (1 of 3 alt.), CD19- (1 of 2 alt.), CD123-		HLA-DR+, CD11C+, CD15-/CD66B- (no axiom on any alt.), CD16-	no	
Tnaive	Naive alpha/beta and gamma/delta T cell	T cell	Exact		3	CL:0000782	myeloid dendritic cell	11	1	CD19- (1 of 2 alt.), CD123-, CD11C+ (hi)		CD14-/CD33-/CD64- (no axiom on any alt.), HLA-DR+, CD15-/CD66B- (no axiom on any alt.), CD16-	no	
CD4+ Tnaive	CD4+ Naive alpha/beta and gamma/delta T cell	CD4+ T cell	Exact		1	CL:0001057	myeloid dendritic cell, human	15	1	CD14- (1 of 3 alt.), CD19- (1 of 2 alt.), CD123-, CD11C+ (hi)		HLA-DR+, CD15-/CD66B- (no axiom on any alt.), CD16-	no	
CD4+ Tnaive	CD4+ Naive alpha/beta and gamma/delta T cell	CD4+ T cell	Exact		2	CL:0002000	Kit-positive erythroid progenitor cell	13	1	CD14- (1 of 3 alt.), CD19- (1 of 2 alt.), CD123-		HLA-DR+, CD11C+, CD15-/CD66B- (no axiom on any alt.), CD16-	no	
CD4+ Tnaive	CD4+ Naive alpha/beta and gamma/delta T cell	CD4+ T cell	Exact		3	CL:0000782	myeloid dendritic cell	11	1	CD19- (1 of 2 alt.), CD123-, CD11C+ (hi)		CD14-/CD33-/CD64- (no axiom on any alt.), HLA-DR+, CD15-/CD66B- (no axiom on any alt.), CD16-	no	
CD4+ TCRab Tnaive	CD4+ naive alpha/beta T cell	CD4 TCRab T cell	Exact		1	CL:0001057	myeloid dendritic cell, human	15	1	CD14- (1 of 3 alt.), CD19- (1 of 2 alt.), CD123-, CD11C+ (hi)		HLA-DR+, CD15-/CD66B- (no axiom on any alt.), CD16-	no	
CD4+ TCRab Tnaive	CD4+ naive alpha/beta T cell	CD4 TCRab T cell	Exact		2	CL:0002000	Kit-positive erythroid progenitor cell	13	1	CD14- (1 of 3 alt.), CD19- (1 of 2 alt.), CD123-		HLA-DR+, CD11C+, CD15-/CD66B- (no axiom on any alt.), CD16-	no	
CD4+ TCRab Tnaive	CD4+ naive alpha/beta T cell	CD4 TCRab T cell	Exact		3	CL:0000782	myeloid dendritic cell	11	1	CD19- (1 of 2 alt.), CD123-, CD11C+ (hi)		CD14-/CD33-/CD64- (no axiom on any alt.), HLA-DR+, CD15-/CD66B- (no axiom on any alt.), CD16-	no	
CD4+ TCRgd Tnaive	CD4+ naive gamma/delta T cell	CD4+ TCRgd T cell			1	CL:0001057	myeloid dendritic cell, human	15	1	CD14- (1 of 3 alt.), CD19- (1 of 2 alt.), CD123-, CD11C+ (hi)		HLA-DR+, CD15-/CD66B- (no axiom on any alt.), CD16-	no	
CD4+ TCRgd Tnaive	CD4+ naive gamma/delta T cell	CD4+ TCRgd T cell			2	CL:0002000	Kit-positive erythroid progenitor cell	13	1	CD14- (1 of 3 alt.), CD19- (1 of 2 alt.), CD123-		HLA-DR+, CD11C+, CD15-/CD66B- (no axiom on any alt.), CD16-	no	
CD4+ TCRgd Tnaive	CD4+ naive gamma/delta T cell	CD4+ TCRgd T cell			3	CL:0000782	myeloid dendritic cell	11	1	CD19- (1 of 2 alt.), CD123-, CD11C+ (hi)		CD14-/CD33-/CD64- (no axiom on any alt.), HLA-DR+, CD15-/CD66B- (no axiom on any alt.), CD16-	no	
CD8+ Tnaive	CD8+ naive alpha/beta and gamma/delta T cell	CD8+ T cell	Exact		1	CL:0001057	myeloid dendritic cell, human	15	1	CD14- (1 of 3 alt.), CD19- (1 of 2 alt.), CD123-, CD11C+ (hi)		HLA-DR+, CD15-/CD66B- (no axiom on any alt.), CD16-	no	
CD8+ Tnaive	CD8+ naive alpha/beta and gamma/delta T cell	CD8+ T cell	Exact		2	CL:0002000	Kit-positive erythroid progenitor cell	13	1	CD14- (1 of 3 alt.), CD19- (1 of 2 alt.), CD123-		HLA-DR+, CD11C+, CD15-/CD66B- (no axiom on any alt.), CD16-	no	
CD8+ Tnaive	CD8+ naive alpha/beta and gamma/delta T cell	CD8+ T cell	Exact		3	CL:0000782	myeloid dendritic cell	11	1	CD19- (1 of 2 alt.), CD123-, CD11C+ (hi)		CD14-/CD33-/CD64- (no axiom on any alt.), HLA-DR+, CD15-/CD66B- (no axiom on any alt.), CD16-	no	
CD8+ TCRab Tnaive	CD8+ naive alpha/beta T cell	CD8+ TCRab T cell	Exact		1	CL:0001057	myeloid dendritic cell, human	15	1	CD14- (1 of 3 alt.), CD19- (1 of 2 alt.), CD123-, CD11C+ (hi)		HLA-DR+, CD15-/CD66B- (no axiom on any alt.), CD16-	no	
CD8+ TCRab Tnaive	CD8+ naive alpha/beta T cell	CD8+ TCRab T cell	Exact		2	CL:0002000	Kit-positive erythroid progenitor cell	13	1	CD14- (1 of 3 alt.), CD19- (1 of 2 alt.), CD123-		HLA-DR+, CD11C+, CD15-/CD66B- (no axiom on any alt.), CD16-	no	
CD8+ TCRab Tnaive	CD8+ naive alpha/beta T cell	CD8+ TCRab T cell	Exact		3	CL:0000782	myeloid dendritic cell	11	1	CD19- (1 of 2 alt.), CD123-, CD11C+ (hi)		CD14-/CD33-/CD64- (no axiom on any alt.), HLA-DR+, CD15-/CD66B- (no axiom on any alt.), CD16-	no	
CD8+ TCRgd Tnaive	CD8+ naive gamma/delta  T cell	CD8+ TCRgd T cell			1	CL:0001057	myeloid dendritic cell, human	15	1	CD14- (1 of 3 alt.), CD19- (1 of 2 alt.), CD123-, CD11C+ (hi)		HLA-DR+, CD15-/CD66B- (no axiom on any alt.), CD16-	no	
CD8+ TCRgd Tnaive	CD8+ naive gamma/delta  T cell	CD8+ TCRgd T cell			2	CL:0002000	Kit-positive erythroid progenitor cell	13	1	CD14- (1 of 3 alt.), CD19- (1 of 2 alt.), CD123-		HLA-DR+, CD11C+, CD15-/CD66B- (no axiom on any alt.), CD16-	no	
CD8+ TCRgd Tnaive	CD8+ naive gamma/delta  T cell	CD8+ TCRgd T cell			3	CL:0000782	myeloid dendritic cell	11	1	CD19- (1 of 2 alt.), CD123-, CD11C+ (hi)		CD14-/CD33-/CD64- (no axiom on any alt.), HLA-DR+, CD15-/CD66B- (no axiom on any alt.), CD16-	no	
Tem	Effector memory T cell	T cell	Exact		1	CL:0001057	myeloid dendritic cell, human	15	1	CD14- (1 of 3 alt.), CD19- (1 of 2 alt.), CD123-, CD11C+ (hi)		HLA-DR+, CD15-/CD66B- (no axiom on any alt.), CD16-	no	
Tem	Effector memory T cell	T cell	Exact		2	CL:0002000	Kit-positive erythroid progenitor cell	13	1	CD14- (1 of 3 alt.), CD19- (1 of 2 alt.), CD123-		HLA-DR+, CD11C+, CD15-/CD66B- (no axiom on any alt.), CD16-	no	
Tem	Effector memory T cell	T cell	Exact		3	CL:0001024	CD34-positive, CD38-negative hematopoietic stem cell	12	2	CD14- (1 of 3 alt.), CD19- (1 of 2 alt.), CD16-		CD123-, HLA-DR+, CD11C+, CD15-/CD66B- (no axiom on any alt.)	no	
CD4+ Tem	CD4+ effector memory alpha/beta and gamma/delta T cells	CD4+ T cell	Exact		1	CL:0001057	myeloid dendritic cell, human	15	1	CD14- (1 of 3 alt.), CD19- (1 of 2 alt.), CD123-, CD11C+ (hi)		HLA-DR+, CD15-/CD66B- (no axiom on any alt.), CD16-	no	
CD4+ Tem	CD4+ effector memory alpha/beta and gamma/delta T cells	CD4+ T cell	Exact		2	CL:0002000	Kit-positive erythroid progenitor cell	13	1	CD14- (1 of 3 alt.), CD19- (1 of 2 alt.), CD123-		HLA-DR+, CD11C+, CD15-/CD66B- (no axiom on any alt.), CD16-	no	
CD4+ Tem	CD4+ effector memory alpha/beta and gamma/delta T cells	CD4+ T cell	Exact		3	CL:0001024	CD34-positive, CD38-negative hematopoietic stem cell	12	2	CD14- (1 of 3 alt.), CD19- (1 of 2 alt.), CD16-		CD123-, HLA-DR+, CD11C+, CD15-/CD66B- (no axiom on any alt.)	no	
CD4+ TCRab Tem	CD4+ effector memory alpha/beta T cell	CD4+ TCRab T cell	Exact		1	CL:0001057	myeloid dendritic cell, human	15	1	CD14- (1 of 3 alt.), CD19- (1 of 2 alt.), CD123-, CD11C+ (hi)		HLA-DR+, CD15-/CD66B- (no axiom on any alt.), CD16-	no	
CD4+ TCRab Tem	CD4+ effector memory alpha/beta T cell	CD4+ TCRab T cell	Exact		2	CL:0002000	Kit-positive erythroid progenitor cell	13	1	CD14- (1 of 3 alt.), CD19- (1 of 2 alt.), CD123-		HLA-DR+, CD11C+, CD15-/CD66B- (no axiom on any alt.), CD16-	no	
CD4+ TCRab Tem	CD4+ effector memory alpha/beta T cell	CD4+ TCRab T cell	Exact		3	CL:0001024	CD34-positive, CD38-negative hematopoietic stem cell	12	2	CD14- (1 of 3 alt.), CD19- (1 of 2 alt.), CD16-		CD123-, HLA-DR+, CD11C+, CD15-/CD66B- (no axiom on any alt.)	no	
CD4+ TCRgd Tem	CD4+ effector memory gamma/delta T cell	CD4+ TCRgd T cell			1	CL:0001057	myeloid dendritic cell, human	15	1	CD14- (1 of 3 alt.), CD19- (1 of 2 alt.), CD123-, CD11C+ (hi)		HLA-DR+, CD15-/CD66B- (no axiom on any alt.), CD16-	no	
CD4+ TCRgd Tem	CD4+ effector memory gamma/delta T cell	CD4+ TCRgd T cell			2	CL:0002000	Kit-positive erythroid progenitor cell	13	1	CD14- (1 of 3 alt.), CD19- (1 of 2 alt.), CD123-		HLA-DR+, CD11C+, CD15-/CD66B- (no axiom on any alt.), CD16-	no	
CD4+ TCRgd Tem	CD4+ effector memory gamma/delta T cell	CD4+ TCRgd T cell			3	CL:0001024	CD34-positive, CD38-negative hematopoietic stem cell	12	2	CD14- (1 of 3 alt.), CD19- (1 of 2 alt.), CD16-		CD123-, HLA-DR+, CD11C+, CD15-/CD66B- (no axiom on any alt.)	no	
CD8+ Tem	CD8+ effector memory T cell	CD8+ T cell	Exact		1	CL:0001057	myeloid dendritic cell, human	15	1	CD14- (1 of 3 alt.), CD19- (1 of 2 alt.), CD123-, CD11C+ (hi)		HLA-DR+, CD15-/CD66B- (no axiom on any alt.), CD16-	no	
CD8+ Tem	CD8+ effector memory T cell	CD8+ T cell	Exact		2	CL:0002000	Kit-positive erythroid progenitor cell	13	1	CD14- (1 of 3 alt.), CD19- (1 of 2 alt.), CD123-		HLA-DR+, CD11C+, CD15-/CD66B- (no axiom on any alt.), CD16-	no	
CD8+ Tem	CD8+ effector memory T cell	CD8+ T cell	Exact		3	CL:0001024	CD34-positive, CD38-negative hematopoietic stem cell	12	2	CD14- (1 of 3 alt.), CD19- (1 of 2 alt.), CD16-		CD123-, HLA-DR+, CD11C+, CD15-/CD66B- (no axiom on any alt.)	no	
CD8+ TCRab Tem	CD8+  effector memory alpha/beta T cell	CD8+ TCRab T cell	Exact		1	CL:0001057	myeloid dendritic cell, human	15	1	CD14- (1 of 3 alt.), CD19- (1 of 2 alt.), CD123-, CD11C+ (hi)		HLA-DR+, CD15-/CD66B- (no axiom on any alt.), CD16-	no	
CD8+ TCRab Tem	CD8+  effector memory alpha/beta T cell	CD8+ TCRab T cell	Exact		2	CL:0002000	Kit-positive erythroid progenitor cell	13	1	CD14- (1 of 3 alt.), CD19- (1 of 2 alt.), CD123-		HLA-DR+, CD11C+, CD15-/CD66B- (no axiom on any alt.), CD16-	no	
CD8+ TCRab Tem	CD8+  effector memory alpha/beta T cell	CD8+ TCRab T cell	Exact		3	CL:0001024	CD34-positive, CD38-negative hematopoietic stem cell	12	2	CD14- (1 of 3 alt.), CD19- (1 of 2 alt.), CD16-		CD123-, HLA-DR+, CD11C+, CD15-/CD66B- (no axiom on any alt.)	no	
CD8+ TCRgd Tem	CD8+ effector memory gamma/delta T cell	CD8+ TCRgd T cell			1	CL:0001057	myeloid dendritic cell, human	15	1	CD14- (1 of 3 alt.), CD19- (1 of 2 alt.), CD123-, CD11C+ (hi)		HLA-DR+, CD15-/CD66B- (no axiom on any alt.), CD16-	no	
CD8+ TCRgd Tem	CD8+ effector memory gamma/delta T cell	CD8+ TCRgd T cell			2	CL:0002000	Kit-positive erythroid progenitor cell	13	1	CD14- (1 of 3 alt.), CD19- (1 of 2 alt.), CD123-		HLA-DR+, CD11C+, CD15-/CD66B- (no axiom on any alt.), CD16-	no	
CD8+ TCRgd Tem	CD8+ effector memory gamma/delta T cell	CD8+ TCRgd T cell			3	CL:0001024	CD34-positive, CD38-negative hematopoietic stem cell	12	2	CD14- (1 of 3 alt.), CD19- (1 of 2 alt.), CD16-		CD123-, HLA-DR+, CD11C+, CD15-/CD66B- (no axiom on any alt.)	no	
Temra	CD45RA+ effector memory alpha/beta and gamma/delta T cell	T cell	Exact		1	CL:0001057	myeloid dendritic cell, human	15	1	CD14- (1 of 3 alt.), CD19- (1 of 2 alt.), CD123-, CD11C+ (hi)		HLA-DR+, CD15-/CD66B- (no axiom on any alt.), CD16-	no	
Temra	CD45RA+ effector memory alpha/beta and gamma/delta T cell	T cell	Exact		2	CL:0002000	Kit-positive erythroid progenitor cell	13	1	CD14- (1 of 3 alt.), CD19- (1 of 2 alt.), CD123-		HLA-DR+, CD11C+, CD15-/CD66B- (no axiom on any alt.), CD16-	no	
Temra	CD45RA+ effector memory alpha/beta and gamma/delta T cell	T cell	Exact		3	CL:0000782	myeloid dendritic cell	11	1	CD19- (1 of 2 alt.), CD123-, CD11C+ (hi)		CD14-/CD33-/CD64- (no axiom on any alt.), HLA-DR+, CD15-/CD66B- (no axiom on any alt.), CD16-	no	
CD4+ Temra	CD4+ CD45RA+ effector memory alpha/beta and gamma/delta T cell	CD4+ T cell	Exact		1	CL:0001057	myeloid dendritic cell, human	15	1	CD14- (1 of 3 alt.), CD19- (1 of 2 alt.), CD123-, CD11C+ (hi)		HLA-DR+, CD15-/CD66B- (no axiom on any alt.), CD16-	no	
CD4+ Temra	CD4+ CD45RA+ effector memory alpha/beta and gamma/delta T cell	CD4+ T cell	Exact		2	CL:0002000	Kit-positive erythroid progenitor cell	13	1	CD14- (1 of 3 alt.), CD19- (1 of 2 alt.), CD123-		HLA-DR+, CD11C+, CD15-/CD66B- (no axiom on any alt.), CD16-	no	
CD4+ Temra	CD4+ CD45RA+ effector memory alpha/beta and gamma/delta T cell	CD4+ T cell	Exact		3	CL:0000782	myeloid dendritic cell	11	1	CD19- (1 of 2 alt.), CD123-, CD11C+ (hi)		CD14-/CD33-/CD64- (no axiom on any alt.), HLA-DR+, CD15-/CD66B- (no axiom on any alt.), CD16-	no	
CD4+ TCRab Temra	CD4+ CD45RA+ effector memory alpha/beta T cell	CD4 TCRab T cell	Exact		1	CL:0001057	myeloid dendritic cell, human	15	1	CD14- (1 of 3 alt.), CD19- (1 of 2 alt.), CD123-, CD11C+ (hi)		HLA-DR+, CD15-/CD66B- (no axiom on any alt.), CD16-	no	
CD4+ TCRab Temra	CD4+ CD45RA+ effector memory alpha/beta T cell	CD4 TCRab T cell	Exact		2	CL:0002000	Kit-positive erythroid progenitor cell	13	1	CD14- (1 of 3 alt.), CD19- (1 of 2 alt.), CD123-		HLA-DR+, CD11C+, CD15-/CD66B- (no axiom on any alt.), CD16-	no	
CD4+ TCRab Temra	CD4+ CD45RA+ effector memory alpha/beta T cell	CD4 TCRab T cell	Exact		3	CL:0000782	myeloid dendritic cell	11	1	CD19- (1 of 2 alt.), CD123-, CD11C+ (hi)		CD14-/CD33-/CD64- (no axiom on any alt.), HLA-DR+, CD15-/CD66B- (no axiom on any alt.), CD16-	no	
CD4+ TCRgd Temra	CD4+ CD45RA+ effector memory gamma/delta T cell	CD4+ TCRgd T cell			1	CL:0001057	myeloid dendritic cell, human	15	1	CD14- (1 of 3 alt.), CD19- (1 of 2 alt.), CD123-, CD11C+ (hi)		HLA-DR+, CD15-/CD66B- (no axiom on any alt.), CD16-	no	
CD4+ TCRgd Temra	CD4+ CD45RA+ effector memory gamma/delta T cell	CD4+ TCRgd T cell			2	CL:0002000	Kit-positive erythroid progenitor cell	13	1	CD14- (1 of 3 alt.), CD19- (1 of 2 alt.), CD123-		HLA-DR+, CD11C+, CD15-/CD66B- (no axiom on any alt.), CD16-	no	
CD4+ TCRgd Temra	CD4+ CD45RA+ effector memory gamma/delta T cell	CD4+ TCRgd T cell			3	CL:0000782	myeloid dendritic cell	11	1	CD19- (1 of 2 alt.), CD123-, CD11C+ (hi)		CD14-/CD33-/CD64- (no axiom on any alt.), HLA-DR+, CD15-/CD66B- (no axiom on any alt.), CD16-	no	
CD8+ Temra	CD8+ CD45RA+ effector memory alpha/beta and gamma/delta T cell	CD8+ T cell	Exact		1	CL:0001057	myeloid dendritic cell, human	15	1	CD14- (1 of 3 alt.), CD19- (1 of 2 alt.), CD123-, CD11C+ (hi)		HLA-DR+, CD15-/CD66B- (no axiom on any alt.), CD16-	no	
CD8+ Temra	CD8+ CD45RA+ effector memory alpha/beta and gamma/delta T cell	CD8+ T cell	Exact		2	CL:0002000	Kit-positive erythroid progenitor cell	13	1	CD14- (1 of 3 alt.), CD19- (1 of 2 alt.), CD123-		HLA-DR+, CD11C+, CD15-/CD66B- (no axiom on any alt.), CD16-	no	
CD8+ Temra	CD8+ CD45RA+ effector memory alpha/beta and gamma/delta T cell	CD8+ T cell	Exact		3	CL:0000782	myeloid dendritic cell	11	1	CD19- (1 of 2 alt.), CD123-, CD11C+ (hi)		CD14-/CD33-/CD64- (no axiom on any alt.), HLA-DR+, CD15-/CD66B- (no axiom on any alt.), CD16-	no	
CD8+ TCRab Temra	CD8+ CD45RA+ effector memory alpha/beta T cell	CD8+ TCRab T cell	Exact		1	CL:0001057	myeloid dendritic cell, human	15	1	CD14- (1 of 3 alt.), CD19- (1 of 2 alt.), CD123-, CD11C+ (hi)		HLA-DR+, CD15-/CD66B- (no axiom on any alt.), CD16-	no	
CD8+ TCRab Temra	CD8+ CD45RA+ effector memory alpha/beta T cell	CD8+ TCRab T cell	Exact		2	CL:0002000	Kit-positive erythroid progenitor cell	13	1	CD14- (1 of 3 alt.), CD19- (1 of 2 alt.), CD123-		HLA-DR+, CD11C+, CD15-/CD66B- (no axiom on any alt.), CD16-	no	
CD8+ TCRab Temra	CD8+ CD45RA+ effector memory alpha/beta T cell	CD8+ TCRab T cell	Exact		3	CL:0000782	myeloid dendritic cell	11	1	CD19- (1 of 2 alt.), CD123-, CD11C+ (hi)		CD14-/CD33-/CD64- (no axiom on any alt.), HLA-DR+, CD15-/CD66B- (no axiom on any alt.), CD16-	no	
T helper		TCRab			1	CL:0002468	Gr1-low myeloid suppressor cell	6	0	CD45+, CD11C+		CD14-/CD33-/CD64- (no axiom on any alt.), CD19-/CD20- (no axiom on any alt.), CD123-, CD3+, TCRAB+/TCRGD- (no axiom on any alt.), HLA-DR+, CD15-/CD66B- (no axiom on any alt.), CD16-	no	
T helper		TCRab			2	CL:0002477	adipose macrophage	6	0	CD45+, CD11C+		CD14-/CD33-/CD64- (no axiom on any alt.), CD19-/CD20- (no axiom on any alt.), CD123-, CD3+, TCRAB+/TCRGD- (no axiom on any alt.), HLA-DR+, CD15-/CD66B- (no axiom on any alt.), CD16-	no	
T helper		TCRab			3	CL:0002478	F4/80-negative adipose macrophage	6	0	CD45+, CD11C+		CD14-/CD33-/CD64- (no axiom on any alt.), CD19-/CD20- (no axiom on any alt.), CD123-, CD3+, TCRAB+/TCRGD- (no axiom on any alt.), HLA-DR+, CD15-/CD66B- (no axiom on any alt.), CD16-	no	
T cytotoxic		TCRab			1	CL:0001057	myeloid dendritic cell, human	14	0	CD14- (1 of 3 alt.), CD19- (1 of 2 alt.), CD123-, CD11C+ (hi)		HLA-DR+, CD15-/CD66B- (no axiom on any alt.), CD16-	no	
T cytotoxic		TCRab			2	CL:0002000	Kit-positive erythroid progenitor cell	12	0	CD14- (1 of 3 alt.), CD19- (1 of 2 alt.), CD123-		HLA-DR+, CD11C+, CD15-/CD66B- (no axiom on any alt.), CD16-	no	
T cytotoxic		TCRab			3	CL:0000782	myeloid dendritic cell	10	0	CD19- (1 of 2 alt.), CD123-, CD11C+ (hi)		CD14-/CD33-/CD64- (no axiom on any alt.), HLA-DR+, CD15-/CD66B- (no axiom on any alt.), CD16-	no	
ConT Treg-like		CD4 ConT			1	CL:0000896	activated CD4-positive, alpha-beta T cell	13	1	CD4+, CD25+, CD127-		CD14-/CD33-/CD64- (no axiom on any alt.), CD19-/CD20- (no axiom on any alt.), CD123-, CD45+, CD3+, TCRAB+/TCRGD- (no axiom on any alt.), TCRVA24-JA18+/TCRVA24+/TETRAMER+ (no axiom on any alt.), TCRVB11+, TCRVA7.2+/TETRAMER+ (no axiom on any alt.), CD161+, HLA-DR+, CD11C+, CD15-/CD66B- (no axiom on any alt.), CD16-	no	
ConT Treg-like		CD4 ConT			2	CL:0001043	activated CD4-positive, alpha-beta T cell, human	13	1	CD4+, CD25+, CD127-		CD14-/CD33-/CD64- (no axiom on any alt.), CD19-/CD20- (no axiom on any alt.), CD123-, CD45+, CD3+, TCRAB+/TCRGD- (no axiom on any alt.), TCRVA24-JA18+/TCRVA24+/TETRAMER+ (no axiom on any alt.), TCRVB11+, TCRVA7.2+/TETRAMER+ (no axiom on any alt.), CD161+, HLA-DR+, CD11C+, CD15-/CD66B- (no axiom on any alt.), CD16-	no	
ConT Treg-like		CD4 ConT			3	CL:0001044	effector CD4-positive, alpha-beta T cell	9	1	CD45+, CD4+		CD14-/CD33-/CD64- (no axiom on any alt.), CD19-/CD20- (no axiom on any alt.), CD123-, CD3+, TCRAB+/TCRGD- (no axiom on any alt.), TCRVA24-JA18+/TCRVA24+/TETRAMER+ (no axiom on any alt.), TCRVB11+, TCRVA7.2+/TETRAMER+ (no axiom on any alt.), CD161+, CD25+, CD127-, HLA-DR+, CD11C+, CD15-/CD66B- (no axiom on any alt.), CD16-	no	
ConT Tfh-like		CD4 ConT			1	CL:0000896	activated CD4-positive, alpha-beta T cell	13	1	CD4+, CD25+, CD127-		CD14-/CD33-/CD64- (no axiom on any alt.), CD19-/CD20- (no axiom on any alt.), CD123-, CD45+, CD3+, TCRAB+/TCRGD- (no axiom on any alt.), TCRVA24-JA18+/TCRVA24+/TETRAMER+ (no axiom on any alt.), TCRVB11+, TCRVA7.2+/TETRAMER+ (no axiom on any alt.), CD161+, CD185+, HLA-DR+, CD11C+, CD15-/CD66B- (no axiom on any alt.), CD16-	no	
ConT Tfh-like		CD4 ConT			2	CL:0001043	activated CD4-positive, alpha-beta T cell, human	13	1	CD4+, CD25+, CD127-		CD14-/CD33-/CD64- (no axiom on any alt.), CD19-/CD20- (no axiom on any alt.), CD123-, CD45+, CD3+, TCRAB+/TCRGD- (no axiom on any alt.), TCRVA24-JA18+/TCRVA24+/TETRAMER+ (no axiom on any alt.), TCRVB11+, TCRVA7.2+/TETRAMER+ (no axiom on any alt.), CD161+, CD185+, HLA-DR+, CD11C+, CD15-/CD66B- (no axiom on any alt.), CD16-	no	
ConT Tfh-like		CD4 ConT			3	CL:0001044	effector CD4-positive, alpha-beta T cell	9	1	CD45+, CD4+		CD14-/CD33-/CD64- (no axiom on any alt.), CD19-/CD20- (no axiom on any alt.), CD123-, CD3+, TCRAB+/TCRGD- (no axiom on any alt.), TCRVA24-JA18+/TCRVA24+/TETRAMER+ (no axiom on any alt.), TCRVB11+, TCRVA7.2+/TETRAMER+ (no axiom on any alt.), CD161+, CD25+, CD127-, CD185+, HLA-DR+, CD11C+, CD15-/CD66B- (no axiom on any alt.), CD16-	no	
Th1-like		CD4 ConT			1	CL:0000896	activated CD4-positive, alpha-beta T cell	13	1	CD4+, CD25+, CD127-		CD14-/CD33-/CD64- (no axiom on any alt.), CD19-/CD20- (no axiom on any alt.), CD123-, CD45+, CD3+, TCRAB+/TCRGD- (no axiom on any alt.), TCRVA24-JA18+/TCRVA24+/TETRAMER+ (no axiom on any alt.), TCRVB11+, TCRVA7.2+/TETRAMER+ (no axiom on any alt.), CD161+, CD185-, CD183+, CD196-, CD194-, HLA-DR+, CD11C+, CD15-/CD66B- (no axiom on any alt.), CD16-	no	
Th1-like		CD4 ConT			2	CL:0001043	activated CD4-positive, alpha-beta T cell, human	13	1	CD4+, CD25+, CD127-		CD14-/CD33-/CD64- (no axiom on any alt.), CD19-/CD20- (no axiom on any alt.), CD123-, CD45+, CD3+, TCRAB+/TCRGD- (no axiom on any alt.), TCRVA24-JA18+/TCRVA24+/TETRAMER+ (no axiom on any alt.), TCRVB11+, TCRVA7.2+/TETRAMER+ (no axiom on any alt.), CD161+, CD185-, CD183+, CD196-, CD194-, HLA-DR+, CD11C+, CD15-/CD66B- (no axiom on any alt.), CD16-	no	
Th1-like		CD4 ConT			3	CL:0000545	T-helper 1 cell	12	0	CD4+, CD183+, CD196-		CD14-/CD33-/CD64- (no axiom on any alt.), CD19-/CD20- (no axiom on any alt.), CD123-, CD45+, CD3+, TCRAB+/TCRGD- (no axiom on any alt.), TCRVA24-JA18+/TCRVA24+/TETRAMER+ (no axiom on any alt.), TCRVB11+, TCRVA7.2+/TETRAMER+ (no axiom on any alt.), CD161+, CD25+, CD127-, CD185-, CD194-, HLA-DR+, CD11C+, CD15-/CD66B- (no axiom on any alt.), CD16-	no	
Th2-like		CD4 ConT			1	CL:0000896	activated CD4-positive, alpha-beta T cell	13	1	CD4+, CD25+, CD127-		CD14-/CD33-/CD64- (no axiom on any alt.), CD19-/CD20- (no axiom on any alt.), CD123-, CD45+, CD3+, TCRAB+/TCRGD- (no axiom on any alt.), TCRVA24-JA18+/TCRVA24+/TETRAMER+ (no axiom on any alt.), TCRVB11+, TCRVA7.2+/TETRAMER+ (no axiom on any alt.), CD161+, CD185-, CD183-, CD196-, CD194+, CD294+, HLA-DR+, CD11C+, CD15-/CD66B- (no axiom on any alt.), CD16-, CD294+, IL-4+/IL-5+/IL-13+ (no axiom on any alt.)	no	
Th2-like		CD4 ConT			2	CL:0001043	activated CD4-positive, alpha-beta T cell, human	13	1	CD4+, CD25+, CD127-		CD14-/CD33-/CD64- (no axiom on any alt.), CD19-/CD20- (no axiom on any alt.), CD123-, CD45+, CD3+, TCRAB+/TCRGD- (no axiom on any alt.), TCRVA24-JA18+/TCRVA24+/TETRAMER+ (no axiom on any alt.), TCRVB11+, TCRVA7.2+/TETRAMER+ (no axiom on any alt.), CD161+, CD185-, CD183-, CD196-, CD194+, CD294+, HLA-DR+, CD11C+, CD15-/CD66B- (no axiom on any alt.), CD16-, CD294+, IL-4+/IL-5+/IL-13+ (no axiom on any alt.)	no	
Th2-like		CD4 ConT			3	CL:0001051	CD4-positive, CXCR3-negative, CCR6-negative, alpha-beta T cell	13	1	CD4+, CD183-, CD196-		CD14-/CD33-/CD64- (no axiom on any alt.), CD19-/CD20- (no axiom on any alt.), CD123-, CD45+, CD3+, TCRAB+/TCRGD- (no axiom on any alt.), TCRVA24-JA18+/TCRVA24+/TETRAMER+ (no axiom on any alt.), TCRVB11+, TCRVA7.2+/TETRAMER+ (no axiom on any alt.), CD161+, CD25+, CD127-, CD185-, CD194+, CD294+, HLA-DR+, CD11C+, CD15-/CD66B- (no axiom on any alt.), CD16-, CD294+, IL-4+/IL-5+/IL-13+ (no axiom on any alt.)	no	
Th9-like					1	CL:0000546	T-helper 2 cell	12	0	CD4+, CD183-, CD196-		CD14-/CD33-/CD64- (no axiom on any alt.), CD19-/CD20- (no axiom on any alt.), CD123-, CD45+, CD3+, TCRAB+/TCRGD- (no axiom on any alt.), TCRVA24-JA18+/TCRVA24+/TETRAMER+ (no axiom on any alt.), TCRVB11+, TCRVA7.2+/TETRAMER+ (no axiom on any alt.), CD161+, CD25+, CD127-, CD185-, CD194+, HLA-DR+, CD11C+, CD15-/CD66B- (no axiom on any alt.), CD16-, CD198+, IL-9+	no	
Th9-like					2	CL:0000896	activated CD4-positive, alpha-beta T cell	12	0	CD4+, CD25+, CD127-		CD14-/CD33-/CD64- (no axiom on any alt.), CD19-/CD20- (no axiom on any alt.), CD123-, CD45+, CD3+, TCRAB+/TCRGD- (no axiom on any alt.), TCRVA24-JA18+/TCRVA24+/TETRAMER+ (no axiom on any alt.), TCRVB11+, TCRVA7.2+/TETRAMER+ (no axiom on any alt.), CD161+, CD185-, CD183-, CD196-, CD194+, HLA-DR+, CD11C+, CD15-/CD66B- (no axiom on any alt.), CD16-, CD198+, IL-9+	no	
Th9-like					3	CL:0001043	activated CD4-positive, alpha-beta T cell, human	12	0	CD4+, CD25+, CD127-		CD14-/CD33-/CD64- (no axiom on any alt.), CD19-/CD20- (no axiom on any alt.), CD123-, CD45+, CD3+, TCRAB+/TCRGD- (no axiom on any alt.), TCRVA24-JA18+/TCRVA24+/TETRAMER+ (no axiom on any alt.), TCRVB11+, TCRVA7.2+/TETRAMER+ (no axiom on any alt.), CD161+, CD185-, CD183-, CD196-, CD194+, HLA-DR+, CD11C+, CD15-/CD66B- (no axiom on any alt.), CD16-, CD198+, IL-9+	no	
Th17-like		CD4 ConT			1	CL:0000896	activated CD4-positive, alpha-beta T cell	13	1	CD4+, CD25+, CD127-		CD14-/CD33-/CD64- (no axiom on any alt.), CD19-/CD20- (no axiom on any alt.), CD123-, CD45+, CD3+, TCRAB+/TCRGD- (no axiom on any alt.), TCRVA24-JA18+/TCRVA24+/TETRAMER+ (no axiom on any alt.), TCRVB11+, TCRVA7.2+/TETRAMER+ (no axiom on any alt.), CD161+, CD185-, CD183-, CD196+, CD194+, HLA-DR+, CD11C+, CD15-/CD66B- (no axiom on any alt.), CD16-, CD161+, IL-17A+	no	
Th17-like		CD4 ConT			2	CL:0001043	activated CD4-positive, alpha-beta T cell, human	13	1	CD4+, CD25+, CD127-		CD14-/CD33-/CD64- (no axiom on any alt.), CD19-/CD20- (no axiom on any alt.), CD123-, CD45+, CD3+, TCRAB+/TCRGD- (no axiom on any alt.), TCRVA24-JA18+/TCRVA24+/TETRAMER+ (no axiom on any alt.), TCRVB11+, TCRVA7.2+/TETRAMER+ (no axiom on any alt.), CD161+, CD185-, CD183-, CD196+, CD194+, HLA-DR+, CD11C+, CD15-/CD66B- (no axiom on any alt.), CD16-, CD161+, IL-17A+	no	
Th17-like		CD4 ConT			3	CL:0000899	T-helper 17 cell	12	0	CD4+, CD183-, CD196+		CD14-/CD33-/CD64- (no axiom on any alt.), CD19-/CD20- (no axiom on any alt.), CD123-, CD45+, CD3+, TCRAB+/TCRGD- (no axiom on any alt.), TCRVA24-JA18+/TCRVA24+/TETRAMER+ (no axiom on any alt.), TCRVB11+, TCRVA7.2+/TETRAMER+ (no axiom on any alt.), CD161+, CD25+, CD127-, CD185-, CD194+, HLA-DR+, CD11C+, CD15-/CD66B- (no axiom on any alt.), CD16-, CD161+, IL-17A+	no	
CD4 PanT helper		CD4/CD8 PanT			1	CL:0000895	naive thymus-derived CD4-positive, alpha-beta T cell	13	1	CD45+, CD4+, CD8-		CD14-/CD33-/CD64- (no axiom on any alt.), CD19-/CD20- (no axiom on any alt.), CD123-, CD3+, HLA-DR+, CD11C+, CD15-/CD66B- (no axiom on any alt.), CD16-	no	
CD4 PanT helper		CD4/CD8 PanT			2	CL:0000904	central memory CD4-positive, alpha-beta T cell	13	1	CD45+, CD4+, CD8-		CD14-/CD33-/CD64- (no axiom on any alt.), CD19-/CD20- (no axiom on any alt.), CD123-, CD3+, HLA-DR+, CD11C+, CD15-/CD66B- (no axiom on any alt.), CD16-	no	
CD4 PanT helper		CD4/CD8 PanT			3	CL:0000905	effector memory CD4-positive, alpha-beta T cell	13	1	CD45+, CD4+, CD8-		CD14-/CD33-/CD64- (no axiom on any alt.), CD19-/CD20- (no axiom on any alt.), CD123-, CD3+, HLA-DR+, CD11C+, CD15-/CD66B- (no axiom on any alt.), CD16-	no	
Th1-like			Surface Only		1	CL:0000545	T-helper 1 cell	16	0	CD4+, CD8-, CD183+, CD196-		CD14-/CD33-/CD64- (no axiom on any alt.), CD19-/CD20- (no axiom on any alt.), CD123-, CD45+, CD3+, CD185-, CD194-, HLA-DR+, CD11C+, CD15-/CD66B- (no axiom on any alt.), CD16-, IFNG+, IL-4-, IL-5-, IL-13-	no	
Th1-like			Surface Only		2	CL:0000895	naive thymus-derived CD4-positive, alpha-beta T cell	12	0	CD45+, CD4+, CD8-		CD14-/CD33-/CD64- (no axiom on any alt.), CD19-/CD20- (no axiom on any alt.), CD123-, CD3+, CD183+, CD185-, CD194-, CD196-, HLA-DR+, CD11C+, CD15-/CD66B- (no axiom on any alt.), CD16-, IFNG+, IL-4-, IL-5-, IL-13-	no	
Th1-like			Surface Only		3	CL:0000904	central memory CD4-positive, alpha-beta T cell	12	0	CD45+, CD4+, CD8-		CD14-/CD33-/CD64- (no axiom on any alt.), CD19-/CD20- (no axiom on any alt.), CD123-, CD3+, CD183+, CD185-, CD194-, CD196-, HLA-DR+, CD11C+, CD15-/CD66B- (no axiom on any alt.), CD16-, IFNG+, IL-4-, IL-5-, IL-13-	no	
Th2-like					1	CL:0000546	T-helper 2 cell	16	0	CD4+, CD8-, CD183-, CD196-		CD14-/CD33-/CD64- (no axiom on any alt.), CD19-/CD20- (no axiom on any alt.), CD123-, CD45+, CD3+, CD185-, CD194+, HLA-DR+, CD11C+, CD15-/CD66B- (no axiom on any alt.), CD16-, CD294+, IL-4+/IL-5+/IL-13+ (no axiom on any alt.)	no	
Th2-like					2	CL:0001045	naive CCR4-positive regulatory T cell	16	0	CD45+, CD4+, CD8-, CD194+		CD14-/CD33-/CD64- (no axiom on any alt.), CD19-/CD20- (no axiom on any alt.), CD123-, CD3+, CD183-, CD185-, CD196-, HLA-DR+, CD11C+, CD15-/CD66B- (no axiom on any alt.), CD16-, CD294+, IL-4+/IL-5+/IL-13+ (no axiom on any alt.)	no	
Th2-like					3	CL:0001046	memory CCR4-positive regulatory T cell	16	0	CD45+, CD4+, CD8-, CD194+		CD14-/CD33-/CD64- (no axiom on any alt.), CD19-/CD20- (no axiom on any alt.), CD123-, CD3+, CD183-, CD185-, CD196-, HLA-DR+, CD11C+, CD15-/CD66B- (no axiom on any alt.), CD16-, CD294+, IL-4+/IL-5+/IL-13+ (no axiom on any alt.)	no	
Th9-like					1	CL:0000546	T-helper 2 cell	16	0	CD4+, CD8-, CD183-, CD196-		CD14-/CD33-/CD64- (no axiom on any alt.), CD19-/CD20- (no axiom on any alt.), CD123-, CD45+, CD3+, CD185-, CD194+, HLA-DR+, CD11C+, CD15-/CD66B- (no axiom on any alt.), CD16-, CD198+, IL-9+	no	
Th9-like					2	CL:0001045	naive CCR4-positive regulatory T cell	16	0	CD45+, CD4+, CD8-, CD194+		CD14-/CD33-/CD64- (no axiom on any alt.), CD19-/CD20- (no axiom on any alt.), CD123-, CD3+, CD183-, CD185-, CD196-, HLA-DR+, CD11C+, CD15-/CD66B- (no axiom on any alt.), CD16-, CD198+, IL-9+	no	
Th9-like					3	CL:0001046	memory CCR4-positive regulatory T cell	16	0	CD45+, CD4+, CD8-, CD194+		CD14-/CD33-/CD64- (no axiom on any alt.), CD19-/CD20- (no axiom on any alt.), CD123-, CD3+, CD183-, CD185-, CD196-, HLA-DR+, CD11C+, CD15-/CD66B- (no axiom on any alt.), CD16-, CD198+, IL-9+	no	
Th17-like					1	CL:0000899	T-helper 17 cell	16	0	CD4+, CD8-, CD183-, CD196+		CD14-/CD33-/CD64- (no axiom on any alt.), CD19-/CD20- (no axiom on any alt.), CD123-, CD45+, CD3+, CD185-, CD194+, HLA-DR+, CD11C+, CD15-/CD66B- (no axiom on any alt.), CD16-, IL-17A+	no	
Th17-like					2	CL:0001045	naive CCR4-positive regulatory T cell	16	0	CD45+, CD4+, CD8-, CD194+		CD14-/CD33-/CD64- (no axiom on any alt.), CD19-/CD20- (no axiom on any alt.), CD123-, CD3+, CD183-, CD185-, CD196+, HLA-DR+, CD11C+, CD15-/CD66B- (no axiom on any alt.), CD16-, IL-17A+	no	
Th17-like					3	CL:0001046	memory CCR4-positive regulatory T cell	16	0	CD45+, CD4+, CD8-, CD194+		CD14-/CD33-/CD64- (no axiom on any alt.), CD19-/CD20- (no axiom on any alt.), CD123-, CD3+, CD183-, CD185-, CD196+, HLA-DR+, CD11C+, CD15-/CD66B- (no axiom on any alt.), CD16-, IL-17A+	no	
Tfh					1	CL:0001057	myeloid dendritic cell, human	14	0	CD14- (1 of 3 alt.), CD19- (1 of 2 alt.), CD123-, CD11C+ (hi)		HLA-DR+, CD15-/CD66B- (no axiom on any alt.), CD16-	no	
Tfh					2	CL:0002000	Kit-positive erythroid progenitor cell	12	0	CD14- (1 of 3 alt.), CD19- (1 of 2 alt.), CD123-		HLA-DR+, CD11C+, CD15-/CD66B- (no axiom on any alt.), CD16-	no	
Tfh					3	CL:0000782	myeloid dendritic cell	10	0	CD19- (1 of 2 alt.), CD123-, CD11C+ (hi)		CD14-/CD33-/CD64- (no axiom on any alt.), HLA-DR+, CD15-/CD66B- (no axiom on any alt.), CD16-	no	
CD4 PanT Treg		CD4/CD8 PanT			1	CL:0000896	activated CD4-positive, alpha-beta T cell	17	1	CD4+, CD8-, CD127-, CD25+		CD14-/CD33-/CD64- (no axiom on any alt.), CD19-/CD20- (no axiom on any alt.), CD123-, CD45+, CD3+, HLA-DR+, CD11C+, CD15-/CD66B- (no axiom on any alt.), CD16-	no	
CD4 PanT Treg		CD4/CD8 PanT			2	CL:0001043	activated CD4-positive, alpha-beta T cell, human	17	1	CD4+, CD8-, CD127-, CD25+		CD14-/CD33-/CD64- (no axiom on any alt.), CD19-/CD20- (no axiom on any alt.), CD123-, CD45+, CD3+, HLA-DR+, CD11C+, CD15-/CD66B- (no axiom on any alt.), CD16-	no	
CD4 PanT Treg		CD4/CD8 PanT			3	CL:0001044	effector CD4-positive, alpha-beta T cell	13	1	CD45+, CD4+, CD8-		CD14-/CD33-/CD64- (no axiom on any alt.), CD19-/CD20- (no axiom on any alt.), CD123-, CD3+, CD127-, CD25+, HLA-DR+, CD11C+, CD15-/CD66B- (no axiom on any alt.), CD16-	no	
Vg9 Vd2		TCRgd			1	CL:0002468	Gr1-low myeloid suppressor cell	6	0	CD45+, CD11C+		CD14-/CD33-/CD64- (no axiom on any alt.), CD19-/CD20- (no axiom on any alt.), CD123-, CD3+, TCRAB-/TCRGD+ (no axiom on any alt.), TCRVD2+, TCRVG9+, HLA-DR+, CD15-/CD66B- (no axiom on any alt.), CD16-, DELTA1-	no	
Vg9 Vd2		TCRgd			2	CL:0002477	adipose macrophage	6	0	CD45+, CD11C+		CD14-/CD33-/CD64- (no axiom on any alt.), CD19-/CD20- (no axiom on any alt.), CD123-, CD3+, TCRAB-/TCRGD+ (no axiom on any alt.), TCRVD2+, TCRVG9+, HLA-DR+, CD15-/CD66B- (no axiom on any alt.), CD16-, DELTA1-	no	
Vg9 Vd2		TCRgd			3	CL:0002478	F4/80-negative adipose macrophage	6	0	CD45+, CD11C+		CD14-/CD33-/CD64- (no axiom on any alt.), CD19-/CD20- (no axiom on any alt.), CD123-, CD3+, TCRAB-/TCRGD+ (no axiom on any alt.), TCRVD2+, TCRVG9+, HLA-DR+, CD15-/CD66B- (no axiom on any alt.), CD16-, DELTA1-	no	
Vd2		TCRgd			1	CL:0002468	Gr1-low myeloid suppressor cell	6	0	CD45+, CD11C+		CD14-/CD33-/CD64- (no axiom on any alt.), CD19-/CD20- (no axiom on any alt.), CD123-, CD3+, TCRAB-/TCRGD+ (no axiom on any alt.), VD1-, HLA-DR+, CD15-/CD66B- (no axiom on any alt.), CD16-, DELTA1-	no	
Vd2		TCRgd			2	CL:0002477	adipose macrophage	6	0	CD45+, CD11C+		CD14-/CD33-/CD64- (no axiom on any alt.), CD19-/CD20- (no axiom on any alt.), CD123-, CD3+, TCRAB-/TCRGD+ (no axiom on any alt.), VD1-, HLA-DR+, CD15-/CD66B- (no axiom on any alt.), CD16-, DELTA1-	no	
Vd2		TCRgd			3	CL:0002478	F4/80-negative adipose macrophage	6	0	CD45+, CD11C+		CD14-/CD33-/CD64- (no axiom on any alt.), CD19-/CD20- (no axiom on any alt.), CD123-, CD3+, TCRAB-/TCRGD+ (no axiom on any alt.), VD1-, HLA-DR+, CD15-/CD66B- (no axiom on any alt.), CD16-, DELTA1-	no	
Vd3		TCRgd			1	CL:0002468	Gr1-low myeloid suppressor cell	6	0	CD45+, CD11C+		CD14-/CD33-/CD64- (no axiom on any alt.), CD19-/CD20- (no axiom on any alt.), CD123-, CD3+, TCRAB-/TCRGD+ (no axiom on any alt.), HLA-DR+, CD15-/CD66B- (no axiom on any alt.), CD16-	no	
Vd3		TCRgd			2	CL:0002477	adipose macrophage	6	0	CD45+, CD11C+		CD14-/CD33-/CD64- (no axiom on any alt.), CD19-/CD20- (no axiom on any alt.), CD123-, CD3+, TCRAB-/TCRGD+ (no axiom on any alt.), HLA-DR+, CD15-/CD66B- (no axiom on any alt.), CD16-	no	
Vd3		TCRgd			3	CL:0002478	F4/80-negative adipose macrophage	6	0	CD45+, CD11C+		CD14-/CD33-/CD64- (no axiom on any alt.), CD19-/CD20- (no axiom on any alt.), CD123-, CD3+, TCRAB-/TCRGD+ (no axiom on any alt.), HLA-DR+, CD15-/CD66B- (no axiom on any alt.), CD16-	no	
Vg9 Vd1					1	CL:0002468	Gr1-low myeloid suppressor cell	6	0	CD45+, CD11C+		CD14-/CD33-/CD64- (no axiom on any alt.), CD19-/CD20- (no axiom on any alt.), CD123-, CD3+, TCRAB-/TCRGD+ (no axiom on any alt.), HLA-DR+, CD15-/CD66B- (no axiom on any alt.), CD16-	no	
Vg9 Vd1					2	CL:0002477	adipose macrophage	6	0	CD45+, CD11C+		CD14-/CD33-/CD64- (no axiom on any alt.), CD19-/CD20- (no axiom on any alt.), CD123-, CD3+, TCRAB-/TCRGD+ (no axiom on any alt.), HLA-DR+, CD15-/CD66B- (no axiom on any alt.), CD16-	no	
Vg9 Vd1					3	CL:0002478	F4/80-negative adipose macrophage	6	0	CD45+, CD11C+		CD14-/CD33-/CD64- (no axiom on any alt.), CD19-/CD20- (no axiom on any alt.), CD123-, CD3+, TCRAB-/TCRGD+ (no axiom on any alt.), HLA-DR+, CD15-/CD66B- (no axiom on any alt.), CD16-	no	
Vd1		TCRgd			1	CL:0002468	Gr1-low myeloid suppressor cell	6	0	CD45+, CD11C+		CD14-/CD33-/CD64- (no axiom on any alt.), CD19-/CD20- (no axiom on any alt.), CD123-, CD3+, TCRAB-/TCRGD+ (no axiom on any alt.), HLA-DR+, CD15-/CD66B- (no axiom on any alt.), CD16-	no	
Vd1		TCRgd			2	CL:0002477	adipose macrophage	6	0	CD45+, CD11C+		CD14-/CD33-/CD64- (no axiom on any alt.), CD19-/CD20- (no axiom on any alt.), CD123-, CD3+, TCRAB-/TCRGD+ (no axiom on any alt.), HLA-DR+, CD15-/CD66B- (no axiom on any alt.), CD16-	no	
Vd1		TCRgd			3	CL:0002478	F4/80-negative adipose macrophage	6	0	CD45+, CD11C+		CD14-/CD33-/CD64- (no axiom on any alt.), CD19-/CD20- (no axiom on any alt.), CD123-, CD3+, TCRAB-/TCRGD+ (no axiom on any alt.), HLA-DR+, CD15-/CD66B- (no axiom on any alt.), CD16-	no	
Vg9		TCRgd			1	CL:0002468	Gr1-low myeloid suppressor cell	6	0	CD45+, CD11C+		CD14-/CD33-/CD64- (no axiom on any alt.), CD19-/CD20- (no axiom on any alt.), CD123-, CD3+, TCRAB-/TCRGD+ (no axiom on any alt.), HLA-DR+, CD15-/CD66B- (no axiom on any alt.), CD16-	no	
Vg9		TCRgd			2	CL:0002477	adipose macrophage	6	0	CD45+, CD11C+		CD14-/CD33-/CD64- (no axiom on any alt.), CD19-/CD20- (no axiom on any alt.), CD123-, CD3+, TCRAB-/TCRGD+ (no axiom on any alt.), HLA-DR+, CD15-/CD66B- (no axiom on any alt.), CD16-	no	
Vg9		TCRgd			3	CL:0002478	F4/80-negative adipose macrophage	6	0	CD45+, CD11C+		CD14-/CD33-/CD64- (no axiom on any alt.), CD19-/CD20- (no axiom on any alt.), CD123-, CD3+, TCRAB-/TCRGD+ (no axiom on any alt.), HLA-DR+, CD15-/CD66B- (no axiom on any alt.), CD16-	no	
