cell	cell_label	relation	relation_label	sense	asserted	pr	pr_label	cd_synonym	uniprot_human	uniprot_mouse	xrefs	hgnc_id	hgnc_symbol
CL:0000037	hematopoietic stem cell	CL:4030046	lacks_plasma_membrane_part	negative	True	PR:000001002	CD19 molecule	CD19 (label)	UniProtKB:P15391	UniProtKB:P25918	IUPHARobj:2764; PIRSF:PIRSF016630	HGNC:1633	CD19
CL:0000037	hematopoietic stem cell	CL:4030046	lacks_plasma_membrane_part	negative	True	PR:000001004	CD4 molecule	CD4 (label)	UniProtKB:P01730	UniProtKB:P06332	PIRSF:PIRSF001977	HGNC:1678	CD4
CL:0000037	hematopoietic stem cell	CL:4030046	lacks_plasma_membrane_part	negative	True	PR:000001012	integrin alpha-M	CD11 (exact); CD11B (related); CD11b (exact)	UniProtKB:P11215	UniProtKB:P05555	IUPHARobj:2452	HGNC:6149	ITGAM
CL:0000037	hematopoietic stem cell	CL:4030046	lacks_plasma_membrane_part	negative	True	PR:000001020	CD3 epsilon	CD3 (label); CD3E (exact); CD3e (exact)	UniProtKB:P07766	UniProtKB:P22646	IUPHARobj:2742	HGNC:1674	CD3E
CL:0000037	hematopoietic stem cell	CL:4030046	lacks_plasma_membrane_part	negative	True	PR:000001024	neural cell adhesion molecule 1	CD56 (exact)	UniProtKB:P13591	UniProtKB:P13595	IUPHARobj:2769	HGNC:7656	NCAM1
CL:0000037	hematopoietic stem cell	CL:4030046	lacks_plasma_membrane_part	negative	True	PR:000001083	CD2 molecule	CD2 (label)	UniProtKB:P06729	UniProtKB:P08920	IUPHARobj:2600; PIRSF:PIRSF001984	HGNC:1639	CD2
CL:0000037	hematopoietic stem cell	CL:4030046	lacks_plasma_membrane_part	negative	True	PR:000001084	T-cell surface glycoprotein CD8 alpha chain	CD8 (label); CD8A (exact); CD8a (exact)	UniProtKB:P01732	UniProtKB:P01731		HGNC:1706	CD8A
CL:0000037	hematopoietic stem cell	CL:4030046	lacks_plasma_membrane_part	negative	True	PR:000001289	membrane-spanning 4-domains subfamily A member 1	CD20 (exact)	UniProtKB:P11836	UniProtKB:P19437	PIRSF:PIRSF001995; IUPHARobj:2628	HGNC:7315	MS4A1
CL:0000037	hematopoietic stem cell	CL:4030046	lacks_plasma_membrane_part	negative	True	PR:000001839	T-cell surface glycoprotein CD5	CD5 (label)	UniProtKB:P06127	UniProtKB:P13379		HGNC:1685	CD5
CL:0000037	hematopoietic stem cell	CL:4030046	lacks_plasma_membrane_part	negative	True	PR:000001889	CD14 molecule	CD14 (label)	UniProtKB:P08571	UniProtKB:P10810	PIRSF:PIRSF002017	HGNC:1628	CD14
CL:0000037	hematopoietic stem cell	CL:4030046	lacks_plasma_membrane_part	negative	True	PR:000002978	lymphocyte antigen 6G			UniProtKB:P35461			
CL:0000037	hematopoietic stem cell	CL:4030046	lacks_plasma_membrane_part	negative	True	PR:000002981	lymphocyte antigen 76 (mouse)						
CL:0000040	monoblast	RO:0002104	has plasma membrane part	positive	True	PR:000001012	integrin alpha-M	CD11 (exact); CD11B (related); CD11b (exact)	UniProtKB:P11215	UniProtKB:P05555	IUPHARobj:2452	HGNC:6149	ITGAM
CL:0000041	mature eosinophil	CL:4030046	lacks_plasma_membrane_part	negative	False	PR:000001002	CD19 molecule	CD19 (label)	UniProtKB:P15391	UniProtKB:P25918	IUPHARobj:2764; PIRSF:PIRSF016630	HGNC:1633	CD19
CL:0000041	mature eosinophil	CL:4030046	lacks_plasma_membrane_part	negative	False	PR:000001020	CD3 epsilon	CD3 (label); CD3E (exact); CD3e (exact)	UniProtKB:P07766	UniProtKB:P22646	IUPHARobj:2742	HGNC:1674	CD3E
CL:0000041	mature eosinophil	CL:4030046	lacks_plasma_membrane_part	negative	False	PR:000001024	neural cell adhesion molecule 1	CD56 (exact)	UniProtKB:P13591	UniProtKB:P13595	IUPHARobj:2769	HGNC:7656	NCAM1
CL:0000041	mature eosinophil	CL:4030046	lacks_plasma_membrane_part	negative	False	PR:000001084	T-cell surface glycoprotein CD8 alpha chain	CD8 (label); CD8A (exact); CD8a (exact)	UniProtKB:P01732	UniProtKB:P01731		HGNC:1706	CD8A
CL:0000041	mature eosinophil	RO:0002104	has plasma membrane part	positive	False	PR:000001012	integrin alpha-M	CD11 (exact); CD11B (related); CD11b (exact)	UniProtKB:P11215	UniProtKB:P05555	IUPHARobj:2452	HGNC:6149	ITGAM
CL:0000041	mature eosinophil	RO:0002104	has plasma membrane part	positive	False	PR:000001254	C-C chemokine receptor type 1	CD191 (exact)	UniProtKB:P32246	UniProtKB:P51675	IUPHARobj:58	HGNC:1602	CCR1
CL:0000041	mature eosinophil	RO:0002104	has plasma membrane part	positive	False	PR:000001255	C-C chemokine receptor type 3	CD193 (exact)	UniProtKB:P51677	UniProtKB:P51678	IUPHARobj:60	HGNC:1604	CCR3
CL:0000041	mature eosinophil	RO:0002104	has plasma membrane part	positive	False	PR:000001307	CD44 molecule	CD44 (label); CDw44 (exact)	UniProtKB:P16070	UniProtKB:P15379		HGNC:1681	CD44
CL:0000041	mature eosinophil	RO:0002104	has plasma membrane part	positive	False	PR:000001332	cell adhesion molecule CEACAM8	CD66b (exact); CD67 (exact)	UniProtKB:P31997			HGNC:1820	CEACAM8
CL:0000041	mature eosinophil	RO:0002104	has plasma membrane part	positive	False	PR:000001343	CD69 molecule	CD69 (label)	UniProtKB:Q07108	UniProtKB:P37217		HGNC:1694	CD69
CL:0000041	mature eosinophil	RO:0002104	has plasma membrane part	positive	False	PR:000001969	urokinase plasminogen activator surface receptor	CD87 (exact)	UniProtKB:Q03405	UniProtKB:P35456	PIRSF:PIRSF002022	HGNC:9053	PLAUR
CL:0000041	mature eosinophil	RO:0002104	has plasma membrane part	positive	False	PR:000005178	CD9 molecule	CD9 (label)	UniProtKB:P21926	UniProtKB:P40240		HGNC:1709	CD9
CL:0000041	mature eosinophil	BFO:0000051	has part	positive	True	PR:000007152	eosinophil peroxidase		UniProtKB:P11678	UniProtKB:P49290		HGNC:3423	EPX
CL:0000041	mature eosinophil	BFO:0000051	has part	positive	True	PR:000007857	erythroid transcription factor		UniProtKB:P15976	UniProtKB:P17679		HGNC:4170	GATA1
CL:0000041	mature eosinophil	BFO:0000051	has part	positive	True	PR:000007858	endothelial transcription factor GATA-2		UniProtKB:P23769	UniProtKB:O09100		HGNC:4171	GATA2
CL:0000041	mature eosinophil	RO:0002104	has plasma membrane part	positive	True	PR:000009129	integrin alpha-4	CD49 (exact); CD49D (related); CD49d (exact)	UniProtKB:P13612	UniProtKB:Q00651	IUPHARobj:2443	HGNC:6140	ITGA4
CL:0000041	mature eosinophil	BFO:0000051	has part	positive	True	PR:000014046	non-secretory ribonuclease		UniProtKB:P10153			HGNC:10045	RNASE2
CL:0000041	mature eosinophil	BFO:0000051	has part	positive	True	PR:000014047	eosinophil cationic protein		UniProtKB:P12724			HGNC:10046	RNASE3
CL:0000041	mature eosinophil	BFO:0000051	has part	positive	True	PR:000022006	eosinophil granule major basic protein						
CL:0000042	neutrophilic myeloblast	BFO:0000051	has part	positive	True	PR:000001944	transcription factor PU.1		UniProtKB:P17947	UniProtKB:P17433		HGNC:11241	SPI1
CL:0000042	neutrophilic myeloblast	BFO:0000051	has part	positive	True	PR:000005307	CCAAT/enhancer-binding protein alpha		UniProtKB:P49715	UniProtKB:P53566		HGNC:1833	CEBPA
CL:0000042	neutrophilic myeloblast	BFO:0000051	has part	positive	True	PR:000007857	erythroid transcription factor		UniProtKB:P15976	UniProtKB:P17679		HGNC:4170	GATA1
CL:0000042	neutrophilic myeloblast	BFO:0000051	has part	positive	True	PR:000010799	myb proto-oncogene protein		UniProtKB:P10242	UniProtKB:P06876		HGNC:7545	MYB
CL:0000042	neutrophilic myeloblast	BFO:0000051	has part	positive	True	PR:000014362	runt-related transcription factor 1		UniProtKB:Q01196	UniProtKB:Q03347		HGNC:10471	RUNX1
CL:0000043	mature basophil	RO:0015015	has high plasma membrane amount	high	False	PR:000001255	C-C chemokine receptor type 3	CD193 (exact)	UniProtKB:P51677	UniProtKB:P51678	IUPHARobj:60	HGNC:1604	CCR3
CL:0000043	mature basophil	RO:0015015	has high plasma membrane amount	high	False	PR:000001865	interleukin-3 receptor class 2 alpha chain	CD123 (exact)	UniProtKB:P26951	UniProtKB:P26952	IUPHARobj:1705	HGNC:6012	IL3RA
CL:0000043	mature basophil	RO:0015015	has high plasma membrane amount	high	False	PR:000007431	high affinity immunoglobulin epsilon receptor subunit alpha		UniProtKB:P12319	UniProtKB:P20489	IUPHARobj:2933	HGNC:3609	FCER1A
CL:0000043	mature basophil	CL:4030046	lacks_plasma_membrane_part	negative	False	PR:000001002	CD19 molecule	CD19 (label)	UniProtKB:P15391	UniProtKB:P25918	IUPHARobj:2764; PIRSF:PIRSF016630	HGNC:1633	CD19
CL:0000043	mature basophil	CL:4030046	lacks_plasma_membrane_part	negative	False	PR:000001020	CD3 epsilon	CD3 (label); CD3E (exact); CD3e (exact)	UniProtKB:P07766	UniProtKB:P22646	IUPHARobj:2742	HGNC:1674	CD3E
CL:0000043	mature basophil	CL:4030046	lacks_plasma_membrane_part	negative	False	PR:000001024	neural cell adhesion molecule 1	CD56 (exact)	UniProtKB:P13591	UniProtKB:P13595	IUPHARobj:2769	HGNC:7656	NCAM1
CL:0000043	mature basophil	CL:4030046	lacks_plasma_membrane_part	negative	False	PR:000001084	T-cell surface glycoprotein CD8 alpha chain	CD8 (label); CD8A (exact); CD8a (exact)	UniProtKB:P01732	UniProtKB:P01731		HGNC:1706	CD8A
CL:0000043	mature basophil	RO:0002104	has plasma membrane part	positive	False	PR:000001012	integrin alpha-M	CD11 (exact); CD11B (related); CD11b (exact)	UniProtKB:P11215	UniProtKB:P05555	IUPHARobj:2452	HGNC:6149	ITGAM
CL:0000043	mature basophil	RO:0002104	has plasma membrane part	positive	False	PR:000001332	cell adhesion molecule CEACAM8	CD66b (exact); CD67 (exact)	UniProtKB:P31997			HGNC:1820	CEACAM8
CL:0000043	mature basophil	RO:0002104	has plasma membrane part	positive	False	PR:000001344	ectonucleotide pyrophosphatase/phosphodiesterase family member 3	CD203c (exact)	UniProtKB:O14638	UniProtKB:Q6DYE8		HGNC:3358	ENPP3
CL:0000043	mature basophil	RO:0002104	has plasma membrane part	positive	False	PR:000001950	tumor necrosis factor ligand superfamily member 5	CD154 (exact); CD40 (exact); CD40L (related); CD40LG (exact)	UniProtKB:P29965	UniProtKB:P27548	PIRSF:PIRSF016527	HGNC:11935	CD40LG
CL:0000043	mature basophil	RO:0002104	has plasma membrane part	positive	False	PR:000001969	urokinase plasminogen activator surface receptor	CD87 (exact)	UniProtKB:Q03405	UniProtKB:P35456	PIRSF:PIRSF002022	HGNC:9053	PLAUR
CL:0000091	Kupffer cell	RO:0015016	has low plasma membrane amount	low	True	PR:000001012	integrin alpha-M	CD11 (exact); CD11B (related); CD11b (exact)	UniProtKB:P11215	UniProtKB:P05555	IUPHARobj:2452	HGNC:6149	ITGAM
CL:0000091	Kupffer cell	RO:0002104	has plasma membrane part	positive	True	PR:000001813	adhesion G protein-coupled receptor E1		UniProtKB:Q14246	UniProtKB:Q61549	IUPHARobj:182; PIRSF:PIRSF038685	HGNC:3336	ADGRE1
CL:0000091	Kupffer cell	RO:0002104	has plasma membrane part	positive	True	PR:000001925	scavenger receptor cysteine-rich type 1 protein M130	CD163 (exact)	UniProtKB:Q86VB7	UniProtKB:Q2VLH6		HGNC:1631	CD163
CL:0000091	Kupffer cell	RO:0002104	has plasma membrane part	positive	True	PR:000002064	macrosialin	CD68 (exact)	UniProtKB:P34810	UniProtKB:P31996		HGNC:1693	CD68
CL:0000092	osteoclast	BFO:0000051	has part	positive	True	PR:000001850	cathepsin K		UniProtKB:P43235	UniProtKB:P55097	IUPHARobj:2350	HGNC:2536	CTSK
CL:0000092	osteoclast	BFO:0000051	has part	positive	True	PR:000001937	tartrate-resistant acid phosphatase type 5		UniProtKB:P13686	UniProtKB:Q05117	PIRSF:PIRSF000898	HGNC:124	ACP5
CL:0000092	osteoclast	BFO:0000051	has part	positive	True	PR:000001944	transcription factor PU.1		UniProtKB:P17947	UniProtKB:P17433		HGNC:11241	SPI1
CL:0000092	osteoclast	RO:0002104	has plasma membrane part	positive	True	PR:000001954	tumor necrosis factor receptor superfamily member 11A	CD265 (exact)	UniProtKB:Q9Y6Q6	UniProtKB:O35305	IUPHARobj:1881; PIRSF:PIRSF038806	HGNC:11908	TNFRSF11A
CL:0000092	osteoclast	RO:0002104	has plasma membrane part	positive	True	PR:000002062	macrophage colony-stimulating factor 1 receptor	CD115 (exact)	UniProtKB:P07333	UniProtKB:P09581	IUPHARobj:1806; PIRSF:PIRSF500947	HGNC:2433	CSF1R
CL:0000092	osteoclast	BFO:0000051	has part	positive	True	PR:000007597	protein c-Fos		UniProtKB:P01100	UniProtKB:P01101		HGNC:3796	FOS
CL:0000092	osteoclast	BFO:0000051	has part	positive	True	PR:000011178	nuclear factor NF-kappa-B p100 subunit		UniProtKB:Q00653	UniProtKB:Q9WTK5		HGNC:7795	NFKB2
CL:0000094	granulocyte	CL:4030046	lacks_plasma_membrane_part	negative	True	PR:000001002	CD19 molecule	CD19 (label)	UniProtKB:P15391	UniProtKB:P25918	IUPHARobj:2764; PIRSF:PIRSF016630	HGNC:1633	CD19
CL:0000094	granulocyte	CL:4030046	lacks_plasma_membrane_part	negative	True	PR:000001020	CD3 epsilon	CD3 (label); CD3E (exact); CD3e (exact)	UniProtKB:P07766	UniProtKB:P22646	IUPHARobj:2742	HGNC:1674	CD3E
CL:0000094	granulocyte	CL:4030046	lacks_plasma_membrane_part	negative	True	PR:000001024	neural cell adhesion molecule 1	CD56 (exact)	UniProtKB:P13591	UniProtKB:P13595	IUPHARobj:2769	HGNC:7656	NCAM1
CL:0000094	granulocyte	CL:4030046	lacks_plasma_membrane_part	negative	True	PR:000001084	T-cell surface glycoprotein CD8 alpha chain	CD8 (label); CD8A (exact); CD8a (exact)	UniProtKB:P01732	UniProtKB:P01731		HGNC:1706	CD8A
CL:0000094	granulocyte	RO:0002104	has plasma membrane part	positive	True	PR:000001012	integrin alpha-M	CD11 (exact); CD11B (related); CD11b (exact)	UniProtKB:P11215	UniProtKB:P05555	IUPHARobj:2452	HGNC:6149	ITGAM
CL:0000094	granulocyte	RO:0002104	has plasma membrane part	positive	True	PR:000001332	cell adhesion molecule CEACAM8	CD66b (exact); CD67 (exact)	UniProtKB:P31997			HGNC:1820	CEACAM8
CL:0000094	granulocyte	RO:0002104	has plasma membrane part	positive	True	PR:000001969	urokinase plasminogen activator surface receptor	CD87 (exact)	UniProtKB:Q03405	UniProtKB:P35456	PIRSF:PIRSF002022	HGNC:9053	PLAUR
CL:0000096	mature neutrophil	CL:4030046	lacks_plasma_membrane_part	negative	False	PR:000001002	CD19 molecule	CD19 (label)	UniProtKB:P15391	UniProtKB:P25918	IUPHARobj:2764; PIRSF:PIRSF016630	HGNC:1633	CD19
CL:0000096	mature neutrophil	CL:4030046	lacks_plasma_membrane_part	negative	False	PR:000001020	CD3 epsilon	CD3 (label); CD3E (exact); CD3e (exact)	UniProtKB:P07766	UniProtKB:P22646	IUPHARobj:2742	HGNC:1674	CD3E
CL:0000096	mature neutrophil	CL:4030046	lacks_plasma_membrane_part	negative	False	PR:000001024	neural cell adhesion molecule 1	CD56 (exact)	UniProtKB:P13591	UniProtKB:P13595	IUPHARobj:2769	HGNC:7656	NCAM1
CL:0000096	mature neutrophil	CL:4030046	lacks_plasma_membrane_part	negative	False	PR:000001084	T-cell surface glycoprotein CD8 alpha chain	CD8 (label); CD8A (exact); CD8a (exact)	UniProtKB:P01732	UniProtKB:P01731		HGNC:1706	CD8A
CL:0000096	mature neutrophil	CL:4030045	lacks_part	negative	True	PR:000009978	lactotransferrin		UniProtKB:P02788	UniProtKB:P08071		HGNC:6720	LTF
CL:0000096	mature neutrophil	CL:4030045	lacks_part	negative	True	PR:000010543	myeloperoxidase		UniProtKB:P05164	UniProtKB:P11247	IUPHARobj:2789	HGNC:7218	MPO
CL:0000096	mature neutrophil	CL:4030045	lacks_part	negative	True	PR:000010799	myb proto-oncogene protein		UniProtKB:P10242	UniProtKB:P06876		HGNC:7545	MYB
CL:0000096	mature neutrophil	RO:0002104	has plasma membrane part	positive	False	PR:000001012	integrin alpha-M	CD11 (exact); CD11B (related); CD11b (exact)	UniProtKB:P11215	UniProtKB:P05555	IUPHARobj:2452	HGNC:6149	ITGAM
CL:0000096	mature neutrophil	RO:0002104	has plasma membrane part	positive	True	PR:000001256	C-X-C chemokine receptor type 1	CD181 (exact); CDw128a (exact)	UniProtKB:P25024		IUPHARobj:68	HGNC:6026	CXCR1
CL:0000096	mature neutrophil	RO:0002104	has plasma membrane part	positive	True	PR:000001257	C-X-C chemokine receptor type 2	CD182 (exact); CDw128b (exact)	UniProtKB:P25025	UniProtKB:P35343	IUPHARobj:69	HGNC:6027	CXCR2
CL:0000096	mature neutrophil	RO:0002104	has plasma membrane part	positive	False	PR:000001332	cell adhesion molecule CEACAM8	CD66b (exact); CD67 (exact)	UniProtKB:P31997			HGNC:1820	CEACAM8
CL:0000096	mature neutrophil	RO:0002104	has plasma membrane part	positive	True	PR:000001456	alpha-(1,3)-fucosyltransferase 4	CD15 (exact)	UniProtKB:P22083	UniProtKB:Q11127		HGNC:4015	FUT4
CL:0000096	mature neutrophil	RO:0002104	has plasma membrane part	positive	False	PR:000001479	low affinity immunoglobulin gamma Fc region receptor II	CD32 (broad)		UniProtKB:P08101			
CL:0000096	mature neutrophil	RO:0002104	has plasma membrane part	positive	True	PR:000001483	low affinity immunoglobulin gamma Fc region receptor III	CD16 (exact)		UniProtKB:P08508			
CL:0000096	mature neutrophil	RO:0002104	has plasma membrane part	positive	False	PR:000001879	leukosialin	CD43 (related)	UniProtKB:P16150	UniProtKB:P15702	PIRSF:PIRSF001994	HGNC:11249	SPN
CL:0000096	mature neutrophil	RO:0002104	has plasma membrane part	positive	True	PR:000001944	transcription factor PU.1		UniProtKB:P17947	UniProtKB:P17433		HGNC:11241	SPI1
CL:0000096	mature neutrophil	RO:0002104	has plasma membrane part	positive	False	PR:000001969	urokinase plasminogen activator surface receptor	CD87 (exact)	UniProtKB:Q03405	UniProtKB:P35456	PIRSF:PIRSF002022	HGNC:9053	PLAUR
CL:0000096	mature neutrophil	RO:0002104	has plasma membrane part	positive	True	PR:000007597	protein c-Fos		UniProtKB:P01100	UniProtKB:P01101		HGNC:3796	FOS
CL:0000097	mast cell	RO:0015015	has high plasma membrane amount	high	True	PR:000002065	mast/stem cell growth factor receptor	CD117 (exact)	UniProtKB:P10721	UniProtKB:P05532	IUPHARobj:1805; PIRSF:PIRSF500951	HGNC:6342	KIT
CL:0000097	mast cell	RO:0015015	has high plasma membrane amount	high	True	PR:000007431	high affinity immunoglobulin epsilon receptor subunit alpha		UniProtKB:P12319	UniProtKB:P20489	IUPHARobj:2933	HGNC:3609	FCER1A
CL:0000097	mast cell	CL:4030046	lacks_plasma_membrane_part	negative	True	PR:000001865	interleukin-3 receptor class 2 alpha chain	CD123 (exact)	UniProtKB:P26951	UniProtKB:P26952	IUPHARobj:1705	HGNC:6012	IL3RA
CL:0000097	mast cell	RO:0002104	has plasma membrane part	positive	True	PR:000001255	C-C chemokine receptor type 3	CD193 (exact)	UniProtKB:P51677	UniProtKB:P51678	IUPHARobj:60	HGNC:1604	CCR3
CL:0000097	mast cell	RO:0002104	has plasma membrane part	positive	True	PR:000006169	cell surface glycoprotein CD200 receptor 3	CD200 (label); CD200RLb (exact)		UniProtKB:Q5UKY4			
CL:0000129	microglial cell	RO:0002104	has plasma membrane part	positive	True	PR:000001012	integrin alpha-M	CD11 (exact); CD11B (related); CD11b (exact)	UniProtKB:P11215	UniProtKB:P05555	IUPHARobj:2452	HGNC:6149	ITGAM
CL:0000129	microglial cell	RO:0002104	has plasma membrane part	positive	True	PR:000001813	adhesion G protein-coupled receptor E1		UniProtKB:Q14246	UniProtKB:Q61549	IUPHARobj:182; PIRSF:PIRSF038685	HGNC:3336	ADGRE1
CL:0000129	microglial cell	RO:0002104	has plasma membrane part	positive	True	PR:000002064	macrosialin	CD68 (exact)	UniProtKB:P34810	UniProtKB:P31996		HGNC:1693	CD68
CL:0000232	erythrocyte	CL:4030046	lacks_plasma_membrane_part	negative	True	PR:000001945	transferrin receptor protein 1	CD71 (exact)	UniProtKB:P02786	UniProtKB:Q62351		HGNC:11763	TFRC
CL:0000442	follicular dendritic cell	CL:4030046	lacks_plasma_membrane_part	negative	False	PR:000001002	CD19 molecule	CD19 (label)	UniProtKB:P15391	UniProtKB:P25918	IUPHARobj:2764; PIRSF:PIRSF016630	HGNC:1633	CD19
CL:0000442	follicular dendritic cell	CL:4030046	lacks_plasma_membrane_part	negative	False	PR:000001003	CD34 molecule	CD34 (label)	UniProtKB:P28906	UniProtKB:Q64314	PIRSF:PIRSF028749	HGNC:1662	CD34
CL:0000442	follicular dendritic cell	CL:4030046	lacks_plasma_membrane_part	negative	False	PR:000001020	CD3 epsilon	CD3 (label); CD3E (exact); CD3e (exact)	UniProtKB:P07766	UniProtKB:P22646	IUPHARobj:2742	HGNC:1674	CD3E
CL:0000442	follicular dendritic cell	CL:4030046	lacks_plasma_membrane_part	negative	False	PR:000001024	neural cell adhesion molecule 1	CD56 (exact)	UniProtKB:P13591	UniProtKB:P13595	IUPHARobj:2769	HGNC:7656	NCAM1
CL:0000442	follicular dendritic cell	CL:4030046	lacks_plasma_membrane_part	negative	False	PR:000001289	membrane-spanning 4-domains subfamily A member 1	CD20 (exact)	UniProtKB:P11836	UniProtKB:P19437	PIRSF:PIRSF001995; IUPHARobj:2628	HGNC:7315	MS4A1
CL:0000451	dendritic cell	CL:4030046	lacks_plasma_membrane_part	negative	True	PR:000001002	CD19 molecule	CD19 (label)	UniProtKB:P15391	UniProtKB:P25918	IUPHARobj:2764; PIRSF:PIRSF016630	HGNC:1633	CD19
CL:0000451	dendritic cell	CL:4030046	lacks_plasma_membrane_part	negative	True	PR:000001003	CD34 molecule	CD34 (label)	UniProtKB:P28906	UniProtKB:Q64314	PIRSF:PIRSF028749	HGNC:1662	CD34
CL:0000451	dendritic cell	CL:4030046	lacks_plasma_membrane_part	negative	True	PR:000001020	CD3 epsilon	CD3 (label); CD3E (exact); CD3e (exact)	UniProtKB:P07766	UniProtKB:P22646	IUPHARobj:2742	HGNC:1674	CD3E
CL:0000451	dendritic cell	CL:4030046	lacks_plasma_membrane_part	negative	True	PR:000001024	neural cell adhesion molecule 1	CD56 (exact)	UniProtKB:P13591	UniProtKB:P13595	IUPHARobj:2769	HGNC:7656	NCAM1
CL:0000451	dendritic cell	CL:4030046	lacks_plasma_membrane_part	negative	True	PR:000001289	membrane-spanning 4-domains subfamily A member 1	CD20 (exact)	UniProtKB:P11836	UniProtKB:P19437	PIRSF:PIRSF001995; IUPHARobj:2628	HGNC:7315	MS4A1
CL:0000453	Langerhans cell	RO:0015015	has high plasma membrane amount	high	False	PR:000001013	integrin alpha-X	CD11 (exact); CD11C (related); CD11c (exact)	UniProtKB:P20702	UniProtKB:Q9QXH4	IUPHARobj:2454	HGNC:6152	ITGAX
CL:0000453	Langerhans cell	CL:4030046	lacks_plasma_membrane_part	negative	False	PR:000001002	CD19 molecule	CD19 (label)	UniProtKB:P15391	UniProtKB:P25918	IUPHARobj:2764; PIRSF:PIRSF016630	HGNC:1633	CD19
CL:0000453	Langerhans cell	CL:4030046	lacks_plasma_membrane_part	negative	False	PR:000001003	CD34 molecule	CD34 (label)	UniProtKB:P28906	UniProtKB:Q64314	PIRSF:PIRSF028749	HGNC:1662	CD34
CL:0000453	Langerhans cell	CL:4030046	lacks_plasma_membrane_part	negative	False	PR:000001020	CD3 epsilon	CD3 (label); CD3E (exact); CD3e (exact)	UniProtKB:P07766	UniProtKB:P22646	IUPHARobj:2742	HGNC:1674	CD3E
CL:0000453	Langerhans cell	CL:4030046	lacks_plasma_membrane_part	negative	False	PR:000001024	neural cell adhesion molecule 1	CD56 (exact)	UniProtKB:P13591	UniProtKB:P13595	IUPHARobj:2769	HGNC:7656	NCAM1
CL:0000453	Langerhans cell	CL:4030046	lacks_plasma_membrane_part	negative	False	PR:000001289	membrane-spanning 4-domains subfamily A member 1	CD20 (exact)	UniProtKB:P11836	UniProtKB:P19437	PIRSF:PIRSF001995; IUPHARobj:2628	HGNC:7315	MS4A1
CL:0000453	Langerhans cell	RO:0002104	has plasma membrane part	positive	True	PR:000001293	C-type lectin domain family 4 member K	CD207 (exact)	UniProtKB:Q9UJ71	UniProtKB:Q8VBX4		HGNC:17935	CD207
CL:0000484	connective tissue type mast cell	RO:0015015	has high plasma membrane amount	high	False	PR:000002065	mast/stem cell growth factor receptor	CD117 (exact)	UniProtKB:P10721	UniProtKB:P05532	IUPHARobj:1805; PIRSF:PIRSF500951	HGNC:6342	KIT
CL:0000484	connective tissue type mast cell	RO:0015015	has high plasma membrane amount	high	False	PR:000007431	high affinity immunoglobulin epsilon receptor subunit alpha		UniProtKB:P12319	UniProtKB:P20489	IUPHARobj:2933	HGNC:3609	FCER1A
CL:0000484	connective tissue type mast cell	CL:4030046	lacks_plasma_membrane_part	negative	False	PR:000001865	interleukin-3 receptor class 2 alpha chain	CD123 (exact)	UniProtKB:P26951	UniProtKB:P26952	IUPHARobj:1705	HGNC:6012	IL3RA
CL:0000484	connective tissue type mast cell	RO:0002104	has plasma membrane part	positive	False	PR:000001255	C-C chemokine receptor type 3	CD193 (exact)	UniProtKB:P51677	UniProtKB:P51678	IUPHARobj:60	HGNC:1604	CCR3
CL:0000484	connective tissue type mast cell	RO:0002104	has plasma membrane part	positive	False	PR:000006169	cell surface glycoprotein CD200 receptor 3	CD200 (label); CD200RLb (exact)		UniProtKB:Q5UKY4			
CL:0000485	mucosal type mast cell	RO:0015015	has high plasma membrane amount	high	False	PR:000002065	mast/stem cell growth factor receptor	CD117 (exact)	UniProtKB:P10721	UniProtKB:P05532	IUPHARobj:1805; PIRSF:PIRSF500951	HGNC:6342	KIT
CL:0000485	mucosal type mast cell	RO:0015015	has high plasma membrane amount	high	False	PR:000007431	high affinity immunoglobulin epsilon receptor subunit alpha		UniProtKB:P12319	UniProtKB:P20489	IUPHARobj:2933	HGNC:3609	FCER1A
CL:0000485	mucosal type mast cell	CL:4030046	lacks_plasma_membrane_part	negative	False	PR:000001865	interleukin-3 receptor class 2 alpha chain	CD123 (exact)	UniProtKB:P26951	UniProtKB:P26952	IUPHARobj:1705	HGNC:6012	IL3RA
CL:0000485	mucosal type mast cell	RO:0002104	has plasma membrane part	positive	False	PR:000001255	C-C chemokine receptor type 3	CD193 (exact)	UniProtKB:P51677	UniProtKB:P51678	IUPHARobj:60	HGNC:1604	CCR3
CL:0000485	mucosal type mast cell	RO:0002104	has plasma membrane part	positive	False	PR:000006169	cell surface glycoprotein CD200 receptor 3	CD200 (label); CD200RLb (exact)		UniProtKB:Q5UKY4			
CL:0000492	CD4-positive helper T cell	CL:4030046	lacks_plasma_membrane_part	negative	False	PR:000025402	T cell receptor co-receptor CD8	CD8 (label)					
CL:0000492	CD4-positive helper T cell	RO:0002104	has plasma membrane part	positive	False	PR:000001004	CD4 molecule	CD4 (label)	UniProtKB:P01730	UniProtKB:P06332	PIRSF:PIRSF001977	HGNC:1678	CD4
CL:0000545	T-helper 1 cell	CL:4030046	lacks_plasma_membrane_part	negative	True	PR:000001202	C-C chemokine receptor type 6	CD196 (exact)	UniProtKB:P51684	UniProtKB:O54689	IUPHARobj:63	HGNC:1607	CCR6
CL:0000545	T-helper 1 cell	CL:4030046	lacks_plasma_membrane_part	negative	False	PR:000025402	T cell receptor co-receptor CD8	CD8 (label)					
CL:0000545	T-helper 1 cell	RO:0002104	has plasma membrane part	positive	False	PR:000001004	CD4 molecule	CD4 (label)	UniProtKB:P01730	UniProtKB:P06332	PIRSF:PIRSF001977	HGNC:1678	CD4
CL:0000545	T-helper 1 cell	RO:0002104	has plasma membrane part	positive	True	PR:000001207	C-X-C chemokine receptor type 3	CD183 (exact)	UniProtKB:P49682	UniProtKB:O88410	IUPHARobj:70; PIRSF:PIRSF501023	HGNC:4540	CXCR3
CL:0000545	T-helper 1 cell	BFO:0000051	has part	positive	True	PR:000001835	T-box transcription factor TBX21		UniProtKB:Q9UL17	UniProtKB:Q9JKD8		HGNC:11599	TBX21
CL:0000546	T-helper 2 cell	CL:4030046	lacks_plasma_membrane_part	negative	False	PR:000001202	C-C chemokine receptor type 6	CD196 (exact)	UniProtKB:P51684	UniProtKB:O54689	IUPHARobj:63	HGNC:1607	CCR6
CL:0000546	T-helper 2 cell	CL:4030046	lacks_plasma_membrane_part	negative	False	PR:000001207	C-X-C chemokine receptor type 3	CD183 (exact)	UniProtKB:P49682	UniProtKB:O88410	IUPHARobj:70; PIRSF:PIRSF501023	HGNC:4540	CXCR3
CL:0000546	T-helper 2 cell	CL:4030046	lacks_plasma_membrane_part	negative	False	PR:000025402	T cell receptor co-receptor CD8	CD8 (label)					
CL:0000546	T-helper 2 cell	RO:0002104	has plasma membrane part	positive	False	PR:000001004	CD4 molecule	CD4 (label)	UniProtKB:P01730	UniProtKB:P06332	PIRSF:PIRSF001977	HGNC:1678	CD4
CL:0000546	T-helper 2 cell	BFO:0000051	has part	positive	True	PR:000001941	trans-acting T-cell-specific transcription factor GATA-3		UniProtKB:P23771	UniProtKB:P23772		HGNC:4172	GATA3
CL:0000547	proerythroblast	CL:4030046	lacks_plasma_membrane_part	negative	True	PR:000001002	CD19 molecule	CD19 (label)	UniProtKB:P15391	UniProtKB:P25918	IUPHARobj:2764; PIRSF:PIRSF016630	HGNC:1633	CD19
CL:0000547	proerythroblast	CL:4030046	lacks_plasma_membrane_part	negative	True	PR:000001004	CD4 molecule	CD4 (label)	UniProtKB:P01730	UniProtKB:P06332	PIRSF:PIRSF001977	HGNC:1678	CD4
CL:0000547	proerythroblast	CL:4030046	lacks_plasma_membrane_part	negative	True	PR:000001012	integrin alpha-M	CD11 (exact); CD11B (related); CD11b (exact)	UniProtKB:P11215	UniProtKB:P05555	IUPHARobj:2452	HGNC:6149	ITGAM
CL:0000547	proerythroblast	CL:4030046	lacks_plasma_membrane_part	negative	True	PR:000001020	CD3 epsilon	CD3 (label); CD3E (exact); CD3e (exact)	UniProtKB:P07766	UniProtKB:P22646	IUPHARobj:2742	HGNC:1674	CD3E
CL:0000547	proerythroblast	CL:4030046	lacks_plasma_membrane_part	negative	True	PR:000001024	neural cell adhesion molecule 1	CD56 (exact)	UniProtKB:P13591	UniProtKB:P13595	IUPHARobj:2769	HGNC:7656	NCAM1
CL:0000547	proerythroblast	CL:4030046	lacks_plasma_membrane_part	negative	True	PR:000001083	CD2 molecule	CD2 (label)	UniProtKB:P06729	UniProtKB:P08920	IUPHARobj:2600; PIRSF:PIRSF001984	HGNC:1639	CD2
CL:0000547	proerythroblast	CL:4030046	lacks_plasma_membrane_part	negative	True	PR:000001084	T-cell surface glycoprotein CD8 alpha chain	CD8 (label); CD8A (exact); CD8a (exact)	UniProtKB:P01732	UniProtKB:P01731		HGNC:1706	CD8A
CL:0000547	proerythroblast	CL:4030046	lacks_plasma_membrane_part	negative	True	PR:000001289	membrane-spanning 4-domains subfamily A member 1	CD20 (exact)	UniProtKB:P11836	UniProtKB:P19437	PIRSF:PIRSF001995; IUPHARobj:2628	HGNC:7315	MS4A1
CL:0000547	proerythroblast	CL:4030046	lacks_plasma_membrane_part	negative	True	PR:000001839	T-cell surface glycoprotein CD5	CD5 (label)	UniProtKB:P06127	UniProtKB:P13379		HGNC:1685	CD5
CL:0000547	proerythroblast	CL:4030046	lacks_plasma_membrane_part	negative	True	PR:000001889	CD14 molecule	CD14 (label)	UniProtKB:P08571	UniProtKB:P10810	PIRSF:PIRSF002017	HGNC:1628	CD14
CL:0000547	proerythroblast	CL:4030046	lacks_plasma_membrane_part	negative	True	PR:000002978	lymphocyte antigen 6G			UniProtKB:P35461			
CL:0000547	proerythroblast	RO:0002104	has plasma membrane part	positive	True	PR:000001945	transferrin receptor protein 1	CD71 (exact)	UniProtKB:P02786	UniProtKB:Q62351		HGNC:11763	TFRC
CL:0000549	basophilic erythroblast	CL:4030046	lacks_plasma_membrane_part	negative	False	PR:000001002	CD19 molecule	CD19 (label)	UniProtKB:P15391	UniProtKB:P25918	IUPHARobj:2764; PIRSF:PIRSF016630	HGNC:1633	CD19
CL:0000549	basophilic erythroblast	CL:4030046	lacks_plasma_membrane_part	negative	False	PR:000001004	CD4 molecule	CD4 (label)	UniProtKB:P01730	UniProtKB:P06332	PIRSF:PIRSF001977	HGNC:1678	CD4
CL:0000549	basophilic erythroblast	CL:4030046	lacks_plasma_membrane_part	negative	False	PR:000001012	integrin alpha-M	CD11 (exact); CD11B (related); CD11b (exact)	UniProtKB:P11215	UniProtKB:P05555	IUPHARobj:2452	HGNC:6149	ITGAM
CL:0000549	basophilic erythroblast	CL:4030046	lacks_plasma_membrane_part	negative	False	PR:000001020	CD3 epsilon	CD3 (label); CD3E (exact); CD3e (exact)	UniProtKB:P07766	UniProtKB:P22646	IUPHARobj:2742	HGNC:1674	CD3E
CL:0000549	basophilic erythroblast	CL:4030046	lacks_plasma_membrane_part	negative	False	PR:000001024	neural cell adhesion molecule 1	CD56 (exact)	UniProtKB:P13591	UniProtKB:P13595	IUPHARobj:2769	HGNC:7656	NCAM1
CL:0000549	basophilic erythroblast	CL:4030046	lacks_plasma_membrane_part	negative	False	PR:000001083	CD2 molecule	CD2 (label)	UniProtKB:P06729	UniProtKB:P08920	IUPHARobj:2600; PIRSF:PIRSF001984	HGNC:1639	CD2
CL:0000549	basophilic erythroblast	CL:4030046	lacks_plasma_membrane_part	negative	False	PR:000001084	T-cell surface glycoprotein CD8 alpha chain	CD8 (label); CD8A (exact); CD8a (exact)	UniProtKB:P01732	UniProtKB:P01731		HGNC:1706	CD8A
CL:0000549	basophilic erythroblast	CL:4030046	lacks_plasma_membrane_part	negative	False	PR:000001289	membrane-spanning 4-domains subfamily A member 1	CD20 (exact)	UniProtKB:P11836	UniProtKB:P19437	PIRSF:PIRSF001995; IUPHARobj:2628	HGNC:7315	MS4A1
CL:0000549	basophilic erythroblast	CL:4030046	lacks_plasma_membrane_part	negative	False	PR:000001839	T-cell surface glycoprotein CD5	CD5 (label)	UniProtKB:P06127	UniProtKB:P13379		HGNC:1685	CD5
CL:0000549	basophilic erythroblast	CL:4030046	lacks_plasma_membrane_part	negative	False	PR:000001889	CD14 molecule	CD14 (label)	UniProtKB:P08571	UniProtKB:P10810	PIRSF:PIRSF002017	HGNC:1628	CD14
CL:0000549	basophilic erythroblast	CL:4030046	lacks_plasma_membrane_part	negative	False	PR:000002978	lymphocyte antigen 6G			UniProtKB:P35461			
CL:0000549	basophilic erythroblast	RO:0002104	has plasma membrane part	positive	True	PR:000001945	transferrin receptor protein 1	CD71 (exact)	UniProtKB:P02786	UniProtKB:Q62351		HGNC:11763	TFRC
CL:0000550	polychromatophilic erythroblast	CL:4030046	lacks_plasma_membrane_part	negative	False	PR:000001002	CD19 molecule	CD19 (label)	UniProtKB:P15391	UniProtKB:P25918	IUPHARobj:2764; PIRSF:PIRSF016630	HGNC:1633	CD19
CL:0000550	polychromatophilic erythroblast	CL:4030046	lacks_plasma_membrane_part	negative	False	PR:000001004	CD4 molecule	CD4 (label)	UniProtKB:P01730	UniProtKB:P06332	PIRSF:PIRSF001977	HGNC:1678	CD4
CL:0000550	polychromatophilic erythroblast	CL:4030046	lacks_plasma_membrane_part	negative	False	PR:000001012	integrin alpha-M	CD11 (exact); CD11B (related); CD11b (exact)	UniProtKB:P11215	UniProtKB:P05555	IUPHARobj:2452	HGNC:6149	ITGAM
CL:0000550	polychromatophilic erythroblast	CL:4030046	lacks_plasma_membrane_part	negative	False	PR:000001020	CD3 epsilon	CD3 (label); CD3E (exact); CD3e (exact)	UniProtKB:P07766	UniProtKB:P22646	IUPHARobj:2742	HGNC:1674	CD3E
CL:0000550	polychromatophilic erythroblast	CL:4030046	lacks_plasma_membrane_part	negative	False	PR:000001024	neural cell adhesion molecule 1	CD56 (exact)	UniProtKB:P13591	UniProtKB:P13595	IUPHARobj:2769	HGNC:7656	NCAM1
CL:0000550	polychromatophilic erythroblast	CL:4030046	lacks_plasma_membrane_part	negative	False	PR:000001083	CD2 molecule	CD2 (label)	UniProtKB:P06729	UniProtKB:P08920	IUPHARobj:2600; PIRSF:PIRSF001984	HGNC:1639	CD2
CL:0000550	polychromatophilic erythroblast	CL:4030046	lacks_plasma_membrane_part	negative	False	PR:000001084	T-cell surface glycoprotein CD8 alpha chain	CD8 (label); CD8A (exact); CD8a (exact)	UniProtKB:P01732	UniProtKB:P01731		HGNC:1706	CD8A
CL:0000550	polychromatophilic erythroblast	CL:4030046	lacks_plasma_membrane_part	negative	False	PR:000001289	membrane-spanning 4-domains subfamily A member 1	CD20 (exact)	UniProtKB:P11836	UniProtKB:P19437	PIRSF:PIRSF001995; IUPHARobj:2628	HGNC:7315	MS4A1
CL:0000550	polychromatophilic erythroblast	CL:4030046	lacks_plasma_membrane_part	negative	False	PR:000001839	T-cell surface glycoprotein CD5	CD5 (label)	UniProtKB:P06127	UniProtKB:P13379		HGNC:1685	CD5
CL:0000550	polychromatophilic erythroblast	CL:4030046	lacks_plasma_membrane_part	negative	False	PR:000001889	CD14 molecule	CD14 (label)	UniProtKB:P08571	UniProtKB:P10810	PIRSF:PIRSF002017	HGNC:1628	CD14
CL:0000550	polychromatophilic erythroblast	CL:4030046	lacks_plasma_membrane_part	negative	False	PR:000002978	lymphocyte antigen 6G			UniProtKB:P35461			
CL:0000550	polychromatophilic erythroblast	RO:0002104	has plasma membrane part	positive	True	PR:000001945	transferrin receptor protein 1	CD71 (exact)	UniProtKB:P02786	UniProtKB:Q62351		HGNC:11763	TFRC
CL:0000552	orthochromatic erythroblast	CL:4030046	lacks_plasma_membrane_part	negative	False	PR:000001002	CD19 molecule	CD19 (label)	UniProtKB:P15391	UniProtKB:P25918	IUPHARobj:2764; PIRSF:PIRSF016630	HGNC:1633	CD19
CL:0000552	orthochromatic erythroblast	CL:4030046	lacks_plasma_membrane_part	negative	False	PR:000001004	CD4 molecule	CD4 (label)	UniProtKB:P01730	UniProtKB:P06332	PIRSF:PIRSF001977	HGNC:1678	CD4
CL:0000552	orthochromatic erythroblast	CL:4030046	lacks_plasma_membrane_part	negative	False	PR:000001012	integrin alpha-M	CD11 (exact); CD11B (related); CD11b (exact)	UniProtKB:P11215	UniProtKB:P05555	IUPHARobj:2452	HGNC:6149	ITGAM
CL:0000552	orthochromatic erythroblast	CL:4030046	lacks_plasma_membrane_part	negative	False	PR:000001020	CD3 epsilon	CD3 (label); CD3E (exact); CD3e (exact)	UniProtKB:P07766	UniProtKB:P22646	IUPHARobj:2742	HGNC:1674	CD3E
CL:0000552	orthochromatic erythroblast	CL:4030046	lacks_plasma_membrane_part	negative	False	PR:000001024	neural cell adhesion molecule 1	CD56 (exact)	UniProtKB:P13591	UniProtKB:P13595	IUPHARobj:2769	HGNC:7656	NCAM1
CL:0000552	orthochromatic erythroblast	CL:4030046	lacks_plasma_membrane_part	negative	False	PR:000001083	CD2 molecule	CD2 (label)	UniProtKB:P06729	UniProtKB:P08920	IUPHARobj:2600; PIRSF:PIRSF001984	HGNC:1639	CD2
CL:0000552	orthochromatic erythroblast	CL:4030046	lacks_plasma_membrane_part	negative	False	PR:000001084	T-cell surface glycoprotein CD8 alpha chain	CD8 (label); CD8A (exact); CD8a (exact)	UniProtKB:P01732	UniProtKB:P01731		HGNC:1706	CD8A
CL:0000552	orthochromatic erythroblast	CL:4030046	lacks_plasma_membrane_part	negative	False	PR:000001289	membrane-spanning 4-domains subfamily A member 1	CD20 (exact)	UniProtKB:P11836	UniProtKB:P19437	PIRSF:PIRSF001995; IUPHARobj:2628	HGNC:7315	MS4A1
CL:0000552	orthochromatic erythroblast	CL:4030046	lacks_plasma_membrane_part	negative	False	PR:000001839	T-cell surface glycoprotein CD5	CD5 (label)	UniProtKB:P06127	UniProtKB:P13379		HGNC:1685	CD5
CL:0000552	orthochromatic erythroblast	CL:4030046	lacks_plasma_membrane_part	negative	False	PR:000001889	CD14 molecule	CD14 (label)	UniProtKB:P08571	UniProtKB:P10810	PIRSF:PIRSF002017	HGNC:1628	CD14
CL:0000552	orthochromatic erythroblast	CL:4030046	lacks_plasma_membrane_part	negative	False	PR:000002978	lymphocyte antigen 6G			UniProtKB:P35461			
CL:0000553	megakaryocyte progenitor cell	CL:4030046	lacks_plasma_membrane_part	negative	True	PR:000001002	CD19 molecule	CD19 (label)	UniProtKB:P15391	UniProtKB:P25918	IUPHARobj:2764; PIRSF:PIRSF016630	HGNC:1633	CD19
CL:0000553	megakaryocyte progenitor cell	CL:4030046	lacks_plasma_membrane_part	negative	True	PR:000001004	CD4 molecule	CD4 (label)	UniProtKB:P01730	UniProtKB:P06332	PIRSF:PIRSF001977	HGNC:1678	CD4
CL:0000553	megakaryocyte progenitor cell	CL:4030046	lacks_plasma_membrane_part	negative	True	PR:000001012	integrin alpha-M	CD11 (exact); CD11B (related); CD11b (exact)	UniProtKB:P11215	UniProtKB:P05555	IUPHARobj:2452	HGNC:6149	ITGAM
CL:0000553	megakaryocyte progenitor cell	CL:4030046	lacks_plasma_membrane_part	negative	True	PR:000001020	CD3 epsilon	CD3 (label); CD3E (exact); CD3e (exact)	UniProtKB:P07766	UniProtKB:P22646	IUPHARobj:2742	HGNC:1674	CD3E
CL:0000553	megakaryocyte progenitor cell	CL:4030046	lacks_plasma_membrane_part	negative	True	PR:000001024	neural cell adhesion molecule 1	CD56 (exact)	UniProtKB:P13591	UniProtKB:P13595	IUPHARobj:2769	HGNC:7656	NCAM1
CL:0000553	megakaryocyte progenitor cell	CL:4030046	lacks_plasma_membrane_part	negative	True	PR:000001083	CD2 molecule	CD2 (label)	UniProtKB:P06729	UniProtKB:P08920	IUPHARobj:2600; PIRSF:PIRSF001984	HGNC:1639	CD2
CL:0000553	megakaryocyte progenitor cell	CL:4030046	lacks_plasma_membrane_part	negative	True	PR:000001084	T-cell surface glycoprotein CD8 alpha chain	CD8 (label); CD8A (exact); CD8a (exact)	UniProtKB:P01732	UniProtKB:P01731		HGNC:1706	CD8A
CL:0000553	megakaryocyte progenitor cell	CL:4030046	lacks_plasma_membrane_part	negative	True	PR:000001289	membrane-spanning 4-domains subfamily A member 1	CD20 (exact)	UniProtKB:P11836	UniProtKB:P19437	PIRSF:PIRSF001995; IUPHARobj:2628	HGNC:7315	MS4A1
CL:0000553	megakaryocyte progenitor cell	CL:4030046	lacks_plasma_membrane_part	negative	True	PR:000001839	T-cell surface glycoprotein CD5	CD5 (label)	UniProtKB:P06127	UniProtKB:P13379		HGNC:1685	CD5
CL:0000553	megakaryocyte progenitor cell	CL:4030046	lacks_plasma_membrane_part	negative	True	PR:000001889	CD14 molecule	CD14 (label)	UniProtKB:P08571	UniProtKB:P10810	PIRSF:PIRSF002017	HGNC:1628	CD14
CL:0000553	megakaryocyte progenitor cell	CL:4030046	lacks_plasma_membrane_part	negative	True	PR:000002978	lymphocyte antigen 6G			UniProtKB:P35461			
CL:0000553	megakaryocyte progenitor cell	CL:4030046	lacks_plasma_membrane_part	negative	True	PR:000002981	lymphocyte antigen 76 (mouse)						
CL:0000557	granulocyte monocyte progenitor cell	CL:4030046	lacks_plasma_membrane_part	negative	False	PR:000001002	CD19 molecule	CD19 (label)	UniProtKB:P15391	UniProtKB:P25918	IUPHARobj:2764; PIRSF:PIRSF016630	HGNC:1633	CD19
CL:0000557	granulocyte monocyte progenitor cell	CL:4030046	lacks_plasma_membrane_part	negative	False	PR:000001004	CD4 molecule	CD4 (label)	UniProtKB:P01730	UniProtKB:P06332	PIRSF:PIRSF001977	HGNC:1678	CD4
CL:0000557	granulocyte monocyte progenitor cell	CL:4030046	lacks_plasma_membrane_part	negative	False	PR:000001012	integrin alpha-M	CD11 (exact); CD11B (related); CD11b (exact)	UniProtKB:P11215	UniProtKB:P05555	IUPHARobj:2452	HGNC:6149	ITGAM
CL:0000557	granulocyte monocyte progenitor cell	CL:4030046	lacks_plasma_membrane_part	negative	False	PR:000001020	CD3 epsilon	CD3 (label); CD3E (exact); CD3e (exact)	UniProtKB:P07766	UniProtKB:P22646	IUPHARobj:2742	HGNC:1674	CD3E
CL:0000557	granulocyte monocyte progenitor cell	CL:4030046	lacks_plasma_membrane_part	negative	False	PR:000001024	neural cell adhesion molecule 1	CD56 (exact)	UniProtKB:P13591	UniProtKB:P13595	IUPHARobj:2769	HGNC:7656	NCAM1
CL:0000557	granulocyte monocyte progenitor cell	CL:4030046	lacks_plasma_membrane_part	negative	False	PR:000001083	CD2 molecule	CD2 (label)	UniProtKB:P06729	UniProtKB:P08920	IUPHARobj:2600; PIRSF:PIRSF001984	HGNC:1639	CD2
CL:0000557	granulocyte monocyte progenitor cell	CL:4030046	lacks_plasma_membrane_part	negative	False	PR:000001084	T-cell surface glycoprotein CD8 alpha chain	CD8 (label); CD8A (exact); CD8a (exact)	UniProtKB:P01732	UniProtKB:P01731		HGNC:1706	CD8A
CL:0000557	granulocyte monocyte progenitor cell	CL:4030046	lacks_plasma_membrane_part	negative	False	PR:000001289	membrane-spanning 4-domains subfamily A member 1	CD20 (exact)	UniProtKB:P11836	UniProtKB:P19437	PIRSF:PIRSF001995; IUPHARobj:2628	HGNC:7315	MS4A1
CL:0000557	granulocyte monocyte progenitor cell	CL:4030046	lacks_plasma_membrane_part	negative	False	PR:000001839	T-cell surface glycoprotein CD5	CD5 (label)	UniProtKB:P06127	UniProtKB:P13379		HGNC:1685	CD5
CL:0000557	granulocyte monocyte progenitor cell	CL:4030046	lacks_plasma_membrane_part	negative	False	PR:000001889	CD14 molecule	CD14 (label)	UniProtKB:P08571	UniProtKB:P10810	PIRSF:PIRSF002017	HGNC:1628	CD14
CL:0000557	granulocyte monocyte progenitor cell	CL:4030046	lacks_plasma_membrane_part	negative	False	PR:000002978	lymphocyte antigen 6G			UniProtKB:P35461			
CL:0000557	granulocyte monocyte progenitor cell	CL:4030046	lacks_plasma_membrane_part	negative	False	PR:000002981	lymphocyte antigen 76 (mouse)						
CL:0000557	granulocyte monocyte progenitor cell	CL:4030045	lacks_part	negative	True	PR:000007857	erythroid transcription factor		UniProtKB:P15976	UniProtKB:P17679		HGNC:4170	GATA1
CL:0000557	granulocyte monocyte progenitor cell	CL:4030045	lacks_part	negative	True	PR:000007858	endothelial transcription factor GATA-2		UniProtKB:P23769	UniProtKB:O09100		HGNC:4171	GATA2
CL:0000557	granulocyte monocyte progenitor cell	RO:0002104	has plasma membrane part	positive	True	PR:000001865	interleukin-3 receptor class 2 alpha chain	CD123 (exact)	UniProtKB:P26951	UniProtKB:P26952	IUPHARobj:1705	HGNC:6012	IL3RA
CL:0000557	granulocyte monocyte progenitor cell	BFO:0000051	has part	positive	True	PR:000001944	transcription factor PU.1		UniProtKB:P17947	UniProtKB:P17433		HGNC:11241	SPI1
CL:0000557	granulocyte monocyte progenitor cell	BFO:0000051	has part	positive	True	PR:000005307	CCAAT/enhancer-binding protein alpha		UniProtKB:P49715	UniProtKB:P53566		HGNC:1833	CEBPA
CL:0000558	reticulocyte	CL:4030046	lacks_plasma_membrane_part	negative	True	PR:000001002	CD19 molecule	CD19 (label)	UniProtKB:P15391	UniProtKB:P25918	IUPHARobj:2764; PIRSF:PIRSF016630	HGNC:1633	CD19
CL:0000558	reticulocyte	CL:4030046	lacks_plasma_membrane_part	negative	True	PR:000001004	CD4 molecule	CD4 (label)	UniProtKB:P01730	UniProtKB:P06332	PIRSF:PIRSF001977	HGNC:1678	CD4
CL:0000558	reticulocyte	CL:4030046	lacks_plasma_membrane_part	negative	True	PR:000001012	integrin alpha-M	CD11 (exact); CD11B (related); CD11b (exact)	UniProtKB:P11215	UniProtKB:P05555	IUPHARobj:2452	HGNC:6149	ITGAM
CL:0000558	reticulocyte	CL:4030046	lacks_plasma_membrane_part	negative	True	PR:000001020	CD3 epsilon	CD3 (label); CD3E (exact); CD3e (exact)	UniProtKB:P07766	UniProtKB:P22646	IUPHARobj:2742	HGNC:1674	CD3E
CL:0000558	reticulocyte	CL:4030046	lacks_plasma_membrane_part	negative	True	PR:000001024	neural cell adhesion molecule 1	CD56 (exact)	UniProtKB:P13591	UniProtKB:P13595	IUPHARobj:2769	HGNC:7656	NCAM1
CL:0000558	reticulocyte	CL:4030046	lacks_plasma_membrane_part	negative	True	PR:000001083	CD2 molecule	CD2 (label)	UniProtKB:P06729	UniProtKB:P08920	IUPHARobj:2600; PIRSF:PIRSF001984	HGNC:1639	CD2
CL:0000558	reticulocyte	CL:4030046	lacks_plasma_membrane_part	negative	True	PR:000001084	T-cell surface glycoprotein CD8 alpha chain	CD8 (label); CD8A (exact); CD8a (exact)	UniProtKB:P01732	UniProtKB:P01731		HGNC:1706	CD8A
CL:0000558	reticulocyte	CL:4030046	lacks_plasma_membrane_part	negative	True	PR:000001289	membrane-spanning 4-domains subfamily A member 1	CD20 (exact)	UniProtKB:P11836	UniProtKB:P19437	PIRSF:PIRSF001995; IUPHARobj:2628	HGNC:7315	MS4A1
CL:0000558	reticulocyte	CL:4030046	lacks_plasma_membrane_part	negative	True	PR:000001839	T-cell surface glycoprotein CD5	CD5 (label)	UniProtKB:P06127	UniProtKB:P13379		HGNC:1685	CD5
CL:0000558	reticulocyte	CL:4030046	lacks_plasma_membrane_part	negative	True	PR:000001889	CD14 molecule	CD14 (label)	UniProtKB:P08571	UniProtKB:P10810	PIRSF:PIRSF002017	HGNC:1628	CD14
CL:0000558	reticulocyte	CL:4030046	lacks_plasma_membrane_part	negative	True	PR:000002978	lymphocyte antigen 6G			UniProtKB:P35461			
CL:0000558	reticulocyte	RO:0002104	has plasma membrane part	positive	True	PR:000001945	transferrin receptor protein 1	CD71 (exact)	UniProtKB:P02786	UniProtKB:Q62351		HGNC:11763	TFRC
CL:0000559	promonocyte	RO:0002104	has plasma membrane part	positive	True	PR:000001012	integrin alpha-M	CD11 (exact); CD11B (related); CD11b (exact)	UniProtKB:P11215	UniProtKB:P05555	IUPHARobj:2452	HGNC:6149	ITGAM
CL:0000560	band form neutrophil	CL:4030046	lacks_plasma_membrane_part	negative	False	PR:000001002	CD19 molecule	CD19 (label)	UniProtKB:P15391	UniProtKB:P25918	IUPHARobj:2764; PIRSF:PIRSF016630	HGNC:1633	CD19
CL:0000560	band form neutrophil	CL:4030046	lacks_plasma_membrane_part	negative	False	PR:000001020	CD3 epsilon	CD3 (label); CD3E (exact); CD3e (exact)	UniProtKB:P07766	UniProtKB:P22646	IUPHARobj:2742	HGNC:1674	CD3E
CL:0000560	band form neutrophil	CL:4030046	lacks_plasma_membrane_part	negative	False	PR:000001024	neural cell adhesion molecule 1	CD56 (exact)	UniProtKB:P13591	UniProtKB:P13595	IUPHARobj:2769	HGNC:7656	NCAM1
CL:0000560	band form neutrophil	CL:4030046	lacks_plasma_membrane_part	negative	False	PR:000001084	T-cell surface glycoprotein CD8 alpha chain	CD8 (label); CD8A (exact); CD8a (exact)	UniProtKB:P01732	UniProtKB:P01731		HGNC:1706	CD8A
CL:0000560	band form neutrophil	CL:4030046	lacks_plasma_membrane_part	negative	True	PR:000009129	integrin alpha-4	CD49 (exact); CD49D (related); CD49d (exact)	UniProtKB:P13612	UniProtKB:Q00651	IUPHARobj:2443	HGNC:6140	ITGA4
CL:0000560	band form neutrophil	CL:4030045	lacks_part	negative	False	PR:000009978	lactotransferrin		UniProtKB:P02788	UniProtKB:P08071		HGNC:6720	LTF
CL:0000560	band form neutrophil	CL:4030045	lacks_part	negative	False	PR:000010543	myeloperoxidase		UniProtKB:P05164	UniProtKB:P11247	IUPHARobj:2789	HGNC:7218	MPO
CL:0000560	band form neutrophil	CL:4030046	lacks_plasma_membrane_part	negative	True	PR:000010543	myeloperoxidase		UniProtKB:P05164	UniProtKB:P11247	IUPHARobj:2789	HGNC:7218	MPO
CL:0000560	band form neutrophil	CL:4030045	lacks_part	negative	False	PR:000010799	myb proto-oncogene protein		UniProtKB:P10242	UniProtKB:P06876		HGNC:7545	MYB
CL:0000560	band form neutrophil	RO:0002104	has plasma membrane part	positive	False	PR:000001012	integrin alpha-M	CD11 (exact); CD11B (related); CD11b (exact)	UniProtKB:P11215	UniProtKB:P05555	IUPHARobj:2452	HGNC:6149	ITGAM
CL:0000560	band form neutrophil	RO:0002104	has plasma membrane part	positive	False	PR:000001256	C-X-C chemokine receptor type 1	CD181 (exact); CDw128a (exact)	UniProtKB:P25024		IUPHARobj:68	HGNC:6026	CXCR1
CL:0000560	band form neutrophil	RO:0002104	has plasma membrane part	positive	False	PR:000001257	C-X-C chemokine receptor type 2	CD182 (exact); CDw128b (exact)	UniProtKB:P25025	UniProtKB:P35343	IUPHARobj:69	HGNC:6027	CXCR2
CL:0000560	band form neutrophil	RO:0002104	has plasma membrane part	positive	False	PR:000001332	cell adhesion molecule CEACAM8	CD66b (exact); CD67 (exact)	UniProtKB:P31997			HGNC:1820	CEACAM8
CL:0000560	band form neutrophil	RO:0002104	has plasma membrane part	positive	True	PR:000001337	complement receptor type 1	CD35 (exact)	UniProtKB:P17927			HGNC:2334	CR1
CL:0000560	band form neutrophil	RO:0002104	has plasma membrane part	positive	False	PR:000001456	alpha-(1,3)-fucosyltransferase 4	CD15 (exact)	UniProtKB:P22083	UniProtKB:Q11127		HGNC:4015	FUT4
CL:0000560	band form neutrophil	RO:0002104	has plasma membrane part	positive	False	PR:000001479	low affinity immunoglobulin gamma Fc region receptor II	CD32 (broad)		UniProtKB:P08101			
CL:0000560	band form neutrophil	RO:0002104	has plasma membrane part	positive	False	PR:000001483	low affinity immunoglobulin gamma Fc region receptor III	CD16 (exact)		UniProtKB:P08508			
CL:0000560	band form neutrophil	RO:0002104	has plasma membrane part	positive	True	PR:000001580	fMet-Leu-Phe receptor		UniProtKB:P21462	UniProtKB:P33766	IUPHARobj:222	HGNC:3826	FPR1
CL:0000560	band form neutrophil	RO:0002104	has plasma membrane part	positive	False	PR:000001879	leukosialin	CD43 (related)	UniProtKB:P16150	UniProtKB:P15702	PIRSF:PIRSF001994	HGNC:11249	SPN
CL:0000560	band form neutrophil	RO:0002104	has plasma membrane part	positive	False	PR:000001944	transcription factor PU.1		UniProtKB:P17947	UniProtKB:P17433		HGNC:11241	SPI1
CL:0000560	band form neutrophil	RO:0002104	has plasma membrane part	positive	False	PR:000001969	urokinase plasminogen activator surface receptor	CD87 (exact)	UniProtKB:Q03405	UniProtKB:P35456	PIRSF:PIRSF002022	HGNC:9053	PLAUR
CL:0000560	band form neutrophil	BFO:0000051	has part	positive	True	PR:000005307	CCAAT/enhancer-binding protein alpha		UniProtKB:P49715	UniProtKB:P53566		HGNC:1833	CEBPA
CL:0000560	band form neutrophil	RO:0002104	has plasma membrane part	positive	False	PR:000007597	protein c-Fos		UniProtKB:P01100	UniProtKB:P01101		HGNC:3796	FOS
CL:0000562	nucleate erythrocyte	CL:4030046	lacks_plasma_membrane_part	negative	False	PR:000001945	transferrin receptor protein 1	CD71 (exact)	UniProtKB:P02786	UniProtKB:Q62351		HGNC:11763	TFRC
CL:0000564	neutrophilic promyelocyte	CL:4030046	lacks_plasma_membrane_part	negative	False	PR:000001012	integrin alpha-M	CD11 (exact); CD11B (related); CD11b (exact)	UniProtKB:P11215	UniProtKB:P05555	IUPHARobj:2452	HGNC:6149	ITGAM
CL:0000564	neutrophilic promyelocyte	CL:4030046	lacks_plasma_membrane_part	negative	False	PR:000001483	low affinity immunoglobulin gamma Fc region receptor III	CD16 (exact)		UniProtKB:P08508			
CL:0000564	neutrophilic promyelocyte	CL:4030046	lacks_plasma_membrane_part	negative	False	PR:000001932	signal transducer CD24	CD24 (label); CD24A (related)	UniProtKB:P25063	UniProtKB:P24807		HGNC:1645	CD24
CL:0000564	neutrophilic promyelocyte	CL:4030045	lacks_part	negative	True	PR:000009978	lactotransferrin		UniProtKB:P02788	UniProtKB:P08071		HGNC:6720	LTF
CL:0000564	neutrophilic promyelocyte	RO:0002104	has plasma membrane part	positive	False	PR:000001456	alpha-(1,3)-fucosyltransferase 4	CD15 (exact)	UniProtKB:P22083	UniProtKB:Q11127		HGNC:4015	FUT4
CL:0000564	neutrophilic promyelocyte	RO:0002104	has plasma membrane part	positive	False	PR:000001892	CD33 molecule	CD33 (label)	UniProtKB:P20138	UniProtKB:Q63994	IUPHARobj:2601	HGNC:1659	CD33
CL:0000564	neutrophilic promyelocyte	BFO:0000051	has part	positive	True	PR:000001944	transcription factor PU.1		UniProtKB:P17947	UniProtKB:P17433		HGNC:11241	SPI1
CL:0000564	neutrophilic promyelocyte	BFO:0000051	has part	positive	True	PR:000005307	CCAAT/enhancer-binding protein alpha		UniProtKB:P49715	UniProtKB:P53566		HGNC:1833	CEBPA
CL:0000564	neutrophilic promyelocyte	BFO:0000051	has part	positive	True	PR:000007857	erythroid transcription factor		UniProtKB:P15976	UniProtKB:P17679		HGNC:4170	GATA1
CL:0000564	neutrophilic promyelocyte	BFO:0000051	has part	positive	True	PR:000010543	myeloperoxidase		UniProtKB:P05164	UniProtKB:P11247	IUPHARobj:2789	HGNC:7218	MPO
CL:0000564	neutrophilic promyelocyte	BFO:0000051	has part	positive	True	PR:000014362	runt-related transcription factor 1		UniProtKB:Q01196	UniProtKB:Q03347		HGNC:10471	RUNX1
CL:0000566	angioblastic mesenchymal cell	RO:0002104	has plasma membrane part	positive	True	PR:000001444	cadherin-5	CD144 (exact)	UniProtKB:P33151	UniProtKB:P55284		HGNC:1764	CDH5
CL:0000566	angioblastic mesenchymal cell	RO:0002104	has plasma membrane part	positive	True	PR:000002112	vascular endothelial growth factor receptor 2	CD309 (exact)	UniProtKB:P35968	UniProtKB:P35918	IUPHARobj:1813	HGNC:6307	KDR
CL:0000566	angioblastic mesenchymal cell	RO:0002104	has plasma membrane part	positive	True	PR:000016043	T-cell acute lymphocytic leukemia protein 1		UniProtKB:P17542	UniProtKB:P22091		HGNC:11556	TAL1
CL:0000570	parafollicular cell	RO:0002104	has plasma membrane part	positive	True	PR:000001024	neural cell adhesion molecule 1	CD56 (exact)	UniProtKB:P13591	UniProtKB:P13595	IUPHARobj:2769	HGNC:7656	NCAM1
CL:0000580	neutrophilic myelocyte	CL:4030046	lacks_plasma_membrane_part	negative	False	PR:000001002	CD19 molecule	CD19 (label)	UniProtKB:P15391	UniProtKB:P25918	IUPHARobj:2764; PIRSF:PIRSF016630	HGNC:1633	CD19
CL:0000580	neutrophilic myelocyte	CL:4030046	lacks_plasma_membrane_part	negative	False	PR:000001020	CD3 epsilon	CD3 (label); CD3E (exact); CD3e (exact)	UniProtKB:P07766	UniProtKB:P22646	IUPHARobj:2742	HGNC:1674	CD3E
CL:0000580	neutrophilic myelocyte	CL:4030046	lacks_plasma_membrane_part	negative	False	PR:000001024	neural cell adhesion molecule 1	CD56 (exact)	UniProtKB:P13591	UniProtKB:P13595	IUPHARobj:2769	HGNC:7656	NCAM1
CL:0000580	neutrophilic myelocyte	CL:4030046	lacks_plasma_membrane_part	negative	False	PR:000001084	T-cell surface glycoprotein CD8 alpha chain	CD8 (label); CD8A (exact); CD8a (exact)	UniProtKB:P01732	UniProtKB:P01731		HGNC:1706	CD8A
CL:0000580	neutrophilic myelocyte	CL:4030046	lacks_plasma_membrane_part	negative	True	PR:000001483	low affinity immunoglobulin gamma Fc region receptor III	CD16 (exact)		UniProtKB:P08508			
CL:0000580	neutrophilic myelocyte	RO:0002104	has plasma membrane part	positive	False	PR:000001012	integrin alpha-M	CD11 (exact); CD11B (related); CD11b (exact)	UniProtKB:P11215	UniProtKB:P05555	IUPHARobj:2452	HGNC:6149	ITGAM
CL:0000580	neutrophilic myelocyte	RO:0002104	has plasma membrane part	positive	False	PR:000001332	cell adhesion molecule CEACAM8	CD66b (exact); CD67 (exact)	UniProtKB:P31997			HGNC:1820	CEACAM8
CL:0000580	neutrophilic myelocyte	RO:0002104	has plasma membrane part	positive	True	PR:000001456	alpha-(1,3)-fucosyltransferase 4	CD15 (exact)	UniProtKB:P22083	UniProtKB:Q11127		HGNC:4015	FUT4
CL:0000580	neutrophilic myelocyte	RO:0002104	has plasma membrane part	positive	False	PR:000001479	low affinity immunoglobulin gamma Fc region receptor II	CD32 (broad)		UniProtKB:P08101			
CL:0000580	neutrophilic myelocyte	RO:0002104	has plasma membrane part	positive	False	PR:000001879	leukosialin	CD43 (related)	UniProtKB:P16150	UniProtKB:P15702	PIRSF:PIRSF001994	HGNC:11249	SPN
CL:0000580	neutrophilic myelocyte	RO:0002104	has plasma membrane part	positive	True	PR:000001892	CD33 molecule	CD33 (label)	UniProtKB:P20138	UniProtKB:Q63994	IUPHARobj:2601	HGNC:1659	CD33
CL:0000580	neutrophilic myelocyte	RO:0002104	has plasma membrane part	positive	True	PR:000001932	signal transducer CD24	CD24 (label); CD24A (related)	UniProtKB:P25063	UniProtKB:P24807		HGNC:1645	CD24
CL:0000580	neutrophilic myelocyte	BFO:0000051	has part	positive	True	PR:000001944	transcription factor PU.1		UniProtKB:P17947	UniProtKB:P17433		HGNC:11241	SPI1
CL:0000580	neutrophilic myelocyte	RO:0002104	has plasma membrane part	positive	False	PR:000001969	urokinase plasminogen activator surface receptor	CD87 (exact)	UniProtKB:Q03405	UniProtKB:P35456	PIRSF:PIRSF002022	HGNC:9053	PLAUR
CL:0000580	neutrophilic myelocyte	RO:0002104	has plasma membrane part	positive	True	PR:000002031	aminopeptidase N	CD13 (exact)	UniProtKB:P15144	UniProtKB:P97449	IUPHARobj:1560	HGNC:500	ANPEP
CL:0000580	neutrophilic myelocyte	BFO:0000051	has part	positive	True	PR:000005307	CCAAT/enhancer-binding protein alpha		UniProtKB:P49715	UniProtKB:P53566		HGNC:1833	CEBPA
CL:0000580	neutrophilic myelocyte	BFO:0000051	has part	positive	True	PR:000005310	CCAAT/enhancer-binding protein epsilon		UniProtKB:Q15744	UniProtKB:Q6PZD9		HGNC:1836	CEBPE
CL:0000580	neutrophilic myelocyte	BFO:0000051	has part	positive	True	PR:000009725	neutrophil gelatinase-associated lipocalin		UniProtKB:P80188	UniProtKB:P11672		HGNC:6526	LCN2
CL:0000580	neutrophilic myelocyte	BFO:0000051	has part	positive	True	PR:000009978	lactotransferrin		UniProtKB:P02788	UniProtKB:P08071		HGNC:6720	LTF
CL:0000580	neutrophilic myelocyte	BFO:0000051	has part	positive	True	PR:000010543	myeloperoxidase		UniProtKB:P05164	UniProtKB:P11247	IUPHARobj:2789	HGNC:7218	MPO
CL:0000581	peritoneal macrophage	RO:0015015	has high plasma membrane amount	high	True	PR:000001012	integrin alpha-M	CD11 (exact); CD11B (related); CD11b (exact)	UniProtKB:P11215	UniProtKB:P05555	IUPHARobj:2452	HGNC:6149	ITGAM
CL:0000581	peritoneal macrophage	RO:0015015	has high plasma membrane amount	high	True	PR:000001813	adhesion G protein-coupled receptor E1		UniProtKB:Q14246	UniProtKB:Q61549	IUPHARobj:182; PIRSF:PIRSF038685	HGNC:3336	ADGRE1
CL:0000581	peritoneal macrophage	RO:0015015	has high plasma membrane amount	high	True	PR:000002062	macrophage colony-stimulating factor 1 receptor	CD115 (exact)	UniProtKB:P07333	UniProtKB:P09581	IUPHARobj:1806; PIRSF:PIRSF500947	HGNC:2433	CSF1R
CL:0000581	peritoneal macrophage	RO:0002104	has plasma membrane part	positive	True	PR:000001807	C-type lectin domain family 7 member A	CD369 (exact)	UniProtKB:Q9BXN2	UniProtKB:Q6QLQ4	IUPHARobj:2927	HGNC:14558	CLEC7A
CL:0000581	peritoneal macrophage	RO:0002104	has plasma membrane part	positive	True	PR:000002064	macrosialin	CD68 (exact)	UniProtKB:P34810	UniProtKB:P31996		HGNC:1693	CD68
CL:0000581	peritoneal macrophage	RO:0002104	has plasma membrane part	positive	True	PR:000006172	CD209 molecule-like protein B	CD209 (label)		UniProtKB:Q8CJ91			
CL:0000582	neutrophilic metamyelocyte	CL:4030046	lacks_plasma_membrane_part	negative	False	PR:000001002	CD19 molecule	CD19 (label)	UniProtKB:P15391	UniProtKB:P25918	IUPHARobj:2764; PIRSF:PIRSF016630	HGNC:1633	CD19
CL:0000582	neutrophilic metamyelocyte	CL:4030046	lacks_plasma_membrane_part	negative	False	PR:000001020	CD3 epsilon	CD3 (label); CD3E (exact); CD3e (exact)	UniProtKB:P07766	UniProtKB:P22646	IUPHARobj:2742	HGNC:1674	CD3E
CL:0000582	neutrophilic metamyelocyte	CL:4030046	lacks_plasma_membrane_part	negative	False	PR:000001024	neural cell adhesion molecule 1	CD56 (exact)	UniProtKB:P13591	UniProtKB:P13595	IUPHARobj:2769	HGNC:7656	NCAM1
CL:0000582	neutrophilic metamyelocyte	CL:4030046	lacks_plasma_membrane_part	negative	False	PR:000001084	T-cell surface glycoprotein CD8 alpha chain	CD8 (label); CD8A (exact); CD8a (exact)	UniProtKB:P01732	UniProtKB:P01731		HGNC:1706	CD8A
CL:0000582	neutrophilic metamyelocyte	CL:4030046	lacks_plasma_membrane_part	negative	True	PR:000001580	fMet-Leu-Phe receptor		UniProtKB:P21462	UniProtKB:P33766	IUPHARobj:222	HGNC:3826	FPR1
CL:0000582	neutrophilic metamyelocyte	RO:0002104	has plasma membrane part	positive	False	PR:000001012	integrin alpha-M	CD11 (exact); CD11B (related); CD11b (exact)	UniProtKB:P11215	UniProtKB:P05555	IUPHARobj:2452	HGNC:6149	ITGAM
CL:0000582	neutrophilic metamyelocyte	RO:0002104	has plasma membrane part	positive	False	PR:000001332	cell adhesion molecule CEACAM8	CD66b (exact); CD67 (exact)	UniProtKB:P31997			HGNC:1820	CEACAM8
CL:0000582	neutrophilic metamyelocyte	RO:0002104	has plasma membrane part	positive	True	PR:000001456	alpha-(1,3)-fucosyltransferase 4	CD15 (exact)	UniProtKB:P22083	UniProtKB:Q11127		HGNC:4015	FUT4
CL:0000582	neutrophilic metamyelocyte	RO:0002104	has plasma membrane part	positive	False	PR:000001479	low affinity immunoglobulin gamma Fc region receptor II	CD32 (broad)		UniProtKB:P08101			
CL:0000582	neutrophilic metamyelocyte	RO:0002104	has plasma membrane part	positive	True	PR:000001483	low affinity immunoglobulin gamma Fc region receptor III	CD16 (exact)		UniProtKB:P08508			
CL:0000582	neutrophilic metamyelocyte	RO:0002104	has plasma membrane part	positive	False	PR:000001879	leukosialin	CD43 (related)	UniProtKB:P16150	UniProtKB:P15702	PIRSF:PIRSF001994	HGNC:11249	SPN
CL:0000582	neutrophilic metamyelocyte	RO:0002104	has plasma membrane part	positive	True	PR:000001892	CD33 molecule	CD33 (label)	UniProtKB:P20138	UniProtKB:Q63994	IUPHARobj:2601	HGNC:1659	CD33
CL:0000582	neutrophilic metamyelocyte	RO:0002104	has plasma membrane part	positive	True	PR:000001932	signal transducer CD24	CD24 (label); CD24A (related)	UniProtKB:P25063	UniProtKB:P24807		HGNC:1645	CD24
CL:0000582	neutrophilic metamyelocyte	BFO:0000051	has part	positive	True	PR:000001944	transcription factor PU.1		UniProtKB:P17947	UniProtKB:P17433		HGNC:11241	SPI1
CL:0000582	neutrophilic metamyelocyte	RO:0002104	has plasma membrane part	positive	False	PR:000001969	urokinase plasminogen activator surface receptor	CD87 (exact)	UniProtKB:Q03405	UniProtKB:P35456	PIRSF:PIRSF002022	HGNC:9053	PLAUR
CL:0000582	neutrophilic metamyelocyte	RO:0002104	has plasma membrane part	positive	True	PR:000002031	aminopeptidase N	CD13 (exact)	UniProtKB:P15144	UniProtKB:P97449	IUPHARobj:1560	HGNC:500	ANPEP
CL:0000582	neutrophilic metamyelocyte	BFO:0000051	has part	positive	True	PR:000005307	CCAAT/enhancer-binding protein alpha		UniProtKB:P49715	UniProtKB:P53566		HGNC:1833	CEBPA
CL:0000582	neutrophilic metamyelocyte	BFO:0000051	has part	positive	True	PR:000005310	CCAAT/enhancer-binding protein epsilon		UniProtKB:Q15744	UniProtKB:Q6PZD9		HGNC:1836	CEBPE
CL:0000582	neutrophilic metamyelocyte	BFO:0000051	has part	positive	True	PR:000009725	neutrophil gelatinase-associated lipocalin		UniProtKB:P80188	UniProtKB:P11672		HGNC:6526	LCN2
CL:0000582	neutrophilic metamyelocyte	BFO:0000051	has part	positive	True	PR:000009978	lactotransferrin		UniProtKB:P02788	UniProtKB:P08071		HGNC:6720	LTF
CL:0000582	neutrophilic metamyelocyte	BFO:0000051	has part	positive	True	PR:000010543	myeloperoxidase		UniProtKB:P05164	UniProtKB:P11247	IUPHARobj:2789	HGNC:7218	MPO
CL:0000583	alveolar macrophage	RO:0015016	has low plasma membrane amount	low	True	PR:000001012	integrin alpha-M	CD11 (exact); CD11B (related); CD11b (exact)	UniProtKB:P11215	UniProtKB:P05555	IUPHARobj:2452	HGNC:6149	ITGAM
CL:0000583	alveolar macrophage	CL:4030046	lacks_plasma_membrane_part	negative	True	PR:000001206	CX3C chemokine receptor 1		UniProtKB:P49238	UniProtKB:Q9Z0D9	IUPHARobj:74; PIRSF:PIRSF501025	HGNC:2558	CX3CR1
CL:0000583	alveolar macrophage	RO:0002104	has plasma membrane part	positive	True	PR:000001013	integrin alpha-X	CD11 (exact); CD11C (related); CD11c (exact)	UniProtKB:P20702	UniProtKB:Q9QXH4	IUPHARobj:2454	HGNC:6152	ITGAX
CL:0000583	alveolar macrophage	RO:0002104	has plasma membrane part	positive	True	PR:000001807	C-type lectin domain family 7 member A	CD369 (exact)	UniProtKB:Q9BXN2	UniProtKB:Q6QLQ4	IUPHARobj:2927	HGNC:14558	CLEC7A
CL:0000583	alveolar macrophage	RO:0002104	has plasma membrane part	positive	True	PR:000001813	adhesion G protein-coupled receptor E1		UniProtKB:Q14246	UniProtKB:Q61549	IUPHARobj:182; PIRSF:PIRSF038685	HGNC:3336	ADGRE1
CL:0000583	alveolar macrophage	RO:0002104	has plasma membrane part	positive	True	PR:000001931	sialoadhesin	CD169 (exact)	UniProtKB:Q9BZZ2	UniProtKB:Q62230		HGNC:11127	SIGLEC1
CL:0000583	alveolar macrophage	RO:0002104	has plasma membrane part	positive	True	PR:000002064	macrosialin	CD68 (exact)	UniProtKB:P34810	UniProtKB:P31996		HGNC:1693	CD68
CL:0000583	alveolar macrophage	RO:0002104	has plasma membrane part	positive	True	PR:000002972	macrophage mannose receptor 1	CD206 (exact)	UniProtKB:P22897	UniProtKB:Q61830		HGNC:7228	MRC1
CL:0000588	odontoclast	BFO:0000051	has part	positive	False	PR:000001850	cathepsin K		UniProtKB:P43235	UniProtKB:P55097	IUPHARobj:2350	HGNC:2536	CTSK
CL:0000588	odontoclast	BFO:0000051	has part	positive	False	PR:000001937	tartrate-resistant acid phosphatase type 5		UniProtKB:P13686	UniProtKB:Q05117	PIRSF:PIRSF000898	HGNC:124	ACP5
CL:0000588	odontoclast	BFO:0000051	has part	positive	False	PR:000001944	transcription factor PU.1		UniProtKB:P17947	UniProtKB:P17433		HGNC:11241	SPI1
CL:0000588	odontoclast	RO:0002104	has plasma membrane part	positive	False	PR:000001954	tumor necrosis factor receptor superfamily member 11A	CD265 (exact)	UniProtKB:Q9Y6Q6	UniProtKB:O35305	IUPHARobj:1881; PIRSF:PIRSF038806	HGNC:11908	TNFRSF11A
CL:0000588	odontoclast	RO:0002104	has plasma membrane part	positive	False	PR:000002062	macrophage colony-stimulating factor 1 receptor	CD115 (exact)	UniProtKB:P07333	UniProtKB:P09581	IUPHARobj:1806; PIRSF:PIRSF500947	HGNC:2433	CSF1R
CL:0000588	odontoclast	BFO:0000051	has part	positive	False	PR:000007597	protein c-Fos		UniProtKB:P01100	UniProtKB:P01101		HGNC:3796	FOS
CL:0000588	odontoclast	BFO:0000051	has part	positive	False	PR:000011178	nuclear factor NF-kappa-B p100 subunit		UniProtKB:Q00653	UniProtKB:Q9WTK5		HGNC:7795	NFKB2
CL:0000595	enucleate erythrocyte	CL:4030046	lacks_plasma_membrane_part	negative	False	PR:000001945	transferrin receptor protein 1	CD71 (exact)	UniProtKB:P02786	UniProtKB:Q62351		HGNC:11763	TFRC
CL:0000611	eosinophil progenitor cell	CL:4030046	lacks_plasma_membrane_part	negative	True	PR:000001002	CD19 molecule	CD19 (label)	UniProtKB:P15391	UniProtKB:P25918	IUPHARobj:2764; PIRSF:PIRSF016630	HGNC:1633	CD19
CL:0000611	eosinophil progenitor cell	CL:4030046	lacks_plasma_membrane_part	negative	True	PR:000001004	CD4 molecule	CD4 (label)	UniProtKB:P01730	UniProtKB:P06332	PIRSF:PIRSF001977	HGNC:1678	CD4
CL:0000611	eosinophil progenitor cell	CL:4030046	lacks_plasma_membrane_part	negative	True	PR:000001012	integrin alpha-M	CD11 (exact); CD11B (related); CD11b (exact)	UniProtKB:P11215	UniProtKB:P05555	IUPHARobj:2452	HGNC:6149	ITGAM
CL:0000611	eosinophil progenitor cell	CL:4030046	lacks_plasma_membrane_part	negative	True	PR:000001020	CD3 epsilon	CD3 (label); CD3E (exact); CD3e (exact)	UniProtKB:P07766	UniProtKB:P22646	IUPHARobj:2742	HGNC:1674	CD3E
CL:0000611	eosinophil progenitor cell	CL:4030046	lacks_plasma_membrane_part	negative	True	PR:000001024	neural cell adhesion molecule 1	CD56 (exact)	UniProtKB:P13591	UniProtKB:P13595	IUPHARobj:2769	HGNC:7656	NCAM1
CL:0000611	eosinophil progenitor cell	CL:4030046	lacks_plasma_membrane_part	negative	True	PR:000001083	CD2 molecule	CD2 (label)	UniProtKB:P06729	UniProtKB:P08920	IUPHARobj:2600; PIRSF:PIRSF001984	HGNC:1639	CD2
CL:0000611	eosinophil progenitor cell	CL:4030046	lacks_plasma_membrane_part	negative	True	PR:000001084	T-cell surface glycoprotein CD8 alpha chain	CD8 (label); CD8A (exact); CD8a (exact)	UniProtKB:P01732	UniProtKB:P01731		HGNC:1706	CD8A
CL:0000611	eosinophil progenitor cell	CL:4030046	lacks_plasma_membrane_part	negative	True	PR:000001289	membrane-spanning 4-domains subfamily A member 1	CD20 (exact)	UniProtKB:P11836	UniProtKB:P19437	PIRSF:PIRSF001995; IUPHARobj:2628	HGNC:7315	MS4A1
CL:0000611	eosinophil progenitor cell	CL:4030046	lacks_plasma_membrane_part	negative	True	PR:000001839	T-cell surface glycoprotein CD5	CD5 (label)	UniProtKB:P06127	UniProtKB:P13379		HGNC:1685	CD5
CL:0000611	eosinophil progenitor cell	CL:4030046	lacks_plasma_membrane_part	negative	True	PR:000001889	CD14 molecule	CD14 (label)	UniProtKB:P08571	UniProtKB:P10810	PIRSF:PIRSF002017	HGNC:1628	CD14
CL:0000611	eosinophil progenitor cell	CL:4030046	lacks_plasma_membrane_part	negative	True	PR:000002978	lymphocyte antigen 6G			UniProtKB:P35461			
CL:0000611	eosinophil progenitor cell	CL:4030046	lacks_plasma_membrane_part	negative	True	PR:000002981	lymphocyte antigen 76 (mouse)						
CL:0000611	eosinophil progenitor cell	RO:0002104	has plasma membrane part	positive	True	PR:000001003	CD34 molecule	CD34 (label)	UniProtKB:P28906	UniProtKB:Q64314	PIRSF:PIRSF028749	HGNC:1662	CD34
CL:0000611	eosinophil progenitor cell	RO:0002104	has plasma membrane part	positive	True	PR:000001408	ADP-ribosyl cyclase/cyclic ADP-ribose hydrolase 1	CD38 (exact)	UniProtKB:P28907	UniProtKB:P56528	IUPHARobj:2766	HGNC:1667	CD38
CL:0000611	eosinophil progenitor cell	RO:0002104	has plasma membrane part	positive	True	PR:000001865	interleukin-3 receptor class 2 alpha chain	CD123 (exact)	UniProtKB:P26951	UniProtKB:P26952	IUPHARobj:1705	HGNC:6012	IL3RA
CL:0000611	eosinophil progenitor cell	RO:0002104	has plasma membrane part	positive	True	PR:000001867	interleukin-5 receptor subunit alpha	CD125 (exact); CDw125 (exact)	UniProtKB:Q01344	UniProtKB:P21183	IUPHARobj:1706; PIRSF:PIRSF018419	HGNC:6017	IL5RA
CL:0000611	eosinophil progenitor cell	BFO:0000051	has part	positive	True	PR:000001944	transcription factor PU.1		UniProtKB:P17947	UniProtKB:P17433		HGNC:11241	SPI1
CL:0000611	eosinophil progenitor cell	RO:0002104	has plasma membrane part	positive	True	PR:000002065	mast/stem cell growth factor receptor	CD117 (exact)	UniProtKB:P10721	UniProtKB:P05532	IUPHARobj:1805; PIRSF:PIRSF500951	HGNC:6342	KIT
CL:0000611	eosinophil progenitor cell	BFO:0000051	has part	positive	True	PR:000005307	CCAAT/enhancer-binding protein alpha		UniProtKB:P49715	UniProtKB:P53566		HGNC:1833	CEBPA
CL:0000611	eosinophil progenitor cell	BFO:0000051	has part	positive	True	PR:000007857	erythroid transcription factor		UniProtKB:P15976	UniProtKB:P17679		HGNC:4170	GATA1
CL:0000612	eosinophilic myelocyte	CL:4030046	lacks_plasma_membrane_part	negative	False	PR:000001002	CD19 molecule	CD19 (label)	UniProtKB:P15391	UniProtKB:P25918	IUPHARobj:2764; PIRSF:PIRSF016630	HGNC:1633	CD19
CL:0000612	eosinophilic myelocyte	CL:4030046	lacks_plasma_membrane_part	negative	False	PR:000001020	CD3 epsilon	CD3 (label); CD3E (exact); CD3e (exact)	UniProtKB:P07766	UniProtKB:P22646	IUPHARobj:2742	HGNC:1674	CD3E
CL:0000612	eosinophilic myelocyte	CL:4030046	lacks_plasma_membrane_part	negative	False	PR:000001024	neural cell adhesion molecule 1	CD56 (exact)	UniProtKB:P13591	UniProtKB:P13595	IUPHARobj:2769	HGNC:7656	NCAM1
CL:0000612	eosinophilic myelocyte	CL:4030046	lacks_plasma_membrane_part	negative	False	PR:000001084	T-cell surface glycoprotein CD8 alpha chain	CD8 (label); CD8A (exact); CD8a (exact)	UniProtKB:P01732	UniProtKB:P01731		HGNC:1706	CD8A
CL:0000612	eosinophilic myelocyte	CL:4030046	lacks_plasma_membrane_part	negative	True	PR:000001483	low affinity immunoglobulin gamma Fc region receptor III	CD16 (exact)		UniProtKB:P08508			
CL:0000612	eosinophilic myelocyte	RO:0002104	has plasma membrane part	positive	False	PR:000001012	integrin alpha-M	CD11 (exact); CD11B (related); CD11b (exact)	UniProtKB:P11215	UniProtKB:P05555	IUPHARobj:2452	HGNC:6149	ITGAM
CL:0000612	eosinophilic myelocyte	RO:0002104	has plasma membrane part	positive	False	PR:000001254	C-C chemokine receptor type 1	CD191 (exact)	UniProtKB:P32246	UniProtKB:P51675	IUPHARobj:58	HGNC:1602	CCR1
CL:0000612	eosinophilic myelocyte	RO:0002104	has plasma membrane part	positive	False	PR:000001255	C-C chemokine receptor type 3	CD193 (exact)	UniProtKB:P51677	UniProtKB:P51678	IUPHARobj:60	HGNC:1604	CCR3
CL:0000612	eosinophilic myelocyte	RO:0002104	has plasma membrane part	positive	False	PR:000001307	CD44 molecule	CD44 (label); CDw44 (exact)	UniProtKB:P16070	UniProtKB:P15379		HGNC:1681	CD44
CL:0000612	eosinophilic myelocyte	RO:0002104	has plasma membrane part	positive	False	PR:000001332	cell adhesion molecule CEACAM8	CD66b (exact); CD67 (exact)	UniProtKB:P31997			HGNC:1820	CEACAM8
CL:0000612	eosinophilic myelocyte	RO:0002104	has plasma membrane part	positive	False	PR:000001343	CD69 molecule	CD69 (label)	UniProtKB:Q07108	UniProtKB:P37217		HGNC:1694	CD69
CL:0000612	eosinophilic myelocyte	RO:0002104	has plasma membrane part	positive	True	PR:000001456	alpha-(1,3)-fucosyltransferase 4	CD15 (exact)	UniProtKB:P22083	UniProtKB:Q11127		HGNC:4015	FUT4
CL:0000612	eosinophilic myelocyte	RO:0002104	has plasma membrane part	positive	True	PR:000001892	CD33 molecule	CD33 (label)	UniProtKB:P20138	UniProtKB:Q63994	IUPHARobj:2601	HGNC:1659	CD33
CL:0000612	eosinophilic myelocyte	RO:0002104	has plasma membrane part	positive	True	PR:000001932	signal transducer CD24	CD24 (label); CD24A (related)	UniProtKB:P25063	UniProtKB:P24807		HGNC:1645	CD24
CL:0000612	eosinophilic myelocyte	RO:0002104	has plasma membrane part	positive	False	PR:000001969	urokinase plasminogen activator surface receptor	CD87 (exact)	UniProtKB:Q03405	UniProtKB:P35456	PIRSF:PIRSF002022	HGNC:9053	PLAUR
CL:0000612	eosinophilic myelocyte	RO:0002104	has plasma membrane part	positive	True	PR:000002031	aminopeptidase N	CD13 (exact)	UniProtKB:P15144	UniProtKB:P97449	IUPHARobj:1560	HGNC:500	ANPEP
CL:0000612	eosinophilic myelocyte	RO:0002104	has plasma membrane part	positive	False	PR:000005178	CD9 molecule	CD9 (label)	UniProtKB:P21926	UniProtKB:P40240		HGNC:1709	CD9
CL:0000613	basophil progenitor cell	RO:0015015	has high plasma membrane amount	high	True	PR:000007431	high affinity immunoglobulin epsilon receptor subunit alpha		UniProtKB:P12319	UniProtKB:P20489	IUPHARobj:2933	HGNC:3609	FCER1A
CL:0000613	basophil progenitor cell	RO:0015016	has low plasma membrane amount	low	True	PR:000016401	transmembrane emp24 domain-containing protein 1		UniProtKB:Q13445	UniProtKB:Q3V009		HGNC:17291	TMED1
CL:0000613	basophil progenitor cell	CL:4030046	lacks_plasma_membrane_part	negative	True	PR:000001002	CD19 molecule	CD19 (label)	UniProtKB:P15391	UniProtKB:P25918	IUPHARobj:2764; PIRSF:PIRSF016630	HGNC:1633	CD19
CL:0000613	basophil progenitor cell	CL:4030046	lacks_plasma_membrane_part	negative	True	PR:000001004	CD4 molecule	CD4 (label)	UniProtKB:P01730	UniProtKB:P06332	PIRSF:PIRSF001977	HGNC:1678	CD4
CL:0000613	basophil progenitor cell	CL:4030046	lacks_plasma_membrane_part	negative	True	PR:000001012	integrin alpha-M	CD11 (exact); CD11B (related); CD11b (exact)	UniProtKB:P11215	UniProtKB:P05555	IUPHARobj:2452	HGNC:6149	ITGAM
CL:0000613	basophil progenitor cell	CL:4030046	lacks_plasma_membrane_part	negative	True	PR:000001020	CD3 epsilon	CD3 (label); CD3E (exact); CD3e (exact)	UniProtKB:P07766	UniProtKB:P22646	IUPHARobj:2742	HGNC:1674	CD3E
CL:0000613	basophil progenitor cell	CL:4030046	lacks_plasma_membrane_part	negative	True	PR:000001024	neural cell adhesion molecule 1	CD56 (exact)	UniProtKB:P13591	UniProtKB:P13595	IUPHARobj:2769	HGNC:7656	NCAM1
CL:0000613	basophil progenitor cell	CL:4030046	lacks_plasma_membrane_part	negative	True	PR:000001083	CD2 molecule	CD2 (label)	UniProtKB:P06729	UniProtKB:P08920	IUPHARobj:2600; PIRSF:PIRSF001984	HGNC:1639	CD2
CL:0000613	basophil progenitor cell	CL:4030046	lacks_plasma_membrane_part	negative	True	PR:000001084	T-cell surface glycoprotein CD8 alpha chain	CD8 (label); CD8A (exact); CD8a (exact)	UniProtKB:P01732	UniProtKB:P01731		HGNC:1706	CD8A
CL:0000613	basophil progenitor cell	CL:4030046	lacks_plasma_membrane_part	negative	True	PR:000001289	membrane-spanning 4-domains subfamily A member 1	CD20 (exact)	UniProtKB:P11836	UniProtKB:P19437	PIRSF:PIRSF001995; IUPHARobj:2628	HGNC:7315	MS4A1
CL:0000613	basophil progenitor cell	CL:4030046	lacks_plasma_membrane_part	negative	True	PR:000001839	T-cell surface glycoprotein CD5	CD5 (label)	UniProtKB:P06127	UniProtKB:P13379		HGNC:1685	CD5
CL:0000613	basophil progenitor cell	CL:4030046	lacks_plasma_membrane_part	negative	True	PR:000001889	CD14 molecule	CD14 (label)	UniProtKB:P08571	UniProtKB:P10810	PIRSF:PIRSF002017	HGNC:1628	CD14
CL:0000613	basophil progenitor cell	CL:4030046	lacks_plasma_membrane_part	negative	True	PR:000002065	mast/stem cell growth factor receptor	CD117 (exact)	UniProtKB:P10721	UniProtKB:P05532	IUPHARobj:1805; PIRSF:PIRSF500951	HGNC:6342	KIT
CL:0000613	basophil progenitor cell	CL:4030046	lacks_plasma_membrane_part	negative	True	PR:000002978	lymphocyte antigen 6G			UniProtKB:P35461			
CL:0000613	basophil progenitor cell	CL:4030046	lacks_plasma_membrane_part	negative	True	PR:000002981	lymphocyte antigen 76 (mouse)						
CL:0000613	basophil progenitor cell	BFO:0000051	has part	positive	True	PR:000005307	CCAAT/enhancer-binding protein alpha		UniProtKB:P49715	UniProtKB:P53566		HGNC:1833	CEBPA
CL:0000613	basophil progenitor cell	BFO:0000051	has part	positive	True	PR:000007857	erythroid transcription factor		UniProtKB:P15976	UniProtKB:P17679		HGNC:4170	GATA1
CL:0000613	basophil progenitor cell	BFO:0000051	has part	positive	True	PR:000007858	endothelial transcription factor GATA-2		UniProtKB:P23769	UniProtKB:O09100		HGNC:4171	GATA2
CL:0000614	basophilic myelocyte	RO:0015015	has high plasma membrane amount	high	False	PR:000001255	C-C chemokine receptor type 3	CD193 (exact)	UniProtKB:P51677	UniProtKB:P51678	IUPHARobj:60	HGNC:1604	CCR3
CL:0000614	basophilic myelocyte	RO:0015015	has high plasma membrane amount	high	False	PR:000001865	interleukin-3 receptor class 2 alpha chain	CD123 (exact)	UniProtKB:P26951	UniProtKB:P26952	IUPHARobj:1705	HGNC:6012	IL3RA
CL:0000614	basophilic myelocyte	RO:0015015	has high plasma membrane amount	high	False	PR:000007431	high affinity immunoglobulin epsilon receptor subunit alpha		UniProtKB:P12319	UniProtKB:P20489	IUPHARobj:2933	HGNC:3609	FCER1A
CL:0000614	basophilic myelocyte	CL:4030046	lacks_plasma_membrane_part	negative	False	PR:000001002	CD19 molecule	CD19 (label)	UniProtKB:P15391	UniProtKB:P25918	IUPHARobj:2764; PIRSF:PIRSF016630	HGNC:1633	CD19
CL:0000614	basophilic myelocyte	CL:4030046	lacks_plasma_membrane_part	negative	False	PR:000001020	CD3 epsilon	CD3 (label); CD3E (exact); CD3e (exact)	UniProtKB:P07766	UniProtKB:P22646	IUPHARobj:2742	HGNC:1674	CD3E
CL:0000614	basophilic myelocyte	CL:4030046	lacks_plasma_membrane_part	negative	False	PR:000001024	neural cell adhesion molecule 1	CD56 (exact)	UniProtKB:P13591	UniProtKB:P13595	IUPHARobj:2769	HGNC:7656	NCAM1
CL:0000614	basophilic myelocyte	CL:4030046	lacks_plasma_membrane_part	negative	False	PR:000001084	T-cell surface glycoprotein CD8 alpha chain	CD8 (label); CD8A (exact); CD8a (exact)	UniProtKB:P01732	UniProtKB:P01731		HGNC:1706	CD8A
CL:0000614	basophilic myelocyte	CL:4030046	lacks_plasma_membrane_part	negative	True	PR:000001483	low affinity immunoglobulin gamma Fc region receptor III	CD16 (exact)		UniProtKB:P08508			
CL:0000614	basophilic myelocyte	RO:0002104	has plasma membrane part	positive	False	PR:000001012	integrin alpha-M	CD11 (exact); CD11B (related); CD11b (exact)	UniProtKB:P11215	UniProtKB:P05555	IUPHARobj:2452	HGNC:6149	ITGAM
CL:0000614	basophilic myelocyte	RO:0002104	has plasma membrane part	positive	False	PR:000001332	cell adhesion molecule CEACAM8	CD66b (exact); CD67 (exact)	UniProtKB:P31997			HGNC:1820	CEACAM8
CL:0000614	basophilic myelocyte	RO:0002104	has plasma membrane part	positive	False	PR:000001344	ectonucleotide pyrophosphatase/phosphodiesterase family member 3	CD203c (exact)	UniProtKB:O14638	UniProtKB:Q6DYE8		HGNC:3358	ENPP3
CL:0000614	basophilic myelocyte	RO:0002104	has plasma membrane part	positive	True	PR:000001456	alpha-(1,3)-fucosyltransferase 4	CD15 (exact)	UniProtKB:P22083	UniProtKB:Q11127		HGNC:4015	FUT4
CL:0000614	basophilic myelocyte	RO:0002104	has plasma membrane part	positive	True	PR:000001892	CD33 molecule	CD33 (label)	UniProtKB:P20138	UniProtKB:Q63994	IUPHARobj:2601	HGNC:1659	CD33
CL:0000614	basophilic myelocyte	RO:0002104	has plasma membrane part	positive	True	PR:000001932	signal transducer CD24	CD24 (label); CD24A (related)	UniProtKB:P25063	UniProtKB:P24807		HGNC:1645	CD24
CL:0000614	basophilic myelocyte	RO:0002104	has plasma membrane part	positive	False	PR:000001950	tumor necrosis factor ligand superfamily member 5	CD154 (exact); CD40 (exact); CD40L (related); CD40LG (exact)	UniProtKB:P29965	UniProtKB:P27548	PIRSF:PIRSF016527	HGNC:11935	CD40LG
CL:0000614	basophilic myelocyte	RO:0002104	has plasma membrane part	positive	False	PR:000001969	urokinase plasminogen activator surface receptor	CD87 (exact)	UniProtKB:Q03405	UniProtKB:P35456	PIRSF:PIRSF002022	HGNC:9053	PLAUR
CL:0000614	basophilic myelocyte	RO:0002104	has plasma membrane part	positive	True	PR:000002031	aminopeptidase N	CD13 (exact)	UniProtKB:P15144	UniProtKB:P97449	IUPHARobj:1560	HGNC:500	ANPEP
CL:0000623	natural killer cell	CL:4030046	lacks_plasma_membrane_part	negative	False	PR:000001002	CD19 molecule	CD19 (label)	UniProtKB:P15391	UniProtKB:P25918	IUPHARobj:2764; PIRSF:PIRSF016630	HGNC:1633	CD19
CL:0000623	natural killer cell	CL:4030046	lacks_plasma_membrane_part	negative	False	PR:000001020	CD3 epsilon	CD3 (label); CD3E (exact); CD3e (exact)	UniProtKB:P07766	UniProtKB:P22646	IUPHARobj:2742	HGNC:1674	CD3E
CL:0000623	natural killer cell	CL:4030046	lacks_plasma_membrane_part	negative	True	PR:000001289	membrane-spanning 4-domains subfamily A member 1	CD20 (exact)	UniProtKB:P11836	UniProtKB:P19437	PIRSF:PIRSF001995; IUPHARobj:2628	HGNC:7315	MS4A1
CL:0000623	natural killer cell	CL:4030046	lacks_plasma_membrane_part	negative	True	PR:000001889	CD14 molecule	CD14 (label)	UniProtKB:P08571	UniProtKB:P10810	PIRSF:PIRSF002017	HGNC:1628	CD14
CL:0000624	CD4-positive, alpha-beta T cell	CL:4030046	lacks_plasma_membrane_part	negative	True	PR:000025402	T cell receptor co-receptor CD8	CD8 (label)					
CL:0000624	CD4-positive, alpha-beta T cell	RO:0002104	has plasma membrane part	positive	True	PR:000001004	CD4 molecule	CD4 (label)	UniProtKB:P01730	UniProtKB:P06332	PIRSF:PIRSF001977	HGNC:1678	CD4
CL:0000625	CD8-positive, alpha-beta T cell	CL:4030046	lacks_plasma_membrane_part	negative	True	PR:000001004	CD4 molecule	CD4 (label)	UniProtKB:P01730	UniProtKB:P06332	PIRSF:PIRSF001977	HGNC:1678	CD4
CL:0000625	CD8-positive, alpha-beta T cell	BFO:0000051	has part	positive	False	PR:000001084	T-cell surface glycoprotein CD8 alpha chain	CD8 (label); CD8A (exact); CD8a (exact)	UniProtKB:P01732	UniProtKB:P01731		HGNC:1706	CD8A
CL:0000625	CD8-positive, alpha-beta T cell	RO:0002104	has plasma membrane part	positive	True	PR:000025402	T cell receptor co-receptor CD8	CD8 (label)					
CL:0000625	CD8-positive, alpha-beta T cell	BFO:0000051	has part	positive	False	PR:000025403	T-cell surface glycoprotein CD8 alpha chain isoform 1	CD8 (label); CD8A (exact)	UniProtKB:P01732-1				
CL:0000632	hepatic stellate cell	RO:0002104	has plasma membrane part	positive	True	PR:000007939	glial fibrillary acidic protein		UniProtKB:P14136	UniProtKB:P03995		HGNC:4235	GFAP
CL:0000743	hypertrophic chondrocyte	RO:0002292	expresses	positive	True	PR:000005693	collagen alpha-1(X) chain		UniProtKB:Q03692	UniProtKB:Q05306		HGNC:2185	COL10A1
CL:0000754	type 2 cone bipolar cell (sensu Mus)	RO:0002292	expresses	positive	True	PR:P50481	LIM/homeobox protein Lhx3 (mouse)			UniProtKB:P50481-1; UniProtKB:P50481-2; UniProtKB:P50481	UniProtKB:P50481		
CL:0000754	type 2 cone bipolar cell (sensu Mus)	RO:0002292	expresses	positive	True	PR:Q8R4I7	neuropilin and tolloid-like protein 1 (mouse)			UniProtKB:Q8R4I7-1; UniProtKB:Q8R4I7	UniProtKB:Q8R4I7		
CL:0000754	type 2 cone bipolar cell (sensu Mus)	RO:0002292	expresses	positive	True	PR:Q9ER75	iroquois-class homeodomain protein IRX-6 (mouse)			UniProtKB:Q9ER75	UniProtKB:Q9ER75		
CL:0000765	erythroblast	CL:4030046	lacks_plasma_membrane_part	negative	True	PR:000001002	CD19 molecule	CD19 (label)	UniProtKB:P15391	UniProtKB:P25918	IUPHARobj:2764; PIRSF:PIRSF016630	HGNC:1633	CD19
CL:0000765	erythroblast	CL:4030046	lacks_plasma_membrane_part	negative	True	PR:000001004	CD4 molecule	CD4 (label)	UniProtKB:P01730	UniProtKB:P06332	PIRSF:PIRSF001977	HGNC:1678	CD4
CL:0000765	erythroblast	CL:4030046	lacks_plasma_membrane_part	negative	True	PR:000001012	integrin alpha-M	CD11 (exact); CD11B (related); CD11b (exact)	UniProtKB:P11215	UniProtKB:P05555	IUPHARobj:2452	HGNC:6149	ITGAM
CL:0000765	erythroblast	CL:4030046	lacks_plasma_membrane_part	negative	True	PR:000001020	CD3 epsilon	CD3 (label); CD3E (exact); CD3e (exact)	UniProtKB:P07766	UniProtKB:P22646	IUPHARobj:2742	HGNC:1674	CD3E
CL:0000765	erythroblast	CL:4030046	lacks_plasma_membrane_part	negative	True	PR:000001024	neural cell adhesion molecule 1	CD56 (exact)	UniProtKB:P13591	UniProtKB:P13595	IUPHARobj:2769	HGNC:7656	NCAM1
CL:0000765	erythroblast	CL:4030046	lacks_plasma_membrane_part	negative	True	PR:000001083	CD2 molecule	CD2 (label)	UniProtKB:P06729	UniProtKB:P08920	IUPHARobj:2600; PIRSF:PIRSF001984	HGNC:1639	CD2
CL:0000765	erythroblast	CL:4030046	lacks_plasma_membrane_part	negative	True	PR:000001084	T-cell surface glycoprotein CD8 alpha chain	CD8 (label); CD8A (exact); CD8a (exact)	UniProtKB:P01732	UniProtKB:P01731		HGNC:1706	CD8A
CL:0000765	erythroblast	CL:4030046	lacks_plasma_membrane_part	negative	True	PR:000001289	membrane-spanning 4-domains subfamily A member 1	CD20 (exact)	UniProtKB:P11836	UniProtKB:P19437	PIRSF:PIRSF001995; IUPHARobj:2628	HGNC:7315	MS4A1
CL:0000765	erythroblast	CL:4030046	lacks_plasma_membrane_part	negative	True	PR:000001839	T-cell surface glycoprotein CD5	CD5 (label)	UniProtKB:P06127	UniProtKB:P13379		HGNC:1685	CD5
CL:0000765	erythroblast	CL:4030046	lacks_plasma_membrane_part	negative	True	PR:000001889	CD14 molecule	CD14 (label)	UniProtKB:P08571	UniProtKB:P10810	PIRSF:PIRSF002017	HGNC:1628	CD14
CL:0000765	erythroblast	CL:4030046	lacks_plasma_membrane_part	negative	True	PR:000002978	lymphocyte antigen 6G			UniProtKB:P35461			
CL:0000767	basophil	RO:0015015	has high plasma membrane amount	high	True	PR:000001255	C-C chemokine receptor type 3	CD193 (exact)	UniProtKB:P51677	UniProtKB:P51678	IUPHARobj:60	HGNC:1604	CCR3
CL:0000767	basophil	RO:0015015	has high plasma membrane amount	high	True	PR:000001865	interleukin-3 receptor class 2 alpha chain	CD123 (exact)	UniProtKB:P26951	UniProtKB:P26952	IUPHARobj:1705	HGNC:6012	IL3RA
CL:0000767	basophil	RO:0015015	has high plasma membrane amount	high	True	PR:000007431	high affinity immunoglobulin epsilon receptor subunit alpha		UniProtKB:P12319	UniProtKB:P20489	IUPHARobj:2933	HGNC:3609	FCER1A
CL:0000767	basophil	CL:4030046	lacks_plasma_membrane_part	negative	False	PR:000001002	CD19 molecule	CD19 (label)	UniProtKB:P15391	UniProtKB:P25918	IUPHARobj:2764; PIRSF:PIRSF016630	HGNC:1633	CD19
CL:0000767	basophil	CL:4030046	lacks_plasma_membrane_part	negative	False	PR:000001020	CD3 epsilon	CD3 (label); CD3E (exact); CD3e (exact)	UniProtKB:P07766	UniProtKB:P22646	IUPHARobj:2742	HGNC:1674	CD3E
CL:0000767	basophil	CL:4030046	lacks_plasma_membrane_part	negative	False	PR:000001024	neural cell adhesion molecule 1	CD56 (exact)	UniProtKB:P13591	UniProtKB:P13595	IUPHARobj:2769	HGNC:7656	NCAM1
CL:0000767	basophil	CL:4030046	lacks_plasma_membrane_part	negative	False	PR:000001084	T-cell surface glycoprotein CD8 alpha chain	CD8 (label); CD8A (exact); CD8a (exact)	UniProtKB:P01732	UniProtKB:P01731		HGNC:1706	CD8A
CL:0000767	basophil	RO:0002104	has plasma membrane part	positive	False	PR:000001012	integrin alpha-M	CD11 (exact); CD11B (related); CD11b (exact)	UniProtKB:P11215	UniProtKB:P05555	IUPHARobj:2452	HGNC:6149	ITGAM
CL:0000767	basophil	RO:0002104	has plasma membrane part	positive	False	PR:000001332	cell adhesion molecule CEACAM8	CD66b (exact); CD67 (exact)	UniProtKB:P31997			HGNC:1820	CEACAM8
CL:0000767	basophil	RO:0002104	has plasma membrane part	positive	True	PR:000001344	ectonucleotide pyrophosphatase/phosphodiesterase family member 3	CD203c (exact)	UniProtKB:O14638	UniProtKB:Q6DYE8		HGNC:3358	ENPP3
CL:0000767	basophil	RO:0002104	has plasma membrane part	positive	True	PR:000001950	tumor necrosis factor ligand superfamily member 5	CD154 (exact); CD40 (exact); CD40L (related); CD40LG (exact)	UniProtKB:P29965	UniProtKB:P27548	PIRSF:PIRSF016527	HGNC:11935	CD40LG
CL:0000767	basophil	RO:0002104	has plasma membrane part	positive	False	PR:000001969	urokinase plasminogen activator surface receptor	CD87 (exact)	UniProtKB:Q03405	UniProtKB:P35456	PIRSF:PIRSF002022	HGNC:9053	PLAUR
CL:0000768	immature basophil	RO:0015015	has high plasma membrane amount	high	False	PR:000001255	C-C chemokine receptor type 3	CD193 (exact)	UniProtKB:P51677	UniProtKB:P51678	IUPHARobj:60	HGNC:1604	CCR3
CL:0000768	immature basophil	RO:0015015	has high plasma membrane amount	high	False	PR:000001865	interleukin-3 receptor class 2 alpha chain	CD123 (exact)	UniProtKB:P26951	UniProtKB:P26952	IUPHARobj:1705	HGNC:6012	IL3RA
CL:0000768	immature basophil	RO:0015015	has high plasma membrane amount	high	False	PR:000007431	high affinity immunoglobulin epsilon receptor subunit alpha		UniProtKB:P12319	UniProtKB:P20489	IUPHARobj:2933	HGNC:3609	FCER1A
CL:0000768	immature basophil	CL:4030046	lacks_plasma_membrane_part	negative	False	PR:000001002	CD19 molecule	CD19 (label)	UniProtKB:P15391	UniProtKB:P25918	IUPHARobj:2764; PIRSF:PIRSF016630	HGNC:1633	CD19
CL:0000768	immature basophil	CL:4030046	lacks_plasma_membrane_part	negative	False	PR:000001020	CD3 epsilon	CD3 (label); CD3E (exact); CD3e (exact)	UniProtKB:P07766	UniProtKB:P22646	IUPHARobj:2742	HGNC:1674	CD3E
CL:0000768	immature basophil	CL:4030046	lacks_plasma_membrane_part	negative	False	PR:000001024	neural cell adhesion molecule 1	CD56 (exact)	UniProtKB:P13591	UniProtKB:P13595	IUPHARobj:2769	HGNC:7656	NCAM1
CL:0000768	immature basophil	CL:4030046	lacks_plasma_membrane_part	negative	False	PR:000001084	T-cell surface glycoprotein CD8 alpha chain	CD8 (label); CD8A (exact); CD8a (exact)	UniProtKB:P01732	UniProtKB:P01731		HGNC:1706	CD8A
CL:0000768	immature basophil	RO:0002104	has plasma membrane part	positive	False	PR:000001012	integrin alpha-M	CD11 (exact); CD11B (related); CD11b (exact)	UniProtKB:P11215	UniProtKB:P05555	IUPHARobj:2452	HGNC:6149	ITGAM
CL:0000768	immature basophil	RO:0002104	has plasma membrane part	positive	False	PR:000001332	cell adhesion molecule CEACAM8	CD66b (exact); CD67 (exact)	UniProtKB:P31997			HGNC:1820	CEACAM8
CL:0000768	immature basophil	RO:0002104	has plasma membrane part	positive	False	PR:000001344	ectonucleotide pyrophosphatase/phosphodiesterase family member 3	CD203c (exact)	UniProtKB:O14638	UniProtKB:Q6DYE8		HGNC:3358	ENPP3
CL:0000768	immature basophil	RO:0002104	has plasma membrane part	positive	False	PR:000001950	tumor necrosis factor ligand superfamily member 5	CD154 (exact); CD40 (exact); CD40L (related); CD40LG (exact)	UniProtKB:P29965	UniProtKB:P27548	PIRSF:PIRSF016527	HGNC:11935	CD40LG
CL:0000768	immature basophil	RO:0002104	has plasma membrane part	positive	False	PR:000001969	urokinase plasminogen activator surface receptor	CD87 (exact)	UniProtKB:Q03405	UniProtKB:P35456	PIRSF:PIRSF002022	HGNC:9053	PLAUR
CL:0000769	basophilic metamyelocyte	RO:0015015	has high plasma membrane amount	high	False	PR:000001255	C-C chemokine receptor type 3	CD193 (exact)	UniProtKB:P51677	UniProtKB:P51678	IUPHARobj:60	HGNC:1604	CCR3
CL:0000769	basophilic metamyelocyte	RO:0015015	has high plasma membrane amount	high	False	PR:000001865	interleukin-3 receptor class 2 alpha chain	CD123 (exact)	UniProtKB:P26951	UniProtKB:P26952	IUPHARobj:1705	HGNC:6012	IL3RA
CL:0000769	basophilic metamyelocyte	RO:0015015	has high plasma membrane amount	high	False	PR:000007431	high affinity immunoglobulin epsilon receptor subunit alpha		UniProtKB:P12319	UniProtKB:P20489	IUPHARobj:2933	HGNC:3609	FCER1A
CL:0000769	basophilic metamyelocyte	CL:4030046	lacks_plasma_membrane_part	negative	False	PR:000001002	CD19 molecule	CD19 (label)	UniProtKB:P15391	UniProtKB:P25918	IUPHARobj:2764; PIRSF:PIRSF016630	HGNC:1633	CD19
CL:0000769	basophilic metamyelocyte	CL:4030046	lacks_plasma_membrane_part	negative	False	PR:000001020	CD3 epsilon	CD3 (label); CD3E (exact); CD3e (exact)	UniProtKB:P07766	UniProtKB:P22646	IUPHARobj:2742	HGNC:1674	CD3E
CL:0000769	basophilic metamyelocyte	CL:4030046	lacks_plasma_membrane_part	negative	False	PR:000001024	neural cell adhesion molecule 1	CD56 (exact)	UniProtKB:P13591	UniProtKB:P13595	IUPHARobj:2769	HGNC:7656	NCAM1
CL:0000769	basophilic metamyelocyte	CL:4030046	lacks_plasma_membrane_part	negative	False	PR:000001084	T-cell surface glycoprotein CD8 alpha chain	CD8 (label); CD8A (exact); CD8a (exact)	UniProtKB:P01732	UniProtKB:P01731		HGNC:1706	CD8A
CL:0000769	basophilic metamyelocyte	RO:0002104	has plasma membrane part	positive	False	PR:000001012	integrin alpha-M	CD11 (exact); CD11B (related); CD11b (exact)	UniProtKB:P11215	UniProtKB:P05555	IUPHARobj:2452	HGNC:6149	ITGAM
CL:0000769	basophilic metamyelocyte	RO:0002104	has plasma membrane part	positive	False	PR:000001332	cell adhesion molecule CEACAM8	CD66b (exact); CD67 (exact)	UniProtKB:P31997			HGNC:1820	CEACAM8
CL:0000769	basophilic metamyelocyte	RO:0002104	has plasma membrane part	positive	False	PR:000001344	ectonucleotide pyrophosphatase/phosphodiesterase family member 3	CD203c (exact)	UniProtKB:O14638	UniProtKB:Q6DYE8		HGNC:3358	ENPP3
CL:0000769	basophilic metamyelocyte	RO:0002104	has plasma membrane part	positive	True	PR:000001456	alpha-(1,3)-fucosyltransferase 4	CD15 (exact)	UniProtKB:P22083	UniProtKB:Q11127		HGNC:4015	FUT4
CL:0000769	basophilic metamyelocyte	RO:0002104	has plasma membrane part	positive	True	PR:000001483	low affinity immunoglobulin gamma Fc region receptor III	CD16 (exact)		UniProtKB:P08508			
CL:0000769	basophilic metamyelocyte	RO:0002104	has plasma membrane part	positive	True	PR:000001892	CD33 molecule	CD33 (label)	UniProtKB:P20138	UniProtKB:Q63994	IUPHARobj:2601	HGNC:1659	CD33
CL:0000769	basophilic metamyelocyte	RO:0002104	has plasma membrane part	positive	True	PR:000001932	signal transducer CD24	CD24 (label); CD24A (related)	UniProtKB:P25063	UniProtKB:P24807		HGNC:1645	CD24
CL:0000769	basophilic metamyelocyte	RO:0002104	has plasma membrane part	positive	False	PR:000001950	tumor necrosis factor ligand superfamily member 5	CD154 (exact); CD40 (exact); CD40L (related); CD40LG (exact)	UniProtKB:P29965	UniProtKB:P27548	PIRSF:PIRSF016527	HGNC:11935	CD40LG
CL:0000769	basophilic metamyelocyte	RO:0002104	has plasma membrane part	positive	False	PR:000001969	urokinase plasminogen activator surface receptor	CD87 (exact)	UniProtKB:Q03405	UniProtKB:P35456	PIRSF:PIRSF002022	HGNC:9053	PLAUR
CL:0000769	basophilic metamyelocyte	RO:0002104	has plasma membrane part	positive	True	PR:000002031	aminopeptidase N	CD13 (exact)	UniProtKB:P15144	UniProtKB:P97449	IUPHARobj:1560	HGNC:500	ANPEP
CL:0000770	band form basophil	RO:0015015	has high plasma membrane amount	high	False	PR:000001255	C-C chemokine receptor type 3	CD193 (exact)	UniProtKB:P51677	UniProtKB:P51678	IUPHARobj:60	HGNC:1604	CCR3
CL:0000770	band form basophil	RO:0015015	has high plasma membrane amount	high	False	PR:000001865	interleukin-3 receptor class 2 alpha chain	CD123 (exact)	UniProtKB:P26951	UniProtKB:P26952	IUPHARobj:1705	HGNC:6012	IL3RA
CL:0000770	band form basophil	RO:0015015	has high plasma membrane amount	high	False	PR:000007431	high affinity immunoglobulin epsilon receptor subunit alpha		UniProtKB:P12319	UniProtKB:P20489	IUPHARobj:2933	HGNC:3609	FCER1A
CL:0000770	band form basophil	CL:4030046	lacks_plasma_membrane_part	negative	False	PR:000001002	CD19 molecule	CD19 (label)	UniProtKB:P15391	UniProtKB:P25918	IUPHARobj:2764; PIRSF:PIRSF016630	HGNC:1633	CD19
CL:0000770	band form basophil	CL:4030046	lacks_plasma_membrane_part	negative	False	PR:000001020	CD3 epsilon	CD3 (label); CD3E (exact); CD3e (exact)	UniProtKB:P07766	UniProtKB:P22646	IUPHARobj:2742	HGNC:1674	CD3E
CL:0000770	band form basophil	CL:4030046	lacks_plasma_membrane_part	negative	False	PR:000001024	neural cell adhesion molecule 1	CD56 (exact)	UniProtKB:P13591	UniProtKB:P13595	IUPHARobj:2769	HGNC:7656	NCAM1
CL:0000770	band form basophil	CL:4030046	lacks_plasma_membrane_part	negative	False	PR:000001084	T-cell surface glycoprotein CD8 alpha chain	CD8 (label); CD8A (exact); CD8a (exact)	UniProtKB:P01732	UniProtKB:P01731		HGNC:1706	CD8A
CL:0000770	band form basophil	RO:0002104	has plasma membrane part	positive	False	PR:000001012	integrin alpha-M	CD11 (exact); CD11B (related); CD11b (exact)	UniProtKB:P11215	UniProtKB:P05555	IUPHARobj:2452	HGNC:6149	ITGAM
CL:0000770	band form basophil	RO:0002104	has plasma membrane part	positive	False	PR:000001332	cell adhesion molecule CEACAM8	CD66b (exact); CD67 (exact)	UniProtKB:P31997			HGNC:1820	CEACAM8
CL:0000770	band form basophil	RO:0002104	has plasma membrane part	positive	False	PR:000001344	ectonucleotide pyrophosphatase/phosphodiesterase family member 3	CD203c (exact)	UniProtKB:O14638	UniProtKB:Q6DYE8		HGNC:3358	ENPP3
CL:0000770	band form basophil	RO:0002104	has plasma membrane part	positive	False	PR:000001950	tumor necrosis factor ligand superfamily member 5	CD154 (exact); CD40 (exact); CD40L (related); CD40LG (exact)	UniProtKB:P29965	UniProtKB:P27548	PIRSF:PIRSF016527	HGNC:11935	CD40LG
CL:0000770	band form basophil	RO:0002104	has plasma membrane part	positive	False	PR:000001969	urokinase plasminogen activator surface receptor	CD87 (exact)	UniProtKB:Q03405	UniProtKB:P35456	PIRSF:PIRSF002022	HGNC:9053	PLAUR
CL:0000771	eosinophil	CL:4030046	lacks_plasma_membrane_part	negative	False	PR:000001002	CD19 molecule	CD19 (label)	UniProtKB:P15391	UniProtKB:P25918	IUPHARobj:2764; PIRSF:PIRSF016630	HGNC:1633	CD19
CL:0000771	eosinophil	CL:4030046	lacks_plasma_membrane_part	negative	False	PR:000001020	CD3 epsilon	CD3 (label); CD3E (exact); CD3e (exact)	UniProtKB:P07766	UniProtKB:P22646	IUPHARobj:2742	HGNC:1674	CD3E
CL:0000771	eosinophil	CL:4030046	lacks_plasma_membrane_part	negative	False	PR:000001024	neural cell adhesion molecule 1	CD56 (exact)	UniProtKB:P13591	UniProtKB:P13595	IUPHARobj:2769	HGNC:7656	NCAM1
CL:0000771	eosinophil	CL:4030046	lacks_plasma_membrane_part	negative	False	PR:000001084	T-cell surface glycoprotein CD8 alpha chain	CD8 (label); CD8A (exact); CD8a (exact)	UniProtKB:P01732	UniProtKB:P01731		HGNC:1706	CD8A
CL:0000771	eosinophil	RO:0002104	has plasma membrane part	positive	False	PR:000001012	integrin alpha-M	CD11 (exact); CD11B (related); CD11b (exact)	UniProtKB:P11215	UniProtKB:P05555	IUPHARobj:2452	HGNC:6149	ITGAM
CL:0000771	eosinophil	RO:0002104	has plasma membrane part	positive	True	PR:000001254	C-C chemokine receptor type 1	CD191 (exact)	UniProtKB:P32246	UniProtKB:P51675	IUPHARobj:58	HGNC:1602	CCR1
CL:0000771	eosinophil	RO:0002104	has plasma membrane part	positive	True	PR:000001255	C-C chemokine receptor type 3	CD193 (exact)	UniProtKB:P51677	UniProtKB:P51678	IUPHARobj:60	HGNC:1604	CCR3
CL:0000771	eosinophil	RO:0002104	has plasma membrane part	positive	True	PR:000001307	CD44 molecule	CD44 (label); CDw44 (exact)	UniProtKB:P16070	UniProtKB:P15379		HGNC:1681	CD44
CL:0000771	eosinophil	RO:0002104	has plasma membrane part	positive	False	PR:000001332	cell adhesion molecule CEACAM8	CD66b (exact); CD67 (exact)	UniProtKB:P31997			HGNC:1820	CEACAM8
CL:0000771	eosinophil	RO:0002104	has plasma membrane part	positive	True	PR:000001343	CD69 molecule	CD69 (label)	UniProtKB:Q07108	UniProtKB:P37217		HGNC:1694	CD69
CL:0000771	eosinophil	RO:0002104	has plasma membrane part	positive	False	PR:000001969	urokinase plasminogen activator surface receptor	CD87 (exact)	UniProtKB:Q03405	UniProtKB:P35456	PIRSF:PIRSF002022	HGNC:9053	PLAUR
CL:0000771	eosinophil	RO:0002104	has plasma membrane part	positive	True	PR:000005178	CD9 molecule	CD9 (label)	UniProtKB:P21926	UniProtKB:P40240		HGNC:1709	CD9
CL:0000772	immature eosinophil	CL:4030046	lacks_plasma_membrane_part	negative	False	PR:000001002	CD19 molecule	CD19 (label)	UniProtKB:P15391	UniProtKB:P25918	IUPHARobj:2764; PIRSF:PIRSF016630	HGNC:1633	CD19
CL:0000772	immature eosinophil	CL:4030046	lacks_plasma_membrane_part	negative	False	PR:000001020	CD3 epsilon	CD3 (label); CD3E (exact); CD3e (exact)	UniProtKB:P07766	UniProtKB:P22646	IUPHARobj:2742	HGNC:1674	CD3E
CL:0000772	immature eosinophil	CL:4030046	lacks_plasma_membrane_part	negative	False	PR:000001024	neural cell adhesion molecule 1	CD56 (exact)	UniProtKB:P13591	UniProtKB:P13595	IUPHARobj:2769	HGNC:7656	NCAM1
CL:0000772	immature eosinophil	CL:4030046	lacks_plasma_membrane_part	negative	False	PR:000001084	T-cell surface glycoprotein CD8 alpha chain	CD8 (label); CD8A (exact); CD8a (exact)	UniProtKB:P01732	UniProtKB:P01731		HGNC:1706	CD8A
CL:0000772	immature eosinophil	RO:0002104	has plasma membrane part	positive	False	PR:000001012	integrin alpha-M	CD11 (exact); CD11B (related); CD11b (exact)	UniProtKB:P11215	UniProtKB:P05555	IUPHARobj:2452	HGNC:6149	ITGAM
CL:0000772	immature eosinophil	RO:0002104	has plasma membrane part	positive	False	PR:000001254	C-C chemokine receptor type 1	CD191 (exact)	UniProtKB:P32246	UniProtKB:P51675	IUPHARobj:58	HGNC:1602	CCR1
CL:0000772	immature eosinophil	RO:0002104	has plasma membrane part	positive	False	PR:000001255	C-C chemokine receptor type 3	CD193 (exact)	UniProtKB:P51677	UniProtKB:P51678	IUPHARobj:60	HGNC:1604	CCR3
CL:0000772	immature eosinophil	RO:0002104	has plasma membrane part	positive	False	PR:000001307	CD44 molecule	CD44 (label); CDw44 (exact)	UniProtKB:P16070	UniProtKB:P15379		HGNC:1681	CD44
CL:0000772	immature eosinophil	RO:0002104	has plasma membrane part	positive	False	PR:000001332	cell adhesion molecule CEACAM8	CD66b (exact); CD67 (exact)	UniProtKB:P31997			HGNC:1820	CEACAM8
CL:0000772	immature eosinophil	RO:0002104	has plasma membrane part	positive	False	PR:000001343	CD69 molecule	CD69 (label)	UniProtKB:Q07108	UniProtKB:P37217		HGNC:1694	CD69
CL:0000772	immature eosinophil	RO:0002104	has plasma membrane part	positive	False	PR:000001969	urokinase plasminogen activator surface receptor	CD87 (exact)	UniProtKB:Q03405	UniProtKB:P35456	PIRSF:PIRSF002022	HGNC:9053	PLAUR
CL:0000772	immature eosinophil	RO:0002104	has plasma membrane part	positive	False	PR:000005178	CD9 molecule	CD9 (label)	UniProtKB:P21926	UniProtKB:P40240		HGNC:1709	CD9
CL:0000773	eosinophilic metamyelocyte	CL:4030046	lacks_plasma_membrane_part	negative	False	PR:000001002	CD19 molecule	CD19 (label)	UniProtKB:P15391	UniProtKB:P25918	IUPHARobj:2764; PIRSF:PIRSF016630	HGNC:1633	CD19
CL:0000773	eosinophilic metamyelocyte	CL:4030046	lacks_plasma_membrane_part	negative	False	PR:000001020	CD3 epsilon	CD3 (label); CD3E (exact); CD3e (exact)	UniProtKB:P07766	UniProtKB:P22646	IUPHARobj:2742	HGNC:1674	CD3E
CL:0000773	eosinophilic metamyelocyte	CL:4030046	lacks_plasma_membrane_part	negative	False	PR:000001024	neural cell adhesion molecule 1	CD56 (exact)	UniProtKB:P13591	UniProtKB:P13595	IUPHARobj:2769	HGNC:7656	NCAM1
CL:0000773	eosinophilic metamyelocyte	CL:4030046	lacks_plasma_membrane_part	negative	False	PR:000001084	T-cell surface glycoprotein CD8 alpha chain	CD8 (label); CD8A (exact); CD8a (exact)	UniProtKB:P01732	UniProtKB:P01731		HGNC:1706	CD8A
CL:0000773	eosinophilic metamyelocyte	RO:0002104	has plasma membrane part	positive	False	PR:000001012	integrin alpha-M	CD11 (exact); CD11B (related); CD11b (exact)	UniProtKB:P11215	UniProtKB:P05555	IUPHARobj:2452	HGNC:6149	ITGAM
CL:0000773	eosinophilic metamyelocyte	RO:0002104	has plasma membrane part	positive	False	PR:000001254	C-C chemokine receptor type 1	CD191 (exact)	UniProtKB:P32246	UniProtKB:P51675	IUPHARobj:58	HGNC:1602	CCR1
CL:0000773	eosinophilic metamyelocyte	RO:0002104	has plasma membrane part	positive	False	PR:000001255	C-C chemokine receptor type 3	CD193 (exact)	UniProtKB:P51677	UniProtKB:P51678	IUPHARobj:60	HGNC:1604	CCR3
CL:0000773	eosinophilic metamyelocyte	RO:0002104	has plasma membrane part	positive	False	PR:000001307	CD44 molecule	CD44 (label); CDw44 (exact)	UniProtKB:P16070	UniProtKB:P15379		HGNC:1681	CD44
CL:0000773	eosinophilic metamyelocyte	RO:0002104	has plasma membrane part	positive	False	PR:000001332	cell adhesion molecule CEACAM8	CD66b (exact); CD67 (exact)	UniProtKB:P31997			HGNC:1820	CEACAM8
CL:0000773	eosinophilic metamyelocyte	RO:0002104	has plasma membrane part	positive	False	PR:000001343	CD69 molecule	CD69 (label)	UniProtKB:Q07108	UniProtKB:P37217		HGNC:1694	CD69
CL:0000773	eosinophilic metamyelocyte	RO:0002104	has plasma membrane part	positive	True	PR:000001456	alpha-(1,3)-fucosyltransferase 4	CD15 (exact)	UniProtKB:P22083	UniProtKB:Q11127		HGNC:4015	FUT4
CL:0000773	eosinophilic metamyelocyte	RO:0002104	has plasma membrane part	positive	True	PR:000001483	low affinity immunoglobulin gamma Fc region receptor III	CD16 (exact)		UniProtKB:P08508			
CL:0000773	eosinophilic metamyelocyte	RO:0002104	has plasma membrane part	positive	True	PR:000001892	CD33 molecule	CD33 (label)	UniProtKB:P20138	UniProtKB:Q63994	IUPHARobj:2601	HGNC:1659	CD33
CL:0000773	eosinophilic metamyelocyte	RO:0002104	has plasma membrane part	positive	True	PR:000001932	signal transducer CD24	CD24 (label); CD24A (related)	UniProtKB:P25063	UniProtKB:P24807		HGNC:1645	CD24
CL:0000773	eosinophilic metamyelocyte	RO:0002104	has plasma membrane part	positive	False	PR:000001969	urokinase plasminogen activator surface receptor	CD87 (exact)	UniProtKB:Q03405	UniProtKB:P35456	PIRSF:PIRSF002022	HGNC:9053	PLAUR
CL:0000773	eosinophilic metamyelocyte	RO:0002104	has plasma membrane part	positive	True	PR:000002031	aminopeptidase N	CD13 (exact)	UniProtKB:P15144	UniProtKB:P97449	IUPHARobj:1560	HGNC:500	ANPEP
CL:0000773	eosinophilic metamyelocyte	RO:0002104	has plasma membrane part	positive	False	PR:000005178	CD9 molecule	CD9 (label)	UniProtKB:P21926	UniProtKB:P40240		HGNC:1709	CD9
CL:0000774	band form eosinophil	CL:4030046	lacks_plasma_membrane_part	negative	False	PR:000001002	CD19 molecule	CD19 (label)	UniProtKB:P15391	UniProtKB:P25918	IUPHARobj:2764; PIRSF:PIRSF016630	HGNC:1633	CD19
CL:0000774	band form eosinophil	CL:4030046	lacks_plasma_membrane_part	negative	False	PR:000001020	CD3 epsilon	CD3 (label); CD3E (exact); CD3e (exact)	UniProtKB:P07766	UniProtKB:P22646	IUPHARobj:2742	HGNC:1674	CD3E
CL:0000774	band form eosinophil	CL:4030046	lacks_plasma_membrane_part	negative	False	PR:000001024	neural cell adhesion molecule 1	CD56 (exact)	UniProtKB:P13591	UniProtKB:P13595	IUPHARobj:2769	HGNC:7656	NCAM1
CL:0000774	band form eosinophil	CL:4030046	lacks_plasma_membrane_part	negative	False	PR:000001084	T-cell surface glycoprotein CD8 alpha chain	CD8 (label); CD8A (exact); CD8a (exact)	UniProtKB:P01732	UniProtKB:P01731		HGNC:1706	CD8A
CL:0000774	band form eosinophil	RO:0002104	has plasma membrane part	positive	False	PR:000001012	integrin alpha-M	CD11 (exact); CD11B (related); CD11b (exact)	UniProtKB:P11215	UniProtKB:P05555	IUPHARobj:2452	HGNC:6149	ITGAM
CL:0000774	band form eosinophil	RO:0002104	has plasma membrane part	positive	False	PR:000001254	C-C chemokine receptor type 1	CD191 (exact)	UniProtKB:P32246	UniProtKB:P51675	IUPHARobj:58	HGNC:1602	CCR1
CL:0000774	band form eosinophil	RO:0002104	has plasma membrane part	positive	False	PR:000001255	C-C chemokine receptor type 3	CD193 (exact)	UniProtKB:P51677	UniProtKB:P51678	IUPHARobj:60	HGNC:1604	CCR3
CL:0000774	band form eosinophil	RO:0002104	has plasma membrane part	positive	False	PR:000001307	CD44 molecule	CD44 (label); CDw44 (exact)	UniProtKB:P16070	UniProtKB:P15379		HGNC:1681	CD44
CL:0000774	band form eosinophil	RO:0002104	has plasma membrane part	positive	False	PR:000001332	cell adhesion molecule CEACAM8	CD66b (exact); CD67 (exact)	UniProtKB:P31997			HGNC:1820	CEACAM8
CL:0000774	band form eosinophil	RO:0002104	has plasma membrane part	positive	False	PR:000001343	CD69 molecule	CD69 (label)	UniProtKB:Q07108	UniProtKB:P37217		HGNC:1694	CD69
CL:0000774	band form eosinophil	RO:0002104	has plasma membrane part	positive	False	PR:000001969	urokinase plasminogen activator surface receptor	CD87 (exact)	UniProtKB:Q03405	UniProtKB:P35456	PIRSF:PIRSF002022	HGNC:9053	PLAUR
CL:0000774	band form eosinophil	RO:0002104	has plasma membrane part	positive	False	PR:000005178	CD9 molecule	CD9 (label)	UniProtKB:P21926	UniProtKB:P40240		HGNC:1709	CD9
CL:0000775	neutrophil	CL:4030046	lacks_plasma_membrane_part	negative	False	PR:000001002	CD19 molecule	CD19 (label)	UniProtKB:P15391	UniProtKB:P25918	IUPHARobj:2764; PIRSF:PIRSF016630	HGNC:1633	CD19
CL:0000775	neutrophil	CL:4030046	lacks_plasma_membrane_part	negative	False	PR:000001020	CD3 epsilon	CD3 (label); CD3E (exact); CD3e (exact)	UniProtKB:P07766	UniProtKB:P22646	IUPHARobj:2742	HGNC:1674	CD3E
CL:0000775	neutrophil	CL:4030046	lacks_plasma_membrane_part	negative	False	PR:000001024	neural cell adhesion molecule 1	CD56 (exact)	UniProtKB:P13591	UniProtKB:P13595	IUPHARobj:2769	HGNC:7656	NCAM1
CL:0000775	neutrophil	CL:4030046	lacks_plasma_membrane_part	negative	False	PR:000001084	T-cell surface glycoprotein CD8 alpha chain	CD8 (label); CD8A (exact); CD8a (exact)	UniProtKB:P01732	UniProtKB:P01731		HGNC:1706	CD8A
CL:0000775	neutrophil	RO:0002104	has plasma membrane part	positive	False	PR:000001012	integrin alpha-M	CD11 (exact); CD11B (related); CD11b (exact)	UniProtKB:P11215	UniProtKB:P05555	IUPHARobj:2452	HGNC:6149	ITGAM
CL:0000775	neutrophil	RO:0002104	has plasma membrane part	positive	False	PR:000001332	cell adhesion molecule CEACAM8	CD66b (exact); CD67 (exact)	UniProtKB:P31997			HGNC:1820	CEACAM8
CL:0000775	neutrophil	RO:0002104	has plasma membrane part	positive	True	PR:000001479	low affinity immunoglobulin gamma Fc region receptor II	CD32 (broad)		UniProtKB:P08101			
CL:0000775	neutrophil	RO:0002104	has plasma membrane part	positive	True	PR:000001879	leukosialin	CD43 (related)	UniProtKB:P16150	UniProtKB:P15702	PIRSF:PIRSF001994	HGNC:11249	SPN
CL:0000775	neutrophil	RO:0002104	has plasma membrane part	positive	False	PR:000001969	urokinase plasminogen activator surface receptor	CD87 (exact)	UniProtKB:Q03405	UniProtKB:P35456	PIRSF:PIRSF002022	HGNC:9053	PLAUR
CL:0000776	immature neutrophil	CL:4030046	lacks_plasma_membrane_part	negative	False	PR:000001002	CD19 molecule	CD19 (label)	UniProtKB:P15391	UniProtKB:P25918	IUPHARobj:2764; PIRSF:PIRSF016630	HGNC:1633	CD19
CL:0000776	immature neutrophil	CL:4030046	lacks_plasma_membrane_part	negative	False	PR:000001020	CD3 epsilon	CD3 (label); CD3E (exact); CD3e (exact)	UniProtKB:P07766	UniProtKB:P22646	IUPHARobj:2742	HGNC:1674	CD3E
CL:0000776	immature neutrophil	CL:4030046	lacks_plasma_membrane_part	negative	False	PR:000001024	neural cell adhesion molecule 1	CD56 (exact)	UniProtKB:P13591	UniProtKB:P13595	IUPHARobj:2769	HGNC:7656	NCAM1
CL:0000776	immature neutrophil	CL:4030046	lacks_plasma_membrane_part	negative	False	PR:000001084	T-cell surface glycoprotein CD8 alpha chain	CD8 (label); CD8A (exact); CD8a (exact)	UniProtKB:P01732	UniProtKB:P01731		HGNC:1706	CD8A
CL:0000776	immature neutrophil	RO:0002104	has plasma membrane part	positive	False	PR:000001012	integrin alpha-M	CD11 (exact); CD11B (related); CD11b (exact)	UniProtKB:P11215	UniProtKB:P05555	IUPHARobj:2452	HGNC:6149	ITGAM
CL:0000776	immature neutrophil	RO:0002104	has plasma membrane part	positive	False	PR:000001332	cell adhesion molecule CEACAM8	CD66b (exact); CD67 (exact)	UniProtKB:P31997			HGNC:1820	CEACAM8
CL:0000776	immature neutrophil	RO:0002104	has plasma membrane part	positive	False	PR:000001479	low affinity immunoglobulin gamma Fc region receptor II	CD32 (broad)		UniProtKB:P08101			
CL:0000776	immature neutrophil	RO:0002104	has plasma membrane part	positive	False	PR:000001879	leukosialin	CD43 (related)	UniProtKB:P16150	UniProtKB:P15702	PIRSF:PIRSF001994	HGNC:11249	SPN
CL:0000776	immature neutrophil	RO:0002104	has plasma membrane part	positive	False	PR:000001969	urokinase plasminogen activator surface receptor	CD87 (exact)	UniProtKB:Q03405	UniProtKB:P35456	PIRSF:PIRSF002022	HGNC:9053	PLAUR
CL:0000778	mononuclear osteoclast	BFO:0000051	has part	positive	False	PR:000001850	cathepsin K		UniProtKB:P43235	UniProtKB:P55097	IUPHARobj:2350	HGNC:2536	CTSK
CL:0000778	mononuclear osteoclast	BFO:0000051	has part	positive	False	PR:000001937	tartrate-resistant acid phosphatase type 5		UniProtKB:P13686	UniProtKB:Q05117	PIRSF:PIRSF000898	HGNC:124	ACP5
CL:0000778	mononuclear osteoclast	BFO:0000051	has part	positive	False	PR:000001944	transcription factor PU.1		UniProtKB:P17947	UniProtKB:P17433		HGNC:11241	SPI1
CL:0000778	mononuclear osteoclast	RO:0002104	has plasma membrane part	positive	False	PR:000001954	tumor necrosis factor receptor superfamily member 11A	CD265 (exact)	UniProtKB:Q9Y6Q6	UniProtKB:O35305	IUPHARobj:1881; PIRSF:PIRSF038806	HGNC:11908	TNFRSF11A
CL:0000778	mononuclear osteoclast	RO:0002104	has plasma membrane part	positive	False	PR:000002062	macrophage colony-stimulating factor 1 receptor	CD115 (exact)	UniProtKB:P07333	UniProtKB:P09581	IUPHARobj:1806; PIRSF:PIRSF500947	HGNC:2433	CSF1R
CL:0000778	mononuclear osteoclast	BFO:0000051	has part	positive	False	PR:000007597	protein c-Fos		UniProtKB:P01100	UniProtKB:P01101		HGNC:3796	FOS
CL:0000778	mononuclear osteoclast	BFO:0000051	has part	positive	False	PR:000011178	nuclear factor NF-kappa-B p100 subunit		UniProtKB:Q00653	UniProtKB:Q9WTK5		HGNC:7795	NFKB2
CL:0000779	multinuclear osteoclast	BFO:0000051	has part	positive	False	PR:000001850	cathepsin K		UniProtKB:P43235	UniProtKB:P55097	IUPHARobj:2350	HGNC:2536	CTSK
CL:0000779	multinuclear osteoclast	BFO:0000051	has part	positive	False	PR:000001937	tartrate-resistant acid phosphatase type 5		UniProtKB:P13686	UniProtKB:Q05117	PIRSF:PIRSF000898	HGNC:124	ACP5
CL:0000779	multinuclear osteoclast	BFO:0000051	has part	positive	False	PR:000001944	transcription factor PU.1		UniProtKB:P17947	UniProtKB:P17433		HGNC:11241	SPI1
CL:0000779	multinuclear osteoclast	RO:0002104	has plasma membrane part	positive	False	PR:000001954	tumor necrosis factor receptor superfamily member 11A	CD265 (exact)	UniProtKB:Q9Y6Q6	UniProtKB:O35305	IUPHARobj:1881; PIRSF:PIRSF038806	HGNC:11908	TNFRSF11A
CL:0000779	multinuclear osteoclast	RO:0002104	has plasma membrane part	positive	False	PR:000002062	macrophage colony-stimulating factor 1 receptor	CD115 (exact)	UniProtKB:P07333	UniProtKB:P09581	IUPHARobj:1806; PIRSF:PIRSF500947	HGNC:2433	CSF1R
CL:0000779	multinuclear osteoclast	BFO:0000051	has part	positive	False	PR:000007597	protein c-Fos		UniProtKB:P01100	UniProtKB:P01101		HGNC:3796	FOS
CL:0000779	multinuclear osteoclast	BFO:0000051	has part	positive	False	PR:000011178	nuclear factor NF-kappa-B p100 subunit		UniProtKB:Q00653	UniProtKB:Q9WTK5		HGNC:7795	NFKB2
CL:0000780	multinuclear odontoclast	BFO:0000051	has part	positive	False	PR:000001850	cathepsin K		UniProtKB:P43235	UniProtKB:P55097	IUPHARobj:2350	HGNC:2536	CTSK
CL:0000780	multinuclear odontoclast	BFO:0000051	has part	positive	False	PR:000001937	tartrate-resistant acid phosphatase type 5		UniProtKB:P13686	UniProtKB:Q05117	PIRSF:PIRSF000898	HGNC:124	ACP5
CL:0000780	multinuclear odontoclast	BFO:0000051	has part	positive	False	PR:000001944	transcription factor PU.1		UniProtKB:P17947	UniProtKB:P17433		HGNC:11241	SPI1
CL:0000780	multinuclear odontoclast	RO:0002104	has plasma membrane part	positive	False	PR:000001954	tumor necrosis factor receptor superfamily member 11A	CD265 (exact)	UniProtKB:Q9Y6Q6	UniProtKB:O35305	IUPHARobj:1881; PIRSF:PIRSF038806	HGNC:11908	TNFRSF11A
CL:0000780	multinuclear odontoclast	RO:0002104	has plasma membrane part	positive	False	PR:000002062	macrophage colony-stimulating factor 1 receptor	CD115 (exact)	UniProtKB:P07333	UniProtKB:P09581	IUPHARobj:1806; PIRSF:PIRSF500947	HGNC:2433	CSF1R
CL:0000780	multinuclear odontoclast	BFO:0000051	has part	positive	False	PR:000007597	protein c-Fos		UniProtKB:P01100	UniProtKB:P01101		HGNC:3796	FOS
CL:0000780	multinuclear odontoclast	BFO:0000051	has part	positive	False	PR:000011178	nuclear factor NF-kappa-B p100 subunit		UniProtKB:Q00653	UniProtKB:Q9WTK5		HGNC:7795	NFKB2
CL:0000781	mononuclear odontoclast	BFO:0000051	has part	positive	False	PR:000001850	cathepsin K		UniProtKB:P43235	UniProtKB:P55097	IUPHARobj:2350	HGNC:2536	CTSK
CL:0000781	mononuclear odontoclast	BFO:0000051	has part	positive	False	PR:000001937	tartrate-resistant acid phosphatase type 5		UniProtKB:P13686	UniProtKB:Q05117	PIRSF:PIRSF000898	HGNC:124	ACP5
CL:0000781	mononuclear odontoclast	BFO:0000051	has part	positive	False	PR:000001944	transcription factor PU.1		UniProtKB:P17947	UniProtKB:P17433		HGNC:11241	SPI1
CL:0000781	mononuclear odontoclast	RO:0002104	has plasma membrane part	positive	False	PR:000001954	tumor necrosis factor receptor superfamily member 11A	CD265 (exact)	UniProtKB:Q9Y6Q6	UniProtKB:O35305	IUPHARobj:1881; PIRSF:PIRSF038806	HGNC:11908	TNFRSF11A
CL:0000781	mononuclear odontoclast	RO:0002104	has plasma membrane part	positive	False	PR:000002062	macrophage colony-stimulating factor 1 receptor	CD115 (exact)	UniProtKB:P07333	UniProtKB:P09581	IUPHARobj:1806; PIRSF:PIRSF500947	HGNC:2433	CSF1R
CL:0000781	mononuclear odontoclast	BFO:0000051	has part	positive	False	PR:000007597	protein c-Fos		UniProtKB:P01100	UniProtKB:P01101		HGNC:3796	FOS
CL:0000781	mononuclear odontoclast	BFO:0000051	has part	positive	False	PR:000011178	nuclear factor NF-kappa-B p100 subunit		UniProtKB:Q00653	UniProtKB:Q9WTK5		HGNC:7795	NFKB2
CL:0000782	myeloid dendritic cell	RO:0015015	has high plasma membrane amount	high	False	PR:000001013	integrin alpha-X	CD11 (exact); CD11C (related); CD11c (exact)	UniProtKB:P20702	UniProtKB:Q9QXH4	IUPHARobj:2454	HGNC:6152	ITGAX
CL:0000782	myeloid dendritic cell	CL:4030046	lacks_plasma_membrane_part	negative	False	PR:000001002	CD19 molecule	CD19 (label)	UniProtKB:P15391	UniProtKB:P25918	IUPHARobj:2764; PIRSF:PIRSF016630	HGNC:1633	CD19
CL:0000782	myeloid dendritic cell	CL:4030046	lacks_plasma_membrane_part	negative	False	PR:000001003	CD34 molecule	CD34 (label)	UniProtKB:P28906	UniProtKB:Q64314	PIRSF:PIRSF028749	HGNC:1662	CD34
CL:0000782	myeloid dendritic cell	CL:4030046	lacks_plasma_membrane_part	negative	False	PR:000001020	CD3 epsilon	CD3 (label); CD3E (exact); CD3e (exact)	UniProtKB:P07766	UniProtKB:P22646	IUPHARobj:2742	HGNC:1674	CD3E
CL:0000782	myeloid dendritic cell	CL:4030046	lacks_plasma_membrane_part	negative	False	PR:000001024	neural cell adhesion molecule 1	CD56 (exact)	UniProtKB:P13591	UniProtKB:P13595	IUPHARobj:2769	HGNC:7656	NCAM1
CL:0000782	myeloid dendritic cell	CL:4030046	lacks_plasma_membrane_part	negative	False	PR:000001289	membrane-spanning 4-domains subfamily A member 1	CD20 (exact)	UniProtKB:P11836	UniProtKB:P19437	PIRSF:PIRSF001995; IUPHARobj:2628	HGNC:7315	MS4A1
CL:0000782	myeloid dendritic cell	CL:4030046	lacks_plasma_membrane_part	negative	True	PR:000001865	interleukin-3 receptor class 2 alpha chain	CD123 (exact)	UniProtKB:P26951	UniProtKB:P26952	IUPHARobj:1705	HGNC:6012	IL3RA
CL:0000784	plasmacytoid dendritic cell	CL:4030046	lacks_plasma_membrane_part	negative	False	PR:000001002	CD19 molecule	CD19 (label)	UniProtKB:P15391	UniProtKB:P25918	IUPHARobj:2764; PIRSF:PIRSF016630	HGNC:1633	CD19
CL:0000784	plasmacytoid dendritic cell	CL:4030046	lacks_plasma_membrane_part	negative	False	PR:000001003	CD34 molecule	CD34 (label)	UniProtKB:P28906	UniProtKB:Q64314	PIRSF:PIRSF028749	HGNC:1662	CD34
CL:0000784	plasmacytoid dendritic cell	CL:4030046	lacks_plasma_membrane_part	negative	False	PR:000001020	CD3 epsilon	CD3 (label); CD3E (exact); CD3e (exact)	UniProtKB:P07766	UniProtKB:P22646	IUPHARobj:2742	HGNC:1674	CD3E
CL:0000784	plasmacytoid dendritic cell	CL:4030046	lacks_plasma_membrane_part	negative	False	PR:000001024	neural cell adhesion molecule 1	CD56 (exact)	UniProtKB:P13591	UniProtKB:P13595	IUPHARobj:2769	HGNC:7656	NCAM1
CL:0000784	plasmacytoid dendritic cell	CL:4030046	lacks_plasma_membrane_part	negative	False	PR:000001289	membrane-spanning 4-domains subfamily A member 1	CD20 (exact)	UniProtKB:P11836	UniProtKB:P19437	PIRSF:PIRSF001995; IUPHARobj:2628	HGNC:7315	MS4A1
CL:0000785	mature B cell	CL:4030046	lacks_plasma_membrane_part	negative	False	PR:000001020	CD3 epsilon	CD3 (label); CD3E (exact); CD3e (exact)	UniProtKB:P07766	UniProtKB:P22646	IUPHARobj:2742	HGNC:1674	CD3E
CL:0000785	mature B cell	RO:0002104	has plasma membrane part	positive	False	PR:000001002	CD19 molecule	CD19 (label)	UniProtKB:P15391	UniProtKB:P25918	IUPHARobj:2764; PIRSF:PIRSF016630	HGNC:1633	CD19
CL:0000786	plasma cell	CL:4030046	lacks_plasma_membrane_part	negative	True	PR:000001289	membrane-spanning 4-domains subfamily A member 1	CD20 (exact)	UniProtKB:P11836	UniProtKB:P19437	PIRSF:PIRSF001995; IUPHARobj:2628	HGNC:7315	MS4A1
CL:0000786	plasma cell	RO:0002104	has plasma membrane part	positive	True	PR:000001935	syndecan-1	CD138 (exact)	UniProtKB:P18827	UniProtKB:P18828	PIRSF:PIRSF015854	HGNC:10658	SDC1
CL:0000787	memory B cell	CL:4030046	lacks_plasma_membrane_part	negative	False	PR:000001020	CD3 epsilon	CD3 (label); CD3E (exact); CD3e (exact)	UniProtKB:P07766	UniProtKB:P22646	IUPHARobj:2742	HGNC:1674	CD3E
CL:0000787	memory B cell	CL:4030046	lacks_plasma_membrane_part	negative	True	PR:000001935	syndecan-1	CD138 (exact)	UniProtKB:P18827	UniProtKB:P18828	PIRSF:PIRSF015854	HGNC:10658	SDC1
CL:0000787	memory B cell	RO:0002104	has plasma membrane part	positive	False	PR:000001002	CD19 molecule	CD19 (label)	UniProtKB:P15391	UniProtKB:P25918	IUPHARobj:2764; PIRSF:PIRSF016630	HGNC:1633	CD19
CL:0000787	memory B cell	RO:0002104	has plasma membrane part	positive	True	PR:000001289	membrane-spanning 4-domains subfamily A member 1	CD20 (exact)	UniProtKB:P11836	UniProtKB:P19437	PIRSF:PIRSF001995; IUPHARobj:2628	HGNC:7315	MS4A1
CL:0000788	naive B cell	CL:4030046	lacks_plasma_membrane_part	negative	False	PR:000001020	CD3 epsilon	CD3 (label); CD3E (exact); CD3e (exact)	UniProtKB:P07766	UniProtKB:P22646	IUPHARobj:2742	HGNC:1674	CD3E
CL:0000788	naive B cell	CL:4030046	lacks_plasma_membrane_part	negative	True	PR:000001963	CD27 molecule	CD27 (label); CD27L (exact)	UniProtKB:P26842	UniProtKB:P41272	IUPHARobj:1876; PIRSF:PIRSF001966	HGNC:11922	CD27
CL:0000788	naive B cell	RO:0002104	has plasma membrane part	positive	False	PR:000001002	CD19 molecule	CD19 (label)	UniProtKB:P15391	UniProtKB:P25918	IUPHARobj:2764; PIRSF:PIRSF016630	HGNC:1633	CD19
CL:0000788	naive B cell	RO:0002104	has plasma membrane part	positive	True	PR:000001289	membrane-spanning 4-domains subfamily A member 1	CD20 (exact)	UniProtKB:P11836	UniProtKB:P19437	PIRSF:PIRSF001995; IUPHARobj:2628	HGNC:7315	MS4A1
CL:0000792	CD4-positive, CD25-positive, alpha-beta regulatory T cell	RO:0015016	has low plasma membrane amount	low	True	PR:000001869	interleukin-7 receptor subunit alpha	CD127 (exact); CDw127 (exact)	UniProtKB:P16871	UniProtKB:P16872	IUPHARobj:1698; PIRSF:PIRSF001960	HGNC:6024	IL7R
CL:0000792	CD4-positive, CD25-positive, alpha-beta regulatory T cell	CL:4030046	lacks_plasma_membrane_part	negative	False	PR:000025402	T cell receptor co-receptor CD8	CD8 (label)					
CL:0000792	CD4-positive, CD25-positive, alpha-beta regulatory T cell	RO:0002104	has plasma membrane part	positive	False	PR:000001004	CD4 molecule	CD4 (label)	UniProtKB:P01730	UniProtKB:P06332	PIRSF:PIRSF001977	HGNC:1678	CD4
CL:0000792	CD4-positive, CD25-positive, alpha-beta regulatory T cell	RO:0002104	has plasma membrane part	positive	True	PR:000001380	interleukin-2 receptor subunit alpha	CD25 (exact)	UniProtKB:P01589	UniProtKB:P01590	IUPHARobj:1695; PIRSF:PIRSF001954	HGNC:6008	IL2RA
CL:0000793	CD4-positive, alpha-beta intraepithelial T cell	CL:4030046	lacks_plasma_membrane_part	negative	False	PR:000025402	T cell receptor co-receptor CD8	CD8 (label)					
CL:0000793	CD4-positive, alpha-beta intraepithelial T cell	RO:0002104	has plasma membrane part	positive	False	PR:000001004	CD4 molecule	CD4 (label)	UniProtKB:P01730	UniProtKB:P06332	PIRSF:PIRSF001977	HGNC:1678	CD4
CL:0000794	CD8-positive, alpha-beta cytotoxic T cell	CL:4030046	lacks_plasma_membrane_part	negative	False	PR:000001004	CD4 molecule	CD4 (label)	UniProtKB:P01730	UniProtKB:P06332	PIRSF:PIRSF001977	HGNC:1678	CD4
CL:0000794	CD8-positive, alpha-beta cytotoxic T cell	BFO:0000051	has part	positive	False	PR:000001084	T-cell surface glycoprotein CD8 alpha chain	CD8 (label); CD8A (exact); CD8a (exact)	UniProtKB:P01732	UniProtKB:P01731		HGNC:1706	CD8A
CL:0000794	CD8-positive, alpha-beta cytotoxic T cell	BFO:0000051	has part	positive	True	PR:000003466	perforin-1		UniProtKB:P14222	UniProtKB:P10820		HGNC:9360	PRF1
CL:0000794	CD8-positive, alpha-beta cytotoxic T cell	BFO:0000051	has part	positive	True	PR:000003499	granzyme B		UniProtKB:P10144		IUPHARobj:2369	HGNC:4709	GZMB
CL:0000794	CD8-positive, alpha-beta cytotoxic T cell	RO:0002104	has plasma membrane part	positive	False	PR:000025402	T cell receptor co-receptor CD8	CD8 (label)					
CL:0000794	CD8-positive, alpha-beta cytotoxic T cell	BFO:0000051	has part	positive	False	PR:000025403	T-cell surface glycoprotein CD8 alpha chain isoform 1	CD8 (label); CD8A (exact)	UniProtKB:P01732-1				
CL:0000795	CD8-positive, alpha-beta regulatory T cell	CL:4030046	lacks_plasma_membrane_part	negative	False	PR:000001004	CD4 molecule	CD4 (label)	UniProtKB:P01730	UniProtKB:P06332	PIRSF:PIRSF001977	HGNC:1678	CD4
CL:0000795	CD8-positive, alpha-beta regulatory T cell	BFO:0000051	has part	positive	False	PR:000001084	T-cell surface glycoprotein CD8 alpha chain	CD8 (label); CD8A (exact); CD8a (exact)	UniProtKB:P01732	UniProtKB:P01731		HGNC:1706	CD8A
CL:0000795	CD8-positive, alpha-beta regulatory T cell	RO:0002104	has plasma membrane part	positive	False	PR:000025402	T cell receptor co-receptor CD8	CD8 (label)					
CL:0000795	CD8-positive, alpha-beta regulatory T cell	BFO:0000051	has part	positive	False	PR:000025403	T-cell surface glycoprotein CD8 alpha chain isoform 1	CD8 (label); CD8A (exact)	UniProtKB:P01732-1				
CL:0000796	CD8-alpha-beta-positive, alpha-beta intraepithelial T cell	BFO:0000051	has part	positive	False	PR:000001084	T-cell surface glycoprotein CD8 alpha chain	CD8 (label); CD8A (exact); CD8a (exact)	UniProtKB:P01732	UniProtKB:P01731		HGNC:1706	CD8A
CL:0000796	CD8-alpha-beta-positive, alpha-beta intraepithelial T cell	RO:0002104	has plasma membrane part	positive	True	PR:000025402	T cell receptor co-receptor CD8	CD8 (label)					
CL:0000796	CD8-alpha-beta-positive, alpha-beta intraepithelial T cell	BFO:0000051	has part	positive	False	PR:000025403	T-cell surface glycoprotein CD8 alpha chain isoform 1	CD8 (label); CD8A (exact)	UniProtKB:P01732-1				
CL:0000802	CD8-alpha alpha positive, gamma-delta intraepithelial T cell	RO:0002104	has plasma membrane part	positive	True	PR:000001084	T-cell surface glycoprotein CD8 alpha chain	CD8 (label); CD8A (exact); CD8a (exact)	UniProtKB:P01732	UniProtKB:P01731		HGNC:1706	CD8A
CL:0000803	CD4-negative CD8-negative gamma-delta intraepithelial T cell	CL:4030046	lacks_plasma_membrane_part	negative	True	PR:000001004	CD4 molecule	CD4 (label)	UniProtKB:P01730	UniProtKB:P06332	PIRSF:PIRSF001977	HGNC:1678	CD4
CL:0000803	CD4-negative CD8-negative gamma-delta intraepithelial T cell	CL:4030046	lacks_plasma_membrane_part	negative	True	PR:000001084	T-cell surface glycoprotein CD8 alpha chain	CD8 (label); CD8A (exact); CD8a (exact)	UniProtKB:P01732	UniProtKB:P01731		HGNC:1706	CD8A
CL:0000805	immature single positive thymocyte	RO:0015015	has high plasma membrane amount	high	True	PR:000001932	signal transducer CD24	CD24 (label); CD24A (related)	UniProtKB:P25063	UniProtKB:P24807		HGNC:1645	CD24
CL:0000805	immature single positive thymocyte	CL:4030046	lacks_plasma_membrane_part	negative	True	PR:000001004	CD4 molecule	CD4 (label)	UniProtKB:P01730	UniProtKB:P06332	PIRSF:PIRSF001977	HGNC:1678	CD4
CL:0000805	immature single positive thymocyte	CL:4030046	lacks_plasma_membrane_part	negative	True	PR:000001307	CD44 molecule	CD44 (label); CDw44 (exact)	UniProtKB:P16070	UniProtKB:P15379		HGNC:1681	CD44
CL:0000805	immature single positive thymocyte	CL:4030046	lacks_plasma_membrane_part	negative	True	PR:000001380	interleukin-2 receptor subunit alpha	CD25 (exact)	UniProtKB:P01589	UniProtKB:P01590	IUPHARobj:1695; PIRSF:PIRSF001954	HGNC:6008	IL2RA
CL:0000805	immature single positive thymocyte	BFO:0000051	has part	positive	False	PR:000001084	T-cell surface glycoprotein CD8 alpha chain	CD8 (label); CD8A (exact); CD8a (exact)	UniProtKB:P01732	UniProtKB:P01731		HGNC:1706	CD8A
CL:0000805	immature single positive thymocyte	RO:0002104	has plasma membrane part	positive	True	PR:000025402	T cell receptor co-receptor CD8	CD8 (label)					
CL:0000805	immature single positive thymocyte	BFO:0000051	has part	positive	False	PR:000025403	T-cell surface glycoprotein CD8 alpha chain isoform 1	CD8 (label); CD8A (exact)	UniProtKB:P01732-1				
CL:0000806	DN2 thymocyte	CL:4030046	lacks_plasma_membrane_part	negative	False	PR:000001004	CD4 molecule	CD4 (label)	UniProtKB:P01730	UniProtKB:P06332	PIRSF:PIRSF001977	HGNC:1678	CD4
CL:0000806	DN2 thymocyte	CL:4030046	lacks_plasma_membrane_part	negative	False	PR:000025402	T cell receptor co-receptor CD8	CD8 (label)					
CL:0000806	DN2 thymocyte	RO:0002104	has plasma membrane part	positive	True	PR:000001307	CD44 molecule	CD44 (label); CDw44 (exact)	UniProtKB:P16070	UniProtKB:P15379		HGNC:1681	CD44
CL:0000806	DN2 thymocyte	RO:0002104	has plasma membrane part	positive	True	PR:000001380	interleukin-2 receptor subunit alpha	CD25 (exact)	UniProtKB:P01589	UniProtKB:P01590	IUPHARobj:1695; PIRSF:PIRSF001954	HGNC:6008	IL2RA
CL:0000807	DN3 thymocyte	CL:4030046	lacks_plasma_membrane_part	negative	False	PR:000001004	CD4 molecule	CD4 (label)	UniProtKB:P01730	UniProtKB:P06332	PIRSF:PIRSF001977	HGNC:1678	CD4
CL:0000807	DN3 thymocyte	CL:4030046	lacks_plasma_membrane_part	negative	True	PR:000001307	CD44 molecule	CD44 (label); CDw44 (exact)	UniProtKB:P16070	UniProtKB:P15379		HGNC:1681	CD44
CL:0000807	DN3 thymocyte	CL:4030046	lacks_plasma_membrane_part	negative	False	PR:000025402	T cell receptor co-receptor CD8	CD8 (label)					
CL:0000807	DN3 thymocyte	RO:0002104	has plasma membrane part	positive	True	PR:000001380	interleukin-2 receptor subunit alpha	CD25 (exact)	UniProtKB:P01589	UniProtKB:P01590	IUPHARobj:1695; PIRSF:PIRSF001954	HGNC:6008	IL2RA
CL:0000808	DN4 thymocyte	CL:4030046	lacks_plasma_membrane_part	negative	False	PR:000001004	CD4 molecule	CD4 (label)	UniProtKB:P01730	UniProtKB:P06332	PIRSF:PIRSF001977	HGNC:1678	CD4
CL:0000808	DN4 thymocyte	CL:4030046	lacks_plasma_membrane_part	negative	True	PR:000001307	CD44 molecule	CD44 (label); CDw44 (exact)	UniProtKB:P16070	UniProtKB:P15379		HGNC:1681	CD44
CL:0000808	DN4 thymocyte	CL:4030046	lacks_plasma_membrane_part	negative	True	PR:000001380	interleukin-2 receptor subunit alpha	CD25 (exact)	UniProtKB:P01589	UniProtKB:P01590	IUPHARobj:1695; PIRSF:PIRSF001954	HGNC:6008	IL2RA
CL:0000808	DN4 thymocyte	CL:4030046	lacks_plasma_membrane_part	negative	False	PR:000025402	T cell receptor co-receptor CD8	CD8 (label)					
CL:0000809	double-positive, alpha-beta thymocyte	RO:0002104	has plasma membrane part	positive	True	PR:000001004	CD4 molecule	CD4 (label)	UniProtKB:P01730	UniProtKB:P06332	PIRSF:PIRSF001977	HGNC:1678	CD4
CL:0000809	double-positive, alpha-beta thymocyte	BFO:0000051	has part	positive	False	PR:000001084	T-cell surface glycoprotein CD8 alpha chain	CD8 (label); CD8A (exact); CD8a (exact)	UniProtKB:P01732	UniProtKB:P01731		HGNC:1706	CD8A
CL:0000809	double-positive, alpha-beta thymocyte	RO:0002104	has plasma membrane part	positive	True	PR:000025402	T cell receptor co-receptor CD8	CD8 (label)					
CL:0000809	double-positive, alpha-beta thymocyte	BFO:0000051	has part	positive	False	PR:000025403	T-cell surface glycoprotein CD8 alpha chain isoform 1	CD8 (label); CD8A (exact)	UniProtKB:P01732-1				
CL:0000810	CD4-positive, alpha-beta thymocyte	CL:4030046	lacks_plasma_membrane_part	negative	True	PR:000001084	T-cell surface glycoprotein CD8 alpha chain	CD8 (label); CD8A (exact); CD8a (exact)	UniProtKB:P01732	UniProtKB:P01731		HGNC:1706	CD8A
CL:0000810	CD4-positive, alpha-beta thymocyte	RO:0002104	has plasma membrane part	positive	True	PR:000001004	CD4 molecule	CD4 (label)	UniProtKB:P01730	UniProtKB:P06332	PIRSF:PIRSF001977	HGNC:1678	CD4
CL:0000811	CD8-positive, alpha-beta thymocyte	CL:4030046	lacks_plasma_membrane_part	negative	True	PR:000001004	CD4 molecule	CD4 (label)	UniProtKB:P01730	UniProtKB:P06332	PIRSF:PIRSF001977	HGNC:1678	CD4
CL:0000811	CD8-positive, alpha-beta thymocyte	BFO:0000051	has part	positive	False	PR:000001084	T-cell surface glycoprotein CD8 alpha chain	CD8 (label); CD8A (exact); CD8a (exact)	UniProtKB:P01732	UniProtKB:P01731		HGNC:1706	CD8A
CL:0000811	CD8-positive, alpha-beta thymocyte	RO:0002104	has plasma membrane part	positive	True	PR:000025402	T cell receptor co-receptor CD8	CD8 (label)					
CL:0000811	CD8-positive, alpha-beta thymocyte	BFO:0000051	has part	positive	False	PR:000025403	T-cell surface glycoprotein CD8 alpha chain isoform 1	CD8 (label); CD8A (exact)	UniProtKB:P01732-1				
CL:0000814	mature NK T cell	RO:0002104	has plasma membrane part	positive	True	PR:000001874	KLRB1-like protein				PIRSF:PIRSF038804		
CL:0000816	immature B cell	CL:4030046	lacks_plasma_membrane_part	negative	False	PR:000001020	CD3 epsilon	CD3 (label); CD3E (exact); CD3e (exact)	UniProtKB:P07766	UniProtKB:P22646	IUPHARobj:2742	HGNC:1674	CD3E
CL:0000816	immature B cell	RO:0002104	has plasma membrane part	positive	False	PR:000001002	CD19 molecule	CD19 (label)	UniProtKB:P15391	UniProtKB:P25918	IUPHARobj:2764; PIRSF:PIRSF016630	HGNC:1633	CD19
CL:0000816	immature B cell	RO:0002104	has plasma membrane part	positive	True	PR:000001289	membrane-spanning 4-domains subfamily A member 1	CD20 (exact)	UniProtKB:P11836	UniProtKB:P19437	PIRSF:PIRSF001995; IUPHARobj:2628	HGNC:7315	MS4A1
CL:0000817	precursor B cell	CL:4030046	lacks_plasma_membrane_part	negative	False	PR:000001020	CD3 epsilon	CD3 (label); CD3E (exact); CD3e (exact)	UniProtKB:P07766	UniProtKB:P22646	IUPHARobj:2742	HGNC:1674	CD3E
CL:0000817	precursor B cell	RO:0002104	has plasma membrane part	positive	False	PR:000001002	CD19 molecule	CD19 (label)	UniProtKB:P15391	UniProtKB:P25918	IUPHARobj:2764; PIRSF:PIRSF016630	HGNC:1633	CD19
CL:0000817	precursor B cell	RO:0002104	has plasma membrane part	positive	True	PR:000001898	neprilysin	CD10 (exact)	UniProtKB:P08473	UniProtKB:Q61391	IUPHARobj:1611; PIRSF:PIRSF501074	HGNC:7154	MME
CL:0000818	transitional stage B cell	RO:0015015	has high plasma membrane amount	high	True	PR:000001408	ADP-ribosyl cyclase/cyclic ADP-ribose hydrolase 1	CD38 (exact)	UniProtKB:P28907	UniProtKB:P56528	IUPHARobj:2766	HGNC:1667	CD38
CL:0000818	transitional stage B cell	RO:0015015	has high plasma membrane amount	high	True	PR:000001932	signal transducer CD24	CD24 (label); CD24A (related)	UniProtKB:P25063	UniProtKB:P24807		HGNC:1645	CD24
CL:0000818	transitional stage B cell	CL:4030046	lacks_plasma_membrane_part	negative	False	PR:000001020	CD3 epsilon	CD3 (label); CD3E (exact); CD3e (exact)	UniProtKB:P07766	UniProtKB:P22646	IUPHARobj:2742	HGNC:1674	CD3E
CL:0000818	transitional stage B cell	RO:0002104	has plasma membrane part	positive	False	PR:000001002	CD19 molecule	CD19 (label)	UniProtKB:P15391	UniProtKB:P25918	IUPHARobj:2764; PIRSF:PIRSF016630	HGNC:1633	CD19
CL:0000818	transitional stage B cell	RO:0002104	has plasma membrane part	positive	True	PR:000001289	membrane-spanning 4-domains subfamily A member 1	CD20 (exact)	UniProtKB:P11836	UniProtKB:P19437	PIRSF:PIRSF001995; IUPHARobj:2628	HGNC:7315	MS4A1
CL:0000819	B-1 B cell	CL:4030046	lacks_plasma_membrane_part	negative	False	PR:000001020	CD3 epsilon	CD3 (label); CD3E (exact); CD3e (exact)	UniProtKB:P07766	UniProtKB:P22646	IUPHARobj:2742	HGNC:1674	CD3E
CL:0000819	B-1 B cell	RO:0002104	has plasma membrane part	positive	False	PR:000001002	CD19 molecule	CD19 (label)	UniProtKB:P15391	UniProtKB:P25918	IUPHARobj:2764; PIRSF:PIRSF016630	HGNC:1633	CD19
CL:0000819	B-1 B cell	RO:0002104	has plasma membrane part	positive	False	PR:000001006	receptor-type tyrosine-protein phosphatase C	CD45 (related)	UniProtKB:P08575	UniProtKB:P06800	IUPHARobj:1852; PIRSF:PIRSF002004	HGNC:9666	PTPRC
CL:0000819	B-1 B cell	RO:0002104	has plasma membrane part	positive	True	PR:000001014	receptor-type tyrosine-protein phosphatase C isoform CD45RABC	CD45R (related); CD45RABC (label)	UniProtKB:P08575-3				
CL:0000819	B-1 B cell	RO:0002104	has plasma membrane part	positive	True	PR:000001289	membrane-spanning 4-domains subfamily A member 1	CD20 (exact)	UniProtKB:P11836	UniProtKB:P19437	PIRSF:PIRSF001995; IUPHARobj:2628	HGNC:7315	MS4A1
CL:0000819	B-1 B cell	RO:0002104	has plasma membrane part	positive	True	PR:000001879	leukosialin	CD43 (related)	UniProtKB:P16150	UniProtKB:P15702	PIRSF:PIRSF001994	HGNC:11249	SPN
CL:0000820	B-1a B cell	CL:4030046	lacks_plasma_membrane_part	negative	False	PR:000001020	CD3 epsilon	CD3 (label); CD3E (exact); CD3e (exact)	UniProtKB:P07766	UniProtKB:P22646	IUPHARobj:2742	HGNC:1674	CD3E
CL:0000820	B-1a B cell	RO:0002104	has plasma membrane part	positive	False	PR:000001002	CD19 molecule	CD19 (label)	UniProtKB:P15391	UniProtKB:P25918	IUPHARobj:2764; PIRSF:PIRSF016630	HGNC:1633	CD19
CL:0000820	B-1a B cell	RO:0002104	has plasma membrane part	positive	False	PR:000001006	receptor-type tyrosine-protein phosphatase C	CD45 (related)	UniProtKB:P08575	UniProtKB:P06800	IUPHARobj:1852; PIRSF:PIRSF002004	HGNC:9666	PTPRC
CL:0000820	B-1a B cell	RO:0002104	has plasma membrane part	positive	False	PR:000001014	receptor-type tyrosine-protein phosphatase C isoform CD45RABC	CD45R (related); CD45RABC (label)	UniProtKB:P08575-3				
CL:0000820	B-1a B cell	RO:0002104	has plasma membrane part	positive	False	PR:000001289	membrane-spanning 4-domains subfamily A member 1	CD20 (exact)	UniProtKB:P11836	UniProtKB:P19437	PIRSF:PIRSF001995; IUPHARobj:2628	HGNC:7315	MS4A1
CL:0000820	B-1a B cell	RO:0002104	has plasma membrane part	positive	True	PR:000001839	T-cell surface glycoprotein CD5	CD5 (label)	UniProtKB:P06127	UniProtKB:P13379		HGNC:1685	CD5
CL:0000820	B-1a B cell	RO:0002104	has plasma membrane part	positive	False	PR:000001879	leukosialin	CD43 (related)	UniProtKB:P16150	UniProtKB:P15702	PIRSF:PIRSF001994	HGNC:11249	SPN
CL:0000821	B-1b B cell	CL:4030046	lacks_plasma_membrane_part	negative	False	PR:000001020	CD3 epsilon	CD3 (label); CD3E (exact); CD3e (exact)	UniProtKB:P07766	UniProtKB:P22646	IUPHARobj:2742	HGNC:1674	CD3E
CL:0000821	B-1b B cell	CL:4030046	lacks_plasma_membrane_part	negative	True	PR:000001839	T-cell surface glycoprotein CD5	CD5 (label)	UniProtKB:P06127	UniProtKB:P13379		HGNC:1685	CD5
CL:0000821	B-1b B cell	RO:0002104	has plasma membrane part	positive	False	PR:000001002	CD19 molecule	CD19 (label)	UniProtKB:P15391	UniProtKB:P25918	IUPHARobj:2764; PIRSF:PIRSF016630	HGNC:1633	CD19
CL:0000821	B-1b B cell	RO:0002104	has plasma membrane part	positive	False	PR:000001006	receptor-type tyrosine-protein phosphatase C	CD45 (related)	UniProtKB:P08575	UniProtKB:P06800	IUPHARobj:1852; PIRSF:PIRSF002004	HGNC:9666	PTPRC
CL:0000821	B-1b B cell	RO:0002104	has plasma membrane part	positive	False	PR:000001014	receptor-type tyrosine-protein phosphatase C isoform CD45RABC	CD45R (related); CD45RABC (label)	UniProtKB:P08575-3				
CL:0000821	B-1b B cell	RO:0002104	has plasma membrane part	positive	False	PR:000001289	membrane-spanning 4-domains subfamily A member 1	CD20 (exact)	UniProtKB:P11836	UniProtKB:P19437	PIRSF:PIRSF001995; IUPHARobj:2628	HGNC:7315	MS4A1
CL:0000821	B-1b B cell	RO:0002104	has plasma membrane part	positive	False	PR:000001879	leukosialin	CD43 (related)	UniProtKB:P16150	UniProtKB:P15702	PIRSF:PIRSF001994	HGNC:11249	SPN
CL:0000822	B-2 B cell	CL:4030046	lacks_plasma_membrane_part	negative	False	PR:000001020	CD3 epsilon	CD3 (label); CD3E (exact); CD3e (exact)	UniProtKB:P07766	UniProtKB:P22646	IUPHARobj:2742	HGNC:1674	CD3E
CL:0000822	B-2 B cell	CL:4030046	lacks_plasma_membrane_part	negative	True	PR:000001879	leukosialin	CD43 (related)	UniProtKB:P16150	UniProtKB:P15702	PIRSF:PIRSF001994	HGNC:11249	SPN
CL:0000822	B-2 B cell	RO:0002104	has plasma membrane part	positive	False	PR:000001002	CD19 molecule	CD19 (label)	UniProtKB:P15391	UniProtKB:P25918	IUPHARobj:2764; PIRSF:PIRSF016630	HGNC:1633	CD19
CL:0000822	B-2 B cell	RO:0002104	has plasma membrane part	positive	True	PR:000001289	membrane-spanning 4-domains subfamily A member 1	CD20 (exact)	UniProtKB:P11836	UniProtKB:P19437	PIRSF:PIRSF001995; IUPHARobj:2628	HGNC:7315	MS4A1
CL:0000823	immature natural killer cell	CL:4030046	lacks_plasma_membrane_part	negative	False	PR:000001002	CD19 molecule	CD19 (label)	UniProtKB:P15391	UniProtKB:P25918	IUPHARobj:2764; PIRSF:PIRSF016630	HGNC:1633	CD19
CL:0000823	immature natural killer cell	CL:4030046	lacks_plasma_membrane_part	negative	False	PR:000001020	CD3 epsilon	CD3 (label); CD3E (exact); CD3e (exact)	UniProtKB:P07766	UniProtKB:P22646	IUPHARobj:2742	HGNC:1674	CD3E
CL:0000823	immature natural killer cell	CL:4030046	lacks_plasma_membrane_part	negative	False	PR:000001289	membrane-spanning 4-domains subfamily A member 1	CD20 (exact)	UniProtKB:P11836	UniProtKB:P19437	PIRSF:PIRSF001995; IUPHARobj:2628	HGNC:7315	MS4A1
CL:0000823	immature natural killer cell	CL:4030046	lacks_plasma_membrane_part	negative	False	PR:000001889	CD14 molecule	CD14 (label)	UniProtKB:P08571	UniProtKB:P10810	PIRSF:PIRSF002017	HGNC:1628	CD14
CL:0000824	mature natural killer cell	CL:4030046	lacks_plasma_membrane_part	negative	False	PR:000001002	CD19 molecule	CD19 (label)	UniProtKB:P15391	UniProtKB:P25918	IUPHARobj:2764; PIRSF:PIRSF016630	HGNC:1633	CD19
CL:0000824	mature natural killer cell	CL:4030046	lacks_plasma_membrane_part	negative	False	PR:000001020	CD3 epsilon	CD3 (label); CD3E (exact); CD3e (exact)	UniProtKB:P07766	UniProtKB:P22646	IUPHARobj:2742	HGNC:1674	CD3E
CL:0000824	mature natural killer cell	CL:4030046	lacks_plasma_membrane_part	negative	False	PR:000001289	membrane-spanning 4-domains subfamily A member 1	CD20 (exact)	UniProtKB:P11836	UniProtKB:P19437	PIRSF:PIRSF001995; IUPHARobj:2628	HGNC:7315	MS4A1
CL:0000824	mature natural killer cell	CL:4030046	lacks_plasma_membrane_part	negative	False	PR:000001889	CD14 molecule	CD14 (label)	UniProtKB:P08571	UniProtKB:P10810	PIRSF:PIRSF002017	HGNC:1628	CD14
CL:0000825	pro-NK cell	CL:4030046	lacks_plasma_membrane_part	negative	True	PR:000001874	KLRB1-like protein				PIRSF:PIRSF038804		
CL:0000825	pro-NK cell	CL:4030046	lacks_plasma_membrane_part	negative	True	PR:000002065	mast/stem cell growth factor receptor	CD117 (exact)	UniProtKB:P10721	UniProtKB:P05532	IUPHARobj:1805; PIRSF:PIRSF500951	HGNC:6342	KIT
CL:0000825	pro-NK cell	RO:0002104	has plasma membrane part	positive	True	PR:000001003	CD34 molecule	CD34 (label)	UniProtKB:P28906	UniProtKB:Q64314	PIRSF:PIRSF028749	HGNC:1662	CD34
CL:0000825	pro-NK cell	RO:0002104	has plasma membrane part	positive	False	PR:000001006	receptor-type tyrosine-protein phosphatase C	CD45 (related)	UniProtKB:P08575	UniProtKB:P06800	IUPHARobj:1852; PIRSF:PIRSF002004	HGNC:9666	PTPRC
CL:0000825	pro-NK cell	RO:0002104	has plasma membrane part	positive	True	PR:000001015	receptor-type tyrosine-protein phosphatase C isoform CD45RA	CD45RA (label)	UniProtKB:P08575-8				
CL:0000825	pro-NK cell	RO:0002104	has plasma membrane part	positive	True	PR:000001381	interleukin-2 receptor subunit beta	CD122 (exact)	UniProtKB:P14784	UniProtKB:P16297	IUPHARobj:1696	HGNC:6009	IL2RB
CL:0000825	pro-NK cell	RO:0002104	has plasma membrane part	positive	True	PR:000001898	neprilysin	CD10 (exact)	UniProtKB:P08473	UniProtKB:Q61391	IUPHARobj:1611; PIRSF:PIRSF501074	HGNC:7154	MME
CL:0000826	pro-B cell	BFO:0000051	has part	positive	True	PR:000001903	paired box protein PAX-5		UniProtKB:Q02548	UniProtKB:Q02650		HGNC:8619	PAX5
CL:0000826	pro-B cell	BFO:0000051	has part	positive	True	PR:000006611	DNA nucleotidylexotransferase		UniProtKB:P04053	UniProtKB:P09838		HGNC:2983	DNTT
CL:0000830	basophilic promyelocyte	CL:4030046	lacks_plasma_membrane_part	negative	False	PR:000001012	integrin alpha-M	CD11 (exact); CD11B (related); CD11b (exact)	UniProtKB:P11215	UniProtKB:P05555	IUPHARobj:2452	HGNC:6149	ITGAM
CL:0000830	basophilic promyelocyte	CL:4030046	lacks_plasma_membrane_part	negative	False	PR:000001483	low affinity immunoglobulin gamma Fc region receptor III	CD16 (exact)		UniProtKB:P08508			
CL:0000830	basophilic promyelocyte	CL:4030046	lacks_plasma_membrane_part	negative	False	PR:000001932	signal transducer CD24	CD24 (label); CD24A (related)	UniProtKB:P25063	UniProtKB:P24807		HGNC:1645	CD24
CL:0000830	basophilic promyelocyte	RO:0002104	has plasma membrane part	positive	False	PR:000001456	alpha-(1,3)-fucosyltransferase 4	CD15 (exact)	UniProtKB:P22083	UniProtKB:Q11127		HGNC:4015	FUT4
CL:0000830	basophilic promyelocyte	RO:0002104	has plasma membrane part	positive	False	PR:000001892	CD33 molecule	CD33 (label)	UniProtKB:P20138	UniProtKB:Q63994	IUPHARobj:2601	HGNC:1659	CD33
CL:0000831	mast cell progenitor	RO:0015015	has high plasma membrane amount	high	True	PR:000009143	integrin beta-7		UniProtKB:P26010	UniProtKB:P26011	IUPHARobj:2461	HGNC:6162	ITGB7
CL:0000831	mast cell progenitor	RO:0015016	has low plasma membrane amount	low	True	PR:000002065	mast/stem cell growth factor receptor	CD117 (exact)	UniProtKB:P10721	UniProtKB:P05532	IUPHARobj:1805; PIRSF:PIRSF500951	HGNC:6342	KIT
CL:0000831	mast cell progenitor	RO:0015016	has low plasma membrane amount	low	True	PR:000007431	high affinity immunoglobulin epsilon receptor subunit alpha		UniProtKB:P12319	UniProtKB:P20489	IUPHARobj:2933	HGNC:3609	FCER1A
CL:0000831	mast cell progenitor	CL:4030046	lacks_plasma_membrane_part	negative	True	PR:000001002	CD19 molecule	CD19 (label)	UniProtKB:P15391	UniProtKB:P25918	IUPHARobj:2764; PIRSF:PIRSF016630	HGNC:1633	CD19
CL:0000831	mast cell progenitor	CL:4030046	lacks_plasma_membrane_part	negative	True	PR:000001004	CD4 molecule	CD4 (label)	UniProtKB:P01730	UniProtKB:P06332	PIRSF:PIRSF001977	HGNC:1678	CD4
CL:0000831	mast cell progenitor	CL:4030046	lacks_plasma_membrane_part	negative	True	PR:000001012	integrin alpha-M	CD11 (exact); CD11B (related); CD11b (exact)	UniProtKB:P11215	UniProtKB:P05555	IUPHARobj:2452	HGNC:6149	ITGAM
CL:0000831	mast cell progenitor	CL:4030046	lacks_plasma_membrane_part	negative	True	PR:000001020	CD3 epsilon	CD3 (label); CD3E (exact); CD3e (exact)	UniProtKB:P07766	UniProtKB:P22646	IUPHARobj:2742	HGNC:1674	CD3E
CL:0000831	mast cell progenitor	CL:4030046	lacks_plasma_membrane_part	negative	True	PR:000001024	neural cell adhesion molecule 1	CD56 (exact)	UniProtKB:P13591	UniProtKB:P13595	IUPHARobj:2769	HGNC:7656	NCAM1
CL:0000831	mast cell progenitor	CL:4030046	lacks_plasma_membrane_part	negative	True	PR:000001083	CD2 molecule	CD2 (label)	UniProtKB:P06729	UniProtKB:P08920	IUPHARobj:2600; PIRSF:PIRSF001984	HGNC:1639	CD2
CL:0000831	mast cell progenitor	CL:4030046	lacks_plasma_membrane_part	negative	True	PR:000001084	T-cell surface glycoprotein CD8 alpha chain	CD8 (label); CD8A (exact); CD8a (exact)	UniProtKB:P01732	UniProtKB:P01731		HGNC:1706	CD8A
CL:0000831	mast cell progenitor	CL:4030046	lacks_plasma_membrane_part	negative	True	PR:000001289	membrane-spanning 4-domains subfamily A member 1	CD20 (exact)	UniProtKB:P11836	UniProtKB:P19437	PIRSF:PIRSF001995; IUPHARobj:2628	HGNC:7315	MS4A1
CL:0000831	mast cell progenitor	CL:4030046	lacks_plasma_membrane_part	negative	True	PR:000001839	T-cell surface glycoprotein CD5	CD5 (label)	UniProtKB:P06127	UniProtKB:P13379		HGNC:1685	CD5
CL:0000831	mast cell progenitor	CL:4030046	lacks_plasma_membrane_part	negative	True	PR:000001889	CD14 molecule	CD14 (label)	UniProtKB:P08571	UniProtKB:P10810	PIRSF:PIRSF002017	HGNC:1628	CD14
CL:0000831	mast cell progenitor	CL:4030046	lacks_plasma_membrane_part	negative	True	PR:000001963	CD27 molecule	CD27 (label); CD27L (exact)	UniProtKB:P26842	UniProtKB:P41272	IUPHARobj:1876; PIRSF:PIRSF001966	HGNC:11922	CD27
CL:0000831	mast cell progenitor	CL:4030046	lacks_plasma_membrane_part	negative	True	PR:000002978	lymphocyte antigen 6G			UniProtKB:P35461			
CL:0000831	mast cell progenitor	CL:4030046	lacks_plasma_membrane_part	negative	True	PR:000002979	lymphocyte antigen 6A-2/6E-1			UniProtKB:P05533			
CL:0000831	mast cell progenitor	CL:4030046	lacks_plasma_membrane_part	negative	True	PR:000002980	lymphocyte antigen 6C2			UniProtKB:P0CW03			
CL:0000831	mast cell progenitor	CL:4030046	lacks_plasma_membrane_part	negative	True	PR:000002981	lymphocyte antigen 76 (mouse)						
CL:0000831	mast cell progenitor	CL:4030045	lacks_part	negative	True	PR:000005307	CCAAT/enhancer-binding protein alpha		UniProtKB:P49715	UniProtKB:P53566		HGNC:1833	CEBPA
CL:0000831	mast cell progenitor	RO:0002104	has plasma membrane part	positive	True	PR:000005178	CD9 molecule	CD9 (label)	UniProtKB:P21926	UniProtKB:P40240		HGNC:1709	CD9
CL:0000831	mast cell progenitor	BFO:0000051	has part	positive	True	PR:000007857	erythroid transcription factor		UniProtKB:P15976	UniProtKB:P17679		HGNC:4170	GATA1
CL:0000831	mast cell progenitor	BFO:0000051	has part	positive	True	PR:000007858	endothelial transcription factor GATA-2		UniProtKB:P23769	UniProtKB:O09100		HGNC:4171	GATA2
CL:0000831	mast cell progenitor	RO:0002104	has plasma membrane part	positive	True	PR:000016401	transmembrane emp24 domain-containing protein 1		UniProtKB:Q13445	UniProtKB:Q3V009		HGNC:17291	TMED1
CL:0000833	eosinophilic promyelocyte	CL:4030046	lacks_plasma_membrane_part	negative	False	PR:000001012	integrin alpha-M	CD11 (exact); CD11B (related); CD11b (exact)	UniProtKB:P11215	UniProtKB:P05555	IUPHARobj:2452	HGNC:6149	ITGAM
CL:0000833	eosinophilic promyelocyte	CL:4030046	lacks_plasma_membrane_part	negative	False	PR:000001483	low affinity immunoglobulin gamma Fc region receptor III	CD16 (exact)		UniProtKB:P08508			
CL:0000833	eosinophilic promyelocyte	CL:4030046	lacks_plasma_membrane_part	negative	False	PR:000001932	signal transducer CD24	CD24 (label); CD24A (related)	UniProtKB:P25063	UniProtKB:P24807		HGNC:1645	CD24
CL:0000833	eosinophilic promyelocyte	RO:0002104	has plasma membrane part	positive	False	PR:000001456	alpha-(1,3)-fucosyltransferase 4	CD15 (exact)	UniProtKB:P22083	UniProtKB:Q11127		HGNC:4015	FUT4
CL:0000833	eosinophilic promyelocyte	RO:0002104	has plasma membrane part	positive	False	PR:000001892	CD33 molecule	CD33 (label)	UniProtKB:P20138	UniProtKB:Q63994	IUPHARobj:2601	HGNC:1659	CD33
CL:0000836	promyelocyte	CL:4030046	lacks_plasma_membrane_part	negative	True	PR:000001012	integrin alpha-M	CD11 (exact); CD11B (related); CD11b (exact)	UniProtKB:P11215	UniProtKB:P05555	IUPHARobj:2452	HGNC:6149	ITGAM
CL:0000836	promyelocyte	CL:4030046	lacks_plasma_membrane_part	negative	True	PR:000001483	low affinity immunoglobulin gamma Fc region receptor III	CD16 (exact)		UniProtKB:P08508			
CL:0000836	promyelocyte	CL:4030046	lacks_plasma_membrane_part	negative	True	PR:000001932	signal transducer CD24	CD24 (label); CD24A (related)	UniProtKB:P25063	UniProtKB:P24807		HGNC:1645	CD24
CL:0000836	promyelocyte	RO:0002104	has plasma membrane part	positive	True	PR:000001456	alpha-(1,3)-fucosyltransferase 4	CD15 (exact)	UniProtKB:P22083	UniProtKB:Q11127		HGNC:4015	FUT4
CL:0000836	promyelocyte	RO:0002104	has plasma membrane part	positive	True	PR:000001892	CD33 molecule	CD33 (label)	UniProtKB:P20138	UniProtKB:Q63994	IUPHARobj:2601	HGNC:1659	CD33
CL:0000837	hematopoietic multipotent progenitor cell	CL:4030046	lacks_plasma_membrane_part	negative	True	PR:000001002	CD19 molecule	CD19 (label)	UniProtKB:P15391	UniProtKB:P25918	IUPHARobj:2764; PIRSF:PIRSF016630	HGNC:1633	CD19
CL:0000837	hematopoietic multipotent progenitor cell	CL:4030046	lacks_plasma_membrane_part	negative	True	PR:000001004	CD4 molecule	CD4 (label)	UniProtKB:P01730	UniProtKB:P06332	PIRSF:PIRSF001977	HGNC:1678	CD4
CL:0000837	hematopoietic multipotent progenitor cell	CL:4030046	lacks_plasma_membrane_part	negative	True	PR:000001012	integrin alpha-M	CD11 (exact); CD11B (related); CD11b (exact)	UniProtKB:P11215	UniProtKB:P05555	IUPHARobj:2452	HGNC:6149	ITGAM
CL:0000837	hematopoietic multipotent progenitor cell	CL:4030046	lacks_plasma_membrane_part	negative	True	PR:000001020	CD3 epsilon	CD3 (label); CD3E (exact); CD3e (exact)	UniProtKB:P07766	UniProtKB:P22646	IUPHARobj:2742	HGNC:1674	CD3E
CL:0000837	hematopoietic multipotent progenitor cell	CL:4030046	lacks_plasma_membrane_part	negative	True	PR:000001024	neural cell adhesion molecule 1	CD56 (exact)	UniProtKB:P13591	UniProtKB:P13595	IUPHARobj:2769	HGNC:7656	NCAM1
CL:0000837	hematopoietic multipotent progenitor cell	CL:4030046	lacks_plasma_membrane_part	negative	True	PR:000001083	CD2 molecule	CD2 (label)	UniProtKB:P06729	UniProtKB:P08920	IUPHARobj:2600; PIRSF:PIRSF001984	HGNC:1639	CD2
CL:0000837	hematopoietic multipotent progenitor cell	CL:4030046	lacks_plasma_membrane_part	negative	True	PR:000001084	T-cell surface glycoprotein CD8 alpha chain	CD8 (label); CD8A (exact); CD8a (exact)	UniProtKB:P01732	UniProtKB:P01731		HGNC:1706	CD8A
CL:0000837	hematopoietic multipotent progenitor cell	CL:4030046	lacks_plasma_membrane_part	negative	True	PR:000001289	membrane-spanning 4-domains subfamily A member 1	CD20 (exact)	UniProtKB:P11836	UniProtKB:P19437	PIRSF:PIRSF001995; IUPHARobj:2628	HGNC:7315	MS4A1
CL:0000837	hematopoietic multipotent progenitor cell	CL:4030046	lacks_plasma_membrane_part	negative	True	PR:000001839	T-cell surface glycoprotein CD5	CD5 (label)	UniProtKB:P06127	UniProtKB:P13379		HGNC:1685	CD5
CL:0000837	hematopoietic multipotent progenitor cell	CL:4030046	lacks_plasma_membrane_part	negative	True	PR:000001869	interleukin-7 receptor subunit alpha	CD127 (exact); CDw127 (exact)	UniProtKB:P16871	UniProtKB:P16872	IUPHARobj:1698; PIRSF:PIRSF001960	HGNC:6024	IL7R
CL:0000837	hematopoietic multipotent progenitor cell	CL:4030046	lacks_plasma_membrane_part	negative	True	PR:000001889	CD14 molecule	CD14 (label)	UniProtKB:P08571	UniProtKB:P10810	PIRSF:PIRSF002017	HGNC:1628	CD14
CL:0000837	hematopoietic multipotent progenitor cell	CL:4030046	lacks_plasma_membrane_part	negative	True	PR:000002978	lymphocyte antigen 6G			UniProtKB:P35461			
CL:0000837	hematopoietic multipotent progenitor cell	CL:4030046	lacks_plasma_membrane_part	negative	True	PR:000002981	lymphocyte antigen 76 (mouse)						
CL:0000837	hematopoietic multipotent progenitor cell	RO:0002104	has plasma membrane part	positive	True	PR:000001003	CD34 molecule	CD34 (label)	UniProtKB:P28906	UniProtKB:Q64314	PIRSF:PIRSF028749	HGNC:1662	CD34
CL:0000840	immature conventional dendritic cell	RO:0015015	has high plasma membrane amount	high	False	PR:000001013	integrin alpha-X	CD11 (exact); CD11C (related); CD11c (exact)	UniProtKB:P20702	UniProtKB:Q9QXH4	IUPHARobj:2454	HGNC:6152	ITGAX
CL:0000840	immature conventional dendritic cell	RO:0015016	has low plasma membrane amount	low	True	PR:000001412	CD86 molecule	CD28LG2 (related); CD86 (label)	UniProtKB:P42081	UniProtKB:P42082	IUPHARobj:2745	HGNC:1705	CD86
CL:0000840	immature conventional dendritic cell	RO:0015016	has low plasma membrane amount	low	True	PR:000001438	CD80 molecule	CD28LG (related); CD28LG1 (related); CD80 (label)	UniProtKB:P33681	UniProtKB:Q00609	IUPHARobj:2744	HGNC:1700	CD80
CL:0000840	immature conventional dendritic cell	CL:4030046	lacks_plasma_membrane_part	negative	False	PR:000001002	CD19 molecule	CD19 (label)	UniProtKB:P15391	UniProtKB:P25918	IUPHARobj:2764; PIRSF:PIRSF016630	HGNC:1633	CD19
CL:0000840	immature conventional dendritic cell	CL:4030046	lacks_plasma_membrane_part	negative	False	PR:000001003	CD34 molecule	CD34 (label)	UniProtKB:P28906	UniProtKB:Q64314	PIRSF:PIRSF028749	HGNC:1662	CD34
CL:0000840	immature conventional dendritic cell	CL:4030046	lacks_plasma_membrane_part	negative	False	PR:000001020	CD3 epsilon	CD3 (label); CD3E (exact); CD3e (exact)	UniProtKB:P07766	UniProtKB:P22646	IUPHARobj:2742	HGNC:1674	CD3E
CL:0000840	immature conventional dendritic cell	CL:4030046	lacks_plasma_membrane_part	negative	False	PR:000001024	neural cell adhesion molecule 1	CD56 (exact)	UniProtKB:P13591	UniProtKB:P13595	IUPHARobj:2769	HGNC:7656	NCAM1
CL:0000840	immature conventional dendritic cell	CL:4030046	lacks_plasma_membrane_part	negative	False	PR:000001289	membrane-spanning 4-domains subfamily A member 1	CD20 (exact)	UniProtKB:P11836	UniProtKB:P19437	PIRSF:PIRSF001995; IUPHARobj:2628	HGNC:7315	MS4A1
CL:0000841	mature conventional dendritic cell	RO:0015015	has high plasma membrane amount	high	False	PR:000001013	integrin alpha-X	CD11 (exact); CD11C (related); CD11c (exact)	UniProtKB:P20702	UniProtKB:Q9QXH4	IUPHARobj:2454	HGNC:6152	ITGAX
CL:0000841	mature conventional dendritic cell	RO:0015015	has high plasma membrane amount	high	True	PR:000001412	CD86 molecule	CD28LG2 (related); CD86 (label)	UniProtKB:P42081	UniProtKB:P42082	IUPHARobj:2745	HGNC:1705	CD86
CL:0000841	mature conventional dendritic cell	RO:0015015	has high plasma membrane amount	high	True	PR:000001438	CD80 molecule	CD28LG (related); CD28LG1 (related); CD80 (label)	UniProtKB:P33681	UniProtKB:Q00609	IUPHARobj:2744	HGNC:1700	CD80
CL:0000841	mature conventional dendritic cell	CL:4030046	lacks_plasma_membrane_part	negative	False	PR:000001002	CD19 molecule	CD19 (label)	UniProtKB:P15391	UniProtKB:P25918	IUPHARobj:2764; PIRSF:PIRSF016630	HGNC:1633	CD19
CL:0000841	mature conventional dendritic cell	CL:4030046	lacks_plasma_membrane_part	negative	False	PR:000001003	CD34 molecule	CD34 (label)	UniProtKB:P28906	UniProtKB:Q64314	PIRSF:PIRSF028749	HGNC:1662	CD34
CL:0000841	mature conventional dendritic cell	CL:4030046	lacks_plasma_membrane_part	negative	False	PR:000001020	CD3 epsilon	CD3 (label); CD3E (exact); CD3e (exact)	UniProtKB:P07766	UniProtKB:P22646	IUPHARobj:2742	HGNC:1674	CD3E
CL:0000841	mature conventional dendritic cell	CL:4030046	lacks_plasma_membrane_part	negative	False	PR:000001024	neural cell adhesion molecule 1	CD56 (exact)	UniProtKB:P13591	UniProtKB:P13595	IUPHARobj:2769	HGNC:7656	NCAM1
CL:0000841	mature conventional dendritic cell	CL:4030046	lacks_plasma_membrane_part	negative	False	PR:000001289	membrane-spanning 4-domains subfamily A member 1	CD20 (exact)	UniProtKB:P11836	UniProtKB:P19437	PIRSF:PIRSF001995; IUPHARobj:2628	HGNC:7315	MS4A1
CL:0000841	mature conventional dendritic cell	RO:0002104	has plasma membrane part	positive	True	PR:000001310	CD83 molecule	CD83 (label)	UniProtKB:Q01151	UniProtKB:O88324		HGNC:1703	CD83
CL:0000843	follicular B cell	CL:4030046	lacks_plasma_membrane_part	negative	False	PR:000001020	CD3 epsilon	CD3 (label); CD3E (exact); CD3e (exact)	UniProtKB:P07766	UniProtKB:P22646	IUPHARobj:2742	HGNC:1674	CD3E
CL:0000843	follicular B cell	CL:4030046	lacks_plasma_membrane_part	negative	True	PR:000001839	T-cell surface glycoprotein CD5	CD5 (label)	UniProtKB:P06127	UniProtKB:P13379		HGNC:1685	CD5
CL:0000843	follicular B cell	CL:4030046	lacks_plasma_membrane_part	negative	False	PR:000001879	leukosialin	CD43 (related)	UniProtKB:P16150	UniProtKB:P15702	PIRSF:PIRSF001994	HGNC:11249	SPN
CL:0000843	follicular B cell	CL:4030046	lacks_plasma_membrane_part	negative	True	PR:000002037	complement component C1q receptor	CD93 (exact); CDw93 (exact)	UniProtKB:Q9NPY3	UniProtKB:O89103		HGNC:15855	CD93
CL:0000843	follicular B cell	RO:0002104	has plasma membrane part	positive	False	PR:000001002	CD19 molecule	CD19 (label)	UniProtKB:P15391	UniProtKB:P25918	IUPHARobj:2764; PIRSF:PIRSF016630	HGNC:1633	CD19
CL:0000843	follicular B cell	RO:0002104	has plasma membrane part	positive	False	PR:000001006	receptor-type tyrosine-protein phosphatase C	CD45 (related)	UniProtKB:P08575	UniProtKB:P06800	IUPHARobj:1852; PIRSF:PIRSF002004	HGNC:9666	PTPRC
CL:0000843	follicular B cell	RO:0002104	has plasma membrane part	positive	True	PR:000001014	receptor-type tyrosine-protein phosphatase C isoform CD45RABC	CD45R (related); CD45RABC (label)	UniProtKB:P08575-3				
CL:0000843	follicular B cell	RO:0002104	has plasma membrane part	positive	False	PR:000001289	membrane-spanning 4-domains subfamily A member 1	CD20 (exact)	UniProtKB:P11836	UniProtKB:P19437	PIRSF:PIRSF001995; IUPHARobj:2628	HGNC:7315	MS4A1
CL:0000843	follicular B cell	RO:0002104	has plasma membrane part	positive	True	PR:000001338	complement receptor type 2	CD21 (exact)	UniProtKB:P20023	UniProtKB:P19070	PIRSF:PIRSF002484	HGNC:2336	CR2
CL:0000844	germinal center B cell	CL:4030046	lacks_plasma_membrane_part	negative	False	PR:000001020	CD3 epsilon	CD3 (label); CD3E (exact); CD3e (exact)	UniProtKB:P07766	UniProtKB:P22646	IUPHARobj:2742	HGNC:1674	CD3E
CL:0000844	germinal center B cell	RO:0002104	has plasma membrane part	positive	False	PR:000001002	CD19 molecule	CD19 (label)	UniProtKB:P15391	UniProtKB:P25918	IUPHARobj:2764; PIRSF:PIRSF016630	HGNC:1633	CD19
CL:0000844	germinal center B cell	RO:0002104	has plasma membrane part	positive	True	PR:000001289	membrane-spanning 4-domains subfamily A member 1	CD20 (exact)	UniProtKB:P11836	UniProtKB:P19437	PIRSF:PIRSF001995; IUPHARobj:2628	HGNC:7315	MS4A1
CL:0000845	marginal zone B cell of spleen	CL:4030046	lacks_plasma_membrane_part	negative	False	PR:000001020	CD3 epsilon	CD3 (label); CD3E (exact); CD3e (exact)	UniProtKB:P07766	UniProtKB:P22646	IUPHARobj:2742	HGNC:1674	CD3E
CL:0000845	marginal zone B cell of spleen	CL:4030046	lacks_plasma_membrane_part	negative	True	PR:000001880	low affinity immunoglobulin epsilon Fc receptor	CD23 (exact); CD23A (related)	UniProtKB:P06734	UniProtKB:P20693	IUPHARobj:2935; PIRSF:PIRSF002426	HGNC:3612	FCER2
CL:0000845	marginal zone B cell of spleen	CL:4030046	lacks_plasma_membrane_part	negative	True	PR:000002037	complement component C1q receptor	CD93 (exact); CDw93 (exact)	UniProtKB:Q9NPY3	UniProtKB:O89103		HGNC:15855	CD93
CL:0000845	marginal zone B cell of spleen	RO:0002104	has plasma membrane part	positive	False	PR:000001002	CD19 molecule	CD19 (label)	UniProtKB:P15391	UniProtKB:P25918	IUPHARobj:2764; PIRSF:PIRSF016630	HGNC:1633	CD19
CL:0000845	marginal zone B cell of spleen	RO:0002104	has plasma membrane part	positive	True	PR:000001289	membrane-spanning 4-domains subfamily A member 1	CD20 (exact)	UniProtKB:P11836	UniProtKB:P19437	PIRSF:PIRSF001995; IUPHARobj:2628	HGNC:7315	MS4A1
CL:0000845	marginal zone B cell of spleen	RO:0002104	has plasma membrane part	positive	True	PR:000001338	complement receptor type 2	CD21 (exact)	UniProtKB:P20023	UniProtKB:P19070	PIRSF:PIRSF002484	HGNC:2336	CR2
CL:0000860	classical monocyte	RO:0015015	has high plasma membrane amount	high	True	PR:000001199	C-C chemokine receptor type 2	CD192 (exact)	UniProtKB:P41597	UniProtKB:P51683	IUPHARobj:59	HGNC:1603	CCR2
CL:0000860	classical monocyte	CL:4030046	lacks_plasma_membrane_part	negative	True	PR:000001002	CD19 molecule	CD19 (label)	UniProtKB:P15391	UniProtKB:P25918	IUPHARobj:2764; PIRSF:PIRSF016630	HGNC:1633	CD19
CL:0000860	classical monocyte	CL:4030046	lacks_plasma_membrane_part	negative	True	PR:000001020	CD3 epsilon	CD3 (label); CD3E (exact); CD3e (exact)	UniProtKB:P07766	UniProtKB:P22646	IUPHARobj:2742	HGNC:1674	CD3E
CL:0000860	classical monocyte	CL:4030046	lacks_plasma_membrane_part	negative	True	PR:000001289	membrane-spanning 4-domains subfamily A member 1	CD20 (exact)	UniProtKB:P11836	UniProtKB:P19437	PIRSF:PIRSF001995; IUPHARobj:2628	HGNC:7315	MS4A1
CL:0000861	elicited macrophage	RO:0002104	has plasma membrane part	positive	True	PR:000001012	integrin alpha-M	CD11 (exact); CD11B (related); CD11b (exact)	UniProtKB:P11215	UniProtKB:P05555	IUPHARobj:2452	HGNC:6149	ITGAM
CL:0000861	elicited macrophage	RO:0002104	has plasma membrane part	positive	True	PR:000001813	adhesion G protein-coupled receptor E1		UniProtKB:Q14246	UniProtKB:Q61549	IUPHARobj:182; PIRSF:PIRSF038685	HGNC:3336	ADGRE1
CL:0000861	elicited macrophage	RO:0002104	has plasma membrane part	positive	True	PR:000002064	macrosialin	CD68 (exact)	UniProtKB:P34810	UniProtKB:P31996		HGNC:1693	CD68
CL:0000862	suppressor macrophage	RO:0002104	has plasma membrane part	positive	False	PR:000001012	integrin alpha-M	CD11 (exact); CD11B (related); CD11b (exact)	UniProtKB:P11215	UniProtKB:P05555	IUPHARobj:2452	HGNC:6149	ITGAM
CL:0000862	suppressor macrophage	RO:0002104	has plasma membrane part	positive	False	PR:000001813	adhesion G protein-coupled receptor E1		UniProtKB:Q14246	UniProtKB:Q61549	IUPHARobj:182; PIRSF:PIRSF038685	HGNC:3336	ADGRE1
CL:0000862	suppressor macrophage	RO:0002104	has plasma membrane part	positive	False	PR:000002064	macrosialin	CD68 (exact)	UniProtKB:P34810	UniProtKB:P31996		HGNC:1693	CD68
CL:0000863	M1 macrophage	RO:0002104	has plasma membrane part	positive	False	PR:000001012	integrin alpha-M	CD11 (exact); CD11B (related); CD11b (exact)	UniProtKB:P11215	UniProtKB:P05555	IUPHARobj:2452	HGNC:6149	ITGAM
CL:0000863	M1 macrophage	RO:0002104	has plasma membrane part	positive	False	PR:000001813	adhesion G protein-coupled receptor E1		UniProtKB:Q14246	UniProtKB:Q61549	IUPHARobj:182; PIRSF:PIRSF038685	HGNC:3336	ADGRE1
CL:0000863	M1 macrophage	RO:0002104	has plasma membrane part	positive	False	PR:000002064	macrosialin	CD68 (exact)	UniProtKB:P34810	UniProtKB:P31996		HGNC:1693	CD68
CL:0000868	lymph node macrophage	RO:0015015	has high plasma membrane amount	high	True	PR:000001931	sialoadhesin	CD169 (exact)	UniProtKB:Q9BZZ2	UniProtKB:Q62230		HGNC:11127	SIGLEC1
CL:0000868	lymph node macrophage	RO:0015016	has low plasma membrane amount	low	True	PR:000001012	integrin alpha-M	CD11 (exact); CD11B (related); CD11b (exact)	UniProtKB:P11215	UniProtKB:P05555	IUPHARobj:2452	HGNC:6149	ITGAM
CL:0000868	lymph node macrophage	RO:0015016	has low plasma membrane amount	low	True	PR:000001813	adhesion G protein-coupled receptor E1		UniProtKB:Q14246	UniProtKB:Q61549	IUPHARobj:182; PIRSF:PIRSF038685	HGNC:3336	ADGRE1
CL:0000872	splenic marginal zone macrophage	CL:4030046	lacks_plasma_membrane_part	negative	True	PR:000001012	integrin alpha-M	CD11 (exact); CD11B (related); CD11b (exact)	UniProtKB:P11215	UniProtKB:P05555	IUPHARobj:2452	HGNC:6149	ITGAM
CL:0000872	splenic marginal zone macrophage	RO:0002104	has plasma membrane part	positive	True	PR:000001806	C-type lectin domain family 6 member A		UniProtKB:Q6EIG7	UniProtKB:Q9JKF4	IUPHARobj:2928	HGNC:14556	CLEC6A
CL:0000872	splenic marginal zone macrophage	RO:0002104	has plasma membrane part	positive	True	PR:000001884	macrophage receptor MARCO		UniProtKB:Q9UEW3	UniProtKB:Q60754		HGNC:6895	MARCO
CL:0000872	splenic marginal zone macrophage	RO:0002104	has plasma membrane part	positive	True	PR:000001885	macrophage scavenger receptor types I and II	CD204 (exact)	UniProtKB:P21757	UniProtKB:P30204		HGNC:7376	MSR1
CL:0000872	splenic marginal zone macrophage	RO:0002104	has plasma membrane part	positive	True	PR:000006172	CD209 molecule-like protein B	CD209 (label)		UniProtKB:Q8CJ91			
CL:0000873	splenic metallophillic macrophage	RO:0015016	has low plasma membrane amount	low	True	PR:000001806	C-type lectin domain family 6 member A		UniProtKB:Q6EIG7	UniProtKB:Q9JKF4	IUPHARobj:2928	HGNC:14556	CLEC6A
CL:0000873	splenic metallophillic macrophage	CL:4030046	lacks_plasma_membrane_part	negative	True	PR:000001813	adhesion G protein-coupled receptor E1		UniProtKB:Q14246	UniProtKB:Q61549	IUPHARobj:182; PIRSF:PIRSF038685	HGNC:3336	ADGRE1
CL:0000873	splenic metallophillic macrophage	RO:0002104	has plasma membrane part	positive	True	PR:000001931	sialoadhesin	CD169 (exact)	UniProtKB:Q9BZZ2	UniProtKB:Q62230		HGNC:11127	SIGLEC1
CL:0000874	splenic red pulp macrophage	RO:0015016	has low plasma membrane amount	low	True	PR:000001012	integrin alpha-M	CD11 (exact); CD11B (related); CD11b (exact)	UniProtKB:P11215	UniProtKB:P05555	IUPHARobj:2452	HGNC:6149	ITGAM
CL:0000874	splenic red pulp macrophage	RO:0015016	has low plasma membrane amount	low	True	PR:000001931	sialoadhesin	CD169 (exact)	UniProtKB:Q9BZZ2	UniProtKB:Q62230		HGNC:11127	SIGLEC1
CL:0000874	splenic red pulp macrophage	CL:4030046	lacks_plasma_membrane_part	negative	True	PR:000001013	integrin alpha-X	CD11 (exact); CD11C (related); CD11c (exact)	UniProtKB:P20702	UniProtKB:Q9QXH4	IUPHARobj:2454	HGNC:6152	ITGAX
CL:0000874	splenic red pulp macrophage	RO:0002104	has plasma membrane part	positive	True	PR:000001806	C-type lectin domain family 6 member A		UniProtKB:Q6EIG7	UniProtKB:Q9JKF4	IUPHARobj:2928	HGNC:14556	CLEC6A
CL:0000874	splenic red pulp macrophage	RO:0002104	has plasma membrane part	positive	True	PR:000001813	adhesion G protein-coupled receptor E1		UniProtKB:Q14246	UniProtKB:Q61549	IUPHARobj:182; PIRSF:PIRSF038685	HGNC:3336	ADGRE1
CL:0000874	splenic red pulp macrophage	RO:0002104	has plasma membrane part	positive	True	PR:000002064	macrosialin	CD68 (exact)	UniProtKB:P34810	UniProtKB:P31996		HGNC:1693	CD68
CL:0000874	splenic red pulp macrophage	RO:0002104	has plasma membrane part	positive	True	PR:000002972	macrophage mannose receptor 1	CD206 (exact)	UniProtKB:P22897	UniProtKB:Q61830		HGNC:7228	MRC1
CL:0000875	non-classical monocyte	RO:0015015	has high plasma membrane amount	high	True	PR:000001206	CX3C chemokine receptor 1		UniProtKB:P49238	UniProtKB:Q9Z0D9	IUPHARobj:74; PIRSF:PIRSF501025	HGNC:2558	CX3CR1
CL:0000875	non-classical monocyte	CL:4030046	lacks_plasma_membrane_part	negative	True	PR:000001002	CD19 molecule	CD19 (label)	UniProtKB:P15391	UniProtKB:P25918	IUPHARobj:2764; PIRSF:PIRSF016630	HGNC:1633	CD19
CL:0000875	non-classical monocyte	CL:4030046	lacks_plasma_membrane_part	negative	True	PR:000001020	CD3 epsilon	CD3 (label); CD3E (exact); CD3e (exact)	UniProtKB:P07766	UniProtKB:P22646	IUPHARobj:2742	HGNC:1674	CD3E
CL:0000875	non-classical monocyte	CL:4030046	lacks_plasma_membrane_part	negative	True	PR:000001289	membrane-spanning 4-domains subfamily A member 1	CD20 (exact)	UniProtKB:P11836	UniProtKB:P19437	PIRSF:PIRSF001995; IUPHARobj:2628	HGNC:7315	MS4A1
CL:0000876	splenic white pulp macrophage	CL:4030046	lacks_plasma_membrane_part	negative	True	PR:000001813	adhesion G protein-coupled receptor E1		UniProtKB:Q14246	UniProtKB:Q61549	IUPHARobj:182; PIRSF:PIRSF038685	HGNC:3336	ADGRE1
CL:0000876	splenic white pulp macrophage	RO:0002104	has plasma membrane part	positive	True	PR:000002064	macrosialin	CD68 (exact)	UniProtKB:P34810	UniProtKB:P31996		HGNC:1693	CD68
CL:0000877	splenic tingible body macrophage	CL:4030046	lacks_plasma_membrane_part	negative	False	PR:000001813	adhesion G protein-coupled receptor E1		UniProtKB:Q14246	UniProtKB:Q61549	IUPHARobj:182; PIRSF:PIRSF038685	HGNC:3336	ADGRE1
CL:0000877	splenic tingible body macrophage	RO:0002104	has plasma membrane part	positive	False	PR:000002064	macrosialin	CD68 (exact)	UniProtKB:P34810	UniProtKB:P31996		HGNC:1693	CD68
CL:0000877	splenic tingible body macrophage	RO:0002104	has plasma membrane part	positive	True	PR:000010329	tyrosine-protein kinase Mer		UniProtKB:Q12866	UniProtKB:Q60805	IUPHARobj:1837	HGNC:7027	MERTK
CL:0000881	perivascular macrophage	RO:0002104	has plasma membrane part	positive	True	PR:000001483	low affinity immunoglobulin gamma Fc region receptor III	CD16 (exact)		UniProtKB:P08508			
CL:0000881	perivascular macrophage	RO:0002104	has plasma membrane part	positive	True	PR:000001889	CD14 molecule	CD14 (label)	UniProtKB:P08571	UniProtKB:P10810	PIRSF:PIRSF002017	HGNC:1628	CD14
CL:0000881	perivascular macrophage	RO:0002104	has plasma membrane part	positive	True	PR:000001925	scavenger receptor cysteine-rich type 1 protein M130	CD163 (exact)	UniProtKB:Q86VB7	UniProtKB:Q2VLH6		HGNC:1631	CD163
CL:0000887	lymph node subcapsular sinus macrophage	RO:0015015	has high plasma membrane amount	high	False	PR:000001931	sialoadhesin	CD169 (exact)	UniProtKB:Q9BZZ2	UniProtKB:Q62230		HGNC:11127	SIGLEC1
CL:0000887	lymph node subcapsular sinus macrophage	RO:0015016	has low plasma membrane amount	low	False	PR:000001012	integrin alpha-M	CD11 (exact); CD11B (related); CD11b (exact)	UniProtKB:P11215	UniProtKB:P05555	IUPHARobj:2452	HGNC:6149	ITGAM
CL:0000887	lymph node subcapsular sinus macrophage	RO:0015016	has low plasma membrane amount	low	False	PR:000001813	adhesion G protein-coupled receptor E1		UniProtKB:Q14246	UniProtKB:Q61549	IUPHARobj:182; PIRSF:PIRSF038685	HGNC:3336	ADGRE1
CL:0000888	lymph node tingible body macrophage	RO:0015015	has high plasma membrane amount	high	False	PR:000001931	sialoadhesin	CD169 (exact)	UniProtKB:Q9BZZ2	UniProtKB:Q62230		HGNC:11127	SIGLEC1
CL:0000888	lymph node tingible body macrophage	RO:0015016	has low plasma membrane amount	low	False	PR:000001012	integrin alpha-M	CD11 (exact); CD11B (related); CD11b (exact)	UniProtKB:P11215	UniProtKB:P05555	IUPHARobj:2452	HGNC:6149	ITGAM
CL:0000888	lymph node tingible body macrophage	RO:0015016	has low plasma membrane amount	low	False	PR:000001813	adhesion G protein-coupled receptor E1		UniProtKB:Q14246	UniProtKB:Q61549	IUPHARobj:182; PIRSF:PIRSF038685	HGNC:3336	ADGRE1
CL:0000889	myeloid suppressor cell	RO:0002104	has plasma membrane part	positive	True	PR:000001006	receptor-type tyrosine-protein phosphatase C	CD45 (related)	UniProtKB:P08575	UniProtKB:P06800	IUPHARobj:1852; PIRSF:PIRSF002004	HGNC:9666	PTPRC
CL:0000889	myeloid suppressor cell	RO:0002104	has plasma membrane part	positive	True	PR:000001012	integrin alpha-M	CD11 (exact); CD11B (related); CD11b (exact)	UniProtKB:P11215	UniProtKB:P05555	IUPHARobj:2452	HGNC:6149	ITGAM
CL:0000890	M2 macrophage	RO:0002104	has plasma membrane part	positive	False	PR:000001012	integrin alpha-M	CD11 (exact); CD11B (related); CD11b (exact)	UniProtKB:P11215	UniProtKB:P05555	IUPHARobj:2452	HGNC:6149	ITGAM
CL:0000890	M2 macrophage	RO:0002104	has plasma membrane part	positive	False	PR:000001813	adhesion G protein-coupled receptor E1		UniProtKB:Q14246	UniProtKB:Q61549	IUPHARobj:182; PIRSF:PIRSF038685	HGNC:3336	ADGRE1
CL:0000890	M2 macrophage	BFO:0000051	has part	positive	True	PR:000001844	arginase-1		UniProtKB:P05089	UniProtKB:Q61176	IUPHARobj:1244	HGNC:663	ARG1
CL:0000890	M2 macrophage	RO:0002104	has plasma membrane part	positive	False	PR:000002064	macrosialin	CD68 (exact)	UniProtKB:P34810	UniProtKB:P31996		HGNC:1693	CD68
CL:0000894	DN1 thymic pro-T cell	CL:4030046	lacks_plasma_membrane_part	negative	True	PR:000001004	CD4 molecule	CD4 (label)	UniProtKB:P01730	UniProtKB:P06332	PIRSF:PIRSF001977	HGNC:1678	CD4
CL:0000894	DN1 thymic pro-T cell	CL:4030046	lacks_plasma_membrane_part	negative	True	PR:000001084	T-cell surface glycoprotein CD8 alpha chain	CD8 (label); CD8A (exact); CD8a (exact)	UniProtKB:P01732	UniProtKB:P01731		HGNC:1706	CD8A
CL:0000894	DN1 thymic pro-T cell	CL:4030046	lacks_plasma_membrane_part	negative	True	PR:000001380	interleukin-2 receptor subunit alpha	CD25 (exact)	UniProtKB:P01589	UniProtKB:P01590	IUPHARobj:1695; PIRSF:PIRSF001954	HGNC:6008	IL2RA
CL:0000894	DN1 thymic pro-T cell	RO:0002104	has plasma membrane part	positive	True	PR:000001307	CD44 molecule	CD44 (label); CDw44 (exact)	UniProtKB:P16070	UniProtKB:P15379		HGNC:1681	CD44
CL:0000895	naive thymus-derived CD4-positive, alpha-beta T cell	RO:0015015	has high plasma membrane amount	high	False	PR:000001318	L-selectin	CD62 (exact); CD62L (exact)	UniProtKB:P14151	UniProtKB:P18337	PIRSF:PIRSF002421	HGNC:10720	SELL
CL:0000895	naive thymus-derived CD4-positive, alpha-beta T cell	RO:0015016	has low plasma membrane amount	low	False	PR:000001307	CD44 molecule	CD44 (label); CDw44 (exact)	UniProtKB:P16070	UniProtKB:P15379		HGNC:1681	CD44
CL:0000895	naive thymus-derived CD4-positive, alpha-beta T cell	CL:4030046	lacks_plasma_membrane_part	negative	True	PR:000001380	interleukin-2 receptor subunit alpha	CD25 (exact)	UniProtKB:P01589	UniProtKB:P01590	IUPHARobj:1695; PIRSF:PIRSF001954	HGNC:6008	IL2RA
CL:0000895	naive thymus-derived CD4-positive, alpha-beta T cell	CL:4030046	lacks_plasma_membrane_part	negative	False	PR:000025402	T cell receptor co-receptor CD8	CD8 (label)					
CL:0000895	naive thymus-derived CD4-positive, alpha-beta T cell	RO:0002104	has plasma membrane part	positive	False	PR:000001004	CD4 molecule	CD4 (label)	UniProtKB:P01730	UniProtKB:P06332	PIRSF:PIRSF001977	HGNC:1678	CD4
CL:0000895	naive thymus-derived CD4-positive, alpha-beta T cell	RO:0002104	has plasma membrane part	positive	False	PR:000001006	receptor-type tyrosine-protein phosphatase C	CD45 (related)	UniProtKB:P08575	UniProtKB:P06800	IUPHARobj:1852; PIRSF:PIRSF002004	HGNC:9666	PTPRC
CL:0000895	naive thymus-derived CD4-positive, alpha-beta T cell	RO:0002104	has plasma membrane part	positive	False	PR:000001015	receptor-type tyrosine-protein phosphatase C isoform CD45RA	CD45RA (label)	UniProtKB:P08575-8				
CL:0000895	naive thymus-derived CD4-positive, alpha-beta T cell	RO:0002104	has plasma membrane part	positive	False	PR:000001203	C-C chemokine receptor type 7	CD197 (exact); CDw197 (exact)	UniProtKB:P32248	UniProtKB:P47774	IUPHARobj:64	HGNC:1608	CCR7
CL:0000895	naive thymus-derived CD4-positive, alpha-beta T cell	RO:0002104	has plasma membrane part	positive	False	PR:000001869	interleukin-7 receptor subunit alpha	CD127 (exact); CDw127 (exact)	UniProtKB:P16871	UniProtKB:P16872	IUPHARobj:1698; PIRSF:PIRSF001960	HGNC:6024	IL7R
CL:0000896	activated CD4-positive, alpha-beta T cell	CL:4030046	lacks_plasma_membrane_part	negative	True	PR:000001318	L-selectin	CD62 (exact); CD62L (exact)	UniProtKB:P14151	UniProtKB:P18337	PIRSF:PIRSF002421	HGNC:10720	SELL
CL:0000896	activated CD4-positive, alpha-beta T cell	CL:4030046	lacks_plasma_membrane_part	negative	True	PR:000001869	interleukin-7 receptor subunit alpha	CD127 (exact); CDw127 (exact)	UniProtKB:P16871	UniProtKB:P16872	IUPHARobj:1698; PIRSF:PIRSF001960	HGNC:6024	IL7R
CL:0000896	activated CD4-positive, alpha-beta T cell	CL:4030046	lacks_plasma_membrane_part	negative	False	PR:000025402	T cell receptor co-receptor CD8	CD8 (label)					
CL:0000896	activated CD4-positive, alpha-beta T cell	RO:0002104	has plasma membrane part	positive	False	PR:000001004	CD4 molecule	CD4 (label)	UniProtKB:P01730	UniProtKB:P06332	PIRSF:PIRSF001977	HGNC:1678	CD4
CL:0000896	activated CD4-positive, alpha-beta T cell	RO:0002104	has plasma membrane part	positive	True	PR:000001343	CD69 molecule	CD69 (label)	UniProtKB:Q07108	UniProtKB:P37217		HGNC:1694	CD69
CL:0000896	activated CD4-positive, alpha-beta T cell	RO:0002104	has plasma membrane part	positive	True	PR:000001380	interleukin-2 receptor subunit alpha	CD25 (exact)	UniProtKB:P01589	UniProtKB:P01590	IUPHARobj:1695; PIRSF:PIRSF001954	HGNC:6008	IL2RA
CL:0000897	CD4-positive, alpha-beta memory T cell	CL:4030046	lacks_plasma_membrane_part	negative	False	PR:000025402	T cell receptor co-receptor CD8	CD8 (label)					
CL:0000897	CD4-positive, alpha-beta memory T cell	RO:0002104	has plasma membrane part	positive	False	PR:000001004	CD4 molecule	CD4 (label)	UniProtKB:P01730	UniProtKB:P06332	PIRSF:PIRSF001977	HGNC:1678	CD4
CL:0000898	naive T cell	RO:0015015	has high plasma membrane amount	high	True	PR:000001318	L-selectin	CD62 (exact); CD62L (exact)	UniProtKB:P14151	UniProtKB:P18337	PIRSF:PIRSF002421	HGNC:10720	SELL
CL:0000898	naive T cell	RO:0015016	has low plasma membrane amount	low	True	PR:000001307	CD44 molecule	CD44 (label); CDw44 (exact)	UniProtKB:P16070	UniProtKB:P15379		HGNC:1681	CD44
CL:0000898	naive T cell	RO:0002104	has plasma membrane part	positive	False	PR:000001006	receptor-type tyrosine-protein phosphatase C	CD45 (related)	UniProtKB:P08575	UniProtKB:P06800	IUPHARobj:1852; PIRSF:PIRSF002004	HGNC:9666	PTPRC
CL:0000898	naive T cell	RO:0002104	has plasma membrane part	positive	True	PR:000001015	receptor-type tyrosine-protein phosphatase C isoform CD45RA	CD45RA (label)	UniProtKB:P08575-8				
CL:0000898	naive T cell	RO:0002104	has plasma membrane part	positive	True	PR:000001203	C-C chemokine receptor type 7	CD197 (exact); CDw197 (exact)	UniProtKB:P32248	UniProtKB:P47774	IUPHARobj:64	HGNC:1608	CCR7
CL:0000898	naive T cell	RO:0002104	has plasma membrane part	positive	True	PR:000001869	interleukin-7 receptor subunit alpha	CD127 (exact); CDw127 (exact)	UniProtKB:P16871	UniProtKB:P16872	IUPHARobj:1698; PIRSF:PIRSF001960	HGNC:6024	IL7R
CL:0000899	T-helper 17 cell	CL:4030046	lacks_plasma_membrane_part	negative	True	PR:000001207	C-X-C chemokine receptor type 3	CD183 (exact)	UniProtKB:P49682	UniProtKB:O88410	IUPHARobj:70; PIRSF:PIRSF501023	HGNC:4540	CXCR3
CL:0000899	T-helper 17 cell	CL:4030046	lacks_plasma_membrane_part	negative	False	PR:000025402	T cell receptor co-receptor CD8	CD8 (label)					
CL:0000899	T-helper 17 cell	RO:0002104	has plasma membrane part	positive	False	PR:000001004	CD4 molecule	CD4 (label)	UniProtKB:P01730	UniProtKB:P06332	PIRSF:PIRSF001977	HGNC:1678	CD4
CL:0000899	T-helper 17 cell	RO:0002104	has plasma membrane part	positive	True	PR:000001202	C-C chemokine receptor type 6	CD196 (exact)	UniProtKB:P51684	UniProtKB:O54689	IUPHARobj:63	HGNC:1607	CCR6
CL:0000899	T-helper 17 cell	BFO:0000051	has part	positive	True	PR:000003455	nuclear receptor ROR-gamma isoform 2			UniProtKB:P51450-2			
CL:0000900	naive thymus-derived CD8-positive, alpha-beta T cell	RO:0015015	has high plasma membrane amount	high	False	PR:000001318	L-selectin	CD62 (exact); CD62L (exact)	UniProtKB:P14151	UniProtKB:P18337	PIRSF:PIRSF002421	HGNC:10720	SELL
CL:0000900	naive thymus-derived CD8-positive, alpha-beta T cell	RO:0015016	has low plasma membrane amount	low	False	PR:000001307	CD44 molecule	CD44 (label); CDw44 (exact)	UniProtKB:P16070	UniProtKB:P15379		HGNC:1681	CD44
CL:0000900	naive thymus-derived CD8-positive, alpha-beta T cell	CL:4030046	lacks_plasma_membrane_part	negative	False	PR:000001004	CD4 molecule	CD4 (label)	UniProtKB:P01730	UniProtKB:P06332	PIRSF:PIRSF001977	HGNC:1678	CD4
CL:0000900	naive thymus-derived CD8-positive, alpha-beta T cell	CL:4030046	lacks_plasma_membrane_part	negative	True	PR:000001380	interleukin-2 receptor subunit alpha	CD25 (exact)	UniProtKB:P01589	UniProtKB:P01590	IUPHARobj:1695; PIRSF:PIRSF001954	HGNC:6008	IL2RA
CL:0000900	naive thymus-derived CD8-positive, alpha-beta T cell	RO:0002104	has plasma membrane part	positive	False	PR:000001006	receptor-type tyrosine-protein phosphatase C	CD45 (related)	UniProtKB:P08575	UniProtKB:P06800	IUPHARobj:1852; PIRSF:PIRSF002004	HGNC:9666	PTPRC
CL:0000900	naive thymus-derived CD8-positive, alpha-beta T cell	RO:0002104	has plasma membrane part	positive	False	PR:000001015	receptor-type tyrosine-protein phosphatase C isoform CD45RA	CD45RA (label)	UniProtKB:P08575-8				
CL:0000900	naive thymus-derived CD8-positive, alpha-beta T cell	BFO:0000051	has part	positive	False	PR:000001084	T-cell surface glycoprotein CD8 alpha chain	CD8 (label); CD8A (exact); CD8a (exact)	UniProtKB:P01732	UniProtKB:P01731		HGNC:1706	CD8A
CL:0000900	naive thymus-derived CD8-positive, alpha-beta T cell	RO:0002104	has plasma membrane part	positive	False	PR:000001203	C-C chemokine receptor type 7	CD197 (exact); CDw197 (exact)	UniProtKB:P32248	UniProtKB:P47774	IUPHARobj:64	HGNC:1608	CCR7
CL:0000900	naive thymus-derived CD8-positive, alpha-beta T cell	RO:0002104	has plasma membrane part	positive	False	PR:000001869	interleukin-7 receptor subunit alpha	CD127 (exact); CDw127 (exact)	UniProtKB:P16871	UniProtKB:P16872	IUPHARobj:1698; PIRSF:PIRSF001960	HGNC:6024	IL7R
CL:0000900	naive thymus-derived CD8-positive, alpha-beta T cell	RO:0002104	has plasma membrane part	positive	False	PR:000025402	T cell receptor co-receptor CD8	CD8 (label)					
CL:0000900	naive thymus-derived CD8-positive, alpha-beta T cell	BFO:0000051	has part	positive	False	PR:000025403	T-cell surface glycoprotein CD8 alpha chain isoform 1	CD8 (label); CD8A (exact)	UniProtKB:P01732-1				
CL:0000901	Tr1 cell	CL:4030046	lacks_plasma_membrane_part	negative	False	PR:000025402	T cell receptor co-receptor CD8	CD8 (label)					
CL:0000901	Tr1 cell	RO:0002104	has plasma membrane part	positive	False	PR:000001004	CD4 molecule	CD4 (label)	UniProtKB:P01730	UniProtKB:P06332	PIRSF:PIRSF001977	HGNC:1678	CD4
CL:0000902	induced T-regulatory cell	RO:0015016	has low plasma membrane amount	low	False	PR:000001869	interleukin-7 receptor subunit alpha	CD127 (exact); CDw127 (exact)	UniProtKB:P16871	UniProtKB:P16872	IUPHARobj:1698; PIRSF:PIRSF001960	HGNC:6024	IL7R
CL:0000902	induced T-regulatory cell	CL:4030046	lacks_plasma_membrane_part	negative	False	PR:000025402	T cell receptor co-receptor CD8	CD8 (label)					
CL:0000902	induced T-regulatory cell	RO:0002104	has plasma membrane part	positive	False	PR:000001004	CD4 molecule	CD4 (label)	UniProtKB:P01730	UniProtKB:P06332	PIRSF:PIRSF001977	HGNC:1678	CD4
CL:0000902	induced T-regulatory cell	BFO:0000051	has part	positive	True	PR:000001350	forkhead box protein P3		UniProtKB:Q9BZS1	UniProtKB:Q99JB6		HGNC:6106	FOXP3
CL:0000902	induced T-regulatory cell	RO:0002104	has plasma membrane part	positive	False	PR:000001380	interleukin-2 receptor subunit alpha	CD25 (exact)	UniProtKB:P01589	UniProtKB:P01590	IUPHARobj:1695; PIRSF:PIRSF001954	HGNC:6008	IL2RA
CL:0000902	induced T-regulatory cell	RO:0002104	has plasma membrane part	positive	True	PR:000001852	cytotoxic T-lymphocyte protein 4	CD152 (related)	UniProtKB:P16410	UniProtKB:P09793	IUPHARobj:2743	HGNC:2505	CTLA4
CL:0000903	natural T-regulatory cell	RO:0015016	has low plasma membrane amount	low	False	PR:000001869	interleukin-7 receptor subunit alpha	CD127 (exact); CDw127 (exact)	UniProtKB:P16871	UniProtKB:P16872	IUPHARobj:1698; PIRSF:PIRSF001960	HGNC:6024	IL7R
CL:0000903	natural T-regulatory cell	CL:4030046	lacks_plasma_membrane_part	negative	False	PR:000025402	T cell receptor co-receptor CD8	CD8 (label)					
CL:0000903	natural T-regulatory cell	RO:0002104	has plasma membrane part	positive	False	PR:000001004	CD4 molecule	CD4 (label)	UniProtKB:P01730	UniProtKB:P06332	PIRSF:PIRSF001977	HGNC:1678	CD4
CL:0000903	natural T-regulatory cell	RO:0002104	has plasma membrane part	positive	True	PR:000001318	L-selectin	CD62 (exact); CD62L (exact)	UniProtKB:P14151	UniProtKB:P18337	PIRSF:PIRSF002421	HGNC:10720	SELL
CL:0000903	natural T-regulatory cell	BFO:0000051	has part	positive	True	PR:000001350	forkhead box protein P3		UniProtKB:Q9BZS1	UniProtKB:Q99JB6		HGNC:6106	FOXP3
CL:0000903	natural T-regulatory cell	RO:0002104	has plasma membrane part	positive	False	PR:000001380	interleukin-2 receptor subunit alpha	CD25 (exact)	UniProtKB:P01589	UniProtKB:P01590	IUPHARobj:1695; PIRSF:PIRSF001954	HGNC:6008	IL2RA
CL:0000903	natural T-regulatory cell	RO:0002104	has plasma membrane part	positive	True	PR:000001852	cytotoxic T-lymphocyte protein 4	CD152 (related)	UniProtKB:P16410	UniProtKB:P09793	IUPHARobj:2743	HGNC:2505	CTLA4
CL:0000904	central memory CD4-positive, alpha-beta T cell	CL:4030046	lacks_plasma_membrane_part	negative	False	PR:000001006	receptor-type tyrosine-protein phosphatase C	CD45 (related)	UniProtKB:P08575	UniProtKB:P06800	IUPHARobj:1852; PIRSF:PIRSF002004	HGNC:9666	PTPRC
CL:0000904	central memory CD4-positive, alpha-beta T cell	CL:4030046	lacks_plasma_membrane_part	negative	True	PR:000001015	receptor-type tyrosine-protein phosphatase C isoform CD45RA	CD45RA (label)	UniProtKB:P08575-8				
CL:0000904	central memory CD4-positive, alpha-beta T cell	CL:4030046	lacks_plasma_membrane_part	negative	False	PR:000001380	interleukin-2 receptor subunit alpha	CD25 (exact)	UniProtKB:P01589	UniProtKB:P01590	IUPHARobj:1695; PIRSF:PIRSF001954	HGNC:6008	IL2RA
CL:0000904	central memory CD4-positive, alpha-beta T cell	CL:4030046	lacks_plasma_membrane_part	negative	False	PR:000025402	T cell receptor co-receptor CD8	CD8 (label)					
CL:0000904	central memory CD4-positive, alpha-beta T cell	RO:0002104	has plasma membrane part	positive	False	PR:000001004	CD4 molecule	CD4 (label)	UniProtKB:P01730	UniProtKB:P06332	PIRSF:PIRSF001977	HGNC:1678	CD4
CL:0000904	central memory CD4-positive, alpha-beta T cell	RO:0002104	has plasma membrane part	positive	False	PR:000001006	receptor-type tyrosine-protein phosphatase C	CD45 (related)	UniProtKB:P08575	UniProtKB:P06800	IUPHARobj:1852; PIRSF:PIRSF002004	HGNC:9666	PTPRC
CL:0000904	central memory CD4-positive, alpha-beta T cell	RO:0002104	has plasma membrane part	positive	False	PR:000001017	receptor-type tyrosine-protein phosphatase C isoform CD45RO	CD45RO (label)	UniProtKB:P08575-4				
CL:0000904	central memory CD4-positive, alpha-beta T cell	RO:0002104	has plasma membrane part	positive	True	PR:000001203	C-C chemokine receptor type 7	CD197 (exact); CDw197 (exact)	UniProtKB:P32248	UniProtKB:P47774	IUPHARobj:64	HGNC:1608	CCR7
CL:0000904	central memory CD4-positive, alpha-beta T cell	RO:0002104	has plasma membrane part	positive	False	PR:000001869	interleukin-7 receptor subunit alpha	CD127 (exact); CDw127 (exact)	UniProtKB:P16871	UniProtKB:P16872	IUPHARobj:1698; PIRSF:PIRSF001960	HGNC:6024	IL7R
CL:0000905	effector memory CD4-positive, alpha-beta T cell	CL:4030046	lacks_plasma_membrane_part	negative	False	PR:000001006	receptor-type tyrosine-protein phosphatase C	CD45 (related)	UniProtKB:P08575	UniProtKB:P06800	IUPHARobj:1852; PIRSF:PIRSF002004	HGNC:9666	PTPRC
CL:0000905	effector memory CD4-positive, alpha-beta T cell	CL:4030046	lacks_plasma_membrane_part	negative	True	PR:000001015	receptor-type tyrosine-protein phosphatase C isoform CD45RA	CD45RA (label)	UniProtKB:P08575-8				
CL:0000905	effector memory CD4-positive, alpha-beta T cell	CL:4030046	lacks_plasma_membrane_part	negative	True	PR:000001203	C-C chemokine receptor type 7	CD197 (exact); CDw197 (exact)	UniProtKB:P32248	UniProtKB:P47774	IUPHARobj:64	HGNC:1608	CCR7
CL:0000905	effector memory CD4-positive, alpha-beta T cell	CL:4030046	lacks_plasma_membrane_part	negative	False	PR:000001380	interleukin-2 receptor subunit alpha	CD25 (exact)	UniProtKB:P01589	UniProtKB:P01590	IUPHARobj:1695; PIRSF:PIRSF001954	HGNC:6008	IL2RA
CL:0000905	effector memory CD4-positive, alpha-beta T cell	CL:4030046	lacks_plasma_membrane_part	negative	False	PR:000025402	T cell receptor co-receptor CD8	CD8 (label)					
CL:0000905	effector memory CD4-positive, alpha-beta T cell	RO:0002104	has plasma membrane part	positive	False	PR:000001004	CD4 molecule	CD4 (label)	UniProtKB:P01730	UniProtKB:P06332	PIRSF:PIRSF001977	HGNC:1678	CD4
CL:0000905	effector memory CD4-positive, alpha-beta T cell	RO:0002104	has plasma membrane part	positive	False	PR:000001006	receptor-type tyrosine-protein phosphatase C	CD45 (related)	UniProtKB:P08575	UniProtKB:P06800	IUPHARobj:1852; PIRSF:PIRSF002004	HGNC:9666	PTPRC
CL:0000905	effector memory CD4-positive, alpha-beta T cell	RO:0002104	has plasma membrane part	positive	False	PR:000001017	receptor-type tyrosine-protein phosphatase C isoform CD45RO	CD45RO (label)	UniProtKB:P08575-4				
CL:0000905	effector memory CD4-positive, alpha-beta T cell	RO:0002104	has plasma membrane part	positive	False	PR:000001869	interleukin-7 receptor subunit alpha	CD127 (exact); CDw127 (exact)	UniProtKB:P16871	UniProtKB:P16872	IUPHARobj:1698; PIRSF:PIRSF001960	HGNC:6024	IL7R
CL:0000906	activated CD8-positive, alpha-beta T cell	CL:4030046	lacks_plasma_membrane_part	negative	False	PR:000001004	CD4 molecule	CD4 (label)	UniProtKB:P01730	UniProtKB:P06332	PIRSF:PIRSF001977	HGNC:1678	CD4
CL:0000906	activated CD8-positive, alpha-beta T cell	CL:4030046	lacks_plasma_membrane_part	negative	True	PR:000001203	C-C chemokine receptor type 7	CD197 (exact); CDw197 (exact)	UniProtKB:P32248	UniProtKB:P47774	IUPHARobj:64	HGNC:1608	CCR7
CL:0000906	activated CD8-positive, alpha-beta T cell	CL:4030046	lacks_plasma_membrane_part	negative	True	PR:000001318	L-selectin	CD62 (exact); CD62L (exact)	UniProtKB:P14151	UniProtKB:P18337	PIRSF:PIRSF002421	HGNC:10720	SELL
CL:0000906	activated CD8-positive, alpha-beta T cell	CL:4030046	lacks_plasma_membrane_part	negative	True	PR:000001869	interleukin-7 receptor subunit alpha	CD127 (exact); CDw127 (exact)	UniProtKB:P16871	UniProtKB:P16872	IUPHARobj:1698; PIRSF:PIRSF001960	HGNC:6024	IL7R
CL:0000906	activated CD8-positive, alpha-beta T cell	BFO:0000051	has part	positive	False	PR:000001084	T-cell surface glycoprotein CD8 alpha chain	CD8 (label); CD8A (exact); CD8a (exact)	UniProtKB:P01732	UniProtKB:P01731		HGNC:1706	CD8A
CL:0000906	activated CD8-positive, alpha-beta T cell	RO:0002104	has plasma membrane part	positive	True	PR:000001343	CD69 molecule	CD69 (label)	UniProtKB:Q07108	UniProtKB:P37217		HGNC:1694	CD69
CL:0000906	activated CD8-positive, alpha-beta T cell	RO:0002104	has plasma membrane part	positive	True	PR:000001380	interleukin-2 receptor subunit alpha	CD25 (exact)	UniProtKB:P01589	UniProtKB:P01590	IUPHARobj:1695; PIRSF:PIRSF001954	HGNC:6008	IL2RA
CL:0000906	activated CD8-positive, alpha-beta T cell	RO:0002104	has plasma membrane part	positive	False	PR:000025402	T cell receptor co-receptor CD8	CD8 (label)					
CL:0000906	activated CD8-positive, alpha-beta T cell	BFO:0000051	has part	positive	False	PR:000025403	T-cell surface glycoprotein CD8 alpha chain isoform 1	CD8 (label); CD8A (exact)	UniProtKB:P01732-1				
CL:0000907	central memory CD8-positive, alpha-beta T cell	CL:4030046	lacks_plasma_membrane_part	negative	False	PR:000001004	CD4 molecule	CD4 (label)	UniProtKB:P01730	UniProtKB:P06332	PIRSF:PIRSF001977	HGNC:1678	CD4
CL:0000907	central memory CD8-positive, alpha-beta T cell	CL:4030046	lacks_plasma_membrane_part	negative	False	PR:000001006	receptor-type tyrosine-protein phosphatase C	CD45 (related)	UniProtKB:P08575	UniProtKB:P06800	IUPHARobj:1852; PIRSF:PIRSF002004	HGNC:9666	PTPRC
CL:0000907	central memory CD8-positive, alpha-beta T cell	CL:4030046	lacks_plasma_membrane_part	negative	True	PR:000001015	receptor-type tyrosine-protein phosphatase C isoform CD45RA	CD45RA (label)	UniProtKB:P08575-8				
CL:0000907	central memory CD8-positive, alpha-beta T cell	CL:4030046	lacks_plasma_membrane_part	negative	False	PR:000001380	interleukin-2 receptor subunit alpha	CD25 (exact)	UniProtKB:P01589	UniProtKB:P01590	IUPHARobj:1695; PIRSF:PIRSF001954	HGNC:6008	IL2RA
CL:0000907	central memory CD8-positive, alpha-beta T cell	RO:0002104	has plasma membrane part	positive	False	PR:000001006	receptor-type tyrosine-protein phosphatase C	CD45 (related)	UniProtKB:P08575	UniProtKB:P06800	IUPHARobj:1852; PIRSF:PIRSF002004	HGNC:9666	PTPRC
CL:0000907	central memory CD8-positive, alpha-beta T cell	RO:0002104	has plasma membrane part	positive	False	PR:000001017	receptor-type tyrosine-protein phosphatase C isoform CD45RO	CD45RO (label)	UniProtKB:P08575-4				
CL:0000907	central memory CD8-positive, alpha-beta T cell	BFO:0000051	has part	positive	False	PR:000001084	T-cell surface glycoprotein CD8 alpha chain	CD8 (label); CD8A (exact); CD8a (exact)	UniProtKB:P01732	UniProtKB:P01731		HGNC:1706	CD8A
CL:0000907	central memory CD8-positive, alpha-beta T cell	RO:0002104	has plasma membrane part	positive	True	PR:000001203	C-C chemokine receptor type 7	CD197 (exact); CDw197 (exact)	UniProtKB:P32248	UniProtKB:P47774	IUPHARobj:64	HGNC:1608	CCR7
CL:0000907	central memory CD8-positive, alpha-beta T cell	RO:0002104	has plasma membrane part	positive	False	PR:000001869	interleukin-7 receptor subunit alpha	CD127 (exact); CDw127 (exact)	UniProtKB:P16871	UniProtKB:P16872	IUPHARobj:1698; PIRSF:PIRSF001960	HGNC:6024	IL7R
CL:0000907	central memory CD8-positive, alpha-beta T cell	RO:0002104	has plasma membrane part	positive	False	PR:000025402	T cell receptor co-receptor CD8	CD8 (label)					
CL:0000907	central memory CD8-positive, alpha-beta T cell	BFO:0000051	has part	positive	False	PR:000025403	T-cell surface glycoprotein CD8 alpha chain isoform 1	CD8 (label); CD8A (exact)	UniProtKB:P01732-1				
CL:0000908	CD8-positive, alpha-beta cytokine secreting effector T cell	CL:4030046	lacks_plasma_membrane_part	negative	False	PR:000001004	CD4 molecule	CD4 (label)	UniProtKB:P01730	UniProtKB:P06332	PIRSF:PIRSF001977	HGNC:1678	CD4
CL:0000908	CD8-positive, alpha-beta cytokine secreting effector T cell	CL:4030046	lacks_plasma_membrane_part	negative	True	PR:000001318	L-selectin	CD62 (exact); CD62L (exact)	UniProtKB:P14151	UniProtKB:P18337	PIRSF:PIRSF002421	HGNC:10720	SELL
CL:0000908	CD8-positive, alpha-beta cytokine secreting effector T cell	CL:4030046	lacks_plasma_membrane_part	negative	True	PR:000001869	interleukin-7 receptor subunit alpha	CD127 (exact); CDw127 (exact)	UniProtKB:P16871	UniProtKB:P16872	IUPHARobj:1698; PIRSF:PIRSF001960	HGNC:6024	IL7R
CL:0000908	CD8-positive, alpha-beta cytokine secreting effector T cell	BFO:0000051	has part	positive	False	PR:000001084	T-cell surface glycoprotein CD8 alpha chain	CD8 (label); CD8A (exact); CD8a (exact)	UniProtKB:P01732	UniProtKB:P01731		HGNC:1706	CD8A
CL:0000908	CD8-positive, alpha-beta cytokine secreting effector T cell	RO:0002104	has plasma membrane part	positive	True	PR:000001343	CD69 molecule	CD69 (label)	UniProtKB:Q07108	UniProtKB:P37217		HGNC:1694	CD69
CL:0000908	CD8-positive, alpha-beta cytokine secreting effector T cell	RO:0002104	has plasma membrane part	positive	True	PR:000001380	interleukin-2 receptor subunit alpha	CD25 (exact)	UniProtKB:P01589	UniProtKB:P01590	IUPHARobj:1695; PIRSF:PIRSF001954	HGNC:6008	IL2RA
CL:0000908	CD8-positive, alpha-beta cytokine secreting effector T cell	RO:0002104	has plasma membrane part	positive	False	PR:000025402	T cell receptor co-receptor CD8	CD8 (label)					
CL:0000908	CD8-positive, alpha-beta cytokine secreting effector T cell	BFO:0000051	has part	positive	False	PR:000025403	T-cell surface glycoprotein CD8 alpha chain isoform 1	CD8 (label); CD8A (exact)	UniProtKB:P01732-1				
CL:0000909	CD8-positive, alpha-beta memory T cell	CL:4030046	lacks_plasma_membrane_part	negative	False	PR:000001004	CD4 molecule	CD4 (label)	UniProtKB:P01730	UniProtKB:P06332	PIRSF:PIRSF001977	HGNC:1678	CD4
CL:0000909	CD8-positive, alpha-beta memory T cell	BFO:0000051	has part	positive	False	PR:000001084	T-cell surface glycoprotein CD8 alpha chain	CD8 (label); CD8A (exact); CD8a (exact)	UniProtKB:P01732	UniProtKB:P01731		HGNC:1706	CD8A
CL:0000909	CD8-positive, alpha-beta memory T cell	RO:0002104	has plasma membrane part	positive	False	PR:000025402	T cell receptor co-receptor CD8	CD8 (label)					
CL:0000909	CD8-positive, alpha-beta memory T cell	BFO:0000051	has part	positive	False	PR:000025403	T-cell surface glycoprotein CD8 alpha chain isoform 1	CD8 (label); CD8A (exact)	UniProtKB:P01732-1				
CL:0000913	effector memory CD8-positive, alpha-beta T cell	CL:4030046	lacks_plasma_membrane_part	negative	False	PR:000001004	CD4 molecule	CD4 (label)	UniProtKB:P01730	UniProtKB:P06332	PIRSF:PIRSF001977	HGNC:1678	CD4
CL:0000913	effector memory CD8-positive, alpha-beta T cell	CL:4030046	lacks_plasma_membrane_part	negative	False	PR:000001006	receptor-type tyrosine-protein phosphatase C	CD45 (related)	UniProtKB:P08575	UniProtKB:P06800	IUPHARobj:1852; PIRSF:PIRSF002004	HGNC:9666	PTPRC
CL:0000913	effector memory CD8-positive, alpha-beta T cell	CL:4030046	lacks_plasma_membrane_part	negative	True	PR:000001015	receptor-type tyrosine-protein phosphatase C isoform CD45RA	CD45RA (label)	UniProtKB:P08575-8				
CL:0000913	effector memory CD8-positive, alpha-beta T cell	CL:4030046	lacks_plasma_membrane_part	negative	True	PR:000001203	C-C chemokine receptor type 7	CD197 (exact); CDw197 (exact)	UniProtKB:P32248	UniProtKB:P47774	IUPHARobj:64	HGNC:1608	CCR7
CL:0000913	effector memory CD8-positive, alpha-beta T cell	CL:4030046	lacks_plasma_membrane_part	negative	False	PR:000001380	interleukin-2 receptor subunit alpha	CD25 (exact)	UniProtKB:P01589	UniProtKB:P01590	IUPHARobj:1695; PIRSF:PIRSF001954	HGNC:6008	IL2RA
CL:0000913	effector memory CD8-positive, alpha-beta T cell	RO:0002104	has plasma membrane part	positive	False	PR:000001006	receptor-type tyrosine-protein phosphatase C	CD45 (related)	UniProtKB:P08575	UniProtKB:P06800	IUPHARobj:1852; PIRSF:PIRSF002004	HGNC:9666	PTPRC
CL:0000913	effector memory CD8-positive, alpha-beta T cell	RO:0002104	has plasma membrane part	positive	False	PR:000001017	receptor-type tyrosine-protein phosphatase C isoform CD45RO	CD45RO (label)	UniProtKB:P08575-4				
CL:0000913	effector memory CD8-positive, alpha-beta T cell	BFO:0000051	has part	positive	False	PR:000001084	T-cell surface glycoprotein CD8 alpha chain	CD8 (label); CD8A (exact); CD8a (exact)	UniProtKB:P01732	UniProtKB:P01731		HGNC:1706	CD8A
CL:0000913	effector memory CD8-positive, alpha-beta T cell	RO:0002104	has plasma membrane part	positive	False	PR:000001869	interleukin-7 receptor subunit alpha	CD127 (exact); CDw127 (exact)	UniProtKB:P16871	UniProtKB:P16872	IUPHARobj:1698; PIRSF:PIRSF001960	HGNC:6024	IL7R
CL:0000913	effector memory CD8-positive, alpha-beta T cell	RO:0002104	has plasma membrane part	positive	False	PR:000025402	T cell receptor co-receptor CD8	CD8 (label)					
CL:0000913	effector memory CD8-positive, alpha-beta T cell	BFO:0000051	has part	positive	False	PR:000025403	T-cell surface glycoprotein CD8 alpha chain isoform 1	CD8 (label); CD8A (exact)	UniProtKB:P01732-1				
CL:0000914	immature NK T cell	BFO:0000051	has part	positive	True	PR:000003469	early growth response protein 2		UniProtKB:P11161	UniProtKB:P08152		HGNC:3239	EGR2
CL:0000915	CD8-alpha-alpha-positive, alpha-beta intraepithelial T cell	CL:4030046	lacks_plasma_membrane_part	negative	True	PR:000001083	CD2 molecule	CD2 (label)	UniProtKB:P06729	UniProtKB:P08920	IUPHARobj:2600; PIRSF:PIRSF001984	HGNC:1639	CD2
CL:0000915	CD8-alpha-alpha-positive, alpha-beta intraepithelial T cell	CL:4030046	lacks_plasma_membrane_part	negative	True	PR:000001839	T-cell surface glycoprotein CD5	CD5 (label)	UniProtKB:P06127	UniProtKB:P13379		HGNC:1685	CD5
CL:0000915	CD8-alpha-alpha-positive, alpha-beta intraepithelial T cell	RO:0002104	has plasma membrane part	positive	True	PR:000001084	T-cell surface glycoprotein CD8 alpha chain	CD8 (label); CD8A (exact); CD8a (exact)	UniProtKB:P01732	UniProtKB:P01731		HGNC:1706	CD8A
CL:0000917	Tc1 cell	CL:4030046	lacks_plasma_membrane_part	negative	False	PR:000001004	CD4 molecule	CD4 (label)	UniProtKB:P01730	UniProtKB:P06332	PIRSF:PIRSF001977	HGNC:1678	CD4
CL:0000917	Tc1 cell	CL:4030046	lacks_plasma_membrane_part	negative	True	PR:000001202	C-C chemokine receptor type 6	CD196 (exact)	UniProtKB:P51684	UniProtKB:O54689	IUPHARobj:63	HGNC:1607	CCR6
CL:0000917	Tc1 cell	CL:4030046	lacks_plasma_membrane_part	negative	False	PR:000001318	L-selectin	CD62 (exact); CD62L (exact)	UniProtKB:P14151	UniProtKB:P18337	PIRSF:PIRSF002421	HGNC:10720	SELL
CL:0000917	Tc1 cell	CL:4030046	lacks_plasma_membrane_part	negative	False	PR:000001869	interleukin-7 receptor subunit alpha	CD127 (exact); CDw127 (exact)	UniProtKB:P16871	UniProtKB:P16872	IUPHARobj:1698; PIRSF:PIRSF001960	HGNC:6024	IL7R
CL:0000917	Tc1 cell	BFO:0000051	has part	positive	False	PR:000001084	T-cell surface glycoprotein CD8 alpha chain	CD8 (label); CD8A (exact); CD8a (exact)	UniProtKB:P01732	UniProtKB:P01731		HGNC:1706	CD8A
CL:0000917	Tc1 cell	RO:0002104	has plasma membrane part	positive	True	PR:000001207	C-X-C chemokine receptor type 3	CD183 (exact)	UniProtKB:P49682	UniProtKB:O88410	IUPHARobj:70; PIRSF:PIRSF501023	HGNC:4540	CXCR3
CL:0000917	Tc1 cell	RO:0002104	has plasma membrane part	positive	False	PR:000001343	CD69 molecule	CD69 (label)	UniProtKB:Q07108	UniProtKB:P37217		HGNC:1694	CD69
CL:0000917	Tc1 cell	RO:0002104	has plasma membrane part	positive	False	PR:000001380	interleukin-2 receptor subunit alpha	CD25 (exact)	UniProtKB:P01589	UniProtKB:P01590	IUPHARobj:1695; PIRSF:PIRSF001954	HGNC:6008	IL2RA
CL:0000917	Tc1 cell	BFO:0000051	has part	positive	True	PR:000001835	T-box transcription factor TBX21		UniProtKB:Q9UL17	UniProtKB:Q9JKD8		HGNC:11599	TBX21
CL:0000917	Tc1 cell	BFO:0000051	has part	positive	True	PR:000003463	eomesodermin		UniProtKB:O95936	UniProtKB:O54839		HGNC:3372	EOMES
CL:0000917	Tc1 cell	RO:0002104	has plasma membrane part	positive	False	PR:000025402	T cell receptor co-receptor CD8	CD8 (label)					
CL:0000917	Tc1 cell	BFO:0000051	has part	positive	False	PR:000025403	T-cell surface glycoprotein CD8 alpha chain isoform 1	CD8 (label); CD8A (exact)	UniProtKB:P01732-1				
CL:0000918	Tc2 cell	CL:4030046	lacks_plasma_membrane_part	negative	False	PR:000001004	CD4 molecule	CD4 (label)	UniProtKB:P01730	UniProtKB:P06332	PIRSF:PIRSF001977	HGNC:1678	CD4
CL:0000918	Tc2 cell	CL:4030046	lacks_plasma_membrane_part	negative	False	PR:000001202	C-C chemokine receptor type 6	CD196 (exact)	UniProtKB:P51684	UniProtKB:O54689	IUPHARobj:63	HGNC:1607	CCR6
CL:0000918	Tc2 cell	CL:4030046	lacks_plasma_membrane_part	negative	False	PR:000001207	C-X-C chemokine receptor type 3	CD183 (exact)	UniProtKB:P49682	UniProtKB:O88410	IUPHARobj:70; PIRSF:PIRSF501023	HGNC:4540	CXCR3
CL:0000918	Tc2 cell	CL:4030046	lacks_plasma_membrane_part	negative	False	PR:000001318	L-selectin	CD62 (exact); CD62L (exact)	UniProtKB:P14151	UniProtKB:P18337	PIRSF:PIRSF002421	HGNC:10720	SELL
CL:0000918	Tc2 cell	CL:4030046	lacks_plasma_membrane_part	negative	False	PR:000001869	interleukin-7 receptor subunit alpha	CD127 (exact); CDw127 (exact)	UniProtKB:P16871	UniProtKB:P16872	IUPHARobj:1698; PIRSF:PIRSF001960	HGNC:6024	IL7R
CL:0000918	Tc2 cell	BFO:0000051	has part	positive	False	PR:000001084	T-cell surface glycoprotein CD8 alpha chain	CD8 (label); CD8A (exact); CD8a (exact)	UniProtKB:P01732	UniProtKB:P01731		HGNC:1706	CD8A
CL:0000918	Tc2 cell	RO:0002104	has plasma membrane part	positive	False	PR:000001343	CD69 molecule	CD69 (label)	UniProtKB:Q07108	UniProtKB:P37217		HGNC:1694	CD69
CL:0000918	Tc2 cell	RO:0002104	has plasma membrane part	positive	False	PR:000001380	interleukin-2 receptor subunit alpha	CD25 (exact)	UniProtKB:P01589	UniProtKB:P01590	IUPHARobj:1695; PIRSF:PIRSF001954	HGNC:6008	IL2RA
CL:0000918	Tc2 cell	BFO:0000051	has part	positive	True	PR:000001941	trans-acting T-cell-specific transcription factor GATA-3		UniProtKB:P23771	UniProtKB:P23772		HGNC:4172	GATA3
CL:0000918	Tc2 cell	RO:0002104	has plasma membrane part	positive	False	PR:000025402	T cell receptor co-receptor CD8	CD8 (label)					
CL:0000918	Tc2 cell	BFO:0000051	has part	positive	False	PR:000025403	T-cell surface glycoprotein CD8 alpha chain isoform 1	CD8 (label); CD8A (exact)	UniProtKB:P01732-1				
CL:0000919	CD8-positive, CD25-positive, alpha-beta regulatory T cell	CL:4030046	lacks_plasma_membrane_part	negative	False	PR:000001004	CD4 molecule	CD4 (label)	UniProtKB:P01730	UniProtKB:P06332	PIRSF:PIRSF001977	HGNC:1678	CD4
CL:0000919	CD8-positive, CD25-positive, alpha-beta regulatory T cell	BFO:0000051	has part	positive	False	PR:000001084	T-cell surface glycoprotein CD8 alpha chain	CD8 (label); CD8A (exact); CD8a (exact)	UniProtKB:P01732	UniProtKB:P01731		HGNC:1706	CD8A
CL:0000919	CD8-positive, CD25-positive, alpha-beta regulatory T cell	BFO:0000051	has part	positive	True	PR:000001350	forkhead box protein P3		UniProtKB:Q9BZS1	UniProtKB:Q99JB6		HGNC:6106	FOXP3
CL:0000919	CD8-positive, CD25-positive, alpha-beta regulatory T cell	RO:0002104	has plasma membrane part	positive	True	PR:000001380	interleukin-2 receptor subunit alpha	CD25 (exact)	UniProtKB:P01589	UniProtKB:P01590	IUPHARobj:1695; PIRSF:PIRSF001954	HGNC:6008	IL2RA
CL:0000919	CD8-positive, CD25-positive, alpha-beta regulatory T cell	RO:0002104	has plasma membrane part	positive	False	PR:000025402	T cell receptor co-receptor CD8	CD8 (label)					
CL:0000919	CD8-positive, CD25-positive, alpha-beta regulatory T cell	BFO:0000051	has part	positive	False	PR:000025403	T-cell surface glycoprotein CD8 alpha chain isoform 1	CD8 (label); CD8A (exact)	UniProtKB:P01732-1				
CL:0000920	CD8-positive, CD28-negative, alpha-beta regulatory T cell	CL:4030046	lacks_plasma_membrane_part	negative	False	PR:000001004	CD4 molecule	CD4 (label)	UniProtKB:P01730	UniProtKB:P06332	PIRSF:PIRSF001977	HGNC:1678	CD4
CL:0000920	CD8-positive, CD28-negative, alpha-beta regulatory T cell	CL:4030046	lacks_plasma_membrane_part	negative	True	PR:000001841	T-cell-specific surface glycoprotein CD28	CD28 (label)	UniProtKB:P10747	UniProtKB:P31041	IUPHARobj:2863	HGNC:1653	CD28
CL:0000920	CD8-positive, CD28-negative, alpha-beta regulatory T cell	BFO:0000051	has part	positive	False	PR:000001084	T-cell surface glycoprotein CD8 alpha chain	CD8 (label); CD8A (exact); CD8a (exact)	UniProtKB:P01732	UniProtKB:P01731		HGNC:1706	CD8A
CL:0000920	CD8-positive, CD28-negative, alpha-beta regulatory T cell	BFO:0000051	has part	positive	True	PR:000001350	forkhead box protein P3		UniProtKB:Q9BZS1	UniProtKB:Q99JB6		HGNC:6106	FOXP3
CL:0000920	CD8-positive, CD28-negative, alpha-beta regulatory T cell	RO:0002104	has plasma membrane part	positive	False	PR:000025402	T cell receptor co-receptor CD8	CD8 (label)					
CL:0000920	CD8-positive, CD28-negative, alpha-beta regulatory T cell	BFO:0000051	has part	positive	False	PR:000025403	T-cell surface glycoprotein CD8 alpha chain isoform 1	CD8 (label); CD8A (exact)	UniProtKB:P01732-1				
CL:0000921	type I NK T cell	RO:0002104	has plasma membrane part	positive	False	PR:000001874	KLRB1-like protein				PIRSF:PIRSF038804		
CL:0000922	type II NK T cell	RO:0002104	has plasma membrane part	positive	False	PR:000001874	KLRB1-like protein				PIRSF:PIRSF038804		
CL:0000923	CD4-positive type I NK T cell	RO:0002104	has plasma membrane part	positive	True	PR:000001004	CD4 molecule	CD4 (label)	UniProtKB:P01730	UniProtKB:P06332	PIRSF:PIRSF001977	HGNC:1678	CD4
CL:0000923	CD4-positive type I NK T cell	RO:0002104	has plasma membrane part	positive	False	PR:000001874	KLRB1-like protein				PIRSF:PIRSF038804		
CL:0000924	CD4-negative, CD8-negative type I NK T cell	CL:4030046	lacks_plasma_membrane_part	negative	True	PR:000001004	CD4 molecule	CD4 (label)	UniProtKB:P01730	UniProtKB:P06332	PIRSF:PIRSF001977	HGNC:1678	CD4
CL:0000924	CD4-negative, CD8-negative type I NK T cell	CL:4030046	lacks_plasma_membrane_part	negative	True	PR:000001084	T-cell surface glycoprotein CD8 alpha chain	CD8 (label); CD8A (exact); CD8a (exact)	UniProtKB:P01732	UniProtKB:P01731		HGNC:1706	CD8A
CL:0000924	CD4-negative, CD8-negative type I NK T cell	RO:0002104	has plasma membrane part	positive	False	PR:000001874	KLRB1-like protein				PIRSF:PIRSF038804		
CL:0000925	activated CD4-positive type I NK T cell	RO:0002104	has plasma membrane part	positive	False	PR:000001004	CD4 molecule	CD4 (label)	UniProtKB:P01730	UniProtKB:P06332	PIRSF:PIRSF001977	HGNC:1678	CD4
CL:0000925	activated CD4-positive type I NK T cell	RO:0002104	has plasma membrane part	positive	True	PR:000001343	CD69 molecule	CD69 (label)	UniProtKB:Q07108	UniProtKB:P37217		HGNC:1694	CD69
CL:0000925	activated CD4-positive type I NK T cell	RO:0002104	has plasma membrane part	positive	False	PR:000001874	KLRB1-like protein				PIRSF:PIRSF038804		
CL:0000926	CD4-positive type I NK T cell secreting interferon-gamma	RO:0002104	has plasma membrane part	positive	False	PR:000001004	CD4 molecule	CD4 (label)	UniProtKB:P01730	UniProtKB:P06332	PIRSF:PIRSF001977	HGNC:1678	CD4
CL:0000926	CD4-positive type I NK T cell secreting interferon-gamma	RO:0002104	has plasma membrane part	positive	False	PR:000001874	KLRB1-like protein				PIRSF:PIRSF038804		
CL:0000927	CD4-positive type I NK T cell secreting interleukin-4	RO:0002104	has plasma membrane part	positive	False	PR:000001004	CD4 molecule	CD4 (label)	UniProtKB:P01730	UniProtKB:P06332	PIRSF:PIRSF001977	HGNC:1678	CD4
CL:0000927	CD4-positive type I NK T cell secreting interleukin-4	RO:0002104	has plasma membrane part	positive	False	PR:000001874	KLRB1-like protein				PIRSF:PIRSF038804		
CL:0000928	activated CD4-negative, CD8-negative type I NK T cell	CL:4030046	lacks_plasma_membrane_part	negative	False	PR:000001004	CD4 molecule	CD4 (label)	UniProtKB:P01730	UniProtKB:P06332	PIRSF:PIRSF001977	HGNC:1678	CD4
CL:0000928	activated CD4-negative, CD8-negative type I NK T cell	CL:4030046	lacks_plasma_membrane_part	negative	False	PR:000001084	T-cell surface glycoprotein CD8 alpha chain	CD8 (label); CD8A (exact); CD8a (exact)	UniProtKB:P01732	UniProtKB:P01731		HGNC:1706	CD8A
CL:0000928	activated CD4-negative, CD8-negative type I NK T cell	RO:0002104	has plasma membrane part	positive	True	PR:000001343	CD69 molecule	CD69 (label)	UniProtKB:Q07108	UniProtKB:P37217		HGNC:1694	CD69
CL:0000928	activated CD4-negative, CD8-negative type I NK T cell	RO:0002104	has plasma membrane part	positive	False	PR:000001874	KLRB1-like protein				PIRSF:PIRSF038804		
CL:0000929	CD4-negative, CD8-negative type I NK T cell secreting interferon-gamma	CL:4030046	lacks_plasma_membrane_part	negative	False	PR:000001004	CD4 molecule	CD4 (label)	UniProtKB:P01730	UniProtKB:P06332	PIRSF:PIRSF001977	HGNC:1678	CD4
CL:0000929	CD4-negative, CD8-negative type I NK T cell secreting interferon-gamma	CL:4030046	lacks_plasma_membrane_part	negative	False	PR:000001084	T-cell surface glycoprotein CD8 alpha chain	CD8 (label); CD8A (exact); CD8a (exact)	UniProtKB:P01732	UniProtKB:P01731		HGNC:1706	CD8A
CL:0000929	CD4-negative, CD8-negative type I NK T cell secreting interferon-gamma	RO:0002104	has plasma membrane part	positive	False	PR:000001874	KLRB1-like protein				PIRSF:PIRSF038804		
CL:0000930	CD4-negative, CD8-negative type I NK T cell secreting interleukin-4	CL:4030046	lacks_plasma_membrane_part	negative	False	PR:000001004	CD4 molecule	CD4 (label)	UniProtKB:P01730	UniProtKB:P06332	PIRSF:PIRSF001977	HGNC:1678	CD4
CL:0000930	CD4-negative, CD8-negative type I NK T cell secreting interleukin-4	CL:4030046	lacks_plasma_membrane_part	negative	False	PR:000001084	T-cell surface glycoprotein CD8 alpha chain	CD8 (label); CD8A (exact); CD8a (exact)	UniProtKB:P01732	UniProtKB:P01731		HGNC:1706	CD8A
CL:0000930	CD4-negative, CD8-negative type I NK T cell secreting interleukin-4	RO:0002104	has plasma membrane part	positive	False	PR:000001874	KLRB1-like protein				PIRSF:PIRSF038804		
CL:0000931	activated type II NK T cell	RO:0002104	has plasma membrane part	positive	True	PR:000001343	CD69 molecule	CD69 (label)	UniProtKB:Q07108	UniProtKB:P37217		HGNC:1694	CD69
CL:0000931	activated type II NK T cell	RO:0002104	has plasma membrane part	positive	False	PR:000001874	KLRB1-like protein				PIRSF:PIRSF038804		
CL:0000932	type II NK T cell secreting interferon-gamma	RO:0002104	has plasma membrane part	positive	True	PR:000001343	CD69 molecule	CD69 (label)	UniProtKB:Q07108	UniProtKB:P37217		HGNC:1694	CD69
CL:0000932	type II NK T cell secreting interferon-gamma	RO:0002104	has plasma membrane part	positive	False	PR:000001874	KLRB1-like protein				PIRSF:PIRSF038804		
CL:0000933	type II NK T cell secreting interleukin-4	RO:0002104	has plasma membrane part	positive	True	PR:000001343	CD69 molecule	CD69 (label)	UniProtKB:Q07108	UniProtKB:P37217		HGNC:1694	CD69
CL:0000933	type II NK T cell secreting interleukin-4	RO:0002104	has plasma membrane part	positive	False	PR:000001874	KLRB1-like protein				PIRSF:PIRSF038804		
CL:0000934	CD4-positive, alpha-beta cytotoxic T cell	CL:4030046	lacks_plasma_membrane_part	negative	False	PR:000025402	T cell receptor co-receptor CD8	CD8 (label)					
CL:0000934	CD4-positive, alpha-beta cytotoxic T cell	RO:0002104	has plasma membrane part	positive	False	PR:000001004	CD4 molecule	CD4 (label)	UniProtKB:P01730	UniProtKB:P06332	PIRSF:PIRSF001977	HGNC:1678	CD4
CL:0000935	CD4-negative, CD8-negative, alpha-beta intraepithelial T cell	CL:4030046	lacks_plasma_membrane_part	negative	True	PR:000001004	CD4 molecule	CD4 (label)	UniProtKB:P01730	UniProtKB:P06332	PIRSF:PIRSF001977	HGNC:1678	CD4
CL:0000935	CD4-negative, CD8-negative, alpha-beta intraepithelial T cell	CL:4030046	lacks_plasma_membrane_part	negative	False	PR:000001084	T-cell surface glycoprotein CD8 alpha chain	CD8 (label); CD8A (exact); CD8a (exact)	UniProtKB:P01732	UniProtKB:P01731		HGNC:1706	CD8A
CL:0000935	CD4-negative, CD8-negative, alpha-beta intraepithelial T cell	CL:4030046	lacks_plasma_membrane_part	negative	True	PR:000025403	T-cell surface glycoprotein CD8 alpha chain isoform 1	CD8 (label); CD8A (exact)	UniProtKB:P01732-1				
CL:0000936	early lymphoid progenitor	CL:4030046	lacks_plasma_membrane_part	negative	False	PR:000001002	CD19 molecule	CD19 (label)	UniProtKB:P15391	UniProtKB:P25918	IUPHARobj:2764; PIRSF:PIRSF016630	HGNC:1633	CD19
CL:0000936	early lymphoid progenitor	CL:4030046	lacks_plasma_membrane_part	negative	False	PR:000001004	CD4 molecule	CD4 (label)	UniProtKB:P01730	UniProtKB:P06332	PIRSF:PIRSF001977	HGNC:1678	CD4
CL:0000936	early lymphoid progenitor	CL:4030046	lacks_plasma_membrane_part	negative	False	PR:000001012	integrin alpha-M	CD11 (exact); CD11B (related); CD11b (exact)	UniProtKB:P11215	UniProtKB:P05555	IUPHARobj:2452	HGNC:6149	ITGAM
CL:0000936	early lymphoid progenitor	CL:4030046	lacks_plasma_membrane_part	negative	False	PR:000001020	CD3 epsilon	CD3 (label); CD3E (exact); CD3e (exact)	UniProtKB:P07766	UniProtKB:P22646	IUPHARobj:2742	HGNC:1674	CD3E
CL:0000936	early lymphoid progenitor	CL:4030046	lacks_plasma_membrane_part	negative	False	PR:000001024	neural cell adhesion molecule 1	CD56 (exact)	UniProtKB:P13591	UniProtKB:P13595	IUPHARobj:2769	HGNC:7656	NCAM1
CL:0000936	early lymphoid progenitor	CL:4030046	lacks_plasma_membrane_part	negative	False	PR:000001083	CD2 molecule	CD2 (label)	UniProtKB:P06729	UniProtKB:P08920	IUPHARobj:2600; PIRSF:PIRSF001984	HGNC:1639	CD2
CL:0000936	early lymphoid progenitor	CL:4030046	lacks_plasma_membrane_part	negative	False	PR:000001084	T-cell surface glycoprotein CD8 alpha chain	CD8 (label); CD8A (exact); CD8a (exact)	UniProtKB:P01732	UniProtKB:P01731		HGNC:1706	CD8A
CL:0000936	early lymphoid progenitor	CL:4030046	lacks_plasma_membrane_part	negative	False	PR:000001289	membrane-spanning 4-domains subfamily A member 1	CD20 (exact)	UniProtKB:P11836	UniProtKB:P19437	PIRSF:PIRSF001995; IUPHARobj:2628	HGNC:7315	MS4A1
CL:0000936	early lymphoid progenitor	CL:4030046	lacks_plasma_membrane_part	negative	True	PR:000001460	glycophorin-A	CD235a (exact)	UniProtKB:P02724			HGNC:4702	GYPA
CL:0000936	early lymphoid progenitor	CL:4030046	lacks_plasma_membrane_part	negative	False	PR:000001839	T-cell surface glycoprotein CD5	CD5 (label)	UniProtKB:P06127	UniProtKB:P13379		HGNC:1685	CD5
CL:0000936	early lymphoid progenitor	CL:4030046	lacks_plasma_membrane_part	negative	False	PR:000001869	interleukin-7 receptor subunit alpha	CD127 (exact); CDw127 (exact)	UniProtKB:P16871	UniProtKB:P16872	IUPHARobj:1698; PIRSF:PIRSF001960	HGNC:6024	IL7R
CL:0000936	early lymphoid progenitor	CL:4030046	lacks_plasma_membrane_part	negative	False	PR:000001889	CD14 molecule	CD14 (label)	UniProtKB:P08571	UniProtKB:P10810	PIRSF:PIRSF002017	HGNC:1628	CD14
CL:0000936	early lymphoid progenitor	CL:4030046	lacks_plasma_membrane_part	negative	False	PR:000002978	lymphocyte antigen 6G			UniProtKB:P35461			
CL:0000936	early lymphoid progenitor	CL:4030046	lacks_plasma_membrane_part	negative	False	PR:000002981	lymphocyte antigen 76 (mouse)						
CL:0000936	early lymphoid progenitor	RO:0002104	has plasma membrane part	positive	False	PR:000001003	CD34 molecule	CD34 (label)	UniProtKB:P28906	UniProtKB:Q64314	PIRSF:PIRSF028749	HGNC:1662	CD34
CL:0000936	early lymphoid progenitor	RO:0002104	has plasma membrane part	positive	True	PR:000002001	receptor-type tyrosine-protein kinase FLT3	CD135 (related)	UniProtKB:P36888	UniProtKB:Q00342	IUPHARobj:1807; PIRSF:PIRSF500949	HGNC:3765	FLT3
CL:0000936	early lymphoid progenitor	RO:0002104	has plasma membrane part	positive	True	PR:000002065	mast/stem cell growth factor receptor	CD117 (exact)	UniProtKB:P10721	UniProtKB:P05532	IUPHARobj:1805; PIRSF:PIRSF500951	HGNC:6342	KIT
CL:0000936	early lymphoid progenitor	RO:0002104	has plasma membrane part	positive	True	PR:000002979	lymphocyte antigen 6A-2/6E-1			UniProtKB:P05533			
CL:0000937	pre-natural killer cell	CL:4030046	lacks_plasma_membrane_part	negative	False	PR:000001002	CD19 molecule	CD19 (label)	UniProtKB:P15391	UniProtKB:P25918	IUPHARobj:2764; PIRSF:PIRSF016630	HGNC:1633	CD19
CL:0000937	pre-natural killer cell	CL:4030046	lacks_plasma_membrane_part	negative	False	PR:000001020	CD3 epsilon	CD3 (label); CD3E (exact); CD3e (exact)	UniProtKB:P07766	UniProtKB:P22646	IUPHARobj:2742	HGNC:1674	CD3E
CL:0000937	pre-natural killer cell	CL:4030046	lacks_plasma_membrane_part	negative	False	PR:000001289	membrane-spanning 4-domains subfamily A member 1	CD20 (exact)	UniProtKB:P11836	UniProtKB:P19437	PIRSF:PIRSF001995; IUPHARobj:2628	HGNC:7315	MS4A1
CL:0000937	pre-natural killer cell	CL:4030046	lacks_plasma_membrane_part	negative	False	PR:000001889	CD14 molecule	CD14 (label)	UniProtKB:P08571	UniProtKB:P10810	PIRSF:PIRSF002017	HGNC:1628	CD14
CL:0000937	pre-natural killer cell	RO:0002104	has plasma membrane part	positive	True	PR:000001003	CD34 molecule	CD34 (label)	UniProtKB:P28906	UniProtKB:Q64314	PIRSF:PIRSF028749	HGNC:1662	CD34
CL:0000937	pre-natural killer cell	RO:0002104	has plasma membrane part	positive	True	PR:000001381	interleukin-2 receptor subunit beta	CD122 (exact)	UniProtKB:P14784	UniProtKB:P16297	IUPHARobj:1696	HGNC:6009	IL2RB
CL:0000937	pre-natural killer cell	RO:0002104	has plasma membrane part	positive	True	PR:000002065	mast/stem cell growth factor receptor	CD117 (exact)	UniProtKB:P10721	UniProtKB:P05532	IUPHARobj:1805; PIRSF:PIRSF500951	HGNC:6342	KIT
CL:0000938	CD16-negative, CD56-bright natural killer cell, human	RO:0015015	has high plasma membrane amount	high	True	PR:000001024	neural cell adhesion molecule 1	CD56 (exact)	UniProtKB:P13591	UniProtKB:P13595	IUPHARobj:2769	HGNC:7656	NCAM1
CL:0000938	CD16-negative, CD56-bright natural killer cell, human	CL:4030046	lacks_plasma_membrane_part	negative	False	PR:000001002	CD19 molecule	CD19 (label)	UniProtKB:P15391	UniProtKB:P25918	IUPHARobj:2764; PIRSF:PIRSF016630	HGNC:1633	CD19
CL:0000938	CD16-negative, CD56-bright natural killer cell, human	CL:4030046	lacks_plasma_membrane_part	negative	False	PR:000001020	CD3 epsilon	CD3 (label); CD3E (exact); CD3e (exact)	UniProtKB:P07766	UniProtKB:P22646	IUPHARobj:2742	HGNC:1674	CD3E
CL:0000938	CD16-negative, CD56-bright natural killer cell, human	CL:4030046	lacks_plasma_membrane_part	negative	False	PR:000001289	membrane-spanning 4-domains subfamily A member 1	CD20 (exact)	UniProtKB:P11836	UniProtKB:P19437	PIRSF:PIRSF001995; IUPHARobj:2628	HGNC:7315	MS4A1
CL:0000938	CD16-negative, CD56-bright natural killer cell, human	CL:4030046	lacks_plasma_membrane_part	negative	True	PR:000001483	low affinity immunoglobulin gamma Fc region receptor III	CD16 (exact)		UniProtKB:P08508			
CL:0000938	CD16-negative, CD56-bright natural killer cell, human	CL:4030046	lacks_plasma_membrane_part	negative	False	PR:000001889	CD14 molecule	CD14 (label)	UniProtKB:P08571	UniProtKB:P10810	PIRSF:PIRSF002017	HGNC:1628	CD14
CL:0000938	CD16-negative, CD56-bright natural killer cell, human	CL:4030046	lacks_plasma_membrane_part	negative	True	PR:000002015	MHC class II histocompatibility antigen alpha chain DRA		UniProtKB:P01903			HGNC:4947	HLA-DRA
CL:0000938	CD16-negative, CD56-bright natural killer cell, human	RO:0002104	has plasma membrane part	positive	True	PR:000001319	SLAM family member 5	CD84 (exact)	UniProtKB:Q9UIB8	UniProtKB:Q18PI6		HGNC:1704	CD84
CL:0000939	CD16-positive, CD56-dim natural killer cell, human	RO:0015016	has low plasma membrane amount	low	True	PR:000001024	neural cell adhesion molecule 1	CD56 (exact)	UniProtKB:P13591	UniProtKB:P13595	IUPHARobj:2769	HGNC:7656	NCAM1
CL:0000939	CD16-positive, CD56-dim natural killer cell, human	CL:4030046	lacks_plasma_membrane_part	negative	False	PR:000001002	CD19 molecule	CD19 (label)	UniProtKB:P15391	UniProtKB:P25918	IUPHARobj:2764; PIRSF:PIRSF016630	HGNC:1633	CD19
CL:0000939	CD16-positive, CD56-dim natural killer cell, human	CL:4030046	lacks_plasma_membrane_part	negative	False	PR:000001020	CD3 epsilon	CD3 (label); CD3E (exact); CD3e (exact)	UniProtKB:P07766	UniProtKB:P22646	IUPHARobj:2742	HGNC:1674	CD3E
CL:0000939	CD16-positive, CD56-dim natural killer cell, human	CL:4030046	lacks_plasma_membrane_part	negative	False	PR:000001289	membrane-spanning 4-domains subfamily A member 1	CD20 (exact)	UniProtKB:P11836	UniProtKB:P19437	PIRSF:PIRSF001995; IUPHARobj:2628	HGNC:7315	MS4A1
CL:0000939	CD16-positive, CD56-dim natural killer cell, human	CL:4030046	lacks_plasma_membrane_part	negative	False	PR:000001889	CD14 molecule	CD14 (label)	UniProtKB:P08571	UniProtKB:P10810	PIRSF:PIRSF002017	HGNC:1628	CD14
CL:0000939	CD16-positive, CD56-dim natural killer cell, human	CL:4030046	lacks_plasma_membrane_part	negative	True	PR:000002015	MHC class II histocompatibility antigen alpha chain DRA		UniProtKB:P01903			HGNC:4947	HLA-DRA
CL:0000939	CD16-positive, CD56-dim natural killer cell, human	RO:0002104	has plasma membrane part	positive	True	PR:000001483	low affinity immunoglobulin gamma Fc region receptor III	CD16 (exact)		UniProtKB:P08508			
CL:0000941	thymic conventional dendritic cell	RO:0015015	has high plasma membrane amount	high	False	PR:000001013	integrin alpha-X	CD11 (exact); CD11C (related); CD11c (exact)	UniProtKB:P20702	UniProtKB:Q9QXH4	IUPHARobj:2454	HGNC:6152	ITGAX
CL:0000941	thymic conventional dendritic cell	CL:4030046	lacks_plasma_membrane_part	negative	False	PR:000001002	CD19 molecule	CD19 (label)	UniProtKB:P15391	UniProtKB:P25918	IUPHARobj:2764; PIRSF:PIRSF016630	HGNC:1633	CD19
CL:0000941	thymic conventional dendritic cell	CL:4030046	lacks_plasma_membrane_part	negative	False	PR:000001003	CD34 molecule	CD34 (label)	UniProtKB:P28906	UniProtKB:Q64314	PIRSF:PIRSF028749	HGNC:1662	CD34
CL:0000941	thymic conventional dendritic cell	CL:4030046	lacks_plasma_membrane_part	negative	False	PR:000001006	receptor-type tyrosine-protein phosphatase C	CD45 (related)	UniProtKB:P08575	UniProtKB:P06800	IUPHARobj:1852; PIRSF:PIRSF002004	HGNC:9666	PTPRC
CL:0000941	thymic conventional dendritic cell	CL:4030046	lacks_plasma_membrane_part	negative	True	PR:000001012	integrin alpha-M	CD11 (exact); CD11B (related); CD11b (exact)	UniProtKB:P11215	UniProtKB:P05555	IUPHARobj:2452	HGNC:6149	ITGAM
CL:0000941	thymic conventional dendritic cell	CL:4030046	lacks_plasma_membrane_part	negative	True	PR:000001015	receptor-type tyrosine-protein phosphatase C isoform CD45RA	CD45RA (label)	UniProtKB:P08575-8				
CL:0000941	thymic conventional dendritic cell	CL:4030046	lacks_plasma_membrane_part	negative	False	PR:000001020	CD3 epsilon	CD3 (label); CD3E (exact); CD3e (exact)	UniProtKB:P07766	UniProtKB:P22646	IUPHARobj:2742	HGNC:1674	CD3E
CL:0000941	thymic conventional dendritic cell	CL:4030046	lacks_plasma_membrane_part	negative	False	PR:000001024	neural cell adhesion molecule 1	CD56 (exact)	UniProtKB:P13591	UniProtKB:P13595	IUPHARobj:2769	HGNC:7656	NCAM1
CL:0000941	thymic conventional dendritic cell	CL:4030046	lacks_plasma_membrane_part	negative	False	PR:000001289	membrane-spanning 4-domains subfamily A member 1	CD20 (exact)	UniProtKB:P11836	UniProtKB:P19437	PIRSF:PIRSF001995; IUPHARobj:2628	HGNC:7315	MS4A1
CL:0000942	thymic plasmacytoid dendritic cell	CL:4030046	lacks_plasma_membrane_part	negative	False	PR:000001002	CD19 molecule	CD19 (label)	UniProtKB:P15391	UniProtKB:P25918	IUPHARobj:2764; PIRSF:PIRSF016630	HGNC:1633	CD19
CL:0000942	thymic plasmacytoid dendritic cell	CL:4030046	lacks_plasma_membrane_part	negative	False	PR:000001003	CD34 molecule	CD34 (label)	UniProtKB:P28906	UniProtKB:Q64314	PIRSF:PIRSF028749	HGNC:1662	CD34
CL:0000942	thymic plasmacytoid dendritic cell	CL:4030046	lacks_plasma_membrane_part	negative	True	PR:000001012	integrin alpha-M	CD11 (exact); CD11B (related); CD11b (exact)	UniProtKB:P11215	UniProtKB:P05555	IUPHARobj:2452	HGNC:6149	ITGAM
CL:0000942	thymic plasmacytoid dendritic cell	CL:4030046	lacks_plasma_membrane_part	negative	False	PR:000001020	CD3 epsilon	CD3 (label); CD3E (exact); CD3e (exact)	UniProtKB:P07766	UniProtKB:P22646	IUPHARobj:2742	HGNC:1674	CD3E
CL:0000942	thymic plasmacytoid dendritic cell	CL:4030046	lacks_plasma_membrane_part	negative	False	PR:000001024	neural cell adhesion molecule 1	CD56 (exact)	UniProtKB:P13591	UniProtKB:P13595	IUPHARobj:2769	HGNC:7656	NCAM1
CL:0000942	thymic plasmacytoid dendritic cell	CL:4030046	lacks_plasma_membrane_part	negative	False	PR:000001289	membrane-spanning 4-domains subfamily A member 1	CD20 (exact)	UniProtKB:P11836	UniProtKB:P19437	PIRSF:PIRSF001995; IUPHARobj:2628	HGNC:7315	MS4A1
CL:0000942	thymic plasmacytoid dendritic cell	RO:0002104	has plasma membrane part	positive	False	PR:000001006	receptor-type tyrosine-protein phosphatase C	CD45 (related)	UniProtKB:P08575	UniProtKB:P06800	IUPHARobj:1852; PIRSF:PIRSF002004	HGNC:9666	PTPRC
CL:0000942	thymic plasmacytoid dendritic cell	RO:0002104	has plasma membrane part	positive	True	PR:000001015	receptor-type tyrosine-protein phosphatase C isoform CD45RA	CD45RA (label)	UniProtKB:P08575-8				
CL:0000942	thymic plasmacytoid dendritic cell	RO:0002104	has plasma membrane part	positive	True	PR:000001865	interleukin-3 receptor class 2 alpha chain	CD123 (exact)	UniProtKB:P26951	UniProtKB:P26952	IUPHARobj:1705	HGNC:6012	IL3RA
CL:0000943	Be1 Cell	CL:4030046	lacks_plasma_membrane_part	negative	False	PR:000001020	CD3 epsilon	CD3 (label); CD3E (exact); CD3e (exact)	UniProtKB:P07766	UniProtKB:P22646	IUPHARobj:2742	HGNC:1674	CD3E
CL:0000943	Be1 Cell	RO:0002104	has plasma membrane part	positive	False	PR:000001002	CD19 molecule	CD19 (label)	UniProtKB:P15391	UniProtKB:P25918	IUPHARobj:2764; PIRSF:PIRSF016630	HGNC:1633	CD19
CL:0000943	Be1 Cell	RO:0002104	has plasma membrane part	positive	False	PR:000001289	membrane-spanning 4-domains subfamily A member 1	CD20 (exact)	UniProtKB:P11836	UniProtKB:P19437	PIRSF:PIRSF001995; IUPHARobj:2628	HGNC:7315	MS4A1
CL:0000944	Be2 cell	CL:4030046	lacks_plasma_membrane_part	negative	False	PR:000001020	CD3 epsilon	CD3 (label); CD3E (exact); CD3e (exact)	UniProtKB:P07766	UniProtKB:P22646	IUPHARobj:2742	HGNC:1674	CD3E
CL:0000944	Be2 cell	RO:0002104	has plasma membrane part	positive	False	PR:000001002	CD19 molecule	CD19 (label)	UniProtKB:P15391	UniProtKB:P25918	IUPHARobj:2764; PIRSF:PIRSF016630	HGNC:1633	CD19
CL:0000944	Be2 cell	RO:0002104	has plasma membrane part	positive	False	PR:000001289	membrane-spanning 4-domains subfamily A member 1	CD20 (exact)	UniProtKB:P11836	UniProtKB:P19437	PIRSF:PIRSF001995; IUPHARobj:2628	HGNC:7315	MS4A1
CL:0000947	IgE plasma cell	RO:0015015	has high plasma membrane amount	high	False	PR:000001208	C-X-C chemokine receptor type 4	CD184 (exact)	UniProtKB:P61073	UniProtKB:P70658	IUPHARobj:71; PIRSF:PIRSF501021	HGNC:2561	CXCR4
CL:0000947	IgE plasma cell	RO:0015015	has high plasma membrane amount	high	False	PR:000001935	syndecan-1	CD138 (exact)	UniProtKB:P18827	UniProtKB:P18828	PIRSF:PIRSF015854	HGNC:10658	SDC1
CL:0000947	IgE plasma cell	RO:0015016	has low plasma membrane amount	low	False	PR:000001002	CD19 molecule	CD19 (label)	UniProtKB:P15391	UniProtKB:P25918	IUPHARobj:2764; PIRSF:PIRSF016630	HGNC:1633	CD19
CL:0000947	IgE plasma cell	CL:4030046	lacks_plasma_membrane_part	negative	False	PR:000001289	membrane-spanning 4-domains subfamily A member 1	CD20 (exact)	UniProtKB:P11836	UniProtKB:P19437	PIRSF:PIRSF001995; IUPHARobj:2628	HGNC:7315	MS4A1
CL:0000947	IgE plasma cell	CL:4030046	lacks_plasma_membrane_part	negative	False	PR:000001408	ADP-ribosyl cyclase/cyclic ADP-ribose hydrolase 1	CD38 (exact)	UniProtKB:P28907	UniProtKB:P56528	IUPHARobj:2766	HGNC:1667	CD38
CL:0000948	IgE memory B cell	CL:4030046	lacks_plasma_membrane_part	negative	False	PR:000001020	CD3 epsilon	CD3 (label); CD3E (exact); CD3e (exact)	UniProtKB:P07766	UniProtKB:P22646	IUPHARobj:2742	HGNC:1674	CD3E
CL:0000948	IgE memory B cell	CL:4030046	lacks_plasma_membrane_part	negative	False	PR:000001935	syndecan-1	CD138 (exact)	UniProtKB:P18827	UniProtKB:P18828	PIRSF:PIRSF015854	HGNC:10658	SDC1
CL:0000948	IgE memory B cell	RO:0002104	has plasma membrane part	positive	False	PR:000001002	CD19 molecule	CD19 (label)	UniProtKB:P15391	UniProtKB:P25918	IUPHARobj:2764; PIRSF:PIRSF016630	HGNC:1633	CD19
CL:0000948	IgE memory B cell	RO:0002104	has plasma membrane part	positive	False	PR:000001289	membrane-spanning 4-domains subfamily A member 1	CD20 (exact)	UniProtKB:P11836	UniProtKB:P19437	PIRSF:PIRSF001995; IUPHARobj:2628	HGNC:7315	MS4A1
CL:0000948	IgE memory B cell	RO:0002104	has plasma membrane part	positive	False	PR:000001963	CD27 molecule	CD27 (label); CD27L (exact)	UniProtKB:P26842	UniProtKB:P41272	IUPHARobj:1876; PIRSF:PIRSF001966	HGNC:11922	CD27
CL:0000949	IgD plasmablast	RO:0015015	has high plasma membrane amount	high	False	PR:000001408	ADP-ribosyl cyclase/cyclic ADP-ribose hydrolase 1	CD38 (exact)	UniProtKB:P28907	UniProtKB:P56528	IUPHARobj:2766	HGNC:1667	CD38
CL:0000949	IgD plasmablast	RO:0015015	has high plasma membrane amount	high	False	PR:000001963	CD27 molecule	CD27 (label); CD27L (exact)	UniProtKB:P26842	UniProtKB:P41272	IUPHARobj:1876; PIRSF:PIRSF001966	HGNC:11922	CD27
CL:0000949	IgD plasmablast	CL:4030046	lacks_plasma_membrane_part	negative	False	PR:000001020	CD3 epsilon	CD3 (label); CD3E (exact); CD3e (exact)	UniProtKB:P07766	UniProtKB:P22646	IUPHARobj:2742	HGNC:1674	CD3E
CL:0000949	IgD plasmablast	CL:4030046	lacks_plasma_membrane_part	negative	False	PR:000001289	membrane-spanning 4-domains subfamily A member 1	CD20 (exact)	UniProtKB:P11836	UniProtKB:P19437	PIRSF:PIRSF001995; IUPHARobj:2628	HGNC:7315	MS4A1
CL:0000949	IgD plasmablast	CL:4030046	lacks_plasma_membrane_part	negative	False	PR:000001935	syndecan-1	CD138 (exact)	UniProtKB:P18827	UniProtKB:P18828	PIRSF:PIRSF015854	HGNC:10658	SDC1
CL:0000949	IgD plasmablast	RO:0002104	has plasma membrane part	positive	False	PR:000001002	CD19 molecule	CD19 (label)	UniProtKB:P15391	UniProtKB:P25918	IUPHARobj:2764; PIRSF:PIRSF016630	HGNC:1633	CD19
CL:0000950	IgE plasmablast	RO:0015015	has high plasma membrane amount	high	False	PR:000001408	ADP-ribosyl cyclase/cyclic ADP-ribose hydrolase 1	CD38 (exact)	UniProtKB:P28907	UniProtKB:P56528	IUPHARobj:2766	HGNC:1667	CD38
CL:0000950	IgE plasmablast	RO:0015015	has high plasma membrane amount	high	False	PR:000001963	CD27 molecule	CD27 (label); CD27L (exact)	UniProtKB:P26842	UniProtKB:P41272	IUPHARobj:1876; PIRSF:PIRSF001966	HGNC:11922	CD27
CL:0000950	IgE plasmablast	CL:4030046	lacks_plasma_membrane_part	negative	False	PR:000001020	CD3 epsilon	CD3 (label); CD3E (exact); CD3e (exact)	UniProtKB:P07766	UniProtKB:P22646	IUPHARobj:2742	HGNC:1674	CD3E
CL:0000950	IgE plasmablast	CL:4030046	lacks_plasma_membrane_part	negative	False	PR:000001289	membrane-spanning 4-domains subfamily A member 1	CD20 (exact)	UniProtKB:P11836	UniProtKB:P19437	PIRSF:PIRSF001995; IUPHARobj:2628	HGNC:7315	MS4A1
CL:0000950	IgE plasmablast	CL:4030046	lacks_plasma_membrane_part	negative	False	PR:000001935	syndecan-1	CD138 (exact)	UniProtKB:P18827	UniProtKB:P18828	PIRSF:PIRSF015854	HGNC:10658	SDC1
CL:0000950	IgE plasmablast	RO:0002104	has plasma membrane part	positive	False	PR:000001002	CD19 molecule	CD19 (label)	UniProtKB:P15391	UniProtKB:P25918	IUPHARobj:2764; PIRSF:PIRSF016630	HGNC:1633	CD19
CL:0000951	IgE short lived plasma cell	CL:4030046	lacks_plasma_membrane_part	negative	False	PR:000001289	membrane-spanning 4-domains subfamily A member 1	CD20 (exact)	UniProtKB:P11836	UniProtKB:P19437	PIRSF:PIRSF001995; IUPHARobj:2628	HGNC:7315	MS4A1
CL:0000951	IgE short lived plasma cell	RO:0002104	has plasma membrane part	positive	False	PR:000001935	syndecan-1	CD138 (exact)	UniProtKB:P18827	UniProtKB:P18828	PIRSF:PIRSF015854	HGNC:10658	SDC1
CL:0000952	preBCR-positive large pre-B-II cell	CL:4030046	lacks_plasma_membrane_part	negative	False	PR:000001003	CD34 molecule	CD34 (label)	UniProtKB:P28906	UniProtKB:Q64314	PIRSF:PIRSF028749	HGNC:1662	CD34
CL:0000952	preBCR-positive large pre-B-II cell	CL:4030046	lacks_plasma_membrane_part	negative	False	PR:000001020	CD3 epsilon	CD3 (label); CD3E (exact); CD3e (exact)	UniProtKB:P07766	UniProtKB:P22646	IUPHARobj:2742	HGNC:1674	CD3E
CL:0000952	preBCR-positive large pre-B-II cell	CL:4030045	lacks_part	negative	False	PR:000003457	V(D)J recombination-activating protein 1		UniProtKB:P15918	UniProtKB:P15919		HGNC:9831	RAG1
CL:0000952	preBCR-positive large pre-B-II cell	CL:4030045	lacks_part	negative	False	PR:000003460	V(D)J recombination-activating protein 2		UniProtKB:P55895	UniProtKB:P21784		HGNC:9832	RAG2
CL:0000952	preBCR-positive large pre-B-II cell	CL:4030045	lacks_part	negative	False	PR:000006611	DNA nucleotidylexotransferase		UniProtKB:P04053	UniProtKB:P09838		HGNC:2983	DNTT
CL:0000952	preBCR-positive large pre-B-II cell	RO:0002104	has plasma membrane part	positive	False	PR:000001002	CD19 molecule	CD19 (label)	UniProtKB:P15391	UniProtKB:P25918	IUPHARobj:2764; PIRSF:PIRSF016630	HGNC:1633	CD19
CL:0000952	preBCR-positive large pre-B-II cell	RO:0002104	has plasma membrane part	positive	True	PR:000001858	immunoglobulin iota chain	CD179 (exact); CD179a (exact)	UniProtKB:P12018		PIRSF:PIRSF038787	HGNC:12709	VPREB1
CL:0000952	preBCR-positive large pre-B-II cell	RO:0002104	has plasma membrane part	positive	True	PR:000001859	immunoglobulin lambda-like polypeptide 1	CD179 (exact); CD179b (exact)	UniProtKB:P15814			HGNC:5870	IGLL1
CL:0000952	preBCR-positive large pre-B-II cell	RO:0002104	has plasma membrane part	positive	False	PR:000001898	neprilysin	CD10 (exact)	UniProtKB:P08473	UniProtKB:Q61391	IUPHARobj:1611; PIRSF:PIRSF501074	HGNC:7154	MME
CL:0000953	preBCR-negative large pre-B-II cell	CL:4030046	lacks_plasma_membrane_part	negative	False	PR:000001003	CD34 molecule	CD34 (label)	UniProtKB:P28906	UniProtKB:Q64314	PIRSF:PIRSF028749	HGNC:1662	CD34
CL:0000953	preBCR-negative large pre-B-II cell	CL:4030046	lacks_plasma_membrane_part	negative	False	PR:000001020	CD3 epsilon	CD3 (label); CD3E (exact); CD3e (exact)	UniProtKB:P07766	UniProtKB:P22646	IUPHARobj:2742	HGNC:1674	CD3E
CL:0000953	preBCR-negative large pre-B-II cell	CL:4030046	lacks_plasma_membrane_part	negative	True	PR:000001858	immunoglobulin iota chain	CD179 (exact); CD179a (exact)	UniProtKB:P12018		PIRSF:PIRSF038787	HGNC:12709	VPREB1
CL:0000953	preBCR-negative large pre-B-II cell	CL:4030046	lacks_plasma_membrane_part	negative	True	PR:000001859	immunoglobulin lambda-like polypeptide 1	CD179 (exact); CD179b (exact)	UniProtKB:P15814			HGNC:5870	IGLL1
CL:0000953	preBCR-negative large pre-B-II cell	CL:4030045	lacks_part	negative	False	PR:000003457	V(D)J recombination-activating protein 1		UniProtKB:P15918	UniProtKB:P15919		HGNC:9831	RAG1
CL:0000953	preBCR-negative large pre-B-II cell	CL:4030045	lacks_part	negative	False	PR:000003460	V(D)J recombination-activating protein 2		UniProtKB:P55895	UniProtKB:P21784		HGNC:9832	RAG2
CL:0000953	preBCR-negative large pre-B-II cell	CL:4030045	lacks_part	negative	False	PR:000006611	DNA nucleotidylexotransferase		UniProtKB:P04053	UniProtKB:P09838		HGNC:2983	DNTT
CL:0000953	preBCR-negative large pre-B-II cell	RO:0002104	has plasma membrane part	positive	False	PR:000001002	CD19 molecule	CD19 (label)	UniProtKB:P15391	UniProtKB:P25918	IUPHARobj:2764; PIRSF:PIRSF016630	HGNC:1633	CD19
CL:0000953	preBCR-negative large pre-B-II cell	RO:0002104	has plasma membrane part	positive	False	PR:000001898	neprilysin	CD10 (exact)	UniProtKB:P08473	UniProtKB:Q61391	IUPHARobj:1611; PIRSF:PIRSF501074	HGNC:7154	MME
CL:0000954	small pre-B-II cell	CL:4030046	lacks_plasma_membrane_part	negative	False	PR:000001003	CD34 molecule	CD34 (label)	UniProtKB:P28906	UniProtKB:Q64314	PIRSF:PIRSF028749	HGNC:1662	CD34
CL:0000954	small pre-B-II cell	CL:4030046	lacks_plasma_membrane_part	negative	False	PR:000001020	CD3 epsilon	CD3 (label); CD3E (exact); CD3e (exact)	UniProtKB:P07766	UniProtKB:P22646	IUPHARobj:2742	HGNC:1674	CD3E
CL:0000954	small pre-B-II cell	CL:4030045	lacks_part	negative	False	PR:000006611	DNA nucleotidylexotransferase		UniProtKB:P04053	UniProtKB:P09838		HGNC:2983	DNTT
CL:0000954	small pre-B-II cell	RO:0002104	has plasma membrane part	positive	False	PR:000001002	CD19 molecule	CD19 (label)	UniProtKB:P15391	UniProtKB:P25918	IUPHARobj:2764; PIRSF:PIRSF016630	HGNC:1633	CD19
CL:0000954	small pre-B-II cell	RO:0002104	has plasma membrane part	positive	False	PR:000001898	neprilysin	CD10 (exact)	UniProtKB:P08473	UniProtKB:Q61391	IUPHARobj:1611; PIRSF:PIRSF501074	HGNC:7154	MME
CL:0000954	small pre-B-II cell	BFO:0000051	has part	positive	True	PR:000003457	V(D)J recombination-activating protein 1		UniProtKB:P15918	UniProtKB:P15919		HGNC:9831	RAG1
CL:0000954	small pre-B-II cell	BFO:0000051	has part	positive	True	PR:000003460	V(D)J recombination-activating protein 2		UniProtKB:P55895	UniProtKB:P21784		HGNC:9832	RAG2
CL:0000955	pre-B-II cell	CL:4030046	lacks_plasma_membrane_part	negative	True	PR:000001003	CD34 molecule	CD34 (label)	UniProtKB:P28906	UniProtKB:Q64314	PIRSF:PIRSF028749	HGNC:1662	CD34
CL:0000955	pre-B-II cell	CL:4030046	lacks_plasma_membrane_part	negative	False	PR:000001020	CD3 epsilon	CD3 (label); CD3E (exact); CD3e (exact)	UniProtKB:P07766	UniProtKB:P22646	IUPHARobj:2742	HGNC:1674	CD3E
CL:0000955	pre-B-II cell	CL:4030045	lacks_part	negative	True	PR:000006611	DNA nucleotidylexotransferase		UniProtKB:P04053	UniProtKB:P09838		HGNC:2983	DNTT
CL:0000955	pre-B-II cell	RO:0002104	has plasma membrane part	positive	False	PR:000001002	CD19 molecule	CD19 (label)	UniProtKB:P15391	UniProtKB:P25918	IUPHARobj:2764; PIRSF:PIRSF016630	HGNC:1633	CD19
CL:0000955	pre-B-II cell	RO:0002104	has plasma membrane part	positive	False	PR:000001898	neprilysin	CD10 (exact)	UniProtKB:P08473	UniProtKB:Q61391	IUPHARobj:1611; PIRSF:PIRSF501074	HGNC:7154	MME
CL:0000956	pre-B-I cell	CL:4030046	lacks_plasma_membrane_part	negative	False	PR:000001020	CD3 epsilon	CD3 (label); CD3E (exact); CD3e (exact)	UniProtKB:P07766	UniProtKB:P22646	IUPHARobj:2742	HGNC:1674	CD3E
CL:0000956	pre-B-I cell	RO:0002104	has plasma membrane part	positive	False	PR:000001002	CD19 molecule	CD19 (label)	UniProtKB:P15391	UniProtKB:P25918	IUPHARobj:2764; PIRSF:PIRSF016630	HGNC:1633	CD19
CL:0000956	pre-B-I cell	RO:0002104	has plasma membrane part	positive	True	PR:000001003	CD34 molecule	CD34 (label)	UniProtKB:P28906	UniProtKB:Q64314	PIRSF:PIRSF028749	HGNC:1662	CD34
CL:0000956	pre-B-I cell	RO:0002104	has plasma membrane part	positive	True	PR:000001858	immunoglobulin iota chain	CD179 (exact); CD179a (exact)	UniProtKB:P12018		PIRSF:PIRSF038787	HGNC:12709	VPREB1
CL:0000956	pre-B-I cell	RO:0002104	has plasma membrane part	positive	True	PR:000001859	immunoglobulin lambda-like polypeptide 1	CD179 (exact); CD179b (exact)	UniProtKB:P15814			HGNC:5870	IGLL1
CL:0000956	pre-B-I cell	RO:0002104	has plasma membrane part	positive	False	PR:000001898	neprilysin	CD10 (exact)	UniProtKB:P08473	UniProtKB:Q61391	IUPHARobj:1611; PIRSF:PIRSF501074	HGNC:7154	MME
CL:0000956	pre-B-I cell	BFO:0000051	has part	positive	True	PR:000003457	V(D)J recombination-activating protein 1		UniProtKB:P15918	UniProtKB:P15919		HGNC:9831	RAG1
CL:0000956	pre-B-I cell	BFO:0000051	has part	positive	True	PR:000003460	V(D)J recombination-activating protein 2		UniProtKB:P55895	UniProtKB:P21784		HGNC:9832	RAG2
CL:0000956	pre-B-I cell	BFO:0000051	has part	positive	True	PR:000006611	DNA nucleotidylexotransferase		UniProtKB:P04053	UniProtKB:P09838		HGNC:2983	DNTT
CL:0000957	large pre-B-II cell	CL:4030046	lacks_plasma_membrane_part	negative	False	PR:000001003	CD34 molecule	CD34 (label)	UniProtKB:P28906	UniProtKB:Q64314	PIRSF:PIRSF028749	HGNC:1662	CD34
CL:0000957	large pre-B-II cell	CL:4030046	lacks_plasma_membrane_part	negative	False	PR:000001020	CD3 epsilon	CD3 (label); CD3E (exact); CD3e (exact)	UniProtKB:P07766	UniProtKB:P22646	IUPHARobj:2742	HGNC:1674	CD3E
CL:0000957	large pre-B-II cell	CL:4030045	lacks_part	negative	True	PR:000003457	V(D)J recombination-activating protein 1		UniProtKB:P15918	UniProtKB:P15919		HGNC:9831	RAG1
CL:0000957	large pre-B-II cell	CL:4030045	lacks_part	negative	True	PR:000003460	V(D)J recombination-activating protein 2		UniProtKB:P55895	UniProtKB:P21784		HGNC:9832	RAG2
CL:0000957	large pre-B-II cell	CL:4030045	lacks_part	negative	False	PR:000006611	DNA nucleotidylexotransferase		UniProtKB:P04053	UniProtKB:P09838		HGNC:2983	DNTT
CL:0000957	large pre-B-II cell	RO:0002104	has plasma membrane part	positive	False	PR:000001002	CD19 molecule	CD19 (label)	UniProtKB:P15391	UniProtKB:P25918	IUPHARobj:2764; PIRSF:PIRSF016630	HGNC:1633	CD19
CL:0000957	large pre-B-II cell	RO:0002104	has plasma membrane part	positive	False	PR:000001898	neprilysin	CD10 (exact)	UniProtKB:P08473	UniProtKB:Q61391	IUPHARobj:1611; PIRSF:PIRSF501074	HGNC:7154	MME
CL:0000958	T1 B cell	RO:0015015	has high plasma membrane amount	high	False	PR:000001408	ADP-ribosyl cyclase/cyclic ADP-ribose hydrolase 1	CD38 (exact)	UniProtKB:P28907	UniProtKB:P56528	IUPHARobj:2766	HGNC:1667	CD38
CL:0000958	T1 B cell	RO:0015015	has high plasma membrane amount	high	False	PR:000001932	signal transducer CD24	CD24 (label); CD24A (related)	UniProtKB:P25063	UniProtKB:P24807		HGNC:1645	CD24
CL:0000958	T1 B cell	CL:4030046	lacks_plasma_membrane_part	negative	False	PR:000001020	CD3 epsilon	CD3 (label); CD3E (exact); CD3e (exact)	UniProtKB:P07766	UniProtKB:P22646	IUPHARobj:2742	HGNC:1674	CD3E
CL:0000958	T1 B cell	CL:4030046	lacks_plasma_membrane_part	negative	True	PR:000001318	L-selectin	CD62 (exact); CD62L (exact)	UniProtKB:P14151	UniProtKB:P18337	PIRSF:PIRSF002421	HGNC:10720	SELL
CL:0000958	T1 B cell	CL:4030046	lacks_plasma_membrane_part	negative	True	PR:000001338	complement receptor type 2	CD21 (exact)	UniProtKB:P20023	UniProtKB:P19070	PIRSF:PIRSF002484	HGNC:2336	CR2
CL:0000958	T1 B cell	CL:4030046	lacks_plasma_membrane_part	negative	True	PR:000001880	low affinity immunoglobulin epsilon Fc receptor	CD23 (exact); CD23A (related)	UniProtKB:P06734	UniProtKB:P20693	IUPHARobj:2935; PIRSF:PIRSF002426	HGNC:3612	FCER2
CL:0000958	T1 B cell	RO:0002104	has plasma membrane part	positive	False	PR:000001002	CD19 molecule	CD19 (label)	UniProtKB:P15391	UniProtKB:P25918	IUPHARobj:2764; PIRSF:PIRSF016630	HGNC:1633	CD19
CL:0000958	T1 B cell	RO:0002104	has plasma membrane part	positive	False	PR:000001289	membrane-spanning 4-domains subfamily A member 1	CD20 (exact)	UniProtKB:P11836	UniProtKB:P19437	PIRSF:PIRSF001995; IUPHARobj:2628	HGNC:7315	MS4A1
CL:0000958	T1 B cell	RO:0002104	has plasma membrane part	positive	True	PR:000002037	complement component C1q receptor	CD93 (exact); CDw93 (exact)	UniProtKB:Q9NPY3	UniProtKB:O89103		HGNC:15855	CD93
CL:0000959	T2 B cell	RO:0015015	has high plasma membrane amount	high	False	PR:000001408	ADP-ribosyl cyclase/cyclic ADP-ribose hydrolase 1	CD38 (exact)	UniProtKB:P28907	UniProtKB:P56528	IUPHARobj:2766	HGNC:1667	CD38
CL:0000959	T2 B cell	RO:0015015	has high plasma membrane amount	high	False	PR:000001932	signal transducer CD24	CD24 (label); CD24A (related)	UniProtKB:P25063	UniProtKB:P24807		HGNC:1645	CD24
CL:0000959	T2 B cell	CL:4030046	lacks_plasma_membrane_part	negative	False	PR:000001020	CD3 epsilon	CD3 (label); CD3E (exact); CD3e (exact)	UniProtKB:P07766	UniProtKB:P22646	IUPHARobj:2742	HGNC:1674	CD3E
CL:0000959	T2 B cell	CL:4030046	lacks_plasma_membrane_part	negative	True	PR:000001318	L-selectin	CD62 (exact); CD62L (exact)	UniProtKB:P14151	UniProtKB:P18337	PIRSF:PIRSF002421	HGNC:10720	SELL
CL:0000959	T2 B cell	RO:0002104	has plasma membrane part	positive	False	PR:000001002	CD19 molecule	CD19 (label)	UniProtKB:P15391	UniProtKB:P25918	IUPHARobj:2764; PIRSF:PIRSF016630	HGNC:1633	CD19
CL:0000959	T2 B cell	RO:0002104	has plasma membrane part	positive	False	PR:000001289	membrane-spanning 4-domains subfamily A member 1	CD20 (exact)	UniProtKB:P11836	UniProtKB:P19437	PIRSF:PIRSF001995; IUPHARobj:2628	HGNC:7315	MS4A1
CL:0000959	T2 B cell	RO:0002104	has plasma membrane part	positive	True	PR:000001338	complement receptor type 2	CD21 (exact)	UniProtKB:P20023	UniProtKB:P19070	PIRSF:PIRSF002484	HGNC:2336	CR2
CL:0000959	T2 B cell	RO:0002104	has plasma membrane part	positive	True	PR:000001880	low affinity immunoglobulin epsilon Fc receptor	CD23 (exact); CD23A (related)	UniProtKB:P06734	UniProtKB:P20693	IUPHARobj:2935; PIRSF:PIRSF002426	HGNC:3612	FCER2
CL:0000959	T2 B cell	RO:0002104	has plasma membrane part	positive	True	PR:000002037	complement component C1q receptor	CD93 (exact); CDw93 (exact)	UniProtKB:Q9NPY3	UniProtKB:O89103		HGNC:15855	CD93
CL:0000960	T3 B cell	RO:0015015	has high plasma membrane amount	high	False	PR:000001408	ADP-ribosyl cyclase/cyclic ADP-ribose hydrolase 1	CD38 (exact)	UniProtKB:P28907	UniProtKB:P56528	IUPHARobj:2766	HGNC:1667	CD38
CL:0000960	T3 B cell	RO:0015015	has high plasma membrane amount	high	False	PR:000001932	signal transducer CD24	CD24 (label); CD24A (related)	UniProtKB:P25063	UniProtKB:P24807		HGNC:1645	CD24
CL:0000960	T3 B cell	CL:4030046	lacks_plasma_membrane_part	negative	False	PR:000001020	CD3 epsilon	CD3 (label); CD3E (exact); CD3e (exact)	UniProtKB:P07766	UniProtKB:P22646	IUPHARobj:2742	HGNC:1674	CD3E
CL:0000960	T3 B cell	RO:0002104	has plasma membrane part	positive	False	PR:000001002	CD19 molecule	CD19 (label)	UniProtKB:P15391	UniProtKB:P25918	IUPHARobj:2764; PIRSF:PIRSF016630	HGNC:1633	CD19
CL:0000960	T3 B cell	RO:0002104	has plasma membrane part	positive	False	PR:000001289	membrane-spanning 4-domains subfamily A member 1	CD20 (exact)	UniProtKB:P11836	UniProtKB:P19437	PIRSF:PIRSF001995; IUPHARobj:2628	HGNC:7315	MS4A1
CL:0000960	T3 B cell	RO:0002104	has plasma membrane part	positive	True	PR:000001318	L-selectin	CD62 (exact); CD62L (exact)	UniProtKB:P14151	UniProtKB:P18337	PIRSF:PIRSF002421	HGNC:10720	SELL
CL:0000960	T3 B cell	RO:0002104	has plasma membrane part	positive	True	PR:000001338	complement receptor type 2	CD21 (exact)	UniProtKB:P20023	UniProtKB:P19070	PIRSF:PIRSF002484	HGNC:2336	CR2
CL:0000960	T3 B cell	RO:0002104	has plasma membrane part	positive	True	PR:000001880	low affinity immunoglobulin epsilon Fc receptor	CD23 (exact); CD23A (related)	UniProtKB:P06734	UniProtKB:P20693	IUPHARobj:2935; PIRSF:PIRSF002426	HGNC:3612	FCER2
CL:0000961	Bm1 B cell	CL:4030046	lacks_plasma_membrane_part	negative	False	PR:000001020	CD3 epsilon	CD3 (label); CD3E (exact); CD3e (exact)	UniProtKB:P07766	UniProtKB:P22646	IUPHARobj:2742	HGNC:1674	CD3E
CL:0000961	Bm1 B cell	CL:4030046	lacks_plasma_membrane_part	negative	True	PR:000001408	ADP-ribosyl cyclase/cyclic ADP-ribose hydrolase 1	CD38 (exact)	UniProtKB:P28907	UniProtKB:P56528	IUPHARobj:2766	HGNC:1667	CD38
CL:0000961	Bm1 B cell	CL:4030046	lacks_plasma_membrane_part	negative	False	PR:000001839	T-cell surface glycoprotein CD5	CD5 (label)	UniProtKB:P06127	UniProtKB:P13379		HGNC:1685	CD5
CL:0000961	Bm1 B cell	CL:4030046	lacks_plasma_membrane_part	negative	False	PR:000001879	leukosialin	CD43 (related)	UniProtKB:P16150	UniProtKB:P15702	PIRSF:PIRSF001994	HGNC:11249	SPN
CL:0000961	Bm1 B cell	CL:4030046	lacks_plasma_membrane_part	negative	True	PR:000001880	low affinity immunoglobulin epsilon Fc receptor	CD23 (exact); CD23A (related)	UniProtKB:P06734	UniProtKB:P20693	IUPHARobj:2935; PIRSF:PIRSF002426	HGNC:3612	FCER2
CL:0000961	Bm1 B cell	CL:4030046	lacks_plasma_membrane_part	negative	False	PR:000002037	complement component C1q receptor	CD93 (exact); CDw93 (exact)	UniProtKB:Q9NPY3	UniProtKB:O89103		HGNC:15855	CD93
CL:0000961	Bm1 B cell	RO:0002104	has plasma membrane part	positive	False	PR:000001002	CD19 molecule	CD19 (label)	UniProtKB:P15391	UniProtKB:P25918	IUPHARobj:2764; PIRSF:PIRSF016630	HGNC:1633	CD19
CL:0000961	Bm1 B cell	RO:0002104	has plasma membrane part	positive	False	PR:000001006	receptor-type tyrosine-protein phosphatase C	CD45 (related)	UniProtKB:P08575	UniProtKB:P06800	IUPHARobj:1852; PIRSF:PIRSF002004	HGNC:9666	PTPRC
CL:0000961	Bm1 B cell	RO:0002104	has plasma membrane part	positive	False	PR:000001014	receptor-type tyrosine-protein phosphatase C isoform CD45RABC	CD45R (related); CD45RABC (label)	UniProtKB:P08575-3				
CL:0000961	Bm1 B cell	RO:0002104	has plasma membrane part	positive	False	PR:000001289	membrane-spanning 4-domains subfamily A member 1	CD20 (exact)	UniProtKB:P11836	UniProtKB:P19437	PIRSF:PIRSF001995; IUPHARobj:2628	HGNC:7315	MS4A1
CL:0000961	Bm1 B cell	RO:0002104	has plasma membrane part	positive	False	PR:000001338	complement receptor type 2	CD21 (exact)	UniProtKB:P20023	UniProtKB:P19070	PIRSF:PIRSF002484	HGNC:2336	CR2
CL:0000962	Bm2 B cell	CL:4030046	lacks_plasma_membrane_part	negative	False	PR:000001020	CD3 epsilon	CD3 (label); CD3E (exact); CD3e (exact)	UniProtKB:P07766	UniProtKB:P22646	IUPHARobj:2742	HGNC:1674	CD3E
CL:0000962	Bm2 B cell	CL:4030046	lacks_plasma_membrane_part	negative	False	PR:000001839	T-cell surface glycoprotein CD5	CD5 (label)	UniProtKB:P06127	UniProtKB:P13379		HGNC:1685	CD5
CL:0000962	Bm2 B cell	CL:4030046	lacks_plasma_membrane_part	negative	False	PR:000001879	leukosialin	CD43 (related)	UniProtKB:P16150	UniProtKB:P15702	PIRSF:PIRSF001994	HGNC:11249	SPN
CL:0000962	Bm2 B cell	CL:4030046	lacks_plasma_membrane_part	negative	False	PR:000002037	complement component C1q receptor	CD93 (exact); CDw93 (exact)	UniProtKB:Q9NPY3	UniProtKB:O89103		HGNC:15855	CD93
CL:0000962	Bm2 B cell	RO:0002104	has plasma membrane part	positive	False	PR:000001002	CD19 molecule	CD19 (label)	UniProtKB:P15391	UniProtKB:P25918	IUPHARobj:2764; PIRSF:PIRSF016630	HGNC:1633	CD19
CL:0000962	Bm2 B cell	RO:0002104	has plasma membrane part	positive	False	PR:000001006	receptor-type tyrosine-protein phosphatase C	CD45 (related)	UniProtKB:P08575	UniProtKB:P06800	IUPHARobj:1852; PIRSF:PIRSF002004	HGNC:9666	PTPRC
CL:0000962	Bm2 B cell	RO:0002104	has plasma membrane part	positive	False	PR:000001014	receptor-type tyrosine-protein phosphatase C isoform CD45RABC	CD45R (related); CD45RABC (label)	UniProtKB:P08575-3				
CL:0000962	Bm2 B cell	RO:0002104	has plasma membrane part	positive	False	PR:000001289	membrane-spanning 4-domains subfamily A member 1	CD20 (exact)	UniProtKB:P11836	UniProtKB:P19437	PIRSF:PIRSF001995; IUPHARobj:2628	HGNC:7315	MS4A1
CL:0000962	Bm2 B cell	RO:0002104	has plasma membrane part	positive	False	PR:000001338	complement receptor type 2	CD21 (exact)	UniProtKB:P20023	UniProtKB:P19070	PIRSF:PIRSF002484	HGNC:2336	CR2
CL:0000962	Bm2 B cell	RO:0002104	has plasma membrane part	positive	True	PR:000001408	ADP-ribosyl cyclase/cyclic ADP-ribose hydrolase 1	CD38 (exact)	UniProtKB:P28907	UniProtKB:P56528	IUPHARobj:2766	HGNC:1667	CD38
CL:0000962	Bm2 B cell	RO:0002104	has plasma membrane part	positive	True	PR:000001880	low affinity immunoglobulin epsilon Fc receptor	CD23 (exact); CD23A (related)	UniProtKB:P06734	UniProtKB:P20693	IUPHARobj:2935; PIRSF:PIRSF002426	HGNC:3612	FCER2
CL:0000963	Bm3-delta B cell	CL:4030046	lacks_plasma_membrane_part	negative	False	PR:000001020	CD3 epsilon	CD3 (label); CD3E (exact); CD3e (exact)	UniProtKB:P07766	UniProtKB:P22646	IUPHARobj:2742	HGNC:1674	CD3E
CL:0000963	Bm3-delta B cell	RO:0002104	has plasma membrane part	positive	False	PR:000001002	CD19 molecule	CD19 (label)	UniProtKB:P15391	UniProtKB:P25918	IUPHARobj:2764; PIRSF:PIRSF016630	HGNC:1633	CD19
CL:0000963	Bm3-delta B cell	RO:0002104	has plasma membrane part	positive	False	PR:000001289	membrane-spanning 4-domains subfamily A member 1	CD20 (exact)	UniProtKB:P11836	UniProtKB:P19437	PIRSF:PIRSF001995; IUPHARobj:2628	HGNC:7315	MS4A1
CL:0000963	Bm3-delta B cell	RO:0002104	has plasma membrane part	positive	True	PR:000001408	ADP-ribosyl cyclase/cyclic ADP-ribose hydrolase 1	CD38 (exact)	UniProtKB:P28907	UniProtKB:P56528	IUPHARobj:2766	HGNC:1667	CD38
CL:0000964	Bm2' B cell	CL:4030046	lacks_plasma_membrane_part	negative	False	PR:000001020	CD3 epsilon	CD3 (label); CD3E (exact); CD3e (exact)	UniProtKB:P07766	UniProtKB:P22646	IUPHARobj:2742	HGNC:1674	CD3E
CL:0000964	Bm2' B cell	CL:4030046	lacks_plasma_membrane_part	negative	True	PR:000001880	low affinity immunoglobulin epsilon Fc receptor	CD23 (exact); CD23A (related)	UniProtKB:P06734	UniProtKB:P20693	IUPHARobj:2935; PIRSF:PIRSF002426	HGNC:3612	FCER2
CL:0000964	Bm2' B cell	RO:0002104	has plasma membrane part	positive	False	PR:000001002	CD19 molecule	CD19 (label)	UniProtKB:P15391	UniProtKB:P25918	IUPHARobj:2764; PIRSF:PIRSF016630	HGNC:1633	CD19
CL:0000964	Bm2' B cell	RO:0002104	has plasma membrane part	positive	False	PR:000001289	membrane-spanning 4-domains subfamily A member 1	CD20 (exact)	UniProtKB:P11836	UniProtKB:P19437	PIRSF:PIRSF001995; IUPHARobj:2628	HGNC:7315	MS4A1
CL:0000964	Bm2' B cell	RO:0002104	has plasma membrane part	positive	True	PR:000001408	ADP-ribosyl cyclase/cyclic ADP-ribose hydrolase 1	CD38 (exact)	UniProtKB:P28907	UniProtKB:P56528	IUPHARobj:2766	HGNC:1667	CD38
CL:0000965	Bm3 B cell	CL:4030046	lacks_plasma_membrane_part	negative	False	PR:000001020	CD3 epsilon	CD3 (label); CD3E (exact); CD3e (exact)	UniProtKB:P07766	UniProtKB:P22646	IUPHARobj:2742	HGNC:1674	CD3E
CL:0000965	Bm3 B cell	RO:0002104	has plasma membrane part	positive	False	PR:000001002	CD19 molecule	CD19 (label)	UniProtKB:P15391	UniProtKB:P25918	IUPHARobj:2764; PIRSF:PIRSF016630	HGNC:1633	CD19
CL:0000965	Bm3 B cell	RO:0002104	has plasma membrane part	positive	False	PR:000001289	membrane-spanning 4-domains subfamily A member 1	CD20 (exact)	UniProtKB:P11836	UniProtKB:P19437	PIRSF:PIRSF001995; IUPHARobj:2628	HGNC:7315	MS4A1
CL:0000965	Bm3 B cell	RO:0002104	has plasma membrane part	positive	True	PR:000001408	ADP-ribosyl cyclase/cyclic ADP-ribose hydrolase 1	CD38 (exact)	UniProtKB:P28907	UniProtKB:P56528	IUPHARobj:2766	HGNC:1667	CD38
CL:0000965	Bm3 B cell	RO:0002104	has plasma membrane part	positive	True	PR:000003516	lactosylceramide 4-alpha-galactosyltransferase	CD77 (exact)	UniProtKB:Q9NPC4	UniProtKB:Q67BJ4		HGNC:18149	A4GALT
CL:0000966	Bm4 B cell	CL:4030046	lacks_plasma_membrane_part	negative	False	PR:000001020	CD3 epsilon	CD3 (label); CD3E (exact); CD3e (exact)	UniProtKB:P07766	UniProtKB:P22646	IUPHARobj:2742	HGNC:1674	CD3E
CL:0000966	Bm4 B cell	CL:4030046	lacks_plasma_membrane_part	negative	True	PR:000003516	lactosylceramide 4-alpha-galactosyltransferase	CD77 (exact)	UniProtKB:Q9NPC4	UniProtKB:Q67BJ4		HGNC:18149	A4GALT
CL:0000966	Bm4 B cell	RO:0002104	has plasma membrane part	positive	False	PR:000001002	CD19 molecule	CD19 (label)	UniProtKB:P15391	UniProtKB:P25918	IUPHARobj:2764; PIRSF:PIRSF016630	HGNC:1633	CD19
CL:0000966	Bm4 B cell	RO:0002104	has plasma membrane part	positive	False	PR:000001289	membrane-spanning 4-domains subfamily A member 1	CD20 (exact)	UniProtKB:P11836	UniProtKB:P19437	PIRSF:PIRSF001995; IUPHARobj:2628	HGNC:7315	MS4A1
CL:0000966	Bm4 B cell	RO:0002104	has plasma membrane part	positive	True	PR:000001408	ADP-ribosyl cyclase/cyclic ADP-ribose hydrolase 1	CD38 (exact)	UniProtKB:P28907	UniProtKB:P56528	IUPHARobj:2766	HGNC:1667	CD38
CL:0000967	Bm5 B cell	CL:4030046	lacks_plasma_membrane_part	negative	False	PR:000001020	CD3 epsilon	CD3 (label); CD3E (exact); CD3e (exact)	UniProtKB:P07766	UniProtKB:P22646	IUPHARobj:2742	HGNC:1674	CD3E
CL:0000967	Bm5 B cell	CL:4030046	lacks_plasma_membrane_part	negative	False	PR:000001935	syndecan-1	CD138 (exact)	UniProtKB:P18827	UniProtKB:P18828	PIRSF:PIRSF015854	HGNC:10658	SDC1
CL:0000967	Bm5 B cell	RO:0002104	has plasma membrane part	positive	False	PR:000001002	CD19 molecule	CD19 (label)	UniProtKB:P15391	UniProtKB:P25918	IUPHARobj:2764; PIRSF:PIRSF016630	HGNC:1633	CD19
CL:0000967	Bm5 B cell	RO:0002104	has plasma membrane part	positive	False	PR:000001289	membrane-spanning 4-domains subfamily A member 1	CD20 (exact)	UniProtKB:P11836	UniProtKB:P19437	PIRSF:PIRSF001995; IUPHARobj:2628	HGNC:7315	MS4A1
CL:0000968	Be cell	CL:4030046	lacks_plasma_membrane_part	negative	False	PR:000001020	CD3 epsilon	CD3 (label); CD3E (exact); CD3e (exact)	UniProtKB:P07766	UniProtKB:P22646	IUPHARobj:2742	HGNC:1674	CD3E
CL:0000968	Be cell	RO:0002104	has plasma membrane part	positive	False	PR:000001002	CD19 molecule	CD19 (label)	UniProtKB:P15391	UniProtKB:P25918	IUPHARobj:2764; PIRSF:PIRSF016630	HGNC:1633	CD19
CL:0000968	Be cell	RO:0002104	has plasma membrane part	positive	True	PR:000001289	membrane-spanning 4-domains subfamily A member 1	CD20 (exact)	UniProtKB:P11836	UniProtKB:P19437	PIRSF:PIRSF001995; IUPHARobj:2628	HGNC:7315	MS4A1
CL:0000969	regulatory B cell	CL:4030046	lacks_plasma_membrane_part	negative	False	PR:000001020	CD3 epsilon	CD3 (label); CD3E (exact); CD3e (exact)	UniProtKB:P07766	UniProtKB:P22646	IUPHARobj:2742	HGNC:1674	CD3E
CL:0000969	regulatory B cell	RO:0002104	has plasma membrane part	positive	False	PR:000001002	CD19 molecule	CD19 (label)	UniProtKB:P15391	UniProtKB:P25918	IUPHARobj:2764; PIRSF:PIRSF016630	HGNC:1633	CD19
CL:0000969	regulatory B cell	RO:0002104	has plasma membrane part	positive	True	PR:000001289	membrane-spanning 4-domains subfamily A member 1	CD20 (exact)	UniProtKB:P11836	UniProtKB:P19437	PIRSF:PIRSF001995; IUPHARobj:2628	HGNC:7315	MS4A1
CL:0000969	regulatory B cell	RO:0002104	has plasma membrane part	positive	True	PR:000002028	antigen-presenting glycoprotein CD1d	CD1D (exact); CD1d (label)	UniProtKB:P15813	UniProtKB:P11609		HGNC:1637	CD1D
CL:0000970	unswitched memory B cell	CL:4030046	lacks_plasma_membrane_part	negative	False	PR:000001020	CD3 epsilon	CD3 (label); CD3E (exact); CD3e (exact)	UniProtKB:P07766	UniProtKB:P22646	IUPHARobj:2742	HGNC:1674	CD3E
CL:0000970	unswitched memory B cell	CL:4030046	lacks_plasma_membrane_part	negative	False	PR:000001935	syndecan-1	CD138 (exact)	UniProtKB:P18827	UniProtKB:P18828	PIRSF:PIRSF015854	HGNC:10658	SDC1
CL:0000970	unswitched memory B cell	RO:0002104	has plasma membrane part	positive	False	PR:000001002	CD19 molecule	CD19 (label)	UniProtKB:P15391	UniProtKB:P25918	IUPHARobj:2764; PIRSF:PIRSF016630	HGNC:1633	CD19
CL:0000970	unswitched memory B cell	RO:0002104	has plasma membrane part	positive	False	PR:000001289	membrane-spanning 4-domains subfamily A member 1	CD20 (exact)	UniProtKB:P11836	UniProtKB:P19437	PIRSF:PIRSF001995; IUPHARobj:2628	HGNC:7315	MS4A1
CL:0000970	unswitched memory B cell	RO:0002104	has plasma membrane part	positive	True	PR:000001963	CD27 molecule	CD27 (label); CD27L (exact)	UniProtKB:P26842	UniProtKB:P41272	IUPHARobj:1876; PIRSF:PIRSF001966	HGNC:11922	CD27
CL:0000971	IgM memory B cell	CL:4030046	lacks_plasma_membrane_part	negative	False	PR:000001020	CD3 epsilon	CD3 (label); CD3E (exact); CD3e (exact)	UniProtKB:P07766	UniProtKB:P22646	IUPHARobj:2742	HGNC:1674	CD3E
CL:0000971	IgM memory B cell	CL:4030046	lacks_plasma_membrane_part	negative	False	PR:000001935	syndecan-1	CD138 (exact)	UniProtKB:P18827	UniProtKB:P18828	PIRSF:PIRSF015854	HGNC:10658	SDC1
CL:0000971	IgM memory B cell	RO:0002104	has plasma membrane part	positive	False	PR:000001002	CD19 molecule	CD19 (label)	UniProtKB:P15391	UniProtKB:P25918	IUPHARobj:2764; PIRSF:PIRSF016630	HGNC:1633	CD19
CL:0000971	IgM memory B cell	RO:0002104	has plasma membrane part	positive	False	PR:000001289	membrane-spanning 4-domains subfamily A member 1	CD20 (exact)	UniProtKB:P11836	UniProtKB:P19437	PIRSF:PIRSF001995; IUPHARobj:2628	HGNC:7315	MS4A1
CL:0000972	class switched memory B cell	CL:4030046	lacks_plasma_membrane_part	negative	False	PR:000001020	CD3 epsilon	CD3 (label); CD3E (exact); CD3e (exact)	UniProtKB:P07766	UniProtKB:P22646	IUPHARobj:2742	HGNC:1674	CD3E
CL:0000972	class switched memory B cell	CL:4030046	lacks_plasma_membrane_part	negative	False	PR:000001935	syndecan-1	CD138 (exact)	UniProtKB:P18827	UniProtKB:P18828	PIRSF:PIRSF015854	HGNC:10658	SDC1
CL:0000972	class switched memory B cell	RO:0002104	has plasma membrane part	positive	False	PR:000001002	CD19 molecule	CD19 (label)	UniProtKB:P15391	UniProtKB:P25918	IUPHARobj:2764; PIRSF:PIRSF016630	HGNC:1633	CD19
CL:0000972	class switched memory B cell	RO:0002104	has plasma membrane part	positive	False	PR:000001289	membrane-spanning 4-domains subfamily A member 1	CD20 (exact)	UniProtKB:P11836	UniProtKB:P19437	PIRSF:PIRSF001995; IUPHARobj:2628	HGNC:7315	MS4A1
CL:0000972	class switched memory B cell	RO:0002104	has plasma membrane part	positive	True	PR:000001963	CD27 molecule	CD27 (label); CD27L (exact)	UniProtKB:P26842	UniProtKB:P41272	IUPHARobj:1876; PIRSF:PIRSF001966	HGNC:11922	CD27
CL:0000973	IgA memory B cell	CL:4030046	lacks_plasma_membrane_part	negative	False	PR:000001020	CD3 epsilon	CD3 (label); CD3E (exact); CD3e (exact)	UniProtKB:P07766	UniProtKB:P22646	IUPHARobj:2742	HGNC:1674	CD3E
CL:0000973	IgA memory B cell	CL:4030046	lacks_plasma_membrane_part	negative	False	PR:000001935	syndecan-1	CD138 (exact)	UniProtKB:P18827	UniProtKB:P18828	PIRSF:PIRSF015854	HGNC:10658	SDC1
CL:0000973	IgA memory B cell	RO:0002104	has plasma membrane part	positive	False	PR:000001002	CD19 molecule	CD19 (label)	UniProtKB:P15391	UniProtKB:P25918	IUPHARobj:2764; PIRSF:PIRSF016630	HGNC:1633	CD19
CL:0000973	IgA memory B cell	RO:0002104	has plasma membrane part	positive	False	PR:000001289	membrane-spanning 4-domains subfamily A member 1	CD20 (exact)	UniProtKB:P11836	UniProtKB:P19437	PIRSF:PIRSF001995; IUPHARobj:2628	HGNC:7315	MS4A1
CL:0000973	IgA memory B cell	RO:0002104	has plasma membrane part	positive	False	PR:000001963	CD27 molecule	CD27 (label); CD27L (exact)	UniProtKB:P26842	UniProtKB:P41272	IUPHARobj:1876; PIRSF:PIRSF001966	HGNC:11922	CD27
CL:0000974	long lived plasma cell	RO:0015015	has high plasma membrane amount	high	True	PR:000001208	C-X-C chemokine receptor type 4	CD184 (exact)	UniProtKB:P61073	UniProtKB:P70658	IUPHARobj:71; PIRSF:PIRSF501021	HGNC:2561	CXCR4
CL:0000974	long lived plasma cell	RO:0015015	has high plasma membrane amount	high	True	PR:000001935	syndecan-1	CD138 (exact)	UniProtKB:P18827	UniProtKB:P18828	PIRSF:PIRSF015854	HGNC:10658	SDC1
CL:0000974	long lived plasma cell	RO:0015016	has low plasma membrane amount	low	True	PR:000001002	CD19 molecule	CD19 (label)	UniProtKB:P15391	UniProtKB:P25918	IUPHARobj:2764; PIRSF:PIRSF016630	HGNC:1633	CD19
CL:0000974	long lived plasma cell	CL:4030046	lacks_plasma_membrane_part	negative	False	PR:000001289	membrane-spanning 4-domains subfamily A member 1	CD20 (exact)	UniProtKB:P11836	UniProtKB:P19437	PIRSF:PIRSF001995; IUPHARobj:2628	HGNC:7315	MS4A1
CL:0000974	long lived plasma cell	CL:4030046	lacks_plasma_membrane_part	negative	True	PR:000001408	ADP-ribosyl cyclase/cyclic ADP-ribose hydrolase 1	CD38 (exact)	UniProtKB:P28907	UniProtKB:P56528	IUPHARobj:2766	HGNC:1667	CD38
CL:0000975	short lived plasma cell	CL:4030046	lacks_plasma_membrane_part	negative	False	PR:000001289	membrane-spanning 4-domains subfamily A member 1	CD20 (exact)	UniProtKB:P11836	UniProtKB:P19437	PIRSF:PIRSF001995; IUPHARobj:2628	HGNC:7315	MS4A1
CL:0000975	short lived plasma cell	RO:0002104	has plasma membrane part	positive	False	PR:000001935	syndecan-1	CD138 (exact)	UniProtKB:P18827	UniProtKB:P18828	PIRSF:PIRSF015854	HGNC:10658	SDC1
CL:0000976	IgA short lived plasma cell	CL:4030046	lacks_plasma_membrane_part	negative	False	PR:000001289	membrane-spanning 4-domains subfamily A member 1	CD20 (exact)	UniProtKB:P11836	UniProtKB:P19437	PIRSF:PIRSF001995; IUPHARobj:2628	HGNC:7315	MS4A1
CL:0000976	IgA short lived plasma cell	RO:0002104	has plasma membrane part	positive	False	PR:000001935	syndecan-1	CD138 (exact)	UniProtKB:P18827	UniProtKB:P18828	PIRSF:PIRSF015854	HGNC:10658	SDC1
CL:0000977	IgG short lived plasma cell	CL:4030046	lacks_plasma_membrane_part	negative	False	PR:000001289	membrane-spanning 4-domains subfamily A member 1	CD20 (exact)	UniProtKB:P11836	UniProtKB:P19437	PIRSF:PIRSF001995; IUPHARobj:2628	HGNC:7315	MS4A1
CL:0000977	IgG short lived plasma cell	RO:0002104	has plasma membrane part	positive	False	PR:000001935	syndecan-1	CD138 (exact)	UniProtKB:P18827	UniProtKB:P18828	PIRSF:PIRSF015854	HGNC:10658	SDC1
CL:0000978	IgM short lived plasma cell	CL:4030046	lacks_plasma_membrane_part	negative	False	PR:000001289	membrane-spanning 4-domains subfamily A member 1	CD20 (exact)	UniProtKB:P11836	UniProtKB:P19437	PIRSF:PIRSF001995; IUPHARobj:2628	HGNC:7315	MS4A1
CL:0000978	IgM short lived plasma cell	RO:0002104	has plasma membrane part	positive	False	PR:000001935	syndecan-1	CD138 (exact)	UniProtKB:P18827	UniProtKB:P18828	PIRSF:PIRSF015854	HGNC:10658	SDC1
CL:0000979	IgG memory B cell	CL:4030046	lacks_plasma_membrane_part	negative	False	PR:000001020	CD3 epsilon	CD3 (label); CD3E (exact); CD3e (exact)	UniProtKB:P07766	UniProtKB:P22646	IUPHARobj:2742	HGNC:1674	CD3E
CL:0000979	IgG memory B cell	CL:4030046	lacks_plasma_membrane_part	negative	False	PR:000001935	syndecan-1	CD138 (exact)	UniProtKB:P18827	UniProtKB:P18828	PIRSF:PIRSF015854	HGNC:10658	SDC1
CL:0000979	IgG memory B cell	RO:0002104	has plasma membrane part	positive	False	PR:000001002	CD19 molecule	CD19 (label)	UniProtKB:P15391	UniProtKB:P25918	IUPHARobj:2764; PIRSF:PIRSF016630	HGNC:1633	CD19
CL:0000979	IgG memory B cell	RO:0002104	has plasma membrane part	positive	False	PR:000001289	membrane-spanning 4-domains subfamily A member 1	CD20 (exact)	UniProtKB:P11836	UniProtKB:P19437	PIRSF:PIRSF001995; IUPHARobj:2628	HGNC:7315	MS4A1
CL:0000979	IgG memory B cell	RO:0002104	has plasma membrane part	positive	False	PR:000001963	CD27 molecule	CD27 (label); CD27L (exact)	UniProtKB:P26842	UniProtKB:P41272	IUPHARobj:1876; PIRSF:PIRSF001966	HGNC:11922	CD27
CL:0000980	plasmablast	RO:0015015	has high plasma membrane amount	high	True	PR:000001408	ADP-ribosyl cyclase/cyclic ADP-ribose hydrolase 1	CD38 (exact)	UniProtKB:P28907	UniProtKB:P56528	IUPHARobj:2766	HGNC:1667	CD38
CL:0000980	plasmablast	RO:0015015	has high plasma membrane amount	high	True	PR:000001963	CD27 molecule	CD27 (label); CD27L (exact)	UniProtKB:P26842	UniProtKB:P41272	IUPHARobj:1876; PIRSF:PIRSF001966	HGNC:11922	CD27
CL:0000980	plasmablast	CL:4030046	lacks_plasma_membrane_part	negative	False	PR:000001020	CD3 epsilon	CD3 (label); CD3E (exact); CD3e (exact)	UniProtKB:P07766	UniProtKB:P22646	IUPHARobj:2742	HGNC:1674	CD3E
CL:0000980	plasmablast	CL:4030046	lacks_plasma_membrane_part	negative	True	PR:000001289	membrane-spanning 4-domains subfamily A member 1	CD20 (exact)	UniProtKB:P11836	UniProtKB:P19437	PIRSF:PIRSF001995; IUPHARobj:2628	HGNC:7315	MS4A1
CL:0000980	plasmablast	CL:4030046	lacks_plasma_membrane_part	negative	True	PR:000001935	syndecan-1	CD138 (exact)	UniProtKB:P18827	UniProtKB:P18828	PIRSF:PIRSF015854	HGNC:10658	SDC1
CL:0000980	plasmablast	RO:0002104	has plasma membrane part	positive	False	PR:000001002	CD19 molecule	CD19 (label)	UniProtKB:P15391	UniProtKB:P25918	IUPHARobj:2764; PIRSF:PIRSF016630	HGNC:1633	CD19
CL:0000981	double negative memory B cell	CL:4030046	lacks_plasma_membrane_part	negative	False	PR:000001020	CD3 epsilon	CD3 (label); CD3E (exact); CD3e (exact)	UniProtKB:P07766	UniProtKB:P22646	IUPHARobj:2742	HGNC:1674	CD3E
CL:0000981	double negative memory B cell	CL:4030046	lacks_plasma_membrane_part	negative	False	PR:000001935	syndecan-1	CD138 (exact)	UniProtKB:P18827	UniProtKB:P18828	PIRSF:PIRSF015854	HGNC:10658	SDC1
CL:0000981	double negative memory B cell	CL:4030046	lacks_plasma_membrane_part	negative	True	PR:000001963	CD27 molecule	CD27 (label); CD27L (exact)	UniProtKB:P26842	UniProtKB:P41272	IUPHARobj:1876; PIRSF:PIRSF001966	HGNC:11922	CD27
CL:0000981	double negative memory B cell	RO:0002104	has plasma membrane part	positive	False	PR:000001002	CD19 molecule	CD19 (label)	UniProtKB:P15391	UniProtKB:P25918	IUPHARobj:2764; PIRSF:PIRSF016630	HGNC:1633	CD19
CL:0000981	double negative memory B cell	RO:0002104	has plasma membrane part	positive	False	PR:000001289	membrane-spanning 4-domains subfamily A member 1	CD20 (exact)	UniProtKB:P11836	UniProtKB:P19437	PIRSF:PIRSF001995; IUPHARobj:2628	HGNC:7315	MS4A1
CL:0000982	IgG plasmablast	RO:0015015	has high plasma membrane amount	high	False	PR:000001408	ADP-ribosyl cyclase/cyclic ADP-ribose hydrolase 1	CD38 (exact)	UniProtKB:P28907	UniProtKB:P56528	IUPHARobj:2766	HGNC:1667	CD38
CL:0000982	IgG plasmablast	RO:0015015	has high plasma membrane amount	high	False	PR:000001963	CD27 molecule	CD27 (label); CD27L (exact)	UniProtKB:P26842	UniProtKB:P41272	IUPHARobj:1876; PIRSF:PIRSF001966	HGNC:11922	CD27
CL:0000982	IgG plasmablast	CL:4030046	lacks_plasma_membrane_part	negative	False	PR:000001020	CD3 epsilon	CD3 (label); CD3E (exact); CD3e (exact)	UniProtKB:P07766	UniProtKB:P22646	IUPHARobj:2742	HGNC:1674	CD3E
CL:0000982	IgG plasmablast	CL:4030046	lacks_plasma_membrane_part	negative	False	PR:000001289	membrane-spanning 4-domains subfamily A member 1	CD20 (exact)	UniProtKB:P11836	UniProtKB:P19437	PIRSF:PIRSF001995; IUPHARobj:2628	HGNC:7315	MS4A1
CL:0000982	IgG plasmablast	CL:4030046	lacks_plasma_membrane_part	negative	False	PR:000001935	syndecan-1	CD138 (exact)	UniProtKB:P18827	UniProtKB:P18828	PIRSF:PIRSF015854	HGNC:10658	SDC1
CL:0000982	IgG plasmablast	RO:0002104	has plasma membrane part	positive	False	PR:000001002	CD19 molecule	CD19 (label)	UniProtKB:P15391	UniProtKB:P25918	IUPHARobj:2764; PIRSF:PIRSF016630	HGNC:1633	CD19
CL:0000983	IgM plasmablast	RO:0015015	has high plasma membrane amount	high	False	PR:000001408	ADP-ribosyl cyclase/cyclic ADP-ribose hydrolase 1	CD38 (exact)	UniProtKB:P28907	UniProtKB:P56528	IUPHARobj:2766	HGNC:1667	CD38
CL:0000983	IgM plasmablast	RO:0015015	has high plasma membrane amount	high	False	PR:000001963	CD27 molecule	CD27 (label); CD27L (exact)	UniProtKB:P26842	UniProtKB:P41272	IUPHARobj:1876; PIRSF:PIRSF001966	HGNC:11922	CD27
CL:0000983	IgM plasmablast	CL:4030046	lacks_plasma_membrane_part	negative	False	PR:000001020	CD3 epsilon	CD3 (label); CD3E (exact); CD3e (exact)	UniProtKB:P07766	UniProtKB:P22646	IUPHARobj:2742	HGNC:1674	CD3E
CL:0000983	IgM plasmablast	CL:4030046	lacks_plasma_membrane_part	negative	False	PR:000001289	membrane-spanning 4-domains subfamily A member 1	CD20 (exact)	UniProtKB:P11836	UniProtKB:P19437	PIRSF:PIRSF001995; IUPHARobj:2628	HGNC:7315	MS4A1
CL:0000983	IgM plasmablast	CL:4030046	lacks_plasma_membrane_part	negative	False	PR:000001935	syndecan-1	CD138 (exact)	UniProtKB:P18827	UniProtKB:P18828	PIRSF:PIRSF015854	HGNC:10658	SDC1
CL:0000983	IgM plasmablast	RO:0002104	has plasma membrane part	positive	False	PR:000001002	CD19 molecule	CD19 (label)	UniProtKB:P15391	UniProtKB:P25918	IUPHARobj:2764; PIRSF:PIRSF016630	HGNC:1633	CD19
CL:0000984	IgA plasmablast	RO:0015015	has high plasma membrane amount	high	False	PR:000001408	ADP-ribosyl cyclase/cyclic ADP-ribose hydrolase 1	CD38 (exact)	UniProtKB:P28907	UniProtKB:P56528	IUPHARobj:2766	HGNC:1667	CD38
CL:0000984	IgA plasmablast	RO:0015015	has high plasma membrane amount	high	False	PR:000001963	CD27 molecule	CD27 (label); CD27L (exact)	UniProtKB:P26842	UniProtKB:P41272	IUPHARobj:1876; PIRSF:PIRSF001966	HGNC:11922	CD27
CL:0000984	IgA plasmablast	CL:4030046	lacks_plasma_membrane_part	negative	False	PR:000001020	CD3 epsilon	CD3 (label); CD3E (exact); CD3e (exact)	UniProtKB:P07766	UniProtKB:P22646	IUPHARobj:2742	HGNC:1674	CD3E
CL:0000984	IgA plasmablast	CL:4030046	lacks_plasma_membrane_part	negative	False	PR:000001289	membrane-spanning 4-domains subfamily A member 1	CD20 (exact)	UniProtKB:P11836	UniProtKB:P19437	PIRSF:PIRSF001995; IUPHARobj:2628	HGNC:7315	MS4A1
CL:0000984	IgA plasmablast	CL:4030046	lacks_plasma_membrane_part	negative	False	PR:000001935	syndecan-1	CD138 (exact)	UniProtKB:P18827	UniProtKB:P18828	PIRSF:PIRSF015854	HGNC:10658	SDC1
CL:0000984	IgA plasmablast	RO:0002104	has plasma membrane part	positive	False	PR:000001002	CD19 molecule	CD19 (label)	UniProtKB:P15391	UniProtKB:P25918	IUPHARobj:2764; PIRSF:PIRSF016630	HGNC:1633	CD19
CL:0000985	IgG plasma cell	RO:0015015	has high plasma membrane amount	high	False	PR:000001208	C-X-C chemokine receptor type 4	CD184 (exact)	UniProtKB:P61073	UniProtKB:P70658	IUPHARobj:71; PIRSF:PIRSF501021	HGNC:2561	CXCR4
CL:0000985	IgG plasma cell	RO:0015015	has high plasma membrane amount	high	False	PR:000001935	syndecan-1	CD138 (exact)	UniProtKB:P18827	UniProtKB:P18828	PIRSF:PIRSF015854	HGNC:10658	SDC1
CL:0000985	IgG plasma cell	RO:0015016	has low plasma membrane amount	low	False	PR:000001002	CD19 molecule	CD19 (label)	UniProtKB:P15391	UniProtKB:P25918	IUPHARobj:2764; PIRSF:PIRSF016630	HGNC:1633	CD19
CL:0000985	IgG plasma cell	CL:4030046	lacks_plasma_membrane_part	negative	False	PR:000001289	membrane-spanning 4-domains subfamily A member 1	CD20 (exact)	UniProtKB:P11836	UniProtKB:P19437	PIRSF:PIRSF001995; IUPHARobj:2628	HGNC:7315	MS4A1
CL:0000985	IgG plasma cell	CL:4030046	lacks_plasma_membrane_part	negative	False	PR:000001408	ADP-ribosyl cyclase/cyclic ADP-ribose hydrolase 1	CD38 (exact)	UniProtKB:P28907	UniProtKB:P56528	IUPHARobj:2766	HGNC:1667	CD38
CL:0000986	IgM plasma cell	RO:0015015	has high plasma membrane amount	high	False	PR:000001208	C-X-C chemokine receptor type 4	CD184 (exact)	UniProtKB:P61073	UniProtKB:P70658	IUPHARobj:71; PIRSF:PIRSF501021	HGNC:2561	CXCR4
CL:0000986	IgM plasma cell	RO:0015015	has high plasma membrane amount	high	False	PR:000001935	syndecan-1	CD138 (exact)	UniProtKB:P18827	UniProtKB:P18828	PIRSF:PIRSF015854	HGNC:10658	SDC1
CL:0000986	IgM plasma cell	RO:0015016	has low plasma membrane amount	low	False	PR:000001002	CD19 molecule	CD19 (label)	UniProtKB:P15391	UniProtKB:P25918	IUPHARobj:2764; PIRSF:PIRSF016630	HGNC:1633	CD19
CL:0000986	IgM plasma cell	CL:4030046	lacks_plasma_membrane_part	negative	False	PR:000001289	membrane-spanning 4-domains subfamily A member 1	CD20 (exact)	UniProtKB:P11836	UniProtKB:P19437	PIRSF:PIRSF001995; IUPHARobj:2628	HGNC:7315	MS4A1
CL:0000986	IgM plasma cell	CL:4030046	lacks_plasma_membrane_part	negative	False	PR:000001408	ADP-ribosyl cyclase/cyclic ADP-ribose hydrolase 1	CD38 (exact)	UniProtKB:P28907	UniProtKB:P56528	IUPHARobj:2766	HGNC:1667	CD38
CL:0000987	IgA plasma cell	RO:0015015	has high plasma membrane amount	high	False	PR:000001208	C-X-C chemokine receptor type 4	CD184 (exact)	UniProtKB:P61073	UniProtKB:P70658	IUPHARobj:71; PIRSF:PIRSF501021	HGNC:2561	CXCR4
CL:0000987	IgA plasma cell	RO:0015015	has high plasma membrane amount	high	False	PR:000001935	syndecan-1	CD138 (exact)	UniProtKB:P18827	UniProtKB:P18828	PIRSF:PIRSF015854	HGNC:10658	SDC1
CL:0000987	IgA plasma cell	RO:0015016	has low plasma membrane amount	low	False	PR:000001002	CD19 molecule	CD19 (label)	UniProtKB:P15391	UniProtKB:P25918	IUPHARobj:2764; PIRSF:PIRSF016630	HGNC:1633	CD19
CL:0000987	IgA plasma cell	CL:4030046	lacks_plasma_membrane_part	negative	False	PR:000001289	membrane-spanning 4-domains subfamily A member 1	CD20 (exact)	UniProtKB:P11836	UniProtKB:P19437	PIRSF:PIRSF001995; IUPHARobj:2628	HGNC:7315	MS4A1
CL:0000987	IgA plasma cell	CL:4030046	lacks_plasma_membrane_part	negative	False	PR:000001408	ADP-ribosyl cyclase/cyclic ADP-ribose hydrolase 1	CD38 (exact)	UniProtKB:P28907	UniProtKB:P56528	IUPHARobj:2766	HGNC:1667	CD38
CL:0000989	CD11c-low plasmacytoid dendritic cell	RO:0015016	has low plasma membrane amount	low	True	PR:000001013	integrin alpha-X	CD11 (exact); CD11C (related); CD11c (exact)	UniProtKB:P20702	UniProtKB:Q9QXH4	IUPHARobj:2454	HGNC:6152	ITGAX
CL:0000989	CD11c-low plasmacytoid dendritic cell	CL:4030046	lacks_plasma_membrane_part	negative	False	PR:000001002	CD19 molecule	CD19 (label)	UniProtKB:P15391	UniProtKB:P25918	IUPHARobj:2764; PIRSF:PIRSF016630	HGNC:1633	CD19
CL:0000989	CD11c-low plasmacytoid dendritic cell	CL:4030046	lacks_plasma_membrane_part	negative	False	PR:000001003	CD34 molecule	CD34 (label)	UniProtKB:P28906	UniProtKB:Q64314	PIRSF:PIRSF028749	HGNC:1662	CD34
CL:0000989	CD11c-low plasmacytoid dendritic cell	CL:4030046	lacks_plasma_membrane_part	negative	True	PR:000001012	integrin alpha-M	CD11 (exact); CD11B (related); CD11b (exact)	UniProtKB:P11215	UniProtKB:P05555	IUPHARobj:2452	HGNC:6149	ITGAM
CL:0000989	CD11c-low plasmacytoid dendritic cell	CL:4030046	lacks_plasma_membrane_part	negative	False	PR:000001020	CD3 epsilon	CD3 (label); CD3E (exact); CD3e (exact)	UniProtKB:P07766	UniProtKB:P22646	IUPHARobj:2742	HGNC:1674	CD3E
CL:0000989	CD11c-low plasmacytoid dendritic cell	CL:4030046	lacks_plasma_membrane_part	negative	False	PR:000001024	neural cell adhesion molecule 1	CD56 (exact)	UniProtKB:P13591	UniProtKB:P13595	IUPHARobj:2769	HGNC:7656	NCAM1
CL:0000989	CD11c-low plasmacytoid dendritic cell	CL:4030046	lacks_plasma_membrane_part	negative	False	PR:000001289	membrane-spanning 4-domains subfamily A member 1	CD20 (exact)	UniProtKB:P11836	UniProtKB:P19437	PIRSF:PIRSF001995; IUPHARobj:2628	HGNC:7315	MS4A1
CL:0000989	CD11c-low plasmacytoid dendritic cell	RO:0002104	has plasma membrane part	positive	False	PR:000001006	receptor-type tyrosine-protein phosphatase C	CD45 (related)	UniProtKB:P08575	UniProtKB:P06800	IUPHARobj:1852; PIRSF:PIRSF002004	HGNC:9666	PTPRC
CL:0000989	CD11c-low plasmacytoid dendritic cell	RO:0002104	has plasma membrane part	positive	True	PR:000001014	receptor-type tyrosine-protein phosphatase C isoform CD45RABC	CD45R (related); CD45RABC (label)	UniProtKB:P08575-3				
CL:0000989	CD11c-low plasmacytoid dendritic cell	RO:0002104	has plasma membrane part	positive	True	PR:000002978	lymphocyte antigen 6G			UniProtKB:P35461			
CL:0000990	conventional dendritic cell	RO:0015015	has high plasma membrane amount	high	True	PR:000001013	integrin alpha-X	CD11 (exact); CD11C (related); CD11c (exact)	UniProtKB:P20702	UniProtKB:Q9QXH4	IUPHARobj:2454	HGNC:6152	ITGAX
CL:0000990	conventional dendritic cell	CL:4030046	lacks_plasma_membrane_part	negative	False	PR:000001002	CD19 molecule	CD19 (label)	UniProtKB:P15391	UniProtKB:P25918	IUPHARobj:2764; PIRSF:PIRSF016630	HGNC:1633	CD19
CL:0000990	conventional dendritic cell	CL:4030046	lacks_plasma_membrane_part	negative	False	PR:000001003	CD34 molecule	CD34 (label)	UniProtKB:P28906	UniProtKB:Q64314	PIRSF:PIRSF028749	HGNC:1662	CD34
CL:0000990	conventional dendritic cell	CL:4030046	lacks_plasma_membrane_part	negative	False	PR:000001020	CD3 epsilon	CD3 (label); CD3E (exact); CD3e (exact)	UniProtKB:P07766	UniProtKB:P22646	IUPHARobj:2742	HGNC:1674	CD3E
CL:0000990	conventional dendritic cell	CL:4030046	lacks_plasma_membrane_part	negative	False	PR:000001024	neural cell adhesion molecule 1	CD56 (exact)	UniProtKB:P13591	UniProtKB:P13595	IUPHARobj:2769	HGNC:7656	NCAM1
CL:0000990	conventional dendritic cell	CL:4030046	lacks_plasma_membrane_part	negative	False	PR:000001289	membrane-spanning 4-domains subfamily A member 1	CD20 (exact)	UniProtKB:P11836	UniProtKB:P19437	PIRSF:PIRSF001995; IUPHARobj:2628	HGNC:7315	MS4A1
CL:0000991	CD11c-negative plasmacytoid dendritic cell	CL:4030046	lacks_plasma_membrane_part	negative	False	PR:000001002	CD19 molecule	CD19 (label)	UniProtKB:P15391	UniProtKB:P25918	IUPHARobj:2764; PIRSF:PIRSF016630	HGNC:1633	CD19
CL:0000991	CD11c-negative plasmacytoid dendritic cell	CL:4030046	lacks_plasma_membrane_part	negative	False	PR:000001003	CD34 molecule	CD34 (label)	UniProtKB:P28906	UniProtKB:Q64314	PIRSF:PIRSF028749	HGNC:1662	CD34
CL:0000991	CD11c-negative plasmacytoid dendritic cell	CL:4030046	lacks_plasma_membrane_part	negative	True	PR:000001013	integrin alpha-X	CD11 (exact); CD11C (related); CD11c (exact)	UniProtKB:P20702	UniProtKB:Q9QXH4	IUPHARobj:2454	HGNC:6152	ITGAX
CL:0000991	CD11c-negative plasmacytoid dendritic cell	CL:4030046	lacks_plasma_membrane_part	negative	False	PR:000001020	CD3 epsilon	CD3 (label); CD3E (exact); CD3e (exact)	UniProtKB:P07766	UniProtKB:P22646	IUPHARobj:2742	HGNC:1674	CD3E
CL:0000991	CD11c-negative plasmacytoid dendritic cell	CL:4030046	lacks_plasma_membrane_part	negative	False	PR:000001024	neural cell adhesion molecule 1	CD56 (exact)	UniProtKB:P13591	UniProtKB:P13595	IUPHARobj:2769	HGNC:7656	NCAM1
CL:0000991	CD11c-negative plasmacytoid dendritic cell	CL:4030046	lacks_plasma_membrane_part	negative	False	PR:000001289	membrane-spanning 4-domains subfamily A member 1	CD20 (exact)	UniProtKB:P11836	UniProtKB:P19437	PIRSF:PIRSF001995; IUPHARobj:2628	HGNC:7315	MS4A1
CL:0000991	CD11c-negative plasmacytoid dendritic cell	RO:0002104	has plasma membrane part	positive	False	PR:000001006	receptor-type tyrosine-protein phosphatase C	CD45 (related)	UniProtKB:P08575	UniProtKB:P06800	IUPHARobj:1852; PIRSF:PIRSF002004	HGNC:9666	PTPRC
CL:0000991	CD11c-negative plasmacytoid dendritic cell	RO:0002104	has plasma membrane part	positive	True	PR:000001014	receptor-type tyrosine-protein phosphatase C isoform CD45RABC	CD45R (related); CD45RABC (label)	UniProtKB:P08575-3				
CL:0000991	CD11c-negative plasmacytoid dendritic cell	RO:0002104	has plasma membrane part	positive	True	PR:000001292	C-type lectin domain family 4 member C	CD303 (exact)	UniProtKB:Q8WTT0			HGNC:13258	CLEC4C
CL:0000991	CD11c-negative plasmacytoid dendritic cell	RO:0002104	has plasma membrane part	positive	True	PR:000001398	leukocyte immunoglobulin-like receptor subfamily A member 4	CD85 (exact); CD85g (exact)	UniProtKB:P59901		IUPHARobj:2896	HGNC:15503	LILRA4
CL:0000991	CD11c-negative plasmacytoid dendritic cell	RO:0002104	has plasma membrane part	positive	True	PR:000001865	interleukin-3 receptor class 2 alpha chain	CD123 (exact)	UniProtKB:P26951	UniProtKB:P26952	IUPHARobj:1705	HGNC:6012	IL3RA
CL:0000992	immature CD11c-low plasmacytoid dendritic cell	RO:0015016	has low plasma membrane amount	low	False	PR:000001013	integrin alpha-X	CD11 (exact); CD11C (related); CD11c (exact)	UniProtKB:P20702	UniProtKB:Q9QXH4	IUPHARobj:2454	HGNC:6152	ITGAX
CL:0000992	immature CD11c-low plasmacytoid dendritic cell	RO:0015016	has low plasma membrane amount	low	True	PR:000001412	CD86 molecule	CD28LG2 (related); CD86 (label)	UniProtKB:P42081	UniProtKB:P42082	IUPHARobj:2745	HGNC:1705	CD86
CL:0000992	immature CD11c-low plasmacytoid dendritic cell	RO:0015016	has low plasma membrane amount	low	True	PR:000001438	CD80 molecule	CD28LG (related); CD28LG1 (related); CD80 (label)	UniProtKB:P33681	UniProtKB:Q00609	IUPHARobj:2744	HGNC:1700	CD80
CL:0000992	immature CD11c-low plasmacytoid dendritic cell	CL:4030046	lacks_plasma_membrane_part	negative	False	PR:000001002	CD19 molecule	CD19 (label)	UniProtKB:P15391	UniProtKB:P25918	IUPHARobj:2764; PIRSF:PIRSF016630	HGNC:1633	CD19
CL:0000992	immature CD11c-low plasmacytoid dendritic cell	CL:4030046	lacks_plasma_membrane_part	negative	False	PR:000001003	CD34 molecule	CD34 (label)	UniProtKB:P28906	UniProtKB:Q64314	PIRSF:PIRSF028749	HGNC:1662	CD34
CL:0000992	immature CD11c-low plasmacytoid dendritic cell	CL:4030046	lacks_plasma_membrane_part	negative	False	PR:000001012	integrin alpha-M	CD11 (exact); CD11B (related); CD11b (exact)	UniProtKB:P11215	UniProtKB:P05555	IUPHARobj:2452	HGNC:6149	ITGAM
CL:0000992	immature CD11c-low plasmacytoid dendritic cell	CL:4030046	lacks_plasma_membrane_part	negative	False	PR:000001020	CD3 epsilon	CD3 (label); CD3E (exact); CD3e (exact)	UniProtKB:P07766	UniProtKB:P22646	IUPHARobj:2742	HGNC:1674	CD3E
CL:0000992	immature CD11c-low plasmacytoid dendritic cell	CL:4030046	lacks_plasma_membrane_part	negative	False	PR:000001024	neural cell adhesion molecule 1	CD56 (exact)	UniProtKB:P13591	UniProtKB:P13595	IUPHARobj:2769	HGNC:7656	NCAM1
CL:0000992	immature CD11c-low plasmacytoid dendritic cell	CL:4030046	lacks_plasma_membrane_part	negative	False	PR:000001289	membrane-spanning 4-domains subfamily A member 1	CD20 (exact)	UniProtKB:P11836	UniProtKB:P19437	PIRSF:PIRSF001995; IUPHARobj:2628	HGNC:7315	MS4A1
CL:0000992	immature CD11c-low plasmacytoid dendritic cell	RO:0002104	has plasma membrane part	positive	False	PR:000001006	receptor-type tyrosine-protein phosphatase C	CD45 (related)	UniProtKB:P08575	UniProtKB:P06800	IUPHARobj:1852; PIRSF:PIRSF002004	HGNC:9666	PTPRC
CL:0000992	immature CD11c-low plasmacytoid dendritic cell	RO:0002104	has plasma membrane part	positive	False	PR:000001014	receptor-type tyrosine-protein phosphatase C isoform CD45RABC	CD45R (related); CD45RABC (label)	UniProtKB:P08575-3				
CL:0000992	immature CD11c-low plasmacytoid dendritic cell	RO:0002104	has plasma membrane part	positive	False	PR:000002978	lymphocyte antigen 6G			UniProtKB:P35461			
CL:0000993	mature CD11c-low plasmacytoid dendritic cell	RO:0015015	has high plasma membrane amount	high	True	PR:000001412	CD86 molecule	CD28LG2 (related); CD86 (label)	UniProtKB:P42081	UniProtKB:P42082	IUPHARobj:2745	HGNC:1705	CD86
CL:0000993	mature CD11c-low plasmacytoid dendritic cell	RO:0015015	has high plasma membrane amount	high	True	PR:000001438	CD80 molecule	CD28LG (related); CD28LG1 (related); CD80 (label)	UniProtKB:P33681	UniProtKB:Q00609	IUPHARobj:2744	HGNC:1700	CD80
CL:0000993	mature CD11c-low plasmacytoid dendritic cell	RO:0015016	has low plasma membrane amount	low	False	PR:000001013	integrin alpha-X	CD11 (exact); CD11C (related); CD11c (exact)	UniProtKB:P20702	UniProtKB:Q9QXH4	IUPHARobj:2454	HGNC:6152	ITGAX
CL:0000993	mature CD11c-low plasmacytoid dendritic cell	CL:4030046	lacks_plasma_membrane_part	negative	False	PR:000001002	CD19 molecule	CD19 (label)	UniProtKB:P15391	UniProtKB:P25918	IUPHARobj:2764; PIRSF:PIRSF016630	HGNC:1633	CD19
CL:0000993	mature CD11c-low plasmacytoid dendritic cell	CL:4030046	lacks_plasma_membrane_part	negative	False	PR:000001003	CD34 molecule	CD34 (label)	UniProtKB:P28906	UniProtKB:Q64314	PIRSF:PIRSF028749	HGNC:1662	CD34
CL:0000993	mature CD11c-low plasmacytoid dendritic cell	CL:4030046	lacks_plasma_membrane_part	negative	False	PR:000001012	integrin alpha-M	CD11 (exact); CD11B (related); CD11b (exact)	UniProtKB:P11215	UniProtKB:P05555	IUPHARobj:2452	HGNC:6149	ITGAM
CL:0000993	mature CD11c-low plasmacytoid dendritic cell	CL:4030046	lacks_plasma_membrane_part	negative	False	PR:000001020	CD3 epsilon	CD3 (label); CD3E (exact); CD3e (exact)	UniProtKB:P07766	UniProtKB:P22646	IUPHARobj:2742	HGNC:1674	CD3E
CL:0000993	mature CD11c-low plasmacytoid dendritic cell	CL:4030046	lacks_plasma_membrane_part	negative	False	PR:000001024	neural cell adhesion molecule 1	CD56 (exact)	UniProtKB:P13591	UniProtKB:P13595	IUPHARobj:2769	HGNC:7656	NCAM1
CL:0000993	mature CD11c-low plasmacytoid dendritic cell	CL:4030046	lacks_plasma_membrane_part	negative	False	PR:000001289	membrane-spanning 4-domains subfamily A member 1	CD20 (exact)	UniProtKB:P11836	UniProtKB:P19437	PIRSF:PIRSF001995; IUPHARobj:2628	HGNC:7315	MS4A1
CL:0000993	mature CD11c-low plasmacytoid dendritic cell	RO:0002104	has plasma membrane part	positive	False	PR:000001006	receptor-type tyrosine-protein phosphatase C	CD45 (related)	UniProtKB:P08575	UniProtKB:P06800	IUPHARobj:1852; PIRSF:PIRSF002004	HGNC:9666	PTPRC
CL:0000993	mature CD11c-low plasmacytoid dendritic cell	RO:0002104	has plasma membrane part	positive	False	PR:000001014	receptor-type tyrosine-protein phosphatase C isoform CD45RABC	CD45R (related); CD45RABC (label)	UniProtKB:P08575-3				
CL:0000993	mature CD11c-low plasmacytoid dendritic cell	RO:0002104	has plasma membrane part	positive	True	PR:000001310	CD83 molecule	CD83 (label)	UniProtKB:Q01151	UniProtKB:O88324		HGNC:1703	CD83
CL:0000993	mature CD11c-low plasmacytoid dendritic cell	RO:0002104	has plasma membrane part	positive	False	PR:000002978	lymphocyte antigen 6G			UniProtKB:P35461			
CL:0000994	immature CD11c-negative plasmacytoid dendritic cell	RO:0015016	has low plasma membrane amount	low	True	PR:000001412	CD86 molecule	CD28LG2 (related); CD86 (label)	UniProtKB:P42081	UniProtKB:P42082	IUPHARobj:2745	HGNC:1705	CD86
CL:0000994	immature CD11c-negative plasmacytoid dendritic cell	CL:4030046	lacks_plasma_membrane_part	negative	False	PR:000001002	CD19 molecule	CD19 (label)	UniProtKB:P15391	UniProtKB:P25918	IUPHARobj:2764; PIRSF:PIRSF016630	HGNC:1633	CD19
CL:0000994	immature CD11c-negative plasmacytoid dendritic cell	CL:4030046	lacks_plasma_membrane_part	negative	False	PR:000001003	CD34 molecule	CD34 (label)	UniProtKB:P28906	UniProtKB:Q64314	PIRSF:PIRSF028749	HGNC:1662	CD34
CL:0000994	immature CD11c-negative plasmacytoid dendritic cell	CL:4030046	lacks_plasma_membrane_part	negative	False	PR:000001013	integrin alpha-X	CD11 (exact); CD11C (related); CD11c (exact)	UniProtKB:P20702	UniProtKB:Q9QXH4	IUPHARobj:2454	HGNC:6152	ITGAX
CL:0000994	immature CD11c-negative plasmacytoid dendritic cell	CL:4030046	lacks_plasma_membrane_part	negative	False	PR:000001020	CD3 epsilon	CD3 (label); CD3E (exact); CD3e (exact)	UniProtKB:P07766	UniProtKB:P22646	IUPHARobj:2742	HGNC:1674	CD3E
CL:0000994	immature CD11c-negative plasmacytoid dendritic cell	CL:4030046	lacks_plasma_membrane_part	negative	False	PR:000001024	neural cell adhesion molecule 1	CD56 (exact)	UniProtKB:P13591	UniProtKB:P13595	IUPHARobj:2769	HGNC:7656	NCAM1
CL:0000994	immature CD11c-negative plasmacytoid dendritic cell	CL:4030046	lacks_plasma_membrane_part	negative	False	PR:000001289	membrane-spanning 4-domains subfamily A member 1	CD20 (exact)	UniProtKB:P11836	UniProtKB:P19437	PIRSF:PIRSF001995; IUPHARobj:2628	HGNC:7315	MS4A1
CL:0000994	immature CD11c-negative plasmacytoid dendritic cell	CL:4030046	lacks_plasma_membrane_part	negative	True	PR:000001438	CD80 molecule	CD28LG (related); CD28LG1 (related); CD80 (label)	UniProtKB:P33681	UniProtKB:Q00609	IUPHARobj:2744	HGNC:1700	CD80
CL:0000994	immature CD11c-negative plasmacytoid dendritic cell	RO:0002104	has plasma membrane part	positive	False	PR:000001006	receptor-type tyrosine-protein phosphatase C	CD45 (related)	UniProtKB:P08575	UniProtKB:P06800	IUPHARobj:1852; PIRSF:PIRSF002004	HGNC:9666	PTPRC
CL:0000994	immature CD11c-negative plasmacytoid dendritic cell	RO:0002104	has plasma membrane part	positive	False	PR:000001014	receptor-type tyrosine-protein phosphatase C isoform CD45RABC	CD45R (related); CD45RABC (label)	UniProtKB:P08575-3				
CL:0000994	immature CD11c-negative plasmacytoid dendritic cell	RO:0002104	has plasma membrane part	positive	False	PR:000001292	C-type lectin domain family 4 member C	CD303 (exact)	UniProtKB:Q8WTT0			HGNC:13258	CLEC4C
CL:0000994	immature CD11c-negative plasmacytoid dendritic cell	RO:0002104	has plasma membrane part	positive	False	PR:000001398	leukocyte immunoglobulin-like receptor subfamily A member 4	CD85 (exact); CD85g (exact)	UniProtKB:P59901		IUPHARobj:2896	HGNC:15503	LILRA4
CL:0000994	immature CD11c-negative plasmacytoid dendritic cell	RO:0002104	has plasma membrane part	positive	False	PR:000001865	interleukin-3 receptor class 2 alpha chain	CD123 (exact)	UniProtKB:P26951	UniProtKB:P26952	IUPHARobj:1705	HGNC:6012	IL3RA
CL:0000995	CD34-positive, CD38-positive common myeloid progenitor OR CD34-positive, CD38-positive common lymphoid progenitor	CL:4030046	lacks_plasma_membrane_part	negative	False	PR:000001002	CD19 molecule	CD19 (label)	UniProtKB:P15391	UniProtKB:P25918	IUPHARobj:2764; PIRSF:PIRSF016630	HGNC:1633	CD19
CL:0000995	CD34-positive, CD38-positive common myeloid progenitor OR CD34-positive, CD38-positive common lymphoid progenitor	CL:4030046	lacks_plasma_membrane_part	negative	False	PR:000001004	CD4 molecule	CD4 (label)	UniProtKB:P01730	UniProtKB:P06332	PIRSF:PIRSF001977	HGNC:1678	CD4
CL:0000995	CD34-positive, CD38-positive common myeloid progenitor OR CD34-positive, CD38-positive common lymphoid progenitor	CL:4030046	lacks_plasma_membrane_part	negative	False	PR:000001012	integrin alpha-M	CD11 (exact); CD11B (related); CD11b (exact)	UniProtKB:P11215	UniProtKB:P05555	IUPHARobj:2452	HGNC:6149	ITGAM
CL:0000995	CD34-positive, CD38-positive common myeloid progenitor OR CD34-positive, CD38-positive common lymphoid progenitor	CL:4030046	lacks_plasma_membrane_part	negative	False	PR:000001020	CD3 epsilon	CD3 (label); CD3E (exact); CD3e (exact)	UniProtKB:P07766	UniProtKB:P22646	IUPHARobj:2742	HGNC:1674	CD3E
CL:0000995	CD34-positive, CD38-positive common myeloid progenitor OR CD34-positive, CD38-positive common lymphoid progenitor	CL:4030046	lacks_plasma_membrane_part	negative	False	PR:000001024	neural cell adhesion molecule 1	CD56 (exact)	UniProtKB:P13591	UniProtKB:P13595	IUPHARobj:2769	HGNC:7656	NCAM1
CL:0000995	CD34-positive, CD38-positive common myeloid progenitor OR CD34-positive, CD38-positive common lymphoid progenitor	CL:4030046	lacks_plasma_membrane_part	negative	False	PR:000001083	CD2 molecule	CD2 (label)	UniProtKB:P06729	UniProtKB:P08920	IUPHARobj:2600; PIRSF:PIRSF001984	HGNC:1639	CD2
CL:0000995	CD34-positive, CD38-positive common myeloid progenitor OR CD34-positive, CD38-positive common lymphoid progenitor	CL:4030046	lacks_plasma_membrane_part	negative	False	PR:000001084	T-cell surface glycoprotein CD8 alpha chain	CD8 (label); CD8A (exact); CD8a (exact)	UniProtKB:P01732	UniProtKB:P01731		HGNC:1706	CD8A
CL:0000995	CD34-positive, CD38-positive common myeloid progenitor OR CD34-positive, CD38-positive common lymphoid progenitor	CL:4030046	lacks_plasma_membrane_part	negative	False	PR:000001289	membrane-spanning 4-domains subfamily A member 1	CD20 (exact)	UniProtKB:P11836	UniProtKB:P19437	PIRSF:PIRSF001995; IUPHARobj:2628	HGNC:7315	MS4A1
CL:0000995	CD34-positive, CD38-positive common myeloid progenitor OR CD34-positive, CD38-positive common lymphoid progenitor	CL:4030046	lacks_plasma_membrane_part	negative	False	PR:000001839	T-cell surface glycoprotein CD5	CD5 (label)	UniProtKB:P06127	UniProtKB:P13379		HGNC:1685	CD5
CL:0000995	CD34-positive, CD38-positive common myeloid progenitor OR CD34-positive, CD38-positive common lymphoid progenitor	CL:4030046	lacks_plasma_membrane_part	negative	False	PR:000001889	CD14 molecule	CD14 (label)	UniProtKB:P08571	UniProtKB:P10810	PIRSF:PIRSF002017	HGNC:1628	CD14
CL:0000995	CD34-positive, CD38-positive common myeloid progenitor OR CD34-positive, CD38-positive common lymphoid progenitor	CL:4030046	lacks_plasma_membrane_part	negative	False	PR:000002978	lymphocyte antigen 6G			UniProtKB:P35461			
CL:0000995	CD34-positive, CD38-positive common myeloid progenitor OR CD34-positive, CD38-positive common lymphoid progenitor	CL:4030046	lacks_plasma_membrane_part	negative	False	PR:000002981	lymphocyte antigen 76 (mouse)						
CL:0000995	CD34-positive, CD38-positive common myeloid progenitor OR CD34-positive, CD38-positive common lymphoid progenitor	RO:0002104	has plasma membrane part	positive	True	PR:000001003	CD34 molecule	CD34 (label)	UniProtKB:P28906	UniProtKB:Q64314	PIRSF:PIRSF028749	HGNC:1662	CD34
CL:0000995	CD34-positive, CD38-positive common myeloid progenitor OR CD34-positive, CD38-positive common lymphoid progenitor	RO:0002104	has plasma membrane part	positive	True	PR:000001408	ADP-ribosyl cyclase/cyclic ADP-ribose hydrolase 1	CD38 (exact)	UniProtKB:P28907	UniProtKB:P56528	IUPHARobj:2766	HGNC:1667	CD38
CL:0000996	mature CD11c-negative plasmacytoid dendritic cell	RO:0015015	has high plasma membrane amount	high	True	PR:000001412	CD86 molecule	CD28LG2 (related); CD86 (label)	UniProtKB:P42081	UniProtKB:P42082	IUPHARobj:2745	HGNC:1705	CD86
CL:0000996	mature CD11c-negative plasmacytoid dendritic cell	RO:0015015	has high plasma membrane amount	high	True	PR:000001438	CD80 molecule	CD28LG (related); CD28LG1 (related); CD80 (label)	UniProtKB:P33681	UniProtKB:Q00609	IUPHARobj:2744	HGNC:1700	CD80
CL:0000996	mature CD11c-negative plasmacytoid dendritic cell	CL:4030046	lacks_plasma_membrane_part	negative	False	PR:000001002	CD19 molecule	CD19 (label)	UniProtKB:P15391	UniProtKB:P25918	IUPHARobj:2764; PIRSF:PIRSF016630	HGNC:1633	CD19
CL:0000996	mature CD11c-negative plasmacytoid dendritic cell	CL:4030046	lacks_plasma_membrane_part	negative	False	PR:000001003	CD34 molecule	CD34 (label)	UniProtKB:P28906	UniProtKB:Q64314	PIRSF:PIRSF028749	HGNC:1662	CD34
CL:0000996	mature CD11c-negative plasmacytoid dendritic cell	CL:4030046	lacks_plasma_membrane_part	negative	False	PR:000001013	integrin alpha-X	CD11 (exact); CD11C (related); CD11c (exact)	UniProtKB:P20702	UniProtKB:Q9QXH4	IUPHARobj:2454	HGNC:6152	ITGAX
CL:0000996	mature CD11c-negative plasmacytoid dendritic cell	CL:4030046	lacks_plasma_membrane_part	negative	False	PR:000001020	CD3 epsilon	CD3 (label); CD3E (exact); CD3e (exact)	UniProtKB:P07766	UniProtKB:P22646	IUPHARobj:2742	HGNC:1674	CD3E
CL:0000996	mature CD11c-negative plasmacytoid dendritic cell	CL:4030046	lacks_plasma_membrane_part	negative	False	PR:000001024	neural cell adhesion molecule 1	CD56 (exact)	UniProtKB:P13591	UniProtKB:P13595	IUPHARobj:2769	HGNC:7656	NCAM1
CL:0000996	mature CD11c-negative plasmacytoid dendritic cell	CL:4030046	lacks_plasma_membrane_part	negative	False	PR:000001289	membrane-spanning 4-domains subfamily A member 1	CD20 (exact)	UniProtKB:P11836	UniProtKB:P19437	PIRSF:PIRSF001995; IUPHARobj:2628	HGNC:7315	MS4A1
CL:0000996	mature CD11c-negative plasmacytoid dendritic cell	RO:0002104	has plasma membrane part	positive	False	PR:000001006	receptor-type tyrosine-protein phosphatase C	CD45 (related)	UniProtKB:P08575	UniProtKB:P06800	IUPHARobj:1852; PIRSF:PIRSF002004	HGNC:9666	PTPRC
CL:0000996	mature CD11c-negative plasmacytoid dendritic cell	RO:0002104	has plasma membrane part	positive	False	PR:000001014	receptor-type tyrosine-protein phosphatase C isoform CD45RABC	CD45R (related); CD45RABC (label)	UniProtKB:P08575-3				
CL:0000996	mature CD11c-negative plasmacytoid dendritic cell	RO:0002104	has plasma membrane part	positive	False	PR:000001292	C-type lectin domain family 4 member C	CD303 (exact)	UniProtKB:Q8WTT0			HGNC:13258	CLEC4C
CL:0000996	mature CD11c-negative plasmacytoid dendritic cell	RO:0002104	has plasma membrane part	positive	True	PR:000001310	CD83 molecule	CD83 (label)	UniProtKB:Q01151	UniProtKB:O88324		HGNC:1703	CD83
CL:0000996	mature CD11c-negative plasmacytoid dendritic cell	RO:0002104	has plasma membrane part	positive	False	PR:000001398	leukocyte immunoglobulin-like receptor subfamily A member 4	CD85 (exact); CD85g (exact)	UniProtKB:P59901		IUPHARobj:2896	HGNC:15503	LILRA4
CL:0000996	mature CD11c-negative plasmacytoid dendritic cell	RO:0002104	has plasma membrane part	positive	False	PR:000001865	interleukin-3 receptor class 2 alpha chain	CD123 (exact)	UniProtKB:P26951	UniProtKB:P26952	IUPHARobj:1705	HGNC:6012	IL3RA
CL:0000997	immature CD8-alpha-negative CD11b-positive dendritic cell	RO:0015015	has high plasma membrane amount	high	False	PR:000001013	integrin alpha-X	CD11 (exact); CD11C (related); CD11c (exact)	UniProtKB:P20702	UniProtKB:Q9QXH4	IUPHARobj:2454	HGNC:6152	ITGAX
CL:0000997	immature CD8-alpha-negative CD11b-positive dendritic cell	RO:0015016	has low plasma membrane amount	low	False	PR:000001412	CD86 molecule	CD28LG2 (related); CD86 (label)	UniProtKB:P42081	UniProtKB:P42082	IUPHARobj:2745	HGNC:1705	CD86
CL:0000997	immature CD8-alpha-negative CD11b-positive dendritic cell	RO:0015016	has low plasma membrane amount	low	False	PR:000001438	CD80 molecule	CD28LG (related); CD28LG1 (related); CD80 (label)	UniProtKB:P33681	UniProtKB:Q00609	IUPHARobj:2744	HGNC:1700	CD80
CL:0000997	immature CD8-alpha-negative CD11b-positive dendritic cell	CL:4030046	lacks_plasma_membrane_part	negative	False	PR:000001002	CD19 molecule	CD19 (label)	UniProtKB:P15391	UniProtKB:P25918	IUPHARobj:2764; PIRSF:PIRSF016630	HGNC:1633	CD19
CL:0000997	immature CD8-alpha-negative CD11b-positive dendritic cell	CL:4030046	lacks_plasma_membrane_part	negative	False	PR:000001003	CD34 molecule	CD34 (label)	UniProtKB:P28906	UniProtKB:Q64314	PIRSF:PIRSF028749	HGNC:1662	CD34
CL:0000997	immature CD8-alpha-negative CD11b-positive dendritic cell	CL:4030046	lacks_plasma_membrane_part	negative	False	PR:000001020	CD3 epsilon	CD3 (label); CD3E (exact); CD3e (exact)	UniProtKB:P07766	UniProtKB:P22646	IUPHARobj:2742	HGNC:1674	CD3E
CL:0000997	immature CD8-alpha-negative CD11b-positive dendritic cell	CL:4030046	lacks_plasma_membrane_part	negative	False	PR:000001024	neural cell adhesion molecule 1	CD56 (exact)	UniProtKB:P13591	UniProtKB:P13595	IUPHARobj:2769	HGNC:7656	NCAM1
CL:0000997	immature CD8-alpha-negative CD11b-positive dendritic cell	CL:4030046	lacks_plasma_membrane_part	negative	False	PR:000001026	lymphocyte antigen 75	CD205 (exact)		UniProtKB:Q60767			
CL:0000997	immature CD8-alpha-negative CD11b-positive dendritic cell	CL:4030046	lacks_plasma_membrane_part	negative	False	PR:000001084	T-cell surface glycoprotein CD8 alpha chain	CD8 (label); CD8A (exact); CD8a (exact)	UniProtKB:P01732	UniProtKB:P01731		HGNC:1706	CD8A
CL:0000997	immature CD8-alpha-negative CD11b-positive dendritic cell	CL:4030046	lacks_plasma_membrane_part	negative	False	PR:000001289	membrane-spanning 4-domains subfamily A member 1	CD20 (exact)	UniProtKB:P11836	UniProtKB:P19437	PIRSF:PIRSF001995; IUPHARobj:2628	HGNC:7315	MS4A1
CL:0000997	immature CD8-alpha-negative CD11b-positive dendritic cell	RO:0002104	has plasma membrane part	positive	False	PR:000001004	CD4 molecule	CD4 (label)	UniProtKB:P01730	UniProtKB:P06332	PIRSF:PIRSF001977	HGNC:1678	CD4
CL:0000997	immature CD8-alpha-negative CD11b-positive dendritic cell	RO:0002104	has plasma membrane part	positive	False	PR:000001012	integrin alpha-M	CD11 (exact); CD11B (related); CD11b (exact)	UniProtKB:P11215	UniProtKB:P05555	IUPHARobj:2452	HGNC:6149	ITGAM
CL:0000998	CD8-alpha-negative CD11b-negative dendritic cell	RO:0015015	has high plasma membrane amount	high	False	PR:000001013	integrin alpha-X	CD11 (exact); CD11C (related); CD11c (exact)	UniProtKB:P20702	UniProtKB:Q9QXH4	IUPHARobj:2454	HGNC:6152	ITGAX
CL:0000998	CD8-alpha-negative CD11b-negative dendritic cell	CL:4030046	lacks_plasma_membrane_part	negative	False	PR:000001002	CD19 molecule	CD19 (label)	UniProtKB:P15391	UniProtKB:P25918	IUPHARobj:2764; PIRSF:PIRSF016630	HGNC:1633	CD19
CL:0000998	CD8-alpha-negative CD11b-negative dendritic cell	CL:4030046	lacks_plasma_membrane_part	negative	False	PR:000001003	CD34 molecule	CD34 (label)	UniProtKB:P28906	UniProtKB:Q64314	PIRSF:PIRSF028749	HGNC:1662	CD34
CL:0000998	CD8-alpha-negative CD11b-negative dendritic cell	CL:4030046	lacks_plasma_membrane_part	negative	True	PR:000001004	CD4 molecule	CD4 (label)	UniProtKB:P01730	UniProtKB:P06332	PIRSF:PIRSF001977	HGNC:1678	CD4
CL:0000998	CD8-alpha-negative CD11b-negative dendritic cell	CL:4030046	lacks_plasma_membrane_part	negative	True	PR:000001012	integrin alpha-M	CD11 (exact); CD11B (related); CD11b (exact)	UniProtKB:P11215	UniProtKB:P05555	IUPHARobj:2452	HGNC:6149	ITGAM
CL:0000998	CD8-alpha-negative CD11b-negative dendritic cell	CL:4030046	lacks_plasma_membrane_part	negative	False	PR:000001020	CD3 epsilon	CD3 (label); CD3E (exact); CD3e (exact)	UniProtKB:P07766	UniProtKB:P22646	IUPHARobj:2742	HGNC:1674	CD3E
CL:0000998	CD8-alpha-negative CD11b-negative dendritic cell	CL:4030046	lacks_plasma_membrane_part	negative	False	PR:000001024	neural cell adhesion molecule 1	CD56 (exact)	UniProtKB:P13591	UniProtKB:P13595	IUPHARobj:2769	HGNC:7656	NCAM1
CL:0000998	CD8-alpha-negative CD11b-negative dendritic cell	CL:4030046	lacks_plasma_membrane_part	negative	True	PR:000001084	T-cell surface glycoprotein CD8 alpha chain	CD8 (label); CD8A (exact); CD8a (exact)	UniProtKB:P01732	UniProtKB:P01731		HGNC:1706	CD8A
CL:0000998	CD8-alpha-negative CD11b-negative dendritic cell	CL:4030046	lacks_plasma_membrane_part	negative	False	PR:000001289	membrane-spanning 4-domains subfamily A member 1	CD20 (exact)	UniProtKB:P11836	UniProtKB:P19437	PIRSF:PIRSF001995; IUPHARobj:2628	HGNC:7315	MS4A1
CL:0000998	CD8-alpha-negative CD11b-negative dendritic cell	RO:0002104	has plasma membrane part	positive	True	PR:000001026	lymphocyte antigen 75	CD205 (exact)		UniProtKB:Q60767			
CL:0000999	CD4-positive CD11b-positive dendritic cell	RO:0015015	has high plasma membrane amount	high	False	PR:000001013	integrin alpha-X	CD11 (exact); CD11C (related); CD11c (exact)	UniProtKB:P20702	UniProtKB:Q9QXH4	IUPHARobj:2454	HGNC:6152	ITGAX
CL:0000999	CD4-positive CD11b-positive dendritic cell	CL:4030046	lacks_plasma_membrane_part	negative	False	PR:000001002	CD19 molecule	CD19 (label)	UniProtKB:P15391	UniProtKB:P25918	IUPHARobj:2764; PIRSF:PIRSF016630	HGNC:1633	CD19
CL:0000999	CD4-positive CD11b-positive dendritic cell	CL:4030046	lacks_plasma_membrane_part	negative	False	PR:000001003	CD34 molecule	CD34 (label)	UniProtKB:P28906	UniProtKB:Q64314	PIRSF:PIRSF028749	HGNC:1662	CD34
CL:0000999	CD4-positive CD11b-positive dendritic cell	CL:4030046	lacks_plasma_membrane_part	negative	False	PR:000001020	CD3 epsilon	CD3 (label); CD3E (exact); CD3e (exact)	UniProtKB:P07766	UniProtKB:P22646	IUPHARobj:2742	HGNC:1674	CD3E
CL:0000999	CD4-positive CD11b-positive dendritic cell	CL:4030046	lacks_plasma_membrane_part	negative	False	PR:000001024	neural cell adhesion molecule 1	CD56 (exact)	UniProtKB:P13591	UniProtKB:P13595	IUPHARobj:2769	HGNC:7656	NCAM1
CL:0000999	CD4-positive CD11b-positive dendritic cell	CL:4030046	lacks_plasma_membrane_part	negative	True	PR:000001026	lymphocyte antigen 75	CD205 (exact)		UniProtKB:Q60767			
CL:0000999	CD4-positive CD11b-positive dendritic cell	CL:4030046	lacks_plasma_membrane_part	negative	True	PR:000001084	T-cell surface glycoprotein CD8 alpha chain	CD8 (label); CD8A (exact); CD8a (exact)	UniProtKB:P01732	UniProtKB:P01731		HGNC:1706	CD8A
CL:0000999	CD4-positive CD11b-positive dendritic cell	CL:4030046	lacks_plasma_membrane_part	negative	False	PR:000001289	membrane-spanning 4-domains subfamily A member 1	CD20 (exact)	UniProtKB:P11836	UniProtKB:P19437	PIRSF:PIRSF001995; IUPHARobj:2628	HGNC:7315	MS4A1
CL:0000999	CD4-positive CD11b-positive dendritic cell	RO:0002104	has plasma membrane part	positive	True	PR:000001004	CD4 molecule	CD4 (label)	UniProtKB:P01730	UniProtKB:P06332	PIRSF:PIRSF001977	HGNC:1678	CD4
CL:0000999	CD4-positive CD11b-positive dendritic cell	RO:0002104	has plasma membrane part	positive	False	PR:000001012	integrin alpha-M	CD11 (exact); CD11B (related); CD11b (exact)	UniProtKB:P11215	UniProtKB:P05555	IUPHARobj:2452	HGNC:6149	ITGAM
CL:0001000	CD8-alpha-positive CD11b-negative dendritic cell	RO:0015015	has high plasma membrane amount	high	False	PR:000001013	integrin alpha-X	CD11 (exact); CD11C (related); CD11c (exact)	UniProtKB:P20702	UniProtKB:Q9QXH4	IUPHARobj:2454	HGNC:6152	ITGAX
CL:0001000	CD8-alpha-positive CD11b-negative dendritic cell	CL:4030046	lacks_plasma_membrane_part	negative	False	PR:000001002	CD19 molecule	CD19 (label)	UniProtKB:P15391	UniProtKB:P25918	IUPHARobj:2764; PIRSF:PIRSF016630	HGNC:1633	CD19
CL:0001000	CD8-alpha-positive CD11b-negative dendritic cell	CL:4030046	lacks_plasma_membrane_part	negative	False	PR:000001003	CD34 molecule	CD34 (label)	UniProtKB:P28906	UniProtKB:Q64314	PIRSF:PIRSF028749	HGNC:1662	CD34
CL:0001000	CD8-alpha-positive CD11b-negative dendritic cell	CL:4030046	lacks_plasma_membrane_part	negative	True	PR:000001004	CD4 molecule	CD4 (label)	UniProtKB:P01730	UniProtKB:P06332	PIRSF:PIRSF001977	HGNC:1678	CD4
CL:0001000	CD8-alpha-positive CD11b-negative dendritic cell	CL:4030046	lacks_plasma_membrane_part	negative	True	PR:000001012	integrin alpha-M	CD11 (exact); CD11B (related); CD11b (exact)	UniProtKB:P11215	UniProtKB:P05555	IUPHARobj:2452	HGNC:6149	ITGAM
CL:0001000	CD8-alpha-positive CD11b-negative dendritic cell	CL:4030046	lacks_plasma_membrane_part	negative	False	PR:000001020	CD3 epsilon	CD3 (label); CD3E (exact); CD3e (exact)	UniProtKB:P07766	UniProtKB:P22646	IUPHARobj:2742	HGNC:1674	CD3E
CL:0001000	CD8-alpha-positive CD11b-negative dendritic cell	CL:4030046	lacks_plasma_membrane_part	negative	False	PR:000001024	neural cell adhesion molecule 1	CD56 (exact)	UniProtKB:P13591	UniProtKB:P13595	IUPHARobj:2769	HGNC:7656	NCAM1
CL:0001000	CD8-alpha-positive CD11b-negative dendritic cell	CL:4030046	lacks_plasma_membrane_part	negative	False	PR:000001289	membrane-spanning 4-domains subfamily A member 1	CD20 (exact)	UniProtKB:P11836	UniProtKB:P19437	PIRSF:PIRSF001995; IUPHARobj:2628	HGNC:7315	MS4A1
CL:0001000	CD8-alpha-positive CD11b-negative dendritic cell	RO:0002104	has plasma membrane part	positive	True	PR:000001026	lymphocyte antigen 75	CD205 (exact)		UniProtKB:Q60767			
CL:0001000	CD8-alpha-positive CD11b-negative dendritic cell	RO:0002104	has plasma membrane part	positive	True	PR:000001084	T-cell surface glycoprotein CD8 alpha chain	CD8 (label); CD8A (exact); CD8a (exact)	UniProtKB:P01732	UniProtKB:P01731		HGNC:1706	CD8A
CL:0001001	immature CD8-alpha-negative CD11b-negative dendritic cell	RO:0015015	has high plasma membrane amount	high	False	PR:000001013	integrin alpha-X	CD11 (exact); CD11C (related); CD11c (exact)	UniProtKB:P20702	UniProtKB:Q9QXH4	IUPHARobj:2454	HGNC:6152	ITGAX
CL:0001001	immature CD8-alpha-negative CD11b-negative dendritic cell	RO:0015016	has low plasma membrane amount	low	False	PR:000001412	CD86 molecule	CD28LG2 (related); CD86 (label)	UniProtKB:P42081	UniProtKB:P42082	IUPHARobj:2745	HGNC:1705	CD86
CL:0001001	immature CD8-alpha-negative CD11b-negative dendritic cell	RO:0015016	has low plasma membrane amount	low	False	PR:000001438	CD80 molecule	CD28LG (related); CD28LG1 (related); CD80 (label)	UniProtKB:P33681	UniProtKB:Q00609	IUPHARobj:2744	HGNC:1700	CD80
CL:0001001	immature CD8-alpha-negative CD11b-negative dendritic cell	CL:4030046	lacks_plasma_membrane_part	negative	False	PR:000001002	CD19 molecule	CD19 (label)	UniProtKB:P15391	UniProtKB:P25918	IUPHARobj:2764; PIRSF:PIRSF016630	HGNC:1633	CD19
CL:0001001	immature CD8-alpha-negative CD11b-negative dendritic cell	CL:4030046	lacks_plasma_membrane_part	negative	False	PR:000001003	CD34 molecule	CD34 (label)	UniProtKB:P28906	UniProtKB:Q64314	PIRSF:PIRSF028749	HGNC:1662	CD34
CL:0001001	immature CD8-alpha-negative CD11b-negative dendritic cell	CL:4030046	lacks_plasma_membrane_part	negative	False	PR:000001004	CD4 molecule	CD4 (label)	UniProtKB:P01730	UniProtKB:P06332	PIRSF:PIRSF001977	HGNC:1678	CD4
CL:0001001	immature CD8-alpha-negative CD11b-negative dendritic cell	CL:4030046	lacks_plasma_membrane_part	negative	False	PR:000001012	integrin alpha-M	CD11 (exact); CD11B (related); CD11b (exact)	UniProtKB:P11215	UniProtKB:P05555	IUPHARobj:2452	HGNC:6149	ITGAM
CL:0001001	immature CD8-alpha-negative CD11b-negative dendritic cell	CL:4030046	lacks_plasma_membrane_part	negative	False	PR:000001020	CD3 epsilon	CD3 (label); CD3E (exact); CD3e (exact)	UniProtKB:P07766	UniProtKB:P22646	IUPHARobj:2742	HGNC:1674	CD3E
CL:0001001	immature CD8-alpha-negative CD11b-negative dendritic cell	CL:4030046	lacks_plasma_membrane_part	negative	False	PR:000001024	neural cell adhesion molecule 1	CD56 (exact)	UniProtKB:P13591	UniProtKB:P13595	IUPHARobj:2769	HGNC:7656	NCAM1
CL:0001001	immature CD8-alpha-negative CD11b-negative dendritic cell	CL:4030046	lacks_plasma_membrane_part	negative	False	PR:000001084	T-cell surface glycoprotein CD8 alpha chain	CD8 (label); CD8A (exact); CD8a (exact)	UniProtKB:P01732	UniProtKB:P01731		HGNC:1706	CD8A
CL:0001001	immature CD8-alpha-negative CD11b-negative dendritic cell	CL:4030046	lacks_plasma_membrane_part	negative	False	PR:000001289	membrane-spanning 4-domains subfamily A member 1	CD20 (exact)	UniProtKB:P11836	UniProtKB:P19437	PIRSF:PIRSF001995; IUPHARobj:2628	HGNC:7315	MS4A1
CL:0001001	immature CD8-alpha-negative CD11b-negative dendritic cell	RO:0002104	has plasma membrane part	positive	False	PR:000001026	lymphocyte antigen 75	CD205 (exact)		UniProtKB:Q60767			
CL:0001002	mature CD8-alpha-negative CD11b-negative dendritic cell	RO:0015015	has high plasma membrane amount	high	False	PR:000001013	integrin alpha-X	CD11 (exact); CD11C (related); CD11c (exact)	UniProtKB:P20702	UniProtKB:Q9QXH4	IUPHARobj:2454	HGNC:6152	ITGAX
CL:0001002	mature CD8-alpha-negative CD11b-negative dendritic cell	RO:0015015	has high plasma membrane amount	high	False	PR:000001412	CD86 molecule	CD28LG2 (related); CD86 (label)	UniProtKB:P42081	UniProtKB:P42082	IUPHARobj:2745	HGNC:1705	CD86
CL:0001002	mature CD8-alpha-negative CD11b-negative dendritic cell	RO:0015015	has high plasma membrane amount	high	False	PR:000001438	CD80 molecule	CD28LG (related); CD28LG1 (related); CD80 (label)	UniProtKB:P33681	UniProtKB:Q00609	IUPHARobj:2744	HGNC:1700	CD80
CL:0001002	mature CD8-alpha-negative CD11b-negative dendritic cell	CL:4030046	lacks_plasma_membrane_part	negative	False	PR:000001002	CD19 molecule	CD19 (label)	UniProtKB:P15391	UniProtKB:P25918	IUPHARobj:2764; PIRSF:PIRSF016630	HGNC:1633	CD19
CL:0001002	mature CD8-alpha-negative CD11b-negative dendritic cell	CL:4030046	lacks_plasma_membrane_part	negative	False	PR:000001003	CD34 molecule	CD34 (label)	UniProtKB:P28906	UniProtKB:Q64314	PIRSF:PIRSF028749	HGNC:1662	CD34
CL:0001002	mature CD8-alpha-negative CD11b-negative dendritic cell	CL:4030046	lacks_plasma_membrane_part	negative	False	PR:000001004	CD4 molecule	CD4 (label)	UniProtKB:P01730	UniProtKB:P06332	PIRSF:PIRSF001977	HGNC:1678	CD4
CL:0001002	mature CD8-alpha-negative CD11b-negative dendritic cell	CL:4030046	lacks_plasma_membrane_part	negative	False	PR:000001012	integrin alpha-M	CD11 (exact); CD11B (related); CD11b (exact)	UniProtKB:P11215	UniProtKB:P05555	IUPHARobj:2452	HGNC:6149	ITGAM
CL:0001002	mature CD8-alpha-negative CD11b-negative dendritic cell	CL:4030046	lacks_plasma_membrane_part	negative	False	PR:000001020	CD3 epsilon	CD3 (label); CD3E (exact); CD3e (exact)	UniProtKB:P07766	UniProtKB:P22646	IUPHARobj:2742	HGNC:1674	CD3E
CL:0001002	mature CD8-alpha-negative CD11b-negative dendritic cell	CL:4030046	lacks_plasma_membrane_part	negative	False	PR:000001024	neural cell adhesion molecule 1	CD56 (exact)	UniProtKB:P13591	UniProtKB:P13595	IUPHARobj:2769	HGNC:7656	NCAM1
CL:0001002	mature CD8-alpha-negative CD11b-negative dendritic cell	CL:4030046	lacks_plasma_membrane_part	negative	False	PR:000001084	T-cell surface glycoprotein CD8 alpha chain	CD8 (label); CD8A (exact); CD8a (exact)	UniProtKB:P01732	UniProtKB:P01731		HGNC:1706	CD8A
CL:0001002	mature CD8-alpha-negative CD11b-negative dendritic cell	CL:4030046	lacks_plasma_membrane_part	negative	False	PR:000001289	membrane-spanning 4-domains subfamily A member 1	CD20 (exact)	UniProtKB:P11836	UniProtKB:P19437	PIRSF:PIRSF001995; IUPHARobj:2628	HGNC:7315	MS4A1
CL:0001002	mature CD8-alpha-negative CD11b-negative dendritic cell	RO:0002104	has plasma membrane part	positive	False	PR:000001026	lymphocyte antigen 75	CD205 (exact)		UniProtKB:Q60767			
CL:0001002	mature CD8-alpha-negative CD11b-negative dendritic cell	RO:0002104	has plasma membrane part	positive	False	PR:000001310	CD83 molecule	CD83 (label)	UniProtKB:Q01151	UniProtKB:O88324		HGNC:1703	CD83
CL:0001003	mature CD8-alpha-negative CD11b-positive dendritic cell	RO:0015015	has high plasma membrane amount	high	False	PR:000001013	integrin alpha-X	CD11 (exact); CD11C (related); CD11c (exact)	UniProtKB:P20702	UniProtKB:Q9QXH4	IUPHARobj:2454	HGNC:6152	ITGAX
CL:0001003	mature CD8-alpha-negative CD11b-positive dendritic cell	RO:0015015	has high plasma membrane amount	high	False	PR:000001412	CD86 molecule	CD28LG2 (related); CD86 (label)	UniProtKB:P42081	UniProtKB:P42082	IUPHARobj:2745	HGNC:1705	CD86
CL:0001003	mature CD8-alpha-negative CD11b-positive dendritic cell	RO:0015015	has high plasma membrane amount	high	False	PR:000001438	CD80 molecule	CD28LG (related); CD28LG1 (related); CD80 (label)	UniProtKB:P33681	UniProtKB:Q00609	IUPHARobj:2744	HGNC:1700	CD80
CL:0001003	mature CD8-alpha-negative CD11b-positive dendritic cell	CL:4030046	lacks_plasma_membrane_part	negative	False	PR:000001002	CD19 molecule	CD19 (label)	UniProtKB:P15391	UniProtKB:P25918	IUPHARobj:2764; PIRSF:PIRSF016630	HGNC:1633	CD19
CL:0001003	mature CD8-alpha-negative CD11b-positive dendritic cell	CL:4030046	lacks_plasma_membrane_part	negative	False	PR:000001003	CD34 molecule	CD34 (label)	UniProtKB:P28906	UniProtKB:Q64314	PIRSF:PIRSF028749	HGNC:1662	CD34
CL:0001003	mature CD8-alpha-negative CD11b-positive dendritic cell	CL:4030046	lacks_plasma_membrane_part	negative	False	PR:000001020	CD3 epsilon	CD3 (label); CD3E (exact); CD3e (exact)	UniProtKB:P07766	UniProtKB:P22646	IUPHARobj:2742	HGNC:1674	CD3E
CL:0001003	mature CD8-alpha-negative CD11b-positive dendritic cell	CL:4030046	lacks_plasma_membrane_part	negative	False	PR:000001024	neural cell adhesion molecule 1	CD56 (exact)	UniProtKB:P13591	UniProtKB:P13595	IUPHARobj:2769	HGNC:7656	NCAM1
CL:0001003	mature CD8-alpha-negative CD11b-positive dendritic cell	CL:4030046	lacks_plasma_membrane_part	negative	False	PR:000001026	lymphocyte antigen 75	CD205 (exact)		UniProtKB:Q60767			
CL:0001003	mature CD8-alpha-negative CD11b-positive dendritic cell	CL:4030046	lacks_plasma_membrane_part	negative	False	PR:000001084	T-cell surface glycoprotein CD8 alpha chain	CD8 (label); CD8A (exact); CD8a (exact)	UniProtKB:P01732	UniProtKB:P01731		HGNC:1706	CD8A
CL:0001003	mature CD8-alpha-negative CD11b-positive dendritic cell	CL:4030046	lacks_plasma_membrane_part	negative	False	PR:000001289	membrane-spanning 4-domains subfamily A member 1	CD20 (exact)	UniProtKB:P11836	UniProtKB:P19437	PIRSF:PIRSF001995; IUPHARobj:2628	HGNC:7315	MS4A1
CL:0001003	mature CD8-alpha-negative CD11b-positive dendritic cell	RO:0002104	has plasma membrane part	positive	False	PR:000001004	CD4 molecule	CD4 (label)	UniProtKB:P01730	UniProtKB:P06332	PIRSF:PIRSF001977	HGNC:1678	CD4
CL:0001003	mature CD8-alpha-negative CD11b-positive dendritic cell	RO:0002104	has plasma membrane part	positive	False	PR:000001012	integrin alpha-M	CD11 (exact); CD11B (related); CD11b (exact)	UniProtKB:P11215	UniProtKB:P05555	IUPHARobj:2452	HGNC:6149	ITGAM
CL:0001003	mature CD8-alpha-negative CD11b-positive dendritic cell	RO:0002104	has plasma membrane part	positive	False	PR:000001310	CD83 molecule	CD83 (label)	UniProtKB:Q01151	UniProtKB:O88324		HGNC:1703	CD83
CL:0001004	immature CD8-alpha-positive CD11b-negative dendritic cell	RO:0015015	has high plasma membrane amount	high	False	PR:000001013	integrin alpha-X	CD11 (exact); CD11C (related); CD11c (exact)	UniProtKB:P20702	UniProtKB:Q9QXH4	IUPHARobj:2454	HGNC:6152	ITGAX
CL:0001004	immature CD8-alpha-positive CD11b-negative dendritic cell	RO:0015016	has low plasma membrane amount	low	False	PR:000001412	CD86 molecule	CD28LG2 (related); CD86 (label)	UniProtKB:P42081	UniProtKB:P42082	IUPHARobj:2745	HGNC:1705	CD86
CL:0001004	immature CD8-alpha-positive CD11b-negative dendritic cell	RO:0015016	has low plasma membrane amount	low	False	PR:000001438	CD80 molecule	CD28LG (related); CD28LG1 (related); CD80 (label)	UniProtKB:P33681	UniProtKB:Q00609	IUPHARobj:2744	HGNC:1700	CD80
CL:0001004	immature CD8-alpha-positive CD11b-negative dendritic cell	CL:4030046	lacks_plasma_membrane_part	negative	False	PR:000001002	CD19 molecule	CD19 (label)	UniProtKB:P15391	UniProtKB:P25918	IUPHARobj:2764; PIRSF:PIRSF016630	HGNC:1633	CD19
CL:0001004	immature CD8-alpha-positive CD11b-negative dendritic cell	CL:4030046	lacks_plasma_membrane_part	negative	False	PR:000001003	CD34 molecule	CD34 (label)	UniProtKB:P28906	UniProtKB:Q64314	PIRSF:PIRSF028749	HGNC:1662	CD34
CL:0001004	immature CD8-alpha-positive CD11b-negative dendritic cell	CL:4030046	lacks_plasma_membrane_part	negative	False	PR:000001004	CD4 molecule	CD4 (label)	UniProtKB:P01730	UniProtKB:P06332	PIRSF:PIRSF001977	HGNC:1678	CD4
CL:0001004	immature CD8-alpha-positive CD11b-negative dendritic cell	CL:4030046	lacks_plasma_membrane_part	negative	False	PR:000001012	integrin alpha-M	CD11 (exact); CD11B (related); CD11b (exact)	UniProtKB:P11215	UniProtKB:P05555	IUPHARobj:2452	HGNC:6149	ITGAM
CL:0001004	immature CD8-alpha-positive CD11b-negative dendritic cell	CL:4030046	lacks_plasma_membrane_part	negative	False	PR:000001020	CD3 epsilon	CD3 (label); CD3E (exact); CD3e (exact)	UniProtKB:P07766	UniProtKB:P22646	IUPHARobj:2742	HGNC:1674	CD3E
CL:0001004	immature CD8-alpha-positive CD11b-negative dendritic cell	CL:4030046	lacks_plasma_membrane_part	negative	False	PR:000001024	neural cell adhesion molecule 1	CD56 (exact)	UniProtKB:P13591	UniProtKB:P13595	IUPHARobj:2769	HGNC:7656	NCAM1
CL:0001004	immature CD8-alpha-positive CD11b-negative dendritic cell	CL:4030046	lacks_plasma_membrane_part	negative	False	PR:000001289	membrane-spanning 4-domains subfamily A member 1	CD20 (exact)	UniProtKB:P11836	UniProtKB:P19437	PIRSF:PIRSF001995; IUPHARobj:2628	HGNC:7315	MS4A1
CL:0001004	immature CD8-alpha-positive CD11b-negative dendritic cell	RO:0002104	has plasma membrane part	positive	False	PR:000001026	lymphocyte antigen 75	CD205 (exact)		UniProtKB:Q60767			
CL:0001004	immature CD8-alpha-positive CD11b-negative dendritic cell	RO:0002104	has plasma membrane part	positive	False	PR:000001084	T-cell surface glycoprotein CD8 alpha chain	CD8 (label); CD8A (exact); CD8a (exact)	UniProtKB:P01732	UniProtKB:P01731		HGNC:1706	CD8A
CL:0001005	mature CD8-alpha-positive CD11b-negative dendritic cell	RO:0015015	has high plasma membrane amount	high	False	PR:000001013	integrin alpha-X	CD11 (exact); CD11C (related); CD11c (exact)	UniProtKB:P20702	UniProtKB:Q9QXH4	IUPHARobj:2454	HGNC:6152	ITGAX
CL:0001005	mature CD8-alpha-positive CD11b-negative dendritic cell	RO:0015015	has high plasma membrane amount	high	False	PR:000001412	CD86 molecule	CD28LG2 (related); CD86 (label)	UniProtKB:P42081	UniProtKB:P42082	IUPHARobj:2745	HGNC:1705	CD86
CL:0001005	mature CD8-alpha-positive CD11b-negative dendritic cell	RO:0015015	has high plasma membrane amount	high	False	PR:000001438	CD80 molecule	CD28LG (related); CD28LG1 (related); CD80 (label)	UniProtKB:P33681	UniProtKB:Q00609	IUPHARobj:2744	HGNC:1700	CD80
CL:0001005	mature CD8-alpha-positive CD11b-negative dendritic cell	CL:4030046	lacks_plasma_membrane_part	negative	False	PR:000001002	CD19 molecule	CD19 (label)	UniProtKB:P15391	UniProtKB:P25918	IUPHARobj:2764; PIRSF:PIRSF016630	HGNC:1633	CD19
CL:0001005	mature CD8-alpha-positive CD11b-negative dendritic cell	CL:4030046	lacks_plasma_membrane_part	negative	False	PR:000001003	CD34 molecule	CD34 (label)	UniProtKB:P28906	UniProtKB:Q64314	PIRSF:PIRSF028749	HGNC:1662	CD34
CL:0001005	mature CD8-alpha-positive CD11b-negative dendritic cell	CL:4030046	lacks_plasma_membrane_part	negative	False	PR:000001004	CD4 molecule	CD4 (label)	UniProtKB:P01730	UniProtKB:P06332	PIRSF:PIRSF001977	HGNC:1678	CD4
CL:0001005	mature CD8-alpha-positive CD11b-negative dendritic cell	CL:4030046	lacks_plasma_membrane_part	negative	False	PR:000001012	integrin alpha-M	CD11 (exact); CD11B (related); CD11b (exact)	UniProtKB:P11215	UniProtKB:P05555	IUPHARobj:2452	HGNC:6149	ITGAM
CL:0001005	mature CD8-alpha-positive CD11b-negative dendritic cell	CL:4030046	lacks_plasma_membrane_part	negative	False	PR:000001020	CD3 epsilon	CD3 (label); CD3E (exact); CD3e (exact)	UniProtKB:P07766	UniProtKB:P22646	IUPHARobj:2742	HGNC:1674	CD3E
CL:0001005	mature CD8-alpha-positive CD11b-negative dendritic cell	CL:4030046	lacks_plasma_membrane_part	negative	False	PR:000001024	neural cell adhesion molecule 1	CD56 (exact)	UniProtKB:P13591	UniProtKB:P13595	IUPHARobj:2769	HGNC:7656	NCAM1
CL:0001005	mature CD8-alpha-positive CD11b-negative dendritic cell	CL:4030046	lacks_plasma_membrane_part	negative	False	PR:000001289	membrane-spanning 4-domains subfamily A member 1	CD20 (exact)	UniProtKB:P11836	UniProtKB:P19437	PIRSF:PIRSF001995; IUPHARobj:2628	HGNC:7315	MS4A1
CL:0001005	mature CD8-alpha-positive CD11b-negative dendritic cell	RO:0002104	has plasma membrane part	positive	False	PR:000001026	lymphocyte antigen 75	CD205 (exact)		UniProtKB:Q60767			
CL:0001005	mature CD8-alpha-positive CD11b-negative dendritic cell	RO:0002104	has plasma membrane part	positive	False	PR:000001084	T-cell surface glycoprotein CD8 alpha chain	CD8 (label); CD8A (exact); CD8a (exact)	UniProtKB:P01732	UniProtKB:P01731		HGNC:1706	CD8A
CL:0001005	mature CD8-alpha-positive CD11b-negative dendritic cell	RO:0002104	has plasma membrane part	positive	False	PR:000001310	CD83 molecule	CD83 (label)	UniProtKB:Q01151	UniProtKB:O88324		HGNC:1703	CD83
CL:0001006	dermal dendritic cell	RO:0015015	has high plasma membrane amount	high	False	PR:000001013	integrin alpha-X	CD11 (exact); CD11C (related); CD11c (exact)	UniProtKB:P20702	UniProtKB:Q9QXH4	IUPHARobj:2454	HGNC:6152	ITGAX
CL:0001006	dermal dendritic cell	CL:4030046	lacks_plasma_membrane_part	negative	False	PR:000001002	CD19 molecule	CD19 (label)	UniProtKB:P15391	UniProtKB:P25918	IUPHARobj:2764; PIRSF:PIRSF016630	HGNC:1633	CD19
CL:0001006	dermal dendritic cell	CL:4030046	lacks_plasma_membrane_part	negative	False	PR:000001003	CD34 molecule	CD34 (label)	UniProtKB:P28906	UniProtKB:Q64314	PIRSF:PIRSF028749	HGNC:1662	CD34
CL:0001006	dermal dendritic cell	CL:4030046	lacks_plasma_membrane_part	negative	False	PR:000001020	CD3 epsilon	CD3 (label); CD3E (exact); CD3e (exact)	UniProtKB:P07766	UniProtKB:P22646	IUPHARobj:2742	HGNC:1674	CD3E
CL:0001006	dermal dendritic cell	CL:4030046	lacks_plasma_membrane_part	negative	False	PR:000001024	neural cell adhesion molecule 1	CD56 (exact)	UniProtKB:P13591	UniProtKB:P13595	IUPHARobj:2769	HGNC:7656	NCAM1
CL:0001006	dermal dendritic cell	CL:4030046	lacks_plasma_membrane_part	negative	False	PR:000001289	membrane-spanning 4-domains subfamily A member 1	CD20 (exact)	UniProtKB:P11836	UniProtKB:P19437	PIRSF:PIRSF001995; IUPHARobj:2628	HGNC:7315	MS4A1
CL:0001006	dermal dendritic cell	RO:0002104	has plasma membrane part	positive	False	PR:000001012	integrin alpha-M	CD11 (exact); CD11B (related); CD11b (exact)	UniProtKB:P11215	UniProtKB:P05555	IUPHARobj:2452	HGNC:6149	ITGAM
CL:0001006	dermal dendritic cell	RO:0002104	has plasma membrane part	positive	True	PR:000001026	lymphocyte antigen 75	CD205 (exact)		UniProtKB:Q60767			
CL:0001006	dermal dendritic cell	RO:0002104	has plasma membrane part	positive	True	PR:000001084	T-cell surface glycoprotein CD8 alpha chain	CD8 (label); CD8A (exact); CD8a (exact)	UniProtKB:P01732	UniProtKB:P01731		HGNC:1706	CD8A
CL:0001007	interstitial dendritic cell	RO:0015015	has high plasma membrane amount	high	False	PR:000001013	integrin alpha-X	CD11 (exact); CD11C (related); CD11c (exact)	UniProtKB:P20702	UniProtKB:Q9QXH4	IUPHARobj:2454	HGNC:6152	ITGAX
CL:0001007	interstitial dendritic cell	CL:4030046	lacks_plasma_membrane_part	negative	False	PR:000001002	CD19 molecule	CD19 (label)	UniProtKB:P15391	UniProtKB:P25918	IUPHARobj:2764; PIRSF:PIRSF016630	HGNC:1633	CD19
CL:0001007	interstitial dendritic cell	CL:4030046	lacks_plasma_membrane_part	negative	False	PR:000001003	CD34 molecule	CD34 (label)	UniProtKB:P28906	UniProtKB:Q64314	PIRSF:PIRSF028749	HGNC:1662	CD34
CL:0001007	interstitial dendritic cell	CL:4030046	lacks_plasma_membrane_part	negative	False	PR:000001020	CD3 epsilon	CD3 (label); CD3E (exact); CD3e (exact)	UniProtKB:P07766	UniProtKB:P22646	IUPHARobj:2742	HGNC:1674	CD3E
CL:0001007	interstitial dendritic cell	CL:4030046	lacks_plasma_membrane_part	negative	False	PR:000001024	neural cell adhesion molecule 1	CD56 (exact)	UniProtKB:P13591	UniProtKB:P13595	IUPHARobj:2769	HGNC:7656	NCAM1
CL:0001007	interstitial dendritic cell	CL:4030046	lacks_plasma_membrane_part	negative	False	PR:000001289	membrane-spanning 4-domains subfamily A member 1	CD20 (exact)	UniProtKB:P11836	UniProtKB:P19437	PIRSF:PIRSF001995; IUPHARobj:2628	HGNC:7315	MS4A1
CL:0001007	interstitial dendritic cell	RO:0002104	has plasma membrane part	positive	False	PR:000001012	integrin alpha-M	CD11 (exact); CD11B (related); CD11b (exact)	UniProtKB:P11215	UniProtKB:P05555	IUPHARobj:2452	HGNC:6149	ITGAM
CL:0001007	interstitial dendritic cell	RO:0002104	has plasma membrane part	positive	True	PR:000001300	CD209 molecule	CD209 (label)	UniProtKB:Q9NNX6		IUPHARobj:2930	HGNC:1641	CD209
CL:0001007	interstitial dendritic cell	RO:0002104	has plasma membrane part	positive	True	PR:000001905	platelet glycoprotein 4	CD36 (exact)	UniProtKB:P16671	UniProtKB:Q08857		HGNC:1663	CD36
CL:0001007	interstitial dendritic cell	RO:0002104	has plasma membrane part	positive	True	PR:000002025	T-cell surface glycoprotein CD1a	CD1A (exact); CD1a (label)	UniProtKB:P06126			HGNC:1634	CD1A
CL:0001007	interstitial dendritic cell	RO:0002104	has plasma membrane part	positive	True	PR:000002972	macrophage mannose receptor 1	CD206 (exact)	UniProtKB:P22897	UniProtKB:Q61830		HGNC:7228	MRC1
CL:0001008	Kit and Sca1-positive hematopoietic stem cell	CL:4030046	lacks_plasma_membrane_part	negative	False	PR:000001002	CD19 molecule	CD19 (label)	UniProtKB:P15391	UniProtKB:P25918	IUPHARobj:2764; PIRSF:PIRSF016630	HGNC:1633	CD19
CL:0001008	Kit and Sca1-positive hematopoietic stem cell	CL:4030046	lacks_plasma_membrane_part	negative	False	PR:000001004	CD4 molecule	CD4 (label)	UniProtKB:P01730	UniProtKB:P06332	PIRSF:PIRSF001977	HGNC:1678	CD4
CL:0001008	Kit and Sca1-positive hematopoietic stem cell	CL:4030046	lacks_plasma_membrane_part	negative	False	PR:000001006	receptor-type tyrosine-protein phosphatase C	CD45 (related)	UniProtKB:P08575	UniProtKB:P06800	IUPHARobj:1852; PIRSF:PIRSF002004	HGNC:9666	PTPRC
CL:0001008	Kit and Sca1-positive hematopoietic stem cell	CL:4030046	lacks_plasma_membrane_part	negative	False	PR:000001012	integrin alpha-M	CD11 (exact); CD11B (related); CD11b (exact)	UniProtKB:P11215	UniProtKB:P05555	IUPHARobj:2452	HGNC:6149	ITGAM
CL:0001008	Kit and Sca1-positive hematopoietic stem cell	CL:4030046	lacks_plasma_membrane_part	negative	True	PR:000001014	receptor-type tyrosine-protein phosphatase C isoform CD45RABC	CD45R (related); CD45RABC (label)	UniProtKB:P08575-3				
CL:0001008	Kit and Sca1-positive hematopoietic stem cell	CL:4030046	lacks_plasma_membrane_part	negative	False	PR:000001020	CD3 epsilon	CD3 (label); CD3E (exact); CD3e (exact)	UniProtKB:P07766	UniProtKB:P22646	IUPHARobj:2742	HGNC:1674	CD3E
CL:0001008	Kit and Sca1-positive hematopoietic stem cell	CL:4030046	lacks_plasma_membrane_part	negative	False	PR:000001024	neural cell adhesion molecule 1	CD56 (exact)	UniProtKB:P13591	UniProtKB:P13595	IUPHARobj:2769	HGNC:7656	NCAM1
CL:0001008	Kit and Sca1-positive hematopoietic stem cell	CL:4030046	lacks_plasma_membrane_part	negative	False	PR:000001083	CD2 molecule	CD2 (label)	UniProtKB:P06729	UniProtKB:P08920	IUPHARobj:2600; PIRSF:PIRSF001984	HGNC:1639	CD2
CL:0001008	Kit and Sca1-positive hematopoietic stem cell	CL:4030046	lacks_plasma_membrane_part	negative	False	PR:000001084	T-cell surface glycoprotein CD8 alpha chain	CD8 (label); CD8A (exact); CD8a (exact)	UniProtKB:P01732	UniProtKB:P01731		HGNC:1706	CD8A
CL:0001008	Kit and Sca1-positive hematopoietic stem cell	CL:4030046	lacks_plasma_membrane_part	negative	False	PR:000001289	membrane-spanning 4-domains subfamily A member 1	CD20 (exact)	UniProtKB:P11836	UniProtKB:P19437	PIRSF:PIRSF001995; IUPHARobj:2628	HGNC:7315	MS4A1
CL:0001008	Kit and Sca1-positive hematopoietic stem cell	CL:4030046	lacks_plasma_membrane_part	negative	True	PR:000001308	CD48 molecule	CD48 (label)	UniProtKB:P09326	UniProtKB:P18181	PIRSF:PIRSF001973	HGNC:1683	CD48
CL:0001008	Kit and Sca1-positive hematopoietic stem cell	CL:4030046	lacks_plasma_membrane_part	negative	False	PR:000001839	T-cell surface glycoprotein CD5	CD5 (label)	UniProtKB:P06127	UniProtKB:P13379		HGNC:1685	CD5
CL:0001008	Kit and Sca1-positive hematopoietic stem cell	CL:4030046	lacks_plasma_membrane_part	negative	True	PR:000001869	interleukin-7 receptor subunit alpha	CD127 (exact); CDw127 (exact)	UniProtKB:P16871	UniProtKB:P16872	IUPHARobj:1698; PIRSF:PIRSF001960	HGNC:6024	IL7R
CL:0001008	Kit and Sca1-positive hematopoietic stem cell	CL:4030046	lacks_plasma_membrane_part	negative	False	PR:000001874	KLRB1-like protein				PIRSF:PIRSF038804		
CL:0001008	Kit and Sca1-positive hematopoietic stem cell	CL:4030046	lacks_plasma_membrane_part	negative	False	PR:000001889	CD14 molecule	CD14 (label)	UniProtKB:P08571	UniProtKB:P10810	PIRSF:PIRSF002017	HGNC:1628	CD14
CL:0001008	Kit and Sca1-positive hematopoietic stem cell	CL:4030046	lacks_plasma_membrane_part	negative	True	PR:000001896	natural killer cell receptor 2B4	CD244 (exact)	UniProtKB:Q9BZW8	UniProtKB:Q07763		HGNC:18171	CD244
CL:0001008	Kit and Sca1-positive hematopoietic stem cell	CL:4030046	lacks_plasma_membrane_part	negative	True	PR:000002977	killer cell lectin-like receptor subfamily B member 1C	CD161 (exact); CD161c (exact)		UniProtKB:P27814			
CL:0001008	Kit and Sca1-positive hematopoietic stem cell	CL:4030046	lacks_plasma_membrane_part	negative	False	PR:000002978	lymphocyte antigen 6G			UniProtKB:P35461			
CL:0001008	Kit and Sca1-positive hematopoietic stem cell	CL:4030046	lacks_plasma_membrane_part	negative	False	PR:000002981	lymphocyte antigen 76 (mouse)						
CL:0001008	Kit and Sca1-positive hematopoietic stem cell	RO:0002104	has plasma membrane part	positive	True	PR:000001833	SLAM family member 1	CD150 (exact); CDw150 (exact)	UniProtKB:Q13291	UniProtKB:Q9QUM4		HGNC:10903	SLAMF1
CL:0001008	Kit and Sca1-positive hematopoietic stem cell	RO:0002104	has plasma membrane part	positive	True	PR:000002065	mast/stem cell growth factor receptor	CD117 (exact)	UniProtKB:P10721	UniProtKB:P05532	IUPHARobj:1805; PIRSF:PIRSF500951	HGNC:6342	KIT
CL:0001008	Kit and Sca1-positive hematopoietic stem cell	RO:0002104	has plasma membrane part	positive	True	PR:000002979	lymphocyte antigen 6A-2/6E-1			UniProtKB:P05533			
CL:0001009	immature dermal dendritic cell	RO:0015015	has high plasma membrane amount	high	False	PR:000001013	integrin alpha-X	CD11 (exact); CD11C (related); CD11c (exact)	UniProtKB:P20702	UniProtKB:Q9QXH4	IUPHARobj:2454	HGNC:6152	ITGAX
CL:0001009	immature dermal dendritic cell	RO:0015016	has low plasma membrane amount	low	False	PR:000001412	CD86 molecule	CD28LG2 (related); CD86 (label)	UniProtKB:P42081	UniProtKB:P42082	IUPHARobj:2745	HGNC:1705	CD86
CL:0001009	immature dermal dendritic cell	RO:0015016	has low plasma membrane amount	low	False	PR:000001438	CD80 molecule	CD28LG (related); CD28LG1 (related); CD80 (label)	UniProtKB:P33681	UniProtKB:Q00609	IUPHARobj:2744	HGNC:1700	CD80
CL:0001009	immature dermal dendritic cell	CL:4030046	lacks_plasma_membrane_part	negative	False	PR:000001002	CD19 molecule	CD19 (label)	UniProtKB:P15391	UniProtKB:P25918	IUPHARobj:2764; PIRSF:PIRSF016630	HGNC:1633	CD19
CL:0001009	immature dermal dendritic cell	CL:4030046	lacks_plasma_membrane_part	negative	False	PR:000001003	CD34 molecule	CD34 (label)	UniProtKB:P28906	UniProtKB:Q64314	PIRSF:PIRSF028749	HGNC:1662	CD34
CL:0001009	immature dermal dendritic cell	CL:4030046	lacks_plasma_membrane_part	negative	False	PR:000001020	CD3 epsilon	CD3 (label); CD3E (exact); CD3e (exact)	UniProtKB:P07766	UniProtKB:P22646	IUPHARobj:2742	HGNC:1674	CD3E
CL:0001009	immature dermal dendritic cell	CL:4030046	lacks_plasma_membrane_part	negative	False	PR:000001024	neural cell adhesion molecule 1	CD56 (exact)	UniProtKB:P13591	UniProtKB:P13595	IUPHARobj:2769	HGNC:7656	NCAM1
CL:0001009	immature dermal dendritic cell	CL:4030046	lacks_plasma_membrane_part	negative	False	PR:000001289	membrane-spanning 4-domains subfamily A member 1	CD20 (exact)	UniProtKB:P11836	UniProtKB:P19437	PIRSF:PIRSF001995; IUPHARobj:2628	HGNC:7315	MS4A1
CL:0001009	immature dermal dendritic cell	RO:0002104	has plasma membrane part	positive	False	PR:000001012	integrin alpha-M	CD11 (exact); CD11B (related); CD11b (exact)	UniProtKB:P11215	UniProtKB:P05555	IUPHARobj:2452	HGNC:6149	ITGAM
CL:0001009	immature dermal dendritic cell	RO:0002104	has plasma membrane part	positive	False	PR:000001026	lymphocyte antigen 75	CD205 (exact)		UniProtKB:Q60767			
CL:0001009	immature dermal dendritic cell	RO:0002104	has plasma membrane part	positive	False	PR:000001084	T-cell surface glycoprotein CD8 alpha chain	CD8 (label); CD8A (exact); CD8a (exact)	UniProtKB:P01732	UniProtKB:P01731		HGNC:1706	CD8A
CL:0001010	mature dermal dendritic cell	RO:0015015	has high plasma membrane amount	high	False	PR:000001013	integrin alpha-X	CD11 (exact); CD11C (related); CD11c (exact)	UniProtKB:P20702	UniProtKB:Q9QXH4	IUPHARobj:2454	HGNC:6152	ITGAX
CL:0001010	mature dermal dendritic cell	RO:0015015	has high plasma membrane amount	high	False	PR:000001412	CD86 molecule	CD28LG2 (related); CD86 (label)	UniProtKB:P42081	UniProtKB:P42082	IUPHARobj:2745	HGNC:1705	CD86
CL:0001010	mature dermal dendritic cell	RO:0015015	has high plasma membrane amount	high	False	PR:000001438	CD80 molecule	CD28LG (related); CD28LG1 (related); CD80 (label)	UniProtKB:P33681	UniProtKB:Q00609	IUPHARobj:2744	HGNC:1700	CD80
CL:0001010	mature dermal dendritic cell	CL:4030046	lacks_plasma_membrane_part	negative	False	PR:000001002	CD19 molecule	CD19 (label)	UniProtKB:P15391	UniProtKB:P25918	IUPHARobj:2764; PIRSF:PIRSF016630	HGNC:1633	CD19
CL:0001010	mature dermal dendritic cell	CL:4030046	lacks_plasma_membrane_part	negative	False	PR:000001003	CD34 molecule	CD34 (label)	UniProtKB:P28906	UniProtKB:Q64314	PIRSF:PIRSF028749	HGNC:1662	CD34
CL:0001010	mature dermal dendritic cell	CL:4030046	lacks_plasma_membrane_part	negative	False	PR:000001020	CD3 epsilon	CD3 (label); CD3E (exact); CD3e (exact)	UniProtKB:P07766	UniProtKB:P22646	IUPHARobj:2742	HGNC:1674	CD3E
CL:0001010	mature dermal dendritic cell	CL:4030046	lacks_plasma_membrane_part	negative	False	PR:000001024	neural cell adhesion molecule 1	CD56 (exact)	UniProtKB:P13591	UniProtKB:P13595	IUPHARobj:2769	HGNC:7656	NCAM1
CL:0001010	mature dermal dendritic cell	CL:4030046	lacks_plasma_membrane_part	negative	False	PR:000001289	membrane-spanning 4-domains subfamily A member 1	CD20 (exact)	UniProtKB:P11836	UniProtKB:P19437	PIRSF:PIRSF001995; IUPHARobj:2628	HGNC:7315	MS4A1
CL:0001010	mature dermal dendritic cell	RO:0002104	has plasma membrane part	positive	False	PR:000001012	integrin alpha-M	CD11 (exact); CD11B (related); CD11b (exact)	UniProtKB:P11215	UniProtKB:P05555	IUPHARobj:2452	HGNC:6149	ITGAM
CL:0001010	mature dermal dendritic cell	RO:0002104	has plasma membrane part	positive	False	PR:000001026	lymphocyte antigen 75	CD205 (exact)		UniProtKB:Q60767			
CL:0001010	mature dermal dendritic cell	RO:0002104	has plasma membrane part	positive	False	PR:000001084	T-cell surface glycoprotein CD8 alpha chain	CD8 (label); CD8A (exact); CD8a (exact)	UniProtKB:P01732	UniProtKB:P01731		HGNC:1706	CD8A
CL:0001010	mature dermal dendritic cell	RO:0002104	has plasma membrane part	positive	False	PR:000001310	CD83 molecule	CD83 (label)	UniProtKB:Q01151	UniProtKB:O88324		HGNC:1703	CD83
CL:0001011	immature interstitial dendritic cell	RO:0015015	has high plasma membrane amount	high	False	PR:000001013	integrin alpha-X	CD11 (exact); CD11C (related); CD11c (exact)	UniProtKB:P20702	UniProtKB:Q9QXH4	IUPHARobj:2454	HGNC:6152	ITGAX
CL:0001011	immature interstitial dendritic cell	RO:0015016	has low plasma membrane amount	low	False	PR:000001412	CD86 molecule	CD28LG2 (related); CD86 (label)	UniProtKB:P42081	UniProtKB:P42082	IUPHARobj:2745	HGNC:1705	CD86
CL:0001011	immature interstitial dendritic cell	RO:0015016	has low plasma membrane amount	low	False	PR:000001438	CD80 molecule	CD28LG (related); CD28LG1 (related); CD80 (label)	UniProtKB:P33681	UniProtKB:Q00609	IUPHARobj:2744	HGNC:1700	CD80
CL:0001011	immature interstitial dendritic cell	CL:4030046	lacks_plasma_membrane_part	negative	False	PR:000001002	CD19 molecule	CD19 (label)	UniProtKB:P15391	UniProtKB:P25918	IUPHARobj:2764; PIRSF:PIRSF016630	HGNC:1633	CD19
CL:0001011	immature interstitial dendritic cell	CL:4030046	lacks_plasma_membrane_part	negative	False	PR:000001003	CD34 molecule	CD34 (label)	UniProtKB:P28906	UniProtKB:Q64314	PIRSF:PIRSF028749	HGNC:1662	CD34
CL:0001011	immature interstitial dendritic cell	CL:4030046	lacks_plasma_membrane_part	negative	False	PR:000001020	CD3 epsilon	CD3 (label); CD3E (exact); CD3e (exact)	UniProtKB:P07766	UniProtKB:P22646	IUPHARobj:2742	HGNC:1674	CD3E
CL:0001011	immature interstitial dendritic cell	CL:4030046	lacks_plasma_membrane_part	negative	False	PR:000001024	neural cell adhesion molecule 1	CD56 (exact)	UniProtKB:P13591	UniProtKB:P13595	IUPHARobj:2769	HGNC:7656	NCAM1
CL:0001011	immature interstitial dendritic cell	CL:4030046	lacks_plasma_membrane_part	negative	False	PR:000001289	membrane-spanning 4-domains subfamily A member 1	CD20 (exact)	UniProtKB:P11836	UniProtKB:P19437	PIRSF:PIRSF001995; IUPHARobj:2628	HGNC:7315	MS4A1
CL:0001011	immature interstitial dendritic cell	RO:0002104	has plasma membrane part	positive	False	PR:000001012	integrin alpha-M	CD11 (exact); CD11B (related); CD11b (exact)	UniProtKB:P11215	UniProtKB:P05555	IUPHARobj:2452	HGNC:6149	ITGAM
CL:0001011	immature interstitial dendritic cell	RO:0002104	has plasma membrane part	positive	False	PR:000001300	CD209 molecule	CD209 (label)	UniProtKB:Q9NNX6		IUPHARobj:2930	HGNC:1641	CD209
CL:0001011	immature interstitial dendritic cell	RO:0002104	has plasma membrane part	positive	False	PR:000001905	platelet glycoprotein 4	CD36 (exact)	UniProtKB:P16671	UniProtKB:Q08857		HGNC:1663	CD36
CL:0001011	immature interstitial dendritic cell	RO:0002104	has plasma membrane part	positive	False	PR:000002025	T-cell surface glycoprotein CD1a	CD1A (exact); CD1a (label)	UniProtKB:P06126			HGNC:1634	CD1A
CL:0001011	immature interstitial dendritic cell	RO:0002104	has plasma membrane part	positive	False	PR:000002972	macrophage mannose receptor 1	CD206 (exact)	UniProtKB:P22897	UniProtKB:Q61830		HGNC:7228	MRC1
CL:0001012	CD7-negative lymphoid progenitor OR granulocyte monocyte progenitor	CL:4030046	lacks_plasma_membrane_part	negative	False	PR:000001002	CD19 molecule	CD19 (label)	UniProtKB:P15391	UniProtKB:P25918	IUPHARobj:2764; PIRSF:PIRSF016630	HGNC:1633	CD19
CL:0001012	CD7-negative lymphoid progenitor OR granulocyte monocyte progenitor	CL:4030046	lacks_plasma_membrane_part	negative	False	PR:000001004	CD4 molecule	CD4 (label)	UniProtKB:P01730	UniProtKB:P06332	PIRSF:PIRSF001977	HGNC:1678	CD4
CL:0001012	CD7-negative lymphoid progenitor OR granulocyte monocyte progenitor	CL:4030046	lacks_plasma_membrane_part	negative	False	PR:000001012	integrin alpha-M	CD11 (exact); CD11B (related); CD11b (exact)	UniProtKB:P11215	UniProtKB:P05555	IUPHARobj:2452	HGNC:6149	ITGAM
CL:0001012	CD7-negative lymphoid progenitor OR granulocyte monocyte progenitor	CL:4030046	lacks_plasma_membrane_part	negative	False	PR:000001020	CD3 epsilon	CD3 (label); CD3E (exact); CD3e (exact)	UniProtKB:P07766	UniProtKB:P22646	IUPHARobj:2742	HGNC:1674	CD3E
CL:0001012	CD7-negative lymphoid progenitor OR granulocyte monocyte progenitor	CL:4030046	lacks_plasma_membrane_part	negative	False	PR:000001024	neural cell adhesion molecule 1	CD56 (exact)	UniProtKB:P13591	UniProtKB:P13595	IUPHARobj:2769	HGNC:7656	NCAM1
CL:0001012	CD7-negative lymphoid progenitor OR granulocyte monocyte progenitor	CL:4030046	lacks_plasma_membrane_part	negative	False	PR:000001083	CD2 molecule	CD2 (label)	UniProtKB:P06729	UniProtKB:P08920	IUPHARobj:2600; PIRSF:PIRSF001984	HGNC:1639	CD2
CL:0001012	CD7-negative lymphoid progenitor OR granulocyte monocyte progenitor	CL:4030046	lacks_plasma_membrane_part	negative	False	PR:000001084	T-cell surface glycoprotein CD8 alpha chain	CD8 (label); CD8A (exact); CD8a (exact)	UniProtKB:P01732	UniProtKB:P01731		HGNC:1706	CD8A
CL:0001012	CD7-negative lymphoid progenitor OR granulocyte monocyte progenitor	CL:4030046	lacks_plasma_membrane_part	negative	False	PR:000001289	membrane-spanning 4-domains subfamily A member 1	CD20 (exact)	UniProtKB:P11836	UniProtKB:P19437	PIRSF:PIRSF001995; IUPHARobj:2628	HGNC:7315	MS4A1
CL:0001012	CD7-negative lymphoid progenitor OR granulocyte monocyte progenitor	CL:4030046	lacks_plasma_membrane_part	negative	False	PR:000001839	T-cell surface glycoprotein CD5	CD5 (label)	UniProtKB:P06127	UniProtKB:P13379		HGNC:1685	CD5
CL:0001012	CD7-negative lymphoid progenitor OR granulocyte monocyte progenitor	CL:4030046	lacks_plasma_membrane_part	negative	False	PR:000001889	CD14 molecule	CD14 (label)	UniProtKB:P08571	UniProtKB:P10810	PIRSF:PIRSF002017	HGNC:1628	CD14
CL:0001012	CD7-negative lymphoid progenitor OR granulocyte monocyte progenitor	CL:4030046	lacks_plasma_membrane_part	negative	False	PR:000002978	lymphocyte antigen 6G			UniProtKB:P35461			
CL:0001012	CD7-negative lymphoid progenitor OR granulocyte monocyte progenitor	CL:4030046	lacks_plasma_membrane_part	negative	False	PR:000002981	lymphocyte antigen 76 (mouse)						
CL:0001013	mature interstitial dendritic cell	RO:0015015	has high plasma membrane amount	high	False	PR:000001013	integrin alpha-X	CD11 (exact); CD11C (related); CD11c (exact)	UniProtKB:P20702	UniProtKB:Q9QXH4	IUPHARobj:2454	HGNC:6152	ITGAX
CL:0001013	mature interstitial dendritic cell	RO:0015015	has high plasma membrane amount	high	False	PR:000001412	CD86 molecule	CD28LG2 (related); CD86 (label)	UniProtKB:P42081	UniProtKB:P42082	IUPHARobj:2745	HGNC:1705	CD86
CL:0001013	mature interstitial dendritic cell	RO:0015015	has high plasma membrane amount	high	False	PR:000001438	CD80 molecule	CD28LG (related); CD28LG1 (related); CD80 (label)	UniProtKB:P33681	UniProtKB:Q00609	IUPHARobj:2744	HGNC:1700	CD80
CL:0001013	mature interstitial dendritic cell	CL:4030046	lacks_plasma_membrane_part	negative	False	PR:000001002	CD19 molecule	CD19 (label)	UniProtKB:P15391	UniProtKB:P25918	IUPHARobj:2764; PIRSF:PIRSF016630	HGNC:1633	CD19
CL:0001013	mature interstitial dendritic cell	CL:4030046	lacks_plasma_membrane_part	negative	False	PR:000001003	CD34 molecule	CD34 (label)	UniProtKB:P28906	UniProtKB:Q64314	PIRSF:PIRSF028749	HGNC:1662	CD34
CL:0001013	mature interstitial dendritic cell	CL:4030046	lacks_plasma_membrane_part	negative	False	PR:000001020	CD3 epsilon	CD3 (label); CD3E (exact); CD3e (exact)	UniProtKB:P07766	UniProtKB:P22646	IUPHARobj:2742	HGNC:1674	CD3E
CL:0001013	mature interstitial dendritic cell	CL:4030046	lacks_plasma_membrane_part	negative	False	PR:000001024	neural cell adhesion molecule 1	CD56 (exact)	UniProtKB:P13591	UniProtKB:P13595	IUPHARobj:2769	HGNC:7656	NCAM1
CL:0001013	mature interstitial dendritic cell	CL:4030046	lacks_plasma_membrane_part	negative	False	PR:000001289	membrane-spanning 4-domains subfamily A member 1	CD20 (exact)	UniProtKB:P11836	UniProtKB:P19437	PIRSF:PIRSF001995; IUPHARobj:2628	HGNC:7315	MS4A1
CL:0001013	mature interstitial dendritic cell	RO:0002104	has plasma membrane part	positive	False	PR:000001012	integrin alpha-M	CD11 (exact); CD11B (related); CD11b (exact)	UniProtKB:P11215	UniProtKB:P05555	IUPHARobj:2452	HGNC:6149	ITGAM
CL:0001013	mature interstitial dendritic cell	RO:0002104	has plasma membrane part	positive	False	PR:000001300	CD209 molecule	CD209 (label)	UniProtKB:Q9NNX6		IUPHARobj:2930	HGNC:1641	CD209
CL:0001013	mature interstitial dendritic cell	RO:0002104	has plasma membrane part	positive	False	PR:000001310	CD83 molecule	CD83 (label)	UniProtKB:Q01151	UniProtKB:O88324		HGNC:1703	CD83
CL:0001013	mature interstitial dendritic cell	RO:0002104	has plasma membrane part	positive	False	PR:000001905	platelet glycoprotein 4	CD36 (exact)	UniProtKB:P16671	UniProtKB:Q08857		HGNC:1663	CD36
CL:0001013	mature interstitial dendritic cell	RO:0002104	has plasma membrane part	positive	False	PR:000002025	T-cell surface glycoprotein CD1a	CD1A (exact); CD1a (label)	UniProtKB:P06126			HGNC:1634	CD1A
CL:0001013	mature interstitial dendritic cell	RO:0002104	has plasma membrane part	positive	False	PR:000002972	macrophage mannose receptor 1	CD206 (exact)	UniProtKB:P22897	UniProtKB:Q61830		HGNC:7228	MRC1
CL:0001014	CD1a-positive Langerhans cell	RO:0015015	has high plasma membrane amount	high	False	PR:000001013	integrin alpha-X	CD11 (exact); CD11C (related); CD11c (exact)	UniProtKB:P20702	UniProtKB:Q9QXH4	IUPHARobj:2454	HGNC:6152	ITGAX
CL:0001014	CD1a-positive Langerhans cell	CL:4030046	lacks_plasma_membrane_part	negative	False	PR:000001002	CD19 molecule	CD19 (label)	UniProtKB:P15391	UniProtKB:P25918	IUPHARobj:2764; PIRSF:PIRSF016630	HGNC:1633	CD19
CL:0001014	CD1a-positive Langerhans cell	CL:4030046	lacks_plasma_membrane_part	negative	False	PR:000001003	CD34 molecule	CD34 (label)	UniProtKB:P28906	UniProtKB:Q64314	PIRSF:PIRSF028749	HGNC:1662	CD34
CL:0001014	CD1a-positive Langerhans cell	CL:4030046	lacks_plasma_membrane_part	negative	False	PR:000001020	CD3 epsilon	CD3 (label); CD3E (exact); CD3e (exact)	UniProtKB:P07766	UniProtKB:P22646	IUPHARobj:2742	HGNC:1674	CD3E
CL:0001014	CD1a-positive Langerhans cell	CL:4030046	lacks_plasma_membrane_part	negative	False	PR:000001024	neural cell adhesion molecule 1	CD56 (exact)	UniProtKB:P13591	UniProtKB:P13595	IUPHARobj:2769	HGNC:7656	NCAM1
CL:0001014	CD1a-positive Langerhans cell	CL:4030046	lacks_plasma_membrane_part	negative	False	PR:000001289	membrane-spanning 4-domains subfamily A member 1	CD20 (exact)	UniProtKB:P11836	UniProtKB:P19437	PIRSF:PIRSF001995; IUPHARobj:2628	HGNC:7315	MS4A1
CL:0001014	CD1a-positive Langerhans cell	RO:0002104	has plasma membrane part	positive	False	PR:000001293	C-type lectin domain family 4 member K	CD207 (exact)	UniProtKB:Q9UJ71	UniProtKB:Q8VBX4		HGNC:17935	CD207
CL:0001014	CD1a-positive Langerhans cell	RO:0002104	has plasma membrane part	positive	True	PR:000001447	cadherin-1	CD324 (exact)	UniProtKB:P12830	UniProtKB:P09803		HGNC:1748	CDH1
CL:0001014	CD1a-positive Langerhans cell	RO:0002104	has plasma membrane part	positive	True	PR:000002025	T-cell surface glycoprotein CD1a	CD1A (exact); CD1a (label)	UniProtKB:P06126			HGNC:1634	CD1A
CL:0001015	CD8-alpha-low Langerhans cell	RO:0015015	has high plasma membrane amount	high	False	PR:000001013	integrin alpha-X	CD11 (exact); CD11C (related); CD11c (exact)	UniProtKB:P20702	UniProtKB:Q9QXH4	IUPHARobj:2454	HGNC:6152	ITGAX
CL:0001015	CD8-alpha-low Langerhans cell	RO:0015015	has high plasma membrane amount	high	True	PR:000001026	lymphocyte antigen 75	CD205 (exact)		UniProtKB:Q60767			
CL:0001015	CD8-alpha-low Langerhans cell	RO:0015016	has low plasma membrane amount	low	True	PR:000001084	T-cell surface glycoprotein CD8 alpha chain	CD8 (label); CD8A (exact); CD8a (exact)	UniProtKB:P01732	UniProtKB:P01731		HGNC:1706	CD8A
CL:0001015	CD8-alpha-low Langerhans cell	CL:4030046	lacks_plasma_membrane_part	negative	False	PR:000001002	CD19 molecule	CD19 (label)	UniProtKB:P15391	UniProtKB:P25918	IUPHARobj:2764; PIRSF:PIRSF016630	HGNC:1633	CD19
CL:0001015	CD8-alpha-low Langerhans cell	CL:4030046	lacks_plasma_membrane_part	negative	False	PR:000001003	CD34 molecule	CD34 (label)	UniProtKB:P28906	UniProtKB:Q64314	PIRSF:PIRSF028749	HGNC:1662	CD34
CL:0001015	CD8-alpha-low Langerhans cell	CL:4030046	lacks_plasma_membrane_part	negative	False	PR:000001020	CD3 epsilon	CD3 (label); CD3E (exact); CD3e (exact)	UniProtKB:P07766	UniProtKB:P22646	IUPHARobj:2742	HGNC:1674	CD3E
CL:0001015	CD8-alpha-low Langerhans cell	CL:4030046	lacks_plasma_membrane_part	negative	False	PR:000001024	neural cell adhesion molecule 1	CD56 (exact)	UniProtKB:P13591	UniProtKB:P13595	IUPHARobj:2769	HGNC:7656	NCAM1
CL:0001015	CD8-alpha-low Langerhans cell	CL:4030046	lacks_plasma_membrane_part	negative	False	PR:000001289	membrane-spanning 4-domains subfamily A member 1	CD20 (exact)	UniProtKB:P11836	UniProtKB:P19437	PIRSF:PIRSF001995; IUPHARobj:2628	HGNC:7315	MS4A1
CL:0001015	CD8-alpha-low Langerhans cell	RO:0002104	has plasma membrane part	positive	False	PR:000001293	C-type lectin domain family 4 member K	CD207 (exact)	UniProtKB:Q9UJ71	UniProtKB:Q8VBX4		HGNC:17935	CD207
CL:0001016	immature CD1a-positive Langerhans cell	RO:0015015	has high plasma membrane amount	high	False	PR:000001013	integrin alpha-X	CD11 (exact); CD11C (related); CD11c (exact)	UniProtKB:P20702	UniProtKB:Q9QXH4	IUPHARobj:2454	HGNC:6152	ITGAX
CL:0001016	immature CD1a-positive Langerhans cell	RO:0015016	has low plasma membrane amount	low	False	PR:000001412	CD86 molecule	CD28LG2 (related); CD86 (label)	UniProtKB:P42081	UniProtKB:P42082	IUPHARobj:2745	HGNC:1705	CD86
CL:0001016	immature CD1a-positive Langerhans cell	RO:0015016	has low plasma membrane amount	low	False	PR:000001438	CD80 molecule	CD28LG (related); CD28LG1 (related); CD80 (label)	UniProtKB:P33681	UniProtKB:Q00609	IUPHARobj:2744	HGNC:1700	CD80
CL:0001016	immature CD1a-positive Langerhans cell	CL:4030046	lacks_plasma_membrane_part	negative	False	PR:000001002	CD19 molecule	CD19 (label)	UniProtKB:P15391	UniProtKB:P25918	IUPHARobj:2764; PIRSF:PIRSF016630	HGNC:1633	CD19
CL:0001016	immature CD1a-positive Langerhans cell	CL:4030046	lacks_plasma_membrane_part	negative	False	PR:000001003	CD34 molecule	CD34 (label)	UniProtKB:P28906	UniProtKB:Q64314	PIRSF:PIRSF028749	HGNC:1662	CD34
CL:0001016	immature CD1a-positive Langerhans cell	CL:4030046	lacks_plasma_membrane_part	negative	False	PR:000001020	CD3 epsilon	CD3 (label); CD3E (exact); CD3e (exact)	UniProtKB:P07766	UniProtKB:P22646	IUPHARobj:2742	HGNC:1674	CD3E
CL:0001016	immature CD1a-positive Langerhans cell	CL:4030046	lacks_plasma_membrane_part	negative	False	PR:000001024	neural cell adhesion molecule 1	CD56 (exact)	UniProtKB:P13591	UniProtKB:P13595	IUPHARobj:2769	HGNC:7656	NCAM1
CL:0001016	immature CD1a-positive Langerhans cell	CL:4030046	lacks_plasma_membrane_part	negative	False	PR:000001289	membrane-spanning 4-domains subfamily A member 1	CD20 (exact)	UniProtKB:P11836	UniProtKB:P19437	PIRSF:PIRSF001995; IUPHARobj:2628	HGNC:7315	MS4A1
CL:0001016	immature CD1a-positive Langerhans cell	RO:0002104	has plasma membrane part	positive	False	PR:000001293	C-type lectin domain family 4 member K	CD207 (exact)	UniProtKB:Q9UJ71	UniProtKB:Q8VBX4		HGNC:17935	CD207
CL:0001016	immature CD1a-positive Langerhans cell	RO:0002104	has plasma membrane part	positive	False	PR:000001447	cadherin-1	CD324 (exact)	UniProtKB:P12830	UniProtKB:P09803		HGNC:1748	CDH1
CL:0001016	immature CD1a-positive Langerhans cell	RO:0002104	has plasma membrane part	positive	False	PR:000002025	T-cell surface glycoprotein CD1a	CD1A (exact); CD1a (label)	UniProtKB:P06126			HGNC:1634	CD1A
CL:0001017	mature CD1a-positive Langerhans cell	RO:0015015	has high plasma membrane amount	high	False	PR:000001013	integrin alpha-X	CD11 (exact); CD11C (related); CD11c (exact)	UniProtKB:P20702	UniProtKB:Q9QXH4	IUPHARobj:2454	HGNC:6152	ITGAX
CL:0001017	mature CD1a-positive Langerhans cell	RO:0015015	has high plasma membrane amount	high	False	PR:000001412	CD86 molecule	CD28LG2 (related); CD86 (label)	UniProtKB:P42081	UniProtKB:P42082	IUPHARobj:2745	HGNC:1705	CD86
CL:0001017	mature CD1a-positive Langerhans cell	RO:0015015	has high plasma membrane amount	high	False	PR:000001438	CD80 molecule	CD28LG (related); CD28LG1 (related); CD80 (label)	UniProtKB:P33681	UniProtKB:Q00609	IUPHARobj:2744	HGNC:1700	CD80
CL:0001017	mature CD1a-positive Langerhans cell	CL:4030046	lacks_plasma_membrane_part	negative	False	PR:000001002	CD19 molecule	CD19 (label)	UniProtKB:P15391	UniProtKB:P25918	IUPHARobj:2764; PIRSF:PIRSF016630	HGNC:1633	CD19
CL:0001017	mature CD1a-positive Langerhans cell	CL:4030046	lacks_plasma_membrane_part	negative	False	PR:000001003	CD34 molecule	CD34 (label)	UniProtKB:P28906	UniProtKB:Q64314	PIRSF:PIRSF028749	HGNC:1662	CD34
CL:0001017	mature CD1a-positive Langerhans cell	CL:4030046	lacks_plasma_membrane_part	negative	False	PR:000001020	CD3 epsilon	CD3 (label); CD3E (exact); CD3e (exact)	UniProtKB:P07766	UniProtKB:P22646	IUPHARobj:2742	HGNC:1674	CD3E
CL:0001017	mature CD1a-positive Langerhans cell	CL:4030046	lacks_plasma_membrane_part	negative	False	PR:000001024	neural cell adhesion molecule 1	CD56 (exact)	UniProtKB:P13591	UniProtKB:P13595	IUPHARobj:2769	HGNC:7656	NCAM1
CL:0001017	mature CD1a-positive Langerhans cell	CL:4030046	lacks_plasma_membrane_part	negative	False	PR:000001289	membrane-spanning 4-domains subfamily A member 1	CD20 (exact)	UniProtKB:P11836	UniProtKB:P19437	PIRSF:PIRSF001995; IUPHARobj:2628	HGNC:7315	MS4A1
CL:0001017	mature CD1a-positive Langerhans cell	RO:0002104	has plasma membrane part	positive	False	PR:000001293	C-type lectin domain family 4 member K	CD207 (exact)	UniProtKB:Q9UJ71	UniProtKB:Q8VBX4		HGNC:17935	CD207
CL:0001017	mature CD1a-positive Langerhans cell	RO:0002104	has plasma membrane part	positive	False	PR:000001310	CD83 molecule	CD83 (label)	UniProtKB:Q01151	UniProtKB:O88324		HGNC:1703	CD83
CL:0001017	mature CD1a-positive Langerhans cell	RO:0002104	has plasma membrane part	positive	False	PR:000001447	cadherin-1	CD324 (exact)	UniProtKB:P12830	UniProtKB:P09803		HGNC:1748	CDH1
CL:0001017	mature CD1a-positive Langerhans cell	RO:0002104	has plasma membrane part	positive	False	PR:000002025	T-cell surface glycoprotein CD1a	CD1A (exact); CD1a (label)	UniProtKB:P06126			HGNC:1634	CD1A
CL:0001018	immature CD8-alpha-low Langerhans cell	RO:0015015	has high plasma membrane amount	high	False	PR:000001013	integrin alpha-X	CD11 (exact); CD11C (related); CD11c (exact)	UniProtKB:P20702	UniProtKB:Q9QXH4	IUPHARobj:2454	HGNC:6152	ITGAX
CL:0001018	immature CD8-alpha-low Langerhans cell	RO:0015015	has high plasma membrane amount	high	False	PR:000001026	lymphocyte antigen 75	CD205 (exact)		UniProtKB:Q60767			
CL:0001018	immature CD8-alpha-low Langerhans cell	RO:0015016	has low plasma membrane amount	low	False	PR:000001084	T-cell surface glycoprotein CD8 alpha chain	CD8 (label); CD8A (exact); CD8a (exact)	UniProtKB:P01732	UniProtKB:P01731		HGNC:1706	CD8A
CL:0001018	immature CD8-alpha-low Langerhans cell	RO:0015016	has low plasma membrane amount	low	False	PR:000001412	CD86 molecule	CD28LG2 (related); CD86 (label)	UniProtKB:P42081	UniProtKB:P42082	IUPHARobj:2745	HGNC:1705	CD86
CL:0001018	immature CD8-alpha-low Langerhans cell	RO:0015016	has low plasma membrane amount	low	False	PR:000001438	CD80 molecule	CD28LG (related); CD28LG1 (related); CD80 (label)	UniProtKB:P33681	UniProtKB:Q00609	IUPHARobj:2744	HGNC:1700	CD80
CL:0001018	immature CD8-alpha-low Langerhans cell	CL:4030046	lacks_plasma_membrane_part	negative	False	PR:000001002	CD19 molecule	CD19 (label)	UniProtKB:P15391	UniProtKB:P25918	IUPHARobj:2764; PIRSF:PIRSF016630	HGNC:1633	CD19
CL:0001018	immature CD8-alpha-low Langerhans cell	CL:4030046	lacks_plasma_membrane_part	negative	False	PR:000001003	CD34 molecule	CD34 (label)	UniProtKB:P28906	UniProtKB:Q64314	PIRSF:PIRSF028749	HGNC:1662	CD34
CL:0001018	immature CD8-alpha-low Langerhans cell	CL:4030046	lacks_plasma_membrane_part	negative	False	PR:000001020	CD3 epsilon	CD3 (label); CD3E (exact); CD3e (exact)	UniProtKB:P07766	UniProtKB:P22646	IUPHARobj:2742	HGNC:1674	CD3E
CL:0001018	immature CD8-alpha-low Langerhans cell	CL:4030046	lacks_plasma_membrane_part	negative	False	PR:000001024	neural cell adhesion molecule 1	CD56 (exact)	UniProtKB:P13591	UniProtKB:P13595	IUPHARobj:2769	HGNC:7656	NCAM1
CL:0001018	immature CD8-alpha-low Langerhans cell	CL:4030046	lacks_plasma_membrane_part	negative	False	PR:000001289	membrane-spanning 4-domains subfamily A member 1	CD20 (exact)	UniProtKB:P11836	UniProtKB:P19437	PIRSF:PIRSF001995; IUPHARobj:2628	HGNC:7315	MS4A1
CL:0001018	immature CD8-alpha-low Langerhans cell	RO:0002104	has plasma membrane part	positive	False	PR:000001293	C-type lectin domain family 4 member K	CD207 (exact)	UniProtKB:Q9UJ71	UniProtKB:Q8VBX4		HGNC:17935	CD207
CL:0001019	CD115-positive monocyte OR common dendritic progenitor	RO:0002104	has plasma membrane part	positive	True	PR:000002062	macrophage colony-stimulating factor 1 receptor	CD115 (exact)	UniProtKB:P07333	UniProtKB:P09581	IUPHARobj:1806; PIRSF:PIRSF500947	HGNC:2433	CSF1R
CL:0001020	mature CD8-alpha-low Langerhans cell	RO:0015015	has high plasma membrane amount	high	False	PR:000001013	integrin alpha-X	CD11 (exact); CD11C (related); CD11c (exact)	UniProtKB:P20702	UniProtKB:Q9QXH4	IUPHARobj:2454	HGNC:6152	ITGAX
CL:0001020	mature CD8-alpha-low Langerhans cell	RO:0015015	has high plasma membrane amount	high	False	PR:000001026	lymphocyte antigen 75	CD205 (exact)		UniProtKB:Q60767			
CL:0001020	mature CD8-alpha-low Langerhans cell	RO:0015015	has high plasma membrane amount	high	False	PR:000001412	CD86 molecule	CD28LG2 (related); CD86 (label)	UniProtKB:P42081	UniProtKB:P42082	IUPHARobj:2745	HGNC:1705	CD86
CL:0001020	mature CD8-alpha-low Langerhans cell	RO:0015015	has high plasma membrane amount	high	False	PR:000001438	CD80 molecule	CD28LG (related); CD28LG1 (related); CD80 (label)	UniProtKB:P33681	UniProtKB:Q00609	IUPHARobj:2744	HGNC:1700	CD80
CL:0001020	mature CD8-alpha-low Langerhans cell	RO:0015016	has low plasma membrane amount	low	False	PR:000001084	T-cell surface glycoprotein CD8 alpha chain	CD8 (label); CD8A (exact); CD8a (exact)	UniProtKB:P01732	UniProtKB:P01731		HGNC:1706	CD8A
CL:0001020	mature CD8-alpha-low Langerhans cell	CL:4030046	lacks_plasma_membrane_part	negative	False	PR:000001002	CD19 molecule	CD19 (label)	UniProtKB:P15391	UniProtKB:P25918	IUPHARobj:2764; PIRSF:PIRSF016630	HGNC:1633	CD19
CL:0001020	mature CD8-alpha-low Langerhans cell	CL:4030046	lacks_plasma_membrane_part	negative	False	PR:000001003	CD34 molecule	CD34 (label)	UniProtKB:P28906	UniProtKB:Q64314	PIRSF:PIRSF028749	HGNC:1662	CD34
CL:0001020	mature CD8-alpha-low Langerhans cell	CL:4030046	lacks_plasma_membrane_part	negative	False	PR:000001020	CD3 epsilon	CD3 (label); CD3E (exact); CD3e (exact)	UniProtKB:P07766	UniProtKB:P22646	IUPHARobj:2742	HGNC:1674	CD3E
CL:0001020	mature CD8-alpha-low Langerhans cell	CL:4030046	lacks_plasma_membrane_part	negative	False	PR:000001024	neural cell adhesion molecule 1	CD56 (exact)	UniProtKB:P13591	UniProtKB:P13595	IUPHARobj:2769	HGNC:7656	NCAM1
CL:0001020	mature CD8-alpha-low Langerhans cell	CL:4030046	lacks_plasma_membrane_part	negative	False	PR:000001289	membrane-spanning 4-domains subfamily A member 1	CD20 (exact)	UniProtKB:P11836	UniProtKB:P19437	PIRSF:PIRSF001995; IUPHARobj:2628	HGNC:7315	MS4A1
CL:0001020	mature CD8-alpha-low Langerhans cell	RO:0002104	has plasma membrane part	positive	False	PR:000001293	C-type lectin domain family 4 member K	CD207 (exact)	UniProtKB:Q9UJ71	UniProtKB:Q8VBX4		HGNC:17935	CD207
CL:0001020	mature CD8-alpha-low Langerhans cell	RO:0002104	has plasma membrane part	positive	False	PR:000001310	CD83 molecule	CD83 (label)	UniProtKB:Q01151	UniProtKB:O88324		HGNC:1703	CD83
CL:0001021	CD34-positive, CD38-positive common lymphoid progenitor	CL:4030046	lacks_plasma_membrane_part	negative	False	PR:000001002	CD19 molecule	CD19 (label)	UniProtKB:P15391	UniProtKB:P25918	IUPHARobj:2764; PIRSF:PIRSF016630	HGNC:1633	CD19
CL:0001021	CD34-positive, CD38-positive common lymphoid progenitor	CL:4030046	lacks_plasma_membrane_part	negative	False	PR:000001004	CD4 molecule	CD4 (label)	UniProtKB:P01730	UniProtKB:P06332	PIRSF:PIRSF001977	HGNC:1678	CD4
CL:0001021	CD34-positive, CD38-positive common lymphoid progenitor	CL:4030046	lacks_plasma_membrane_part	negative	False	PR:000001012	integrin alpha-M	CD11 (exact); CD11B (related); CD11b (exact)	UniProtKB:P11215	UniProtKB:P05555	IUPHARobj:2452	HGNC:6149	ITGAM
CL:0001021	CD34-positive, CD38-positive common lymphoid progenitor	CL:4030046	lacks_plasma_membrane_part	negative	False	PR:000001020	CD3 epsilon	CD3 (label); CD3E (exact); CD3e (exact)	UniProtKB:P07766	UniProtKB:P22646	IUPHARobj:2742	HGNC:1674	CD3E
CL:0001021	CD34-positive, CD38-positive common lymphoid progenitor	CL:4030046	lacks_plasma_membrane_part	negative	False	PR:000001024	neural cell adhesion molecule 1	CD56 (exact)	UniProtKB:P13591	UniProtKB:P13595	IUPHARobj:2769	HGNC:7656	NCAM1
CL:0001021	CD34-positive, CD38-positive common lymphoid progenitor	CL:4030046	lacks_plasma_membrane_part	negative	False	PR:000001083	CD2 molecule	CD2 (label)	UniProtKB:P06729	UniProtKB:P08920	IUPHARobj:2600; PIRSF:PIRSF001984	HGNC:1639	CD2
CL:0001021	CD34-positive, CD38-positive common lymphoid progenitor	CL:4030046	lacks_plasma_membrane_part	negative	False	PR:000001084	T-cell surface glycoprotein CD8 alpha chain	CD8 (label); CD8A (exact); CD8a (exact)	UniProtKB:P01732	UniProtKB:P01731		HGNC:1706	CD8A
CL:0001021	CD34-positive, CD38-positive common lymphoid progenitor	CL:4030046	lacks_plasma_membrane_part	negative	False	PR:000001289	membrane-spanning 4-domains subfamily A member 1	CD20 (exact)	UniProtKB:P11836	UniProtKB:P19437	PIRSF:PIRSF001995; IUPHARobj:2628	HGNC:7315	MS4A1
CL:0001021	CD34-positive, CD38-positive common lymphoid progenitor	CL:4030046	lacks_plasma_membrane_part	negative	False	PR:000001839	T-cell surface glycoprotein CD5	CD5 (label)	UniProtKB:P06127	UniProtKB:P13379		HGNC:1685	CD5
CL:0001021	CD34-positive, CD38-positive common lymphoid progenitor	CL:4030046	lacks_plasma_membrane_part	negative	False	PR:000001889	CD14 molecule	CD14 (label)	UniProtKB:P08571	UniProtKB:P10810	PIRSF:PIRSF002017	HGNC:1628	CD14
CL:0001021	CD34-positive, CD38-positive common lymphoid progenitor	CL:4030046	lacks_plasma_membrane_part	negative	False	PR:000002978	lymphocyte antigen 6G			UniProtKB:P35461			
CL:0001021	CD34-positive, CD38-positive common lymphoid progenitor	CL:4030046	lacks_plasma_membrane_part	negative	False	PR:000002981	lymphocyte antigen 76 (mouse)						
CL:0001021	CD34-positive, CD38-positive common lymphoid progenitor	RO:0002104	has plasma membrane part	positive	False	PR:000001003	CD34 molecule	CD34 (label)	UniProtKB:P28906	UniProtKB:Q64314	PIRSF:PIRSF028749	HGNC:1662	CD34
CL:0001021	CD34-positive, CD38-positive common lymphoid progenitor	RO:0002104	has plasma membrane part	positive	False	PR:000001006	receptor-type tyrosine-protein phosphatase C	CD45 (related)	UniProtKB:P08575	UniProtKB:P06800	IUPHARobj:1852; PIRSF:PIRSF002004	HGNC:9666	PTPRC
CL:0001021	CD34-positive, CD38-positive common lymphoid progenitor	RO:0002104	has plasma membrane part	positive	True	PR:000001015	receptor-type tyrosine-protein phosphatase C isoform CD45RA	CD45RA (label)	UniProtKB:P08575-8				
CL:0001021	CD34-positive, CD38-positive common lymphoid progenitor	RO:0002104	has plasma membrane part	positive	False	PR:000001408	ADP-ribosyl cyclase/cyclic ADP-ribose hydrolase 1	CD38 (exact)	UniProtKB:P28907	UniProtKB:P56528	IUPHARobj:2766	HGNC:1667	CD38
CL:0001021	CD34-positive, CD38-positive common lymphoid progenitor	RO:0002104	has plasma membrane part	positive	True	PR:000001898	neprilysin	CD10 (exact)	UniProtKB:P08473	UniProtKB:Q61391	IUPHARobj:1611; PIRSF:PIRSF501074	HGNC:7154	MME
CL:0001022	CD115-positive monocyte	RO:0002104	has plasma membrane part	positive	True	PR:000001012	integrin alpha-M	CD11 (exact); CD11B (related); CD11b (exact)	UniProtKB:P11215	UniProtKB:P05555	IUPHARobj:2452	HGNC:6149	ITGAM
CL:0001022	CD115-positive monocyte	RO:0002104	has plasma membrane part	positive	False	PR:000002062	macrophage colony-stimulating factor 1 receptor	CD115 (exact)	UniProtKB:P07333	UniProtKB:P09581	IUPHARobj:1806; PIRSF:PIRSF500947	HGNC:2433	CSF1R
CL:0001023	Kit-positive, CD34-positive common myeloid progenitor	RO:0015016	has low plasma membrane amount	low	True	PR:000001481	low affinity immunoglobulin gamma Fc region receptor II-b	CD32 (broad); CDw32 (broad)	UniProtKB:P31994			HGNC:3618	FCGR2B
CL:0001023	Kit-positive, CD34-positive common myeloid progenitor	CL:4030046	lacks_plasma_membrane_part	negative	False	PR:000001002	CD19 molecule	CD19 (label)	UniProtKB:P15391	UniProtKB:P25918	IUPHARobj:2764; PIRSF:PIRSF016630	HGNC:1633	CD19
CL:0001023	Kit-positive, CD34-positive common myeloid progenitor	CL:4030046	lacks_plasma_membrane_part	negative	False	PR:000001004	CD4 molecule	CD4 (label)	UniProtKB:P01730	UniProtKB:P06332	PIRSF:PIRSF001977	HGNC:1678	CD4
CL:0001023	Kit-positive, CD34-positive common myeloid progenitor	CL:4030046	lacks_plasma_membrane_part	negative	False	PR:000001012	integrin alpha-M	CD11 (exact); CD11B (related); CD11b (exact)	UniProtKB:P11215	UniProtKB:P05555	IUPHARobj:2452	HGNC:6149	ITGAM
CL:0001023	Kit-positive, CD34-positive common myeloid progenitor	CL:4030046	lacks_plasma_membrane_part	negative	False	PR:000001020	CD3 epsilon	CD3 (label); CD3E (exact); CD3e (exact)	UniProtKB:P07766	UniProtKB:P22646	IUPHARobj:2742	HGNC:1674	CD3E
CL:0001023	Kit-positive, CD34-positive common myeloid progenitor	CL:4030046	lacks_plasma_membrane_part	negative	False	PR:000001024	neural cell adhesion molecule 1	CD56 (exact)	UniProtKB:P13591	UniProtKB:P13595	IUPHARobj:2769	HGNC:7656	NCAM1
CL:0001023	Kit-positive, CD34-positive common myeloid progenitor	CL:4030046	lacks_plasma_membrane_part	negative	False	PR:000001083	CD2 molecule	CD2 (label)	UniProtKB:P06729	UniProtKB:P08920	IUPHARobj:2600; PIRSF:PIRSF001984	HGNC:1639	CD2
CL:0001023	Kit-positive, CD34-positive common myeloid progenitor	CL:4030046	lacks_plasma_membrane_part	negative	False	PR:000001084	T-cell surface glycoprotein CD8 alpha chain	CD8 (label); CD8A (exact); CD8a (exact)	UniProtKB:P01732	UniProtKB:P01731		HGNC:1706	CD8A
CL:0001023	Kit-positive, CD34-positive common myeloid progenitor	CL:4030046	lacks_plasma_membrane_part	negative	False	PR:000001289	membrane-spanning 4-domains subfamily A member 1	CD20 (exact)	UniProtKB:P11836	UniProtKB:P19437	PIRSF:PIRSF001995; IUPHARobj:2628	HGNC:7315	MS4A1
CL:0001023	Kit-positive, CD34-positive common myeloid progenitor	CL:4030046	lacks_plasma_membrane_part	negative	False	PR:000001839	T-cell surface glycoprotein CD5	CD5 (label)	UniProtKB:P06127	UniProtKB:P13379		HGNC:1685	CD5
CL:0001023	Kit-positive, CD34-positive common myeloid progenitor	CL:4030046	lacks_plasma_membrane_part	negative	True	PR:000001869	interleukin-7 receptor subunit alpha	CD127 (exact); CDw127 (exact)	UniProtKB:P16871	UniProtKB:P16872	IUPHARobj:1698; PIRSF:PIRSF001960	HGNC:6024	IL7R
CL:0001023	Kit-positive, CD34-positive common myeloid progenitor	CL:4030046	lacks_plasma_membrane_part	negative	False	PR:000001889	CD14 molecule	CD14 (label)	UniProtKB:P08571	UniProtKB:P10810	PIRSF:PIRSF002017	HGNC:1628	CD14
CL:0001023	Kit-positive, CD34-positive common myeloid progenitor	CL:4030046	lacks_plasma_membrane_part	negative	False	PR:000002978	lymphocyte antigen 6G			UniProtKB:P35461			
CL:0001023	Kit-positive, CD34-positive common myeloid progenitor	CL:4030046	lacks_plasma_membrane_part	negative	True	PR:000002979	lymphocyte antigen 6A-2/6E-1			UniProtKB:P05533			
CL:0001023	Kit-positive, CD34-positive common myeloid progenitor	CL:4030046	lacks_plasma_membrane_part	negative	False	PR:000002981	lymphocyte antigen 76 (mouse)						
CL:0001023	Kit-positive, CD34-positive common myeloid progenitor	RO:0002104	has plasma membrane part	positive	False	PR:000001003	CD34 molecule	CD34 (label)	UniProtKB:P28906	UniProtKB:Q64314	PIRSF:PIRSF028749	HGNC:1662	CD34
CL:0001023	Kit-positive, CD34-positive common myeloid progenitor	BFO:0000051	has part	positive	False	PR:000001944	transcription factor PU.1		UniProtKB:P17947	UniProtKB:P17433		HGNC:11241	SPI1
CL:0001023	Kit-positive, CD34-positive common myeloid progenitor	RO:0002104	has plasma membrane part	positive	False	PR:000002065	mast/stem cell growth factor receptor	CD117 (exact)	UniProtKB:P10721	UniProtKB:P05532	IUPHARobj:1805; PIRSF:PIRSF500951	HGNC:6342	KIT
CL:0001023	Kit-positive, CD34-positive common myeloid progenitor	BFO:0000051	has part	positive	False	PR:000005307	CCAAT/enhancer-binding protein alpha		UniProtKB:P49715	UniProtKB:P53566		HGNC:1833	CEBPA
CL:0001023	Kit-positive, CD34-positive common myeloid progenitor	BFO:0000051	has part	positive	False	PR:000007857	erythroid transcription factor		UniProtKB:P15976	UniProtKB:P17679		HGNC:4170	GATA1
CL:0001023	Kit-positive, CD34-positive common myeloid progenitor	BFO:0000051	has part	positive	False	PR:000007858	endothelial transcription factor GATA-2		UniProtKB:P23769	UniProtKB:O09100		HGNC:4171	GATA2
CL:0001024	CD34-positive, CD38-negative hematopoietic stem cell	CL:4030046	lacks_plasma_membrane_part	negative	False	PR:000001002	CD19 molecule	CD19 (label)	UniProtKB:P15391	UniProtKB:P25918	IUPHARobj:2764; PIRSF:PIRSF016630	HGNC:1633	CD19
CL:0001024	CD34-positive, CD38-negative hematopoietic stem cell	CL:4030046	lacks_plasma_membrane_part	negative	False	PR:000001004	CD4 molecule	CD4 (label)	UniProtKB:P01730	UniProtKB:P06332	PIRSF:PIRSF001977	HGNC:1678	CD4
CL:0001024	CD34-positive, CD38-negative hematopoietic stem cell	CL:4030046	lacks_plasma_membrane_part	negative	False	PR:000001012	integrin alpha-M	CD11 (exact); CD11B (related); CD11b (exact)	UniProtKB:P11215	UniProtKB:P05555	IUPHARobj:2452	HGNC:6149	ITGAM
CL:0001024	CD34-positive, CD38-negative hematopoietic stem cell	CL:4030046	lacks_plasma_membrane_part	negative	False	PR:000001020	CD3 epsilon	CD3 (label); CD3E (exact); CD3e (exact)	UniProtKB:P07766	UniProtKB:P22646	IUPHARobj:2742	HGNC:1674	CD3E
CL:0001024	CD34-positive, CD38-negative hematopoietic stem cell	CL:4030046	lacks_plasma_membrane_part	negative	False	PR:000001024	neural cell adhesion molecule 1	CD56 (exact)	UniProtKB:P13591	UniProtKB:P13595	IUPHARobj:2769	HGNC:7656	NCAM1
CL:0001024	CD34-positive, CD38-negative hematopoietic stem cell	CL:4030046	lacks_plasma_membrane_part	negative	False	PR:000001083	CD2 molecule	CD2 (label)	UniProtKB:P06729	UniProtKB:P08920	IUPHARobj:2600; PIRSF:PIRSF001984	HGNC:1639	CD2
CL:0001024	CD34-positive, CD38-negative hematopoietic stem cell	CL:4030046	lacks_plasma_membrane_part	negative	False	PR:000001084	T-cell surface glycoprotein CD8 alpha chain	CD8 (label); CD8A (exact); CD8a (exact)	UniProtKB:P01732	UniProtKB:P01731		HGNC:1706	CD8A
CL:0001024	CD34-positive, CD38-negative hematopoietic stem cell	CL:4030046	lacks_plasma_membrane_part	negative	False	PR:000001289	membrane-spanning 4-domains subfamily A member 1	CD20 (exact)	UniProtKB:P11836	UniProtKB:P19437	PIRSF:PIRSF001995; IUPHARobj:2628	HGNC:7315	MS4A1
CL:0001024	CD34-positive, CD38-negative hematopoietic stem cell	CL:4030046	lacks_plasma_membrane_part	negative	True	PR:000001408	ADP-ribosyl cyclase/cyclic ADP-ribose hydrolase 1	CD38 (exact)	UniProtKB:P28907	UniProtKB:P56528	IUPHARobj:2766	HGNC:1667	CD38
CL:0001024	CD34-positive, CD38-negative hematopoietic stem cell	CL:4030046	lacks_plasma_membrane_part	negative	True	PR:000001483	low affinity immunoglobulin gamma Fc region receptor III	CD16 (exact)		UniProtKB:P08508			
CL:0001024	CD34-positive, CD38-negative hematopoietic stem cell	CL:4030046	lacks_plasma_membrane_part	negative	False	PR:000001839	T-cell surface glycoprotein CD5	CD5 (label)	UniProtKB:P06127	UniProtKB:P13379		HGNC:1685	CD5
CL:0001024	CD34-positive, CD38-negative hematopoietic stem cell	CL:4030046	lacks_plasma_membrane_part	negative	False	PR:000001889	CD14 molecule	CD14 (label)	UniProtKB:P08571	UniProtKB:P10810	PIRSF:PIRSF002017	HGNC:1628	CD14
CL:0001024	CD34-positive, CD38-negative hematopoietic stem cell	CL:4030046	lacks_plasma_membrane_part	negative	True	PR:000001892	CD33 molecule	CD33 (label)	UniProtKB:P20138	UniProtKB:Q63994	IUPHARobj:2601	HGNC:1659	CD33
CL:0001024	CD34-positive, CD38-negative hematopoietic stem cell	CL:4030046	lacks_plasma_membrane_part	negative	True	PR:000001945	transferrin receptor protein 1	CD71 (exact)	UniProtKB:P02786	UniProtKB:Q62351		HGNC:11763	TFRC
CL:0001024	CD34-positive, CD38-negative hematopoietic stem cell	CL:4030046	lacks_plasma_membrane_part	negative	False	PR:000002978	lymphocyte antigen 6G			UniProtKB:P35461			
CL:0001024	CD34-positive, CD38-negative hematopoietic stem cell	CL:4030046	lacks_plasma_membrane_part	negative	False	PR:000002981	lymphocyte antigen 76 (mouse)						
CL:0001024	CD34-positive, CD38-negative hematopoietic stem cell	RO:0002104	has plasma membrane part	positive	True	PR:000001003	CD34 molecule	CD34 (label)	UniProtKB:P28906	UniProtKB:Q64314	PIRSF:PIRSF028749	HGNC:1662	CD34
CL:0001024	CD34-positive, CD38-negative hematopoietic stem cell	RO:0002104	has plasma membrane part	positive	True	PR:000001786	prominin-1	CD133 (exact)	UniProtKB:O43490	UniProtKB:O54990		HGNC:9454	PROM1
CL:0001024	CD34-positive, CD38-negative hematopoietic stem cell	RO:0002104	has plasma membrane part	positive	True	PR:000001809	CD59-like glycoprotein	CD59 (label)			PIRSF:PIRSF038782		
CL:0001024	CD34-positive, CD38-negative hematopoietic stem cell	RO:0002104	has plasma membrane part	positive	True	PR:000001843	Thy-1 membrane glycoprotein	CD90 (exact); CDw90 (exact)	UniProtKB:P04216	UniProtKB:P01831	PIRSF:PIRSF038777	HGNC:11801	THY1
CL:0001025	Kit-positive, Sca1-positive common lymphoid progenitor	RO:0015016	has low plasma membrane amount	low	True	PR:000002065	mast/stem cell growth factor receptor	CD117 (exact)	UniProtKB:P10721	UniProtKB:P05532	IUPHARobj:1805; PIRSF:PIRSF500951	HGNC:6342	KIT
CL:0001025	Kit-positive, Sca1-positive common lymphoid progenitor	RO:0015016	has low plasma membrane amount	low	True	PR:000002979	lymphocyte antigen 6A-2/6E-1			UniProtKB:P05533			
CL:0001025	Kit-positive, Sca1-positive common lymphoid progenitor	CL:4030046	lacks_plasma_membrane_part	negative	False	PR:000001002	CD19 molecule	CD19 (label)	UniProtKB:P15391	UniProtKB:P25918	IUPHARobj:2764; PIRSF:PIRSF016630	HGNC:1633	CD19
CL:0001025	Kit-positive, Sca1-positive common lymphoid progenitor	CL:4030046	lacks_plasma_membrane_part	negative	False	PR:000001004	CD4 molecule	CD4 (label)	UniProtKB:P01730	UniProtKB:P06332	PIRSF:PIRSF001977	HGNC:1678	CD4
CL:0001025	Kit-positive, Sca1-positive common lymphoid progenitor	CL:4030046	lacks_plasma_membrane_part	negative	False	PR:000001006	receptor-type tyrosine-protein phosphatase C	CD45 (related)	UniProtKB:P08575	UniProtKB:P06800	IUPHARobj:1852; PIRSF:PIRSF002004	HGNC:9666	PTPRC
CL:0001025	Kit-positive, Sca1-positive common lymphoid progenitor	CL:4030046	lacks_plasma_membrane_part	negative	False	PR:000001012	integrin alpha-M	CD11 (exact); CD11B (related); CD11b (exact)	UniProtKB:P11215	UniProtKB:P05555	IUPHARobj:2452	HGNC:6149	ITGAM
CL:0001025	Kit-positive, Sca1-positive common lymphoid progenitor	CL:4030046	lacks_plasma_membrane_part	negative	True	PR:000001014	receptor-type tyrosine-protein phosphatase C isoform CD45RABC	CD45R (related); CD45RABC (label)	UniProtKB:P08575-3				
CL:0001025	Kit-positive, Sca1-positive common lymphoid progenitor	CL:4030046	lacks_plasma_membrane_part	negative	False	PR:000001020	CD3 epsilon	CD3 (label); CD3E (exact); CD3e (exact)	UniProtKB:P07766	UniProtKB:P22646	IUPHARobj:2742	HGNC:1674	CD3E
CL:0001025	Kit-positive, Sca1-positive common lymphoid progenitor	CL:4030046	lacks_plasma_membrane_part	negative	False	PR:000001024	neural cell adhesion molecule 1	CD56 (exact)	UniProtKB:P13591	UniProtKB:P13595	IUPHARobj:2769	HGNC:7656	NCAM1
CL:0001025	Kit-positive, Sca1-positive common lymphoid progenitor	CL:4030046	lacks_plasma_membrane_part	negative	False	PR:000001083	CD2 molecule	CD2 (label)	UniProtKB:P06729	UniProtKB:P08920	IUPHARobj:2600; PIRSF:PIRSF001984	HGNC:1639	CD2
CL:0001025	Kit-positive, Sca1-positive common lymphoid progenitor	CL:4030046	lacks_plasma_membrane_part	negative	False	PR:000001084	T-cell surface glycoprotein CD8 alpha chain	CD8 (label); CD8A (exact); CD8a (exact)	UniProtKB:P01732	UniProtKB:P01731		HGNC:1706	CD8A
CL:0001025	Kit-positive, Sca1-positive common lymphoid progenitor	CL:4030046	lacks_plasma_membrane_part	negative	False	PR:000001289	membrane-spanning 4-domains subfamily A member 1	CD20 (exact)	UniProtKB:P11836	UniProtKB:P19437	PIRSF:PIRSF001995; IUPHARobj:2628	HGNC:7315	MS4A1
CL:0001025	Kit-positive, Sca1-positive common lymphoid progenitor	CL:4030046	lacks_plasma_membrane_part	negative	False	PR:000001839	T-cell surface glycoprotein CD5	CD5 (label)	UniProtKB:P06127	UniProtKB:P13379		HGNC:1685	CD5
CL:0001025	Kit-positive, Sca1-positive common lymphoid progenitor	CL:4030046	lacks_plasma_membrane_part	negative	False	PR:000001889	CD14 molecule	CD14 (label)	UniProtKB:P08571	UniProtKB:P10810	PIRSF:PIRSF002017	HGNC:1628	CD14
CL:0001025	Kit-positive, Sca1-positive common lymphoid progenitor	CL:4030046	lacks_plasma_membrane_part	negative	False	PR:000002978	lymphocyte antigen 6G			UniProtKB:P35461			
CL:0001025	Kit-positive, Sca1-positive common lymphoid progenitor	CL:4030046	lacks_plasma_membrane_part	negative	False	PR:000002981	lymphocyte antigen 76 (mouse)						
CL:0001025	Kit-positive, Sca1-positive common lymphoid progenitor	RO:0002104	has plasma membrane part	positive	True	PR:000001869	interleukin-7 receptor subunit alpha	CD127 (exact); CDw127 (exact)	UniProtKB:P16871	UniProtKB:P16872	IUPHARobj:1698; PIRSF:PIRSF001960	HGNC:6024	IL7R
CL:0001025	Kit-positive, Sca1-positive common lymphoid progenitor	RO:0002104	has plasma membrane part	positive	True	PR:000001963	CD27 molecule	CD27 (label); CD27L (exact)	UniProtKB:P26842	UniProtKB:P41272	IUPHARobj:1876; PIRSF:PIRSF001966	HGNC:11922	CD27
CL:0001025	Kit-positive, Sca1-positive common lymphoid progenitor	RO:0002104	has plasma membrane part	positive	True	PR:000002001	receptor-type tyrosine-protein kinase FLT3	CD135 (related)	UniProtKB:P36888	UniProtKB:Q00342	IUPHARobj:1807; PIRSF:PIRSF500949	HGNC:3765	FLT3
CL:0001025	Kit-positive, Sca1-positive common lymphoid progenitor	RO:0002104	has plasma membrane part	positive	True	PR:000002037	complement component C1q receptor	CD93 (exact); CDw93 (exact)	UniProtKB:Q9NPY3	UniProtKB:O89103		HGNC:15855	CD93
CL:0001026	CD34-positive, CD38-positive common myeloid progenitor	RO:0015016	has low plasma membrane amount	low	True	PR:000001865	interleukin-3 receptor class 2 alpha chain	CD123 (exact)	UniProtKB:P26951	UniProtKB:P26952	IUPHARobj:1705	HGNC:6012	IL3RA
CL:0001026	CD34-positive, CD38-positive common myeloid progenitor	CL:4030046	lacks_plasma_membrane_part	negative	False	PR:000001002	CD19 molecule	CD19 (label)	UniProtKB:P15391	UniProtKB:P25918	IUPHARobj:2764; PIRSF:PIRSF016630	HGNC:1633	CD19
CL:0001026	CD34-positive, CD38-positive common myeloid progenitor	CL:4030046	lacks_plasma_membrane_part	negative	False	PR:000001004	CD4 molecule	CD4 (label)	UniProtKB:P01730	UniProtKB:P06332	PIRSF:PIRSF001977	HGNC:1678	CD4
CL:0001026	CD34-positive, CD38-positive common myeloid progenitor	CL:4030046	lacks_plasma_membrane_part	negative	False	PR:000001006	receptor-type tyrosine-protein phosphatase C	CD45 (related)	UniProtKB:P08575	UniProtKB:P06800	IUPHARobj:1852; PIRSF:PIRSF002004	HGNC:9666	PTPRC
CL:0001026	CD34-positive, CD38-positive common myeloid progenitor	CL:4030046	lacks_plasma_membrane_part	negative	False	PR:000001012	integrin alpha-M	CD11 (exact); CD11B (related); CD11b (exact)	UniProtKB:P11215	UniProtKB:P05555	IUPHARobj:2452	HGNC:6149	ITGAM
CL:0001026	CD34-positive, CD38-positive common myeloid progenitor	CL:4030046	lacks_plasma_membrane_part	negative	True	PR:000001015	receptor-type tyrosine-protein phosphatase C isoform CD45RA	CD45RA (label)	UniProtKB:P08575-8				
CL:0001026	CD34-positive, CD38-positive common myeloid progenitor	CL:4030046	lacks_plasma_membrane_part	negative	False	PR:000001020	CD3 epsilon	CD3 (label); CD3E (exact); CD3e (exact)	UniProtKB:P07766	UniProtKB:P22646	IUPHARobj:2742	HGNC:1674	CD3E
CL:0001026	CD34-positive, CD38-positive common myeloid progenitor	CL:4030046	lacks_plasma_membrane_part	negative	False	PR:000001024	neural cell adhesion molecule 1	CD56 (exact)	UniProtKB:P13591	UniProtKB:P13595	IUPHARobj:2769	HGNC:7656	NCAM1
CL:0001026	CD34-positive, CD38-positive common myeloid progenitor	CL:4030046	lacks_plasma_membrane_part	negative	False	PR:000001083	CD2 molecule	CD2 (label)	UniProtKB:P06729	UniProtKB:P08920	IUPHARobj:2600; PIRSF:PIRSF001984	HGNC:1639	CD2
CL:0001026	CD34-positive, CD38-positive common myeloid progenitor	CL:4030046	lacks_plasma_membrane_part	negative	False	PR:000001084	T-cell surface glycoprotein CD8 alpha chain	CD8 (label); CD8A (exact); CD8a (exact)	UniProtKB:P01732	UniProtKB:P01731		HGNC:1706	CD8A
CL:0001026	CD34-positive, CD38-positive common myeloid progenitor	CL:4030046	lacks_plasma_membrane_part	negative	False	PR:000001289	membrane-spanning 4-domains subfamily A member 1	CD20 (exact)	UniProtKB:P11836	UniProtKB:P19437	PIRSF:PIRSF001995; IUPHARobj:2628	HGNC:7315	MS4A1
CL:0001026	CD34-positive, CD38-positive common myeloid progenitor	CL:4030046	lacks_plasma_membrane_part	negative	True	PR:000001836	CD7 molecule	CD7 (label)	UniProtKB:P09564	UniProtKB:P50283	PIRSF:PIRSF038791	HGNC:1695	CD7
CL:0001026	CD34-positive, CD38-positive common myeloid progenitor	CL:4030046	lacks_plasma_membrane_part	negative	False	PR:000001839	T-cell surface glycoprotein CD5	CD5 (label)	UniProtKB:P06127	UniProtKB:P13379		HGNC:1685	CD5
CL:0001026	CD34-positive, CD38-positive common myeloid progenitor	CL:4030046	lacks_plasma_membrane_part	negative	True	PR:000001867	interleukin-5 receptor subunit alpha	CD125 (exact); CDw125 (exact)	UniProtKB:Q01344	UniProtKB:P21183	IUPHARobj:1706; PIRSF:PIRSF018419	HGNC:6017	IL5RA
CL:0001026	CD34-positive, CD38-positive common myeloid progenitor	CL:4030046	lacks_plasma_membrane_part	negative	False	PR:000001889	CD14 molecule	CD14 (label)	UniProtKB:P08571	UniProtKB:P10810	PIRSF:PIRSF002017	HGNC:1628	CD14
CL:0001026	CD34-positive, CD38-positive common myeloid progenitor	CL:4030046	lacks_plasma_membrane_part	negative	True	PR:000001898	neprilysin	CD10 (exact)	UniProtKB:P08473	UniProtKB:Q61391	IUPHARobj:1611; PIRSF:PIRSF501074	HGNC:7154	MME
CL:0001026	CD34-positive, CD38-positive common myeloid progenitor	CL:4030046	lacks_plasma_membrane_part	negative	False	PR:000002978	lymphocyte antigen 6G			UniProtKB:P35461			
CL:0001026	CD34-positive, CD38-positive common myeloid progenitor	CL:4030046	lacks_plasma_membrane_part	negative	False	PR:000002981	lymphocyte antigen 76 (mouse)						
CL:0001026	CD34-positive, CD38-positive common myeloid progenitor	RO:0002104	has plasma membrane part	positive	False	PR:000001003	CD34 molecule	CD34 (label)	UniProtKB:P28906	UniProtKB:Q64314	PIRSF:PIRSF028749	HGNC:1662	CD34
CL:0001026	CD34-positive, CD38-positive common myeloid progenitor	RO:0002104	has plasma membrane part	positive	False	PR:000001408	ADP-ribosyl cyclase/cyclic ADP-ribose hydrolase 1	CD38 (exact)	UniProtKB:P28907	UniProtKB:P56528	IUPHARobj:2766	HGNC:1667	CD38
CL:0001026	CD34-positive, CD38-positive common myeloid progenitor	BFO:0000051	has part	positive	False	PR:000001944	transcription factor PU.1		UniProtKB:P17947	UniProtKB:P17433		HGNC:11241	SPI1
CL:0001026	CD34-positive, CD38-positive common myeloid progenitor	BFO:0000051	has part	positive	False	PR:000005307	CCAAT/enhancer-binding protein alpha		UniProtKB:P49715	UniProtKB:P53566		HGNC:1833	CEBPA
CL:0001026	CD34-positive, CD38-positive common myeloid progenitor	BFO:0000051	has part	positive	False	PR:000007857	erythroid transcription factor		UniProtKB:P15976	UniProtKB:P17679		HGNC:4170	GATA1
CL:0001026	CD34-positive, CD38-positive common myeloid progenitor	BFO:0000051	has part	positive	False	PR:000007858	endothelial transcription factor GATA-2		UniProtKB:P23769	UniProtKB:O09100		HGNC:4171	GATA2
CL:0001027	CD7-negative lymphoid progenitor cell	CL:4030046	lacks_plasma_membrane_part	negative	False	PR:000001002	CD19 molecule	CD19 (label)	UniProtKB:P15391	UniProtKB:P25918	IUPHARobj:2764; PIRSF:PIRSF016630	HGNC:1633	CD19
CL:0001027	CD7-negative lymphoid progenitor cell	CL:4030046	lacks_plasma_membrane_part	negative	False	PR:000001004	CD4 molecule	CD4 (label)	UniProtKB:P01730	UniProtKB:P06332	PIRSF:PIRSF001977	HGNC:1678	CD4
CL:0001027	CD7-negative lymphoid progenitor cell	CL:4030046	lacks_plasma_membrane_part	negative	False	PR:000001006	receptor-type tyrosine-protein phosphatase C	CD45 (related)	UniProtKB:P08575	UniProtKB:P06800	IUPHARobj:1852; PIRSF:PIRSF002004	HGNC:9666	PTPRC
CL:0001027	CD7-negative lymphoid progenitor cell	CL:4030046	lacks_plasma_membrane_part	negative	False	PR:000001012	integrin alpha-M	CD11 (exact); CD11B (related); CD11b (exact)	UniProtKB:P11215	UniProtKB:P05555	IUPHARobj:2452	HGNC:6149	ITGAM
CL:0001027	CD7-negative lymphoid progenitor cell	CL:4030046	lacks_plasma_membrane_part	negative	True	PR:000001015	receptor-type tyrosine-protein phosphatase C isoform CD45RA	CD45RA (label)	UniProtKB:P08575-8				
CL:0001027	CD7-negative lymphoid progenitor cell	CL:4030046	lacks_plasma_membrane_part	negative	False	PR:000001020	CD3 epsilon	CD3 (label); CD3E (exact); CD3e (exact)	UniProtKB:P07766	UniProtKB:P22646	IUPHARobj:2742	HGNC:1674	CD3E
CL:0001027	CD7-negative lymphoid progenitor cell	CL:4030046	lacks_plasma_membrane_part	negative	False	PR:000001024	neural cell adhesion molecule 1	CD56 (exact)	UniProtKB:P13591	UniProtKB:P13595	IUPHARobj:2769	HGNC:7656	NCAM1
CL:0001027	CD7-negative lymphoid progenitor cell	CL:4030046	lacks_plasma_membrane_part	negative	False	PR:000001083	CD2 molecule	CD2 (label)	UniProtKB:P06729	UniProtKB:P08920	IUPHARobj:2600; PIRSF:PIRSF001984	HGNC:1639	CD2
CL:0001027	CD7-negative lymphoid progenitor cell	CL:4030046	lacks_plasma_membrane_part	negative	False	PR:000001084	T-cell surface glycoprotein CD8 alpha chain	CD8 (label); CD8A (exact); CD8a (exact)	UniProtKB:P01732	UniProtKB:P01731		HGNC:1706	CD8A
CL:0001027	CD7-negative lymphoid progenitor cell	CL:4030046	lacks_plasma_membrane_part	negative	False	PR:000001289	membrane-spanning 4-domains subfamily A member 1	CD20 (exact)	UniProtKB:P11836	UniProtKB:P19437	PIRSF:PIRSF001995; IUPHARobj:2628	HGNC:7315	MS4A1
CL:0001027	CD7-negative lymphoid progenitor cell	CL:4030046	lacks_plasma_membrane_part	negative	True	PR:000001836	CD7 molecule	CD7 (label)	UniProtKB:P09564	UniProtKB:P50283	PIRSF:PIRSF038791	HGNC:1695	CD7
CL:0001027	CD7-negative lymphoid progenitor cell	CL:4030046	lacks_plasma_membrane_part	negative	False	PR:000001839	T-cell surface glycoprotein CD5	CD5 (label)	UniProtKB:P06127	UniProtKB:P13379		HGNC:1685	CD5
CL:0001027	CD7-negative lymphoid progenitor cell	CL:4030046	lacks_plasma_membrane_part	negative	False	PR:000001889	CD14 molecule	CD14 (label)	UniProtKB:P08571	UniProtKB:P10810	PIRSF:PIRSF002017	HGNC:1628	CD14
CL:0001027	CD7-negative lymphoid progenitor cell	CL:4030046	lacks_plasma_membrane_part	negative	False	PR:000002978	lymphocyte antigen 6G			UniProtKB:P35461			
CL:0001027	CD7-negative lymphoid progenitor cell	CL:4030046	lacks_plasma_membrane_part	negative	False	PR:000002981	lymphocyte antigen 76 (mouse)						
CL:0001027	CD7-negative lymphoid progenitor cell	RO:0002104	has plasma membrane part	positive	True	PR:000001003	CD34 molecule	CD34 (label)	UniProtKB:P28906	UniProtKB:Q64314	PIRSF:PIRSF028749	HGNC:1662	CD34
CL:0001028	CD7-positive lymphoid progenitor cell	CL:4030046	lacks_plasma_membrane_part	negative	False	PR:000001006	receptor-type tyrosine-protein phosphatase C	CD45 (related)	UniProtKB:P08575	UniProtKB:P06800	IUPHARobj:1852; PIRSF:PIRSF002004	HGNC:9666	PTPRC
CL:0001028	CD7-positive lymphoid progenitor cell	CL:4030046	lacks_plasma_membrane_part	negative	True	PR:000001015	receptor-type tyrosine-protein phosphatase C isoform CD45RA	CD45RA (label)	UniProtKB:P08575-8				
CL:0001028	CD7-positive lymphoid progenitor cell	RO:0002104	has plasma membrane part	positive	True	PR:000001003	CD34 molecule	CD34 (label)	UniProtKB:P28906	UniProtKB:Q64314	PIRSF:PIRSF028749	HGNC:1662	CD34
CL:0001028	CD7-positive lymphoid progenitor cell	RO:0002104	has plasma membrane part	positive	True	PR:000001836	CD7 molecule	CD7 (label)	UniProtKB:P09564	UniProtKB:P50283	PIRSF:PIRSF038791	HGNC:1695	CD7
CL:0001029	common dendritic progenitor	RO:0015016	has low plasma membrane amount	low	True	PR:000002065	mast/stem cell growth factor receptor	CD117 (exact)	UniProtKB:P10721	UniProtKB:P05532	IUPHARobj:1805; PIRSF:PIRSF500951	HGNC:6342	KIT
CL:0001029	common dendritic progenitor	CL:4030046	lacks_plasma_membrane_part	negative	True	PR:000001002	CD19 molecule	CD19 (label)	UniProtKB:P15391	UniProtKB:P25918	IUPHARobj:2764; PIRSF:PIRSF016630	HGNC:1633	CD19
CL:0001029	common dendritic progenitor	CL:4030046	lacks_plasma_membrane_part	negative	True	PR:000001004	CD4 molecule	CD4 (label)	UniProtKB:P01730	UniProtKB:P06332	PIRSF:PIRSF001977	HGNC:1678	CD4
CL:0001029	common dendritic progenitor	CL:4030046	lacks_plasma_membrane_part	negative	True	PR:000001012	integrin alpha-M	CD11 (exact); CD11B (related); CD11b (exact)	UniProtKB:P11215	UniProtKB:P05555	IUPHARobj:2452	HGNC:6149	ITGAM
CL:0001029	common dendritic progenitor	CL:4030046	lacks_plasma_membrane_part	negative	True	PR:000001020	CD3 epsilon	CD3 (label); CD3E (exact); CD3e (exact)	UniProtKB:P07766	UniProtKB:P22646	IUPHARobj:2742	HGNC:1674	CD3E
CL:0001029	common dendritic progenitor	CL:4030046	lacks_plasma_membrane_part	negative	True	PR:000001024	neural cell adhesion molecule 1	CD56 (exact)	UniProtKB:P13591	UniProtKB:P13595	IUPHARobj:2769	HGNC:7656	NCAM1
CL:0001029	common dendritic progenitor	CL:4030046	lacks_plasma_membrane_part	negative	True	PR:000001083	CD2 molecule	CD2 (label)	UniProtKB:P06729	UniProtKB:P08920	IUPHARobj:2600; PIRSF:PIRSF001984	HGNC:1639	CD2
CL:0001029	common dendritic progenitor	CL:4030046	lacks_plasma_membrane_part	negative	True	PR:000001084	T-cell surface glycoprotein CD8 alpha chain	CD8 (label); CD8A (exact); CD8a (exact)	UniProtKB:P01732	UniProtKB:P01731		HGNC:1706	CD8A
CL:0001029	common dendritic progenitor	CL:4030046	lacks_plasma_membrane_part	negative	True	PR:000001289	membrane-spanning 4-domains subfamily A member 1	CD20 (exact)	UniProtKB:P11836	UniProtKB:P19437	PIRSF:PIRSF001995; IUPHARobj:2628	HGNC:7315	MS4A1
CL:0001029	common dendritic progenitor	CL:4030046	lacks_plasma_membrane_part	negative	True	PR:000001839	T-cell surface glycoprotein CD5	CD5 (label)	UniProtKB:P06127	UniProtKB:P13379		HGNC:1685	CD5
CL:0001029	common dendritic progenitor	CL:4030046	lacks_plasma_membrane_part	negative	True	PR:000001889	CD14 molecule	CD14 (label)	UniProtKB:P08571	UniProtKB:P10810	PIRSF:PIRSF002017	HGNC:1628	CD14
CL:0001029	common dendritic progenitor	CL:4030046	lacks_plasma_membrane_part	negative	True	PR:000002978	lymphocyte antigen 6G			UniProtKB:P35461			
CL:0001029	common dendritic progenitor	CL:4030046	lacks_plasma_membrane_part	negative	True	PR:000002981	lymphocyte antigen 76 (mouse)						
CL:0001029	common dendritic progenitor	RO:0002104	has plasma membrane part	positive	True	PR:000002001	receptor-type tyrosine-protein kinase FLT3	CD135 (related)	UniProtKB:P36888	UniProtKB:Q00342	IUPHARobj:1807; PIRSF:PIRSF500949	HGNC:3765	FLT3
CL:0001029	common dendritic progenitor	RO:0002104	has plasma membrane part	positive	False	PR:000002062	macrophage colony-stimulating factor 1 receptor	CD115 (exact)	UniProtKB:P07333	UniProtKB:P09581	IUPHARobj:1806; PIRSF:PIRSF500947	HGNC:2433	CSF1R
CL:0001030	CD117-positive common myeloid progenitor OR CD217-positive common lymphoid progenitor	CL:4030046	lacks_plasma_membrane_part	negative	False	PR:000001002	CD19 molecule	CD19 (label)	UniProtKB:P15391	UniProtKB:P25918	IUPHARobj:2764; PIRSF:PIRSF016630	HGNC:1633	CD19
CL:0001030	CD117-positive common myeloid progenitor OR CD217-positive common lymphoid progenitor	CL:4030046	lacks_plasma_membrane_part	negative	False	PR:000001004	CD4 molecule	CD4 (label)	UniProtKB:P01730	UniProtKB:P06332	PIRSF:PIRSF001977	HGNC:1678	CD4
CL:0001030	CD117-positive common myeloid progenitor OR CD217-positive common lymphoid progenitor	CL:4030046	lacks_plasma_membrane_part	negative	False	PR:000001012	integrin alpha-M	CD11 (exact); CD11B (related); CD11b (exact)	UniProtKB:P11215	UniProtKB:P05555	IUPHARobj:2452	HGNC:6149	ITGAM
CL:0001030	CD117-positive common myeloid progenitor OR CD217-positive common lymphoid progenitor	CL:4030046	lacks_plasma_membrane_part	negative	False	PR:000001020	CD3 epsilon	CD3 (label); CD3E (exact); CD3e (exact)	UniProtKB:P07766	UniProtKB:P22646	IUPHARobj:2742	HGNC:1674	CD3E
CL:0001030	CD117-positive common myeloid progenitor OR CD217-positive common lymphoid progenitor	CL:4030046	lacks_plasma_membrane_part	negative	False	PR:000001024	neural cell adhesion molecule 1	CD56 (exact)	UniProtKB:P13591	UniProtKB:P13595	IUPHARobj:2769	HGNC:7656	NCAM1
CL:0001030	CD117-positive common myeloid progenitor OR CD217-positive common lymphoid progenitor	CL:4030046	lacks_plasma_membrane_part	negative	False	PR:000001083	CD2 molecule	CD2 (label)	UniProtKB:P06729	UniProtKB:P08920	IUPHARobj:2600; PIRSF:PIRSF001984	HGNC:1639	CD2
CL:0001030	CD117-positive common myeloid progenitor OR CD217-positive common lymphoid progenitor	CL:4030046	lacks_plasma_membrane_part	negative	False	PR:000001084	T-cell surface glycoprotein CD8 alpha chain	CD8 (label); CD8A (exact); CD8a (exact)	UniProtKB:P01732	UniProtKB:P01731		HGNC:1706	CD8A
CL:0001030	CD117-positive common myeloid progenitor OR CD217-positive common lymphoid progenitor	CL:4030046	lacks_plasma_membrane_part	negative	False	PR:000001289	membrane-spanning 4-domains subfamily A member 1	CD20 (exact)	UniProtKB:P11836	UniProtKB:P19437	PIRSF:PIRSF001995; IUPHARobj:2628	HGNC:7315	MS4A1
CL:0001030	CD117-positive common myeloid progenitor OR CD217-positive common lymphoid progenitor	CL:4030046	lacks_plasma_membrane_part	negative	False	PR:000001839	T-cell surface glycoprotein CD5	CD5 (label)	UniProtKB:P06127	UniProtKB:P13379		HGNC:1685	CD5
CL:0001030	CD117-positive common myeloid progenitor OR CD217-positive common lymphoid progenitor	CL:4030046	lacks_plasma_membrane_part	negative	False	PR:000001889	CD14 molecule	CD14 (label)	UniProtKB:P08571	UniProtKB:P10810	PIRSF:PIRSF002017	HGNC:1628	CD14
CL:0001030	CD117-positive common myeloid progenitor OR CD217-positive common lymphoid progenitor	CL:4030046	lacks_plasma_membrane_part	negative	False	PR:000002978	lymphocyte antigen 6G			UniProtKB:P35461			
CL:0001030	CD117-positive common myeloid progenitor OR CD217-positive common lymphoid progenitor	CL:4030046	lacks_plasma_membrane_part	negative	False	PR:000002981	lymphocyte antigen 76 (mouse)						
CL:0001030	CD117-positive common myeloid progenitor OR CD217-positive common lymphoid progenitor	RO:0002104	has plasma membrane part	positive	True	PR:000002065	mast/stem cell growth factor receptor	CD117 (exact)	UniProtKB:P10721	UniProtKB:P05532	IUPHARobj:1805; PIRSF:PIRSF500951	HGNC:6342	KIT
CL:0001041	CD8-positive, CXCR3-positive, alpha-beta regulatory T cell	CL:4030046	lacks_plasma_membrane_part	negative	False	PR:000001004	CD4 molecule	CD4 (label)	UniProtKB:P01730	UniProtKB:P06332	PIRSF:PIRSF001977	HGNC:1678	CD4
CL:0001041	CD8-positive, CXCR3-positive, alpha-beta regulatory T cell	BFO:0000051	has part	positive	False	PR:000001084	T-cell surface glycoprotein CD8 alpha chain	CD8 (label); CD8A (exact); CD8a (exact)	UniProtKB:P01732	UniProtKB:P01731		HGNC:1706	CD8A
CL:0001041	CD8-positive, CXCR3-positive, alpha-beta regulatory T cell	RO:0002104	has plasma membrane part	positive	True	PR:000001207	C-X-C chemokine receptor type 3	CD183 (exact)	UniProtKB:P49682	UniProtKB:O88410	IUPHARobj:70; PIRSF:PIRSF501023	HGNC:4540	CXCR3
CL:0001041	CD8-positive, CXCR3-positive, alpha-beta regulatory T cell	RO:0002104	has plasma membrane part	positive	False	PR:000025402	T cell receptor co-receptor CD8	CD8 (label)					
CL:0001041	CD8-positive, CXCR3-positive, alpha-beta regulatory T cell	BFO:0000051	has part	positive	False	PR:000025403	T-cell surface glycoprotein CD8 alpha chain isoform 1	CD8 (label); CD8A (exact)	UniProtKB:P01732-1				
CL:0001042	T-helper 22 cell	CL:4030046	lacks_plasma_membrane_part	negative	False	PR:000025402	T cell receptor co-receptor CD8	CD8 (label)					
CL:0001042	T-helper 22 cell	RO:0002104	has plasma membrane part	positive	False	PR:000001004	CD4 molecule	CD4 (label)	UniProtKB:P01730	UniProtKB:P06332	PIRSF:PIRSF001977	HGNC:1678	CD4
CL:0001043	activated CD4-positive, alpha-beta T cell, human	CL:4030046	lacks_plasma_membrane_part	negative	False	PR:000001318	L-selectin	CD62 (exact); CD62L (exact)	UniProtKB:P14151	UniProtKB:P18337	PIRSF:PIRSF002421	HGNC:10720	SELL
CL:0001043	activated CD4-positive, alpha-beta T cell, human	CL:4030046	lacks_plasma_membrane_part	negative	False	PR:000001869	interleukin-7 receptor subunit alpha	CD127 (exact); CDw127 (exact)	UniProtKB:P16871	UniProtKB:P16872	IUPHARobj:1698; PIRSF:PIRSF001960	HGNC:6024	IL7R
CL:0001043	activated CD4-positive, alpha-beta T cell, human	CL:4030046	lacks_plasma_membrane_part	negative	False	PR:000025402	T cell receptor co-receptor CD8	CD8 (label)					
CL:0001043	activated CD4-positive, alpha-beta T cell, human	RO:0002104	has plasma membrane part	positive	False	PR:000001004	CD4 molecule	CD4 (label)	UniProtKB:P01730	UniProtKB:P06332	PIRSF:PIRSF001977	HGNC:1678	CD4
CL:0001043	activated CD4-positive, alpha-beta T cell, human	RO:0002104	has plasma membrane part	positive	False	PR:000001343	CD69 molecule	CD69 (label)	UniProtKB:Q07108	UniProtKB:P37217		HGNC:1694	CD69
CL:0001043	activated CD4-positive, alpha-beta T cell, human	RO:0002104	has plasma membrane part	positive	False	PR:000001380	interleukin-2 receptor subunit alpha	CD25 (exact)	UniProtKB:P01589	UniProtKB:P01590	IUPHARobj:1695; PIRSF:PIRSF001954	HGNC:6008	IL2RA
CL:0001043	activated CD4-positive, alpha-beta T cell, human	RO:0002104	has plasma membrane part	positive	True	PR:000001408	ADP-ribosyl cyclase/cyclic ADP-ribose hydrolase 1	CD38 (exact)	UniProtKB:P28907	UniProtKB:P56528	IUPHARobj:2766	HGNC:1667	CD38
CL:0001043	activated CD4-positive, alpha-beta T cell, human	RO:0002104	has plasma membrane part	positive	True	PR:000002015	MHC class II histocompatibility antigen alpha chain DRA		UniProtKB:P01903			HGNC:4947	HLA-DRA
CL:0001044	effector CD4-positive, alpha-beta T cell	CL:4030046	lacks_plasma_membrane_part	negative	True	PR:000001203	C-C chemokine receptor type 7	CD197 (exact); CDw197 (exact)	UniProtKB:P32248	UniProtKB:P47774	IUPHARobj:64	HGNC:1608	CCR7
CL:0001044	effector CD4-positive, alpha-beta T cell	CL:4030046	lacks_plasma_membrane_part	negative	False	PR:000025402	T cell receptor co-receptor CD8	CD8 (label)					
CL:0001044	effector CD4-positive, alpha-beta T cell	RO:0002104	has plasma membrane part	positive	False	PR:000001004	CD4 molecule	CD4 (label)	UniProtKB:P01730	UniProtKB:P06332	PIRSF:PIRSF001977	HGNC:1678	CD4
CL:0001044	effector CD4-positive, alpha-beta T cell	RO:0002104	has plasma membrane part	positive	False	PR:000001006	receptor-type tyrosine-protein phosphatase C	CD45 (related)	UniProtKB:P08575	UniProtKB:P06800	IUPHARobj:1852; PIRSF:PIRSF002004	HGNC:9666	PTPRC
CL:0001044	effector CD4-positive, alpha-beta T cell	RO:0002104	has plasma membrane part	positive	True	PR:000001015	receptor-type tyrosine-protein phosphatase C isoform CD45RA	CD45RA (label)	UniProtKB:P08575-8				
CL:0001045	naive CCR4-positive regulatory T cell	RO:0015015	has high plasma membrane amount	high	False	PR:000001318	L-selectin	CD62 (exact); CD62L (exact)	UniProtKB:P14151	UniProtKB:P18337	PIRSF:PIRSF002421	HGNC:10720	SELL
CL:0001045	naive CCR4-positive regulatory T cell	RO:0015016	has low plasma membrane amount	low	False	PR:000001307	CD44 molecule	CD44 (label); CDw44 (exact)	UniProtKB:P16070	UniProtKB:P15379		HGNC:1681	CD44
CL:0001045	naive CCR4-positive regulatory T cell	RO:0015016	has low plasma membrane amount	low	False	PR:000001869	interleukin-7 receptor subunit alpha	CD127 (exact); CDw127 (exact)	UniProtKB:P16871	UniProtKB:P16872	IUPHARobj:1698; PIRSF:PIRSF001960	HGNC:6024	IL7R
CL:0001045	naive CCR4-positive regulatory T cell	CL:4030046	lacks_plasma_membrane_part	negative	False	PR:000001006	receptor-type tyrosine-protein phosphatase C	CD45 (related)	UniProtKB:P08575	UniProtKB:P06800	IUPHARobj:1852; PIRSF:PIRSF002004	HGNC:9666	PTPRC
CL:0001045	naive CCR4-positive regulatory T cell	CL:4030046	lacks_plasma_membrane_part	negative	True	PR:000001017	receptor-type tyrosine-protein phosphatase C isoform CD45RO	CD45RO (label)	UniProtKB:P08575-4				
CL:0001045	naive CCR4-positive regulatory T cell	CL:4030046	lacks_plasma_membrane_part	negative	False	PR:000025402	T cell receptor co-receptor CD8	CD8 (label)					
CL:0001045	naive CCR4-positive regulatory T cell	RO:0002104	has plasma membrane part	positive	False	PR:000001004	CD4 molecule	CD4 (label)	UniProtKB:P01730	UniProtKB:P06332	PIRSF:PIRSF001977	HGNC:1678	CD4
CL:0001045	naive CCR4-positive regulatory T cell	RO:0002104	has plasma membrane part	positive	False	PR:000001006	receptor-type tyrosine-protein phosphatase C	CD45 (related)	UniProtKB:P08575	UniProtKB:P06800	IUPHARobj:1852; PIRSF:PIRSF002004	HGNC:9666	PTPRC
CL:0001045	naive CCR4-positive regulatory T cell	RO:0002104	has plasma membrane part	positive	False	PR:000001015	receptor-type tyrosine-protein phosphatase C isoform CD45RA	CD45RA (label)	UniProtKB:P08575-8				
CL:0001045	naive CCR4-positive regulatory T cell	RO:0002104	has plasma membrane part	positive	False	PR:000001200	C-C chemokine receptor type 4	CD194 (exact)	UniProtKB:P51679	UniProtKB:P51680	IUPHARobj:61	HGNC:1605	CCR4
CL:0001045	naive CCR4-positive regulatory T cell	RO:0002104	has plasma membrane part	positive	False	PR:000001203	C-C chemokine receptor type 7	CD197 (exact); CDw197 (exact)	UniProtKB:P32248	UniProtKB:P47774	IUPHARobj:64	HGNC:1608	CCR7
CL:0001045	naive CCR4-positive regulatory T cell	RO:0002104	has plasma membrane part	positive	False	PR:000001380	interleukin-2 receptor subunit alpha	CD25 (exact)	UniProtKB:P01589	UniProtKB:P01590	IUPHARobj:1695; PIRSF:PIRSF001954	HGNC:6008	IL2RA
CL:0001046	memory CCR4-positive regulatory T cell	RO:0015016	has low plasma membrane amount	low	False	PR:000001869	interleukin-7 receptor subunit alpha	CD127 (exact); CDw127 (exact)	UniProtKB:P16871	UniProtKB:P16872	IUPHARobj:1698; PIRSF:PIRSF001960	HGNC:6024	IL7R
CL:0001046	memory CCR4-positive regulatory T cell	CL:4030046	lacks_plasma_membrane_part	negative	False	PR:000025402	T cell receptor co-receptor CD8	CD8 (label)					
CL:0001046	memory CCR4-positive regulatory T cell	RO:0002104	has plasma membrane part	positive	False	PR:000001004	CD4 molecule	CD4 (label)	UniProtKB:P01730	UniProtKB:P06332	PIRSF:PIRSF001977	HGNC:1678	CD4
CL:0001046	memory CCR4-positive regulatory T cell	RO:0002104	has plasma membrane part	positive	False	PR:000001006	receptor-type tyrosine-protein phosphatase C	CD45 (related)	UniProtKB:P08575	UniProtKB:P06800	IUPHARobj:1852; PIRSF:PIRSF002004	HGNC:9666	PTPRC
CL:0001046	memory CCR4-positive regulatory T cell	RO:0002104	has plasma membrane part	positive	True	PR:000001017	receptor-type tyrosine-protein phosphatase C isoform CD45RO	CD45RO (label)	UniProtKB:P08575-4				
CL:0001046	memory CCR4-positive regulatory T cell	RO:0002104	has plasma membrane part	positive	False	PR:000001200	C-C chemokine receptor type 4	CD194 (exact)	UniProtKB:P51679	UniProtKB:P51680	IUPHARobj:61	HGNC:1605	CCR4
CL:0001046	memory CCR4-positive regulatory T cell	RO:0002104	has plasma membrane part	positive	False	PR:000001380	interleukin-2 receptor subunit alpha	CD25 (exact)	UniProtKB:P01589	UniProtKB:P01590	IUPHARobj:1695; PIRSF:PIRSF001954	HGNC:6008	IL2RA
CL:0001047	CD4-positive, CD25-positive, CCR4-positive, alpha-beta regulatory T cell	RO:0015016	has low plasma membrane amount	low	False	PR:000001869	interleukin-7 receptor subunit alpha	CD127 (exact); CDw127 (exact)	UniProtKB:P16871	UniProtKB:P16872	IUPHARobj:1698; PIRSF:PIRSF001960	HGNC:6024	IL7R
CL:0001047	CD4-positive, CD25-positive, CCR4-positive, alpha-beta regulatory T cell	CL:4030046	lacks_plasma_membrane_part	negative	False	PR:000025402	T cell receptor co-receptor CD8	CD8 (label)					
CL:0001047	CD4-positive, CD25-positive, CCR4-positive, alpha-beta regulatory T cell	RO:0002104	has plasma membrane part	positive	False	PR:000001004	CD4 molecule	CD4 (label)	UniProtKB:P01730	UniProtKB:P06332	PIRSF:PIRSF001977	HGNC:1678	CD4
CL:0001047	CD4-positive, CD25-positive, CCR4-positive, alpha-beta regulatory T cell	RO:0002104	has plasma membrane part	positive	True	PR:000001200	C-C chemokine receptor type 4	CD194 (exact)	UniProtKB:P51679	UniProtKB:P51680	IUPHARobj:61	HGNC:1605	CCR4
CL:0001047	CD4-positive, CD25-positive, CCR4-positive, alpha-beta regulatory T cell	RO:0002104	has plasma membrane part	positive	False	PR:000001380	interleukin-2 receptor subunit alpha	CD25 (exact)	UniProtKB:P01589	UniProtKB:P01590	IUPHARobj:1695; PIRSF:PIRSF001954	HGNC:6008	IL2RA
CL:0001048	activated CD4-positive, CD25-positive, CCR4-positive, alpha-beta regulatory T cell, human	RO:0015016	has low plasma membrane amount	low	False	PR:000001869	interleukin-7 receptor subunit alpha	CD127 (exact); CDw127 (exact)	UniProtKB:P16871	UniProtKB:P16872	IUPHARobj:1698; PIRSF:PIRSF001960	HGNC:6024	IL7R
CL:0001048	activated CD4-positive, CD25-positive, CCR4-positive, alpha-beta regulatory T cell, human	CL:4030046	lacks_plasma_membrane_part	negative	False	PR:000025402	T cell receptor co-receptor CD8	CD8 (label)					
CL:0001048	activated CD4-positive, CD25-positive, CCR4-positive, alpha-beta regulatory T cell, human	RO:0002104	has plasma membrane part	positive	False	PR:000001004	CD4 molecule	CD4 (label)	UniProtKB:P01730	UniProtKB:P06332	PIRSF:PIRSF001977	HGNC:1678	CD4
CL:0001048	activated CD4-positive, CD25-positive, CCR4-positive, alpha-beta regulatory T cell, human	RO:0002104	has plasma membrane part	positive	False	PR:000001200	C-C chemokine receptor type 4	CD194 (exact)	UniProtKB:P51679	UniProtKB:P51680	IUPHARobj:61	HGNC:1605	CCR4
CL:0001048	activated CD4-positive, CD25-positive, CCR4-positive, alpha-beta regulatory T cell, human	RO:0002104	has plasma membrane part	positive	False	PR:000001380	interleukin-2 receptor subunit alpha	CD25 (exact)	UniProtKB:P01589	UniProtKB:P01590	IUPHARobj:1695; PIRSF:PIRSF001954	HGNC:6008	IL2RA
CL:0001048	activated CD4-positive, CD25-positive, CCR4-positive, alpha-beta regulatory T cell, human	RO:0002104	has plasma membrane part	positive	True	PR:000002015	MHC class II histocompatibility antigen alpha chain DRA		UniProtKB:P01903			HGNC:4947	HLA-DRA
CL:0001049	activated CD8-positive, alpha-beta T cell, human	CL:4030046	lacks_plasma_membrane_part	negative	False	PR:000001004	CD4 molecule	CD4 (label)	UniProtKB:P01730	UniProtKB:P06332	PIRSF:PIRSF001977	HGNC:1678	CD4
CL:0001049	activated CD8-positive, alpha-beta T cell, human	CL:4030046	lacks_plasma_membrane_part	negative	False	PR:000001203	C-C chemokine receptor type 7	CD197 (exact); CDw197 (exact)	UniProtKB:P32248	UniProtKB:P47774	IUPHARobj:64	HGNC:1608	CCR7
CL:0001049	activated CD8-positive, alpha-beta T cell, human	CL:4030046	lacks_plasma_membrane_part	negative	False	PR:000001318	L-selectin	CD62 (exact); CD62L (exact)	UniProtKB:P14151	UniProtKB:P18337	PIRSF:PIRSF002421	HGNC:10720	SELL
CL:0001049	activated CD8-positive, alpha-beta T cell, human	CL:4030046	lacks_plasma_membrane_part	negative	False	PR:000001869	interleukin-7 receptor subunit alpha	CD127 (exact); CDw127 (exact)	UniProtKB:P16871	UniProtKB:P16872	IUPHARobj:1698; PIRSF:PIRSF001960	HGNC:6024	IL7R
CL:0001049	activated CD8-positive, alpha-beta T cell, human	BFO:0000051	has part	positive	False	PR:000001084	T-cell surface glycoprotein CD8 alpha chain	CD8 (label); CD8A (exact); CD8a (exact)	UniProtKB:P01732	UniProtKB:P01731		HGNC:1706	CD8A
CL:0001049	activated CD8-positive, alpha-beta T cell, human	RO:0002104	has plasma membrane part	positive	False	PR:000001343	CD69 molecule	CD69 (label)	UniProtKB:Q07108	UniProtKB:P37217		HGNC:1694	CD69
CL:0001049	activated CD8-positive, alpha-beta T cell, human	RO:0002104	has plasma membrane part	positive	False	PR:000001380	interleukin-2 receptor subunit alpha	CD25 (exact)	UniProtKB:P01589	UniProtKB:P01590	IUPHARobj:1695; PIRSF:PIRSF001954	HGNC:6008	IL2RA
CL:0001049	activated CD8-positive, alpha-beta T cell, human	RO:0002104	has plasma membrane part	positive	True	PR:000001408	ADP-ribosyl cyclase/cyclic ADP-ribose hydrolase 1	CD38 (exact)	UniProtKB:P28907	UniProtKB:P56528	IUPHARobj:2766	HGNC:1667	CD38
CL:0001049	activated CD8-positive, alpha-beta T cell, human	RO:0002104	has plasma membrane part	positive	True	PR:000002015	MHC class II histocompatibility antigen alpha chain DRA		UniProtKB:P01903			HGNC:4947	HLA-DRA
CL:0001049	activated CD8-positive, alpha-beta T cell, human	RO:0002104	has plasma membrane part	positive	False	PR:000025402	T cell receptor co-receptor CD8	CD8 (label)					
CL:0001049	activated CD8-positive, alpha-beta T cell, human	BFO:0000051	has part	positive	False	PR:000025403	T-cell surface glycoprotein CD8 alpha chain isoform 1	CD8 (label); CD8A (exact)	UniProtKB:P01732-1				
CL:0001050	effector CD8-positive, alpha-beta T cell	CL:4030046	lacks_plasma_membrane_part	negative	False	PR:000001004	CD4 molecule	CD4 (label)	UniProtKB:P01730	UniProtKB:P06332	PIRSF:PIRSF001977	HGNC:1678	CD4
CL:0001050	effector CD8-positive, alpha-beta T cell	CL:4030046	lacks_plasma_membrane_part	negative	True	PR:000001203	C-C chemokine receptor type 7	CD197 (exact); CDw197 (exact)	UniProtKB:P32248	UniProtKB:P47774	IUPHARobj:64	HGNC:1608	CCR7
CL:0001050	effector CD8-positive, alpha-beta T cell	RO:0002104	has plasma membrane part	positive	False	PR:000001006	receptor-type tyrosine-protein phosphatase C	CD45 (related)	UniProtKB:P08575	UniProtKB:P06800	IUPHARobj:1852; PIRSF:PIRSF002004	HGNC:9666	PTPRC
CL:0001050	effector CD8-positive, alpha-beta T cell	RO:0002104	has plasma membrane part	positive	True	PR:000001015	receptor-type tyrosine-protein phosphatase C isoform CD45RA	CD45RA (label)	UniProtKB:P08575-8				
CL:0001050	effector CD8-positive, alpha-beta T cell	BFO:0000051	has part	positive	False	PR:000001084	T-cell surface glycoprotein CD8 alpha chain	CD8 (label); CD8A (exact); CD8a (exact)	UniProtKB:P01732	UniProtKB:P01731		HGNC:1706	CD8A
CL:0001050	effector CD8-positive, alpha-beta T cell	RO:0002104	has plasma membrane part	positive	False	PR:000025402	T cell receptor co-receptor CD8	CD8 (label)					
CL:0001050	effector CD8-positive, alpha-beta T cell	BFO:0000051	has part	positive	False	PR:000025403	T-cell surface glycoprotein CD8 alpha chain isoform 1	CD8 (label); CD8A (exact)	UniProtKB:P01732-1				
CL:0001051	CD4-positive, CXCR3-negative, CCR6-negative, alpha-beta T cell	CL:4030046	lacks_plasma_membrane_part	negative	True	PR:000001202	C-C chemokine receptor type 6	CD196 (exact)	UniProtKB:P51684	UniProtKB:O54689	IUPHARobj:63	HGNC:1607	CCR6
CL:0001051	CD4-positive, CXCR3-negative, CCR6-negative, alpha-beta T cell	CL:4030046	lacks_plasma_membrane_part	negative	True	PR:000001207	C-X-C chemokine receptor type 3	CD183 (exact)	UniProtKB:P49682	UniProtKB:O88410	IUPHARobj:70; PIRSF:PIRSF501023	HGNC:4540	CXCR3
CL:0001051	CD4-positive, CXCR3-negative, CCR6-negative, alpha-beta T cell	CL:4030046	lacks_plasma_membrane_part	negative	False	PR:000025402	T cell receptor co-receptor CD8	CD8 (label)					
CL:0001051	CD4-positive, CXCR3-negative, CCR6-negative, alpha-beta T cell	RO:0002104	has plasma membrane part	positive	False	PR:000001004	CD4 molecule	CD4 (label)	UniProtKB:P01730	UniProtKB:P06332	PIRSF:PIRSF001977	HGNC:1678	CD4
CL:0001052	CD8-positive, CXCR3-negative, CCR6-negative, alpha-beta T cell	CL:4030046	lacks_plasma_membrane_part	negative	False	PR:000001004	CD4 molecule	CD4 (label)	UniProtKB:P01730	UniProtKB:P06332	PIRSF:PIRSF001977	HGNC:1678	CD4
CL:0001052	CD8-positive, CXCR3-negative, CCR6-negative, alpha-beta T cell	CL:4030046	lacks_plasma_membrane_part	negative	True	PR:000001202	C-C chemokine receptor type 6	CD196 (exact)	UniProtKB:P51684	UniProtKB:O54689	IUPHARobj:63	HGNC:1607	CCR6
CL:0001052	CD8-positive, CXCR3-negative, CCR6-negative, alpha-beta T cell	CL:4030046	lacks_plasma_membrane_part	negative	True	PR:000001207	C-X-C chemokine receptor type 3	CD183 (exact)	UniProtKB:P49682	UniProtKB:O88410	IUPHARobj:70; PIRSF:PIRSF501023	HGNC:4540	CXCR3
CL:0001052	CD8-positive, CXCR3-negative, CCR6-negative, alpha-beta T cell	BFO:0000051	has part	positive	False	PR:000001084	T-cell surface glycoprotein CD8 alpha chain	CD8 (label); CD8A (exact); CD8a (exact)	UniProtKB:P01732	UniProtKB:P01731		HGNC:1706	CD8A
CL:0001052	CD8-positive, CXCR3-negative, CCR6-negative, alpha-beta T cell	RO:0002104	has plasma membrane part	positive	False	PR:000025402	T cell receptor co-receptor CD8	CD8 (label)					
CL:0001052	CD8-positive, CXCR3-negative, CCR6-negative, alpha-beta T cell	BFO:0000051	has part	positive	False	PR:000025403	T-cell surface glycoprotein CD8 alpha chain isoform 1	CD8 (label); CD8A (exact)	UniProtKB:P01732-1				
CL:0001053	IgD-negative memory B cell	CL:4030046	lacks_plasma_membrane_part	negative	False	PR:000001020	CD3 epsilon	CD3 (label); CD3E (exact); CD3e (exact)	UniProtKB:P07766	UniProtKB:P22646	IUPHARobj:2742	HGNC:1674	CD3E
CL:0001053	IgD-negative memory B cell	CL:4030046	lacks_plasma_membrane_part	negative	False	PR:000001935	syndecan-1	CD138 (exact)	UniProtKB:P18827	UniProtKB:P18828	PIRSF:PIRSF015854	HGNC:10658	SDC1
CL:0001053	IgD-negative memory B cell	RO:0002104	has plasma membrane part	positive	False	PR:000001002	CD19 molecule	CD19 (label)	UniProtKB:P15391	UniProtKB:P25918	IUPHARobj:2764; PIRSF:PIRSF016630	HGNC:1633	CD19
CL:0001053	IgD-negative memory B cell	RO:0002104	has plasma membrane part	positive	False	PR:000001289	membrane-spanning 4-domains subfamily A member 1	CD20 (exact)	UniProtKB:P11836	UniProtKB:P19437	PIRSF:PIRSF001995; IUPHARobj:2628	HGNC:7315	MS4A1
CL:0001054	CD14-positive monocyte	CL:4030046	lacks_plasma_membrane_part	negative	True	PR:000001002	CD19 molecule	CD19 (label)	UniProtKB:P15391	UniProtKB:P25918	IUPHARobj:2764; PIRSF:PIRSF016630	HGNC:1633	CD19
CL:0001054	CD14-positive monocyte	CL:4030046	lacks_plasma_membrane_part	negative	True	PR:000001020	CD3 epsilon	CD3 (label); CD3E (exact); CD3e (exact)	UniProtKB:P07766	UniProtKB:P22646	IUPHARobj:2742	HGNC:1674	CD3E
CL:0001054	CD14-positive monocyte	CL:4030046	lacks_plasma_membrane_part	negative	True	PR:000001289	membrane-spanning 4-domains subfamily A member 1	CD20 (exact)	UniProtKB:P11836	UniProtKB:P19437	PIRSF:PIRSF001995; IUPHARobj:2628	HGNC:7315	MS4A1
CL:0001054	CD14-positive monocyte	RO:0002104	has plasma membrane part	positive	True	PR:000001889	CD14 molecule	CD14 (label)	UniProtKB:P08571	UniProtKB:P10810	PIRSF:PIRSF002017	HGNC:1628	CD14
CL:0001055	CD14-positive, CD16-low monocyte	RO:0015016	has low plasma membrane amount	low	True	PR:000001483	low affinity immunoglobulin gamma Fc region receptor III	CD16 (exact)		UniProtKB:P08508			
CL:0001055	CD14-positive, CD16-low monocyte	CL:4030046	lacks_plasma_membrane_part	negative	False	PR:000001002	CD19 molecule	CD19 (label)	UniProtKB:P15391	UniProtKB:P25918	IUPHARobj:2764; PIRSF:PIRSF016630	HGNC:1633	CD19
CL:0001055	CD14-positive, CD16-low monocyte	CL:4030046	lacks_plasma_membrane_part	negative	False	PR:000001020	CD3 epsilon	CD3 (label); CD3E (exact); CD3e (exact)	UniProtKB:P07766	UniProtKB:P22646	IUPHARobj:2742	HGNC:1674	CD3E
CL:0001055	CD14-positive, CD16-low monocyte	CL:4030046	lacks_plasma_membrane_part	negative	False	PR:000001199	C-C chemokine receptor type 2	CD192 (exact)	UniProtKB:P41597	UniProtKB:P51683	IUPHARobj:59	HGNC:1603	CCR2
CL:0001055	CD14-positive, CD16-low monocyte	CL:4030046	lacks_plasma_membrane_part	negative	False	PR:000001289	membrane-spanning 4-domains subfamily A member 1	CD20 (exact)	UniProtKB:P11836	UniProtKB:P19437	PIRSF:PIRSF001995; IUPHARobj:2628	HGNC:7315	MS4A1
CL:0001055	CD14-positive, CD16-low monocyte	RO:0002104	has plasma membrane part	positive	False	PR:000001889	CD14 molecule	CD14 (label)	UniProtKB:P08571	UniProtKB:P10810	PIRSF:PIRSF002017	HGNC:1628	CD14
CL:0001056	dendritic cell, human	CL:4030046	lacks_plasma_membrane_part	negative	False	PR:000001002	CD19 molecule	CD19 (label)	UniProtKB:P15391	UniProtKB:P25918	IUPHARobj:2764; PIRSF:PIRSF016630	HGNC:1633	CD19
CL:0001056	dendritic cell, human	CL:4030046	lacks_plasma_membrane_part	negative	False	PR:000001003	CD34 molecule	CD34 (label)	UniProtKB:P28906	UniProtKB:Q64314	PIRSF:PIRSF028749	HGNC:1662	CD34
CL:0001056	dendritic cell, human	CL:4030046	lacks_plasma_membrane_part	negative	False	PR:000001020	CD3 epsilon	CD3 (label); CD3E (exact); CD3e (exact)	UniProtKB:P07766	UniProtKB:P22646	IUPHARobj:2742	HGNC:1674	CD3E
CL:0001056	dendritic cell, human	CL:4030046	lacks_plasma_membrane_part	negative	False	PR:000001024	neural cell adhesion molecule 1	CD56 (exact)	UniProtKB:P13591	UniProtKB:P13595	IUPHARobj:2769	HGNC:7656	NCAM1
CL:0001056	dendritic cell, human	CL:4030046	lacks_plasma_membrane_part	negative	False	PR:000001289	membrane-spanning 4-domains subfamily A member 1	CD20 (exact)	UniProtKB:P11836	UniProtKB:P19437	PIRSF:PIRSF001995; IUPHARobj:2628	HGNC:7315	MS4A1
CL:0001056	dendritic cell, human	RO:0002104	has plasma membrane part	positive	True	PR:000002015	MHC class II histocompatibility antigen alpha chain DRA		UniProtKB:P01903			HGNC:4947	HLA-DRA
CL:0001057	myeloid dendritic cell, human	RO:0015015	has high plasma membrane amount	high	False	PR:000001013	integrin alpha-X	CD11 (exact); CD11C (related); CD11c (exact)	UniProtKB:P20702	UniProtKB:Q9QXH4	IUPHARobj:2454	HGNC:6152	ITGAX
CL:0001057	myeloid dendritic cell, human	CL:4030046	lacks_plasma_membrane_part	negative	False	PR:000001002	CD19 molecule	CD19 (label)	UniProtKB:P15391	UniProtKB:P25918	IUPHARobj:2764; PIRSF:PIRSF016630	HGNC:1633	CD19
CL:0001057	myeloid dendritic cell, human	CL:4030046	lacks_plasma_membrane_part	negative	False	PR:000001003	CD34 molecule	CD34 (label)	UniProtKB:P28906	UniProtKB:Q64314	PIRSF:PIRSF028749	HGNC:1662	CD34
CL:0001057	myeloid dendritic cell, human	CL:4030046	lacks_plasma_membrane_part	negative	False	PR:000001020	CD3 epsilon	CD3 (label); CD3E (exact); CD3e (exact)	UniProtKB:P07766	UniProtKB:P22646	IUPHARobj:2742	HGNC:1674	CD3E
CL:0001057	myeloid dendritic cell, human	CL:4030046	lacks_plasma_membrane_part	negative	False	PR:000001024	neural cell adhesion molecule 1	CD56 (exact)	UniProtKB:P13591	UniProtKB:P13595	IUPHARobj:2769	HGNC:7656	NCAM1
CL:0001057	myeloid dendritic cell, human	CL:4030046	lacks_plasma_membrane_part	negative	False	PR:000001289	membrane-spanning 4-domains subfamily A member 1	CD20 (exact)	UniProtKB:P11836	UniProtKB:P19437	PIRSF:PIRSF001995; IUPHARobj:2628	HGNC:7315	MS4A1
CL:0001057	myeloid dendritic cell, human	CL:4030046	lacks_plasma_membrane_part	negative	False	PR:000001865	interleukin-3 receptor class 2 alpha chain	CD123 (exact)	UniProtKB:P26951	UniProtKB:P26952	IUPHARobj:1705	HGNC:6012	IL3RA
CL:0001057	myeloid dendritic cell, human	CL:4030046	lacks_plasma_membrane_part	negative	True	PR:000001889	CD14 molecule	CD14 (label)	UniProtKB:P08571	UniProtKB:P10810	PIRSF:PIRSF002017	HGNC:1628	CD14
CL:0001057	myeloid dendritic cell, human	RO:0002104	has plasma membrane part	positive	False	PR:000002015	MHC class II histocompatibility antigen alpha chain DRA		UniProtKB:P01903			HGNC:4947	HLA-DRA
CL:0001058	plasmacytoid dendritic cell, human	CL:4030046	lacks_plasma_membrane_part	negative	False	PR:000001002	CD19 molecule	CD19 (label)	UniProtKB:P15391	UniProtKB:P25918	IUPHARobj:2764; PIRSF:PIRSF016630	HGNC:1633	CD19
CL:0001058	plasmacytoid dendritic cell, human	CL:4030046	lacks_plasma_membrane_part	negative	False	PR:000001003	CD34 molecule	CD34 (label)	UniProtKB:P28906	UniProtKB:Q64314	PIRSF:PIRSF028749	HGNC:1662	CD34
CL:0001058	plasmacytoid dendritic cell, human	CL:4030046	lacks_plasma_membrane_part	negative	True	PR:000001013	integrin alpha-X	CD11 (exact); CD11C (related); CD11c (exact)	UniProtKB:P20702	UniProtKB:Q9QXH4	IUPHARobj:2454	HGNC:6152	ITGAX
CL:0001058	plasmacytoid dendritic cell, human	CL:4030046	lacks_plasma_membrane_part	negative	False	PR:000001020	CD3 epsilon	CD3 (label); CD3E (exact); CD3e (exact)	UniProtKB:P07766	UniProtKB:P22646	IUPHARobj:2742	HGNC:1674	CD3E
CL:0001058	plasmacytoid dendritic cell, human	CL:4030046	lacks_plasma_membrane_part	negative	False	PR:000001024	neural cell adhesion molecule 1	CD56 (exact)	UniProtKB:P13591	UniProtKB:P13595	IUPHARobj:2769	HGNC:7656	NCAM1
CL:0001058	plasmacytoid dendritic cell, human	CL:4030046	lacks_plasma_membrane_part	negative	False	PR:000001289	membrane-spanning 4-domains subfamily A member 1	CD20 (exact)	UniProtKB:P11836	UniProtKB:P19437	PIRSF:PIRSF001995; IUPHARobj:2628	HGNC:7315	MS4A1
CL:0001058	plasmacytoid dendritic cell, human	CL:4030046	lacks_plasma_membrane_part	negative	True	PR:000001889	CD14 molecule	CD14 (label)	UniProtKB:P08571	UniProtKB:P10810	PIRSF:PIRSF002017	HGNC:1628	CD14
CL:0001058	plasmacytoid dendritic cell, human	RO:0002104	has plasma membrane part	positive	True	PR:000001865	interleukin-3 receptor class 2 alpha chain	CD123 (exact)	UniProtKB:P26951	UniProtKB:P26952	IUPHARobj:1705	HGNC:6012	IL3RA
CL:0001058	plasmacytoid dendritic cell, human	RO:0002104	has plasma membrane part	positive	False	PR:000002015	MHC class II histocompatibility antigen alpha chain DRA		UniProtKB:P01903			HGNC:4947	HLA-DRA
CL:0001059	common myeloid progenitor, CD34-positive	RO:0002104	has plasma membrane part	positive	True	PR:000001003	CD34 molecule	CD34 (label)	UniProtKB:P28906	UniProtKB:Q64314	PIRSF:PIRSF028749	HGNC:1662	CD34
CL:0001059	common myeloid progenitor, CD34-positive	BFO:0000051	has part	positive	True	PR:000001944	transcription factor PU.1		UniProtKB:P17947	UniProtKB:P17433		HGNC:11241	SPI1
CL:0001059	common myeloid progenitor, CD34-positive	BFO:0000051	has part	positive	True	PR:000005307	CCAAT/enhancer-binding protein alpha		UniProtKB:P49715	UniProtKB:P53566		HGNC:1833	CEBPA
CL:0001059	common myeloid progenitor, CD34-positive	BFO:0000051	has part	positive	True	PR:000007857	erythroid transcription factor		UniProtKB:P15976	UniProtKB:P17679		HGNC:4170	GATA1
CL:0001059	common myeloid progenitor, CD34-positive	BFO:0000051	has part	positive	True	PR:000007858	endothelial transcription factor GATA-2		UniProtKB:P23769	UniProtKB:O09100		HGNC:4171	GATA2
CL:0001060	hematopoietic oligopotent progenitor cell, lineage-negative	CL:4030046	lacks_plasma_membrane_part	negative	True	PR:000001002	CD19 molecule	CD19 (label)	UniProtKB:P15391	UniProtKB:P25918	IUPHARobj:2764; PIRSF:PIRSF016630	HGNC:1633	CD19
CL:0001060	hematopoietic oligopotent progenitor cell, lineage-negative	CL:4030046	lacks_plasma_membrane_part	negative	True	PR:000001004	CD4 molecule	CD4 (label)	UniProtKB:P01730	UniProtKB:P06332	PIRSF:PIRSF001977	HGNC:1678	CD4
CL:0001060	hematopoietic oligopotent progenitor cell, lineage-negative	CL:4030046	lacks_plasma_membrane_part	negative	True	PR:000001012	integrin alpha-M	CD11 (exact); CD11B (related); CD11b (exact)	UniProtKB:P11215	UniProtKB:P05555	IUPHARobj:2452	HGNC:6149	ITGAM
CL:0001060	hematopoietic oligopotent progenitor cell, lineage-negative	CL:4030046	lacks_plasma_membrane_part	negative	True	PR:000001020	CD3 epsilon	CD3 (label); CD3E (exact); CD3e (exact)	UniProtKB:P07766	UniProtKB:P22646	IUPHARobj:2742	HGNC:1674	CD3E
CL:0001060	hematopoietic oligopotent progenitor cell, lineage-negative	CL:4030046	lacks_plasma_membrane_part	negative	True	PR:000001024	neural cell adhesion molecule 1	CD56 (exact)	UniProtKB:P13591	UniProtKB:P13595	IUPHARobj:2769	HGNC:7656	NCAM1
CL:0001060	hematopoietic oligopotent progenitor cell, lineage-negative	CL:4030046	lacks_plasma_membrane_part	negative	True	PR:000001083	CD2 molecule	CD2 (label)	UniProtKB:P06729	UniProtKB:P08920	IUPHARobj:2600; PIRSF:PIRSF001984	HGNC:1639	CD2
CL:0001060	hematopoietic oligopotent progenitor cell, lineage-negative	CL:4030046	lacks_plasma_membrane_part	negative	True	PR:000001084	T-cell surface glycoprotein CD8 alpha chain	CD8 (label); CD8A (exact); CD8a (exact)	UniProtKB:P01732	UniProtKB:P01731		HGNC:1706	CD8A
CL:0001060	hematopoietic oligopotent progenitor cell, lineage-negative	CL:4030046	lacks_plasma_membrane_part	negative	True	PR:000001289	membrane-spanning 4-domains subfamily A member 1	CD20 (exact)	UniProtKB:P11836	UniProtKB:P19437	PIRSF:PIRSF001995; IUPHARobj:2628	HGNC:7315	MS4A1
CL:0001060	hematopoietic oligopotent progenitor cell, lineage-negative	CL:4030046	lacks_plasma_membrane_part	negative	True	PR:000001839	T-cell surface glycoprotein CD5	CD5 (label)	UniProtKB:P06127	UniProtKB:P13379		HGNC:1685	CD5
CL:0001060	hematopoietic oligopotent progenitor cell, lineage-negative	CL:4030046	lacks_plasma_membrane_part	negative	True	PR:000001889	CD14 molecule	CD14 (label)	UniProtKB:P08571	UniProtKB:P10810	PIRSF:PIRSF002017	HGNC:1628	CD14
CL:0001060	hematopoietic oligopotent progenitor cell, lineage-negative	CL:4030046	lacks_plasma_membrane_part	negative	True	PR:000002978	lymphocyte antigen 6G			UniProtKB:P35461			
CL:0001060	hematopoietic oligopotent progenitor cell, lineage-negative	CL:4030046	lacks_plasma_membrane_part	negative	True	PR:000002981	lymphocyte antigen 76 (mouse)						
CL:0001062	effector memory CD8-positive, alpha-beta T cell, terminally differentiated	CL:4030046	lacks_plasma_membrane_part	negative	False	PR:000001004	CD4 molecule	CD4 (label)	UniProtKB:P01730	UniProtKB:P06332	PIRSF:PIRSF001977	HGNC:1678	CD4
CL:0001062	effector memory CD8-positive, alpha-beta T cell, terminally differentiated	CL:4030046	lacks_plasma_membrane_part	negative	False	PR:000001006	receptor-type tyrosine-protein phosphatase C	CD45 (related)	UniProtKB:P08575	UniProtKB:P06800	IUPHARobj:1852; PIRSF:PIRSF002004	HGNC:9666	PTPRC
CL:0001062	effector memory CD8-positive, alpha-beta T cell, terminally differentiated	CL:4030046	lacks_plasma_membrane_part	negative	True	PR:000001017	receptor-type tyrosine-protein phosphatase C isoform CD45RO	CD45RO (label)	UniProtKB:P08575-4				
CL:0001062	effector memory CD8-positive, alpha-beta T cell, terminally differentiated	CL:4030046	lacks_plasma_membrane_part	negative	True	PR:000001203	C-C chemokine receptor type 7	CD197 (exact); CDw197 (exact)	UniProtKB:P32248	UniProtKB:P47774	IUPHARobj:64	HGNC:1608	CCR7
CL:0001062	effector memory CD8-positive, alpha-beta T cell, terminally differentiated	RO:0002104	has plasma membrane part	positive	False	PR:000001006	receptor-type tyrosine-protein phosphatase C	CD45 (related)	UniProtKB:P08575	UniProtKB:P06800	IUPHARobj:1852; PIRSF:PIRSF002004	HGNC:9666	PTPRC
CL:0001062	effector memory CD8-positive, alpha-beta T cell, terminally differentiated	RO:0002104	has plasma membrane part	positive	True	PR:000001015	receptor-type tyrosine-protein phosphatase C isoform CD45RA	CD45RA (label)	UniProtKB:P08575-8				
CL:0001062	effector memory CD8-positive, alpha-beta T cell, terminally differentiated	BFO:0000051	has part	positive	False	PR:000001084	T-cell surface glycoprotein CD8 alpha chain	CD8 (label); CD8A (exact); CD8a (exact)	UniProtKB:P01732	UniProtKB:P01731		HGNC:1706	CD8A
CL:0001062	effector memory CD8-positive, alpha-beta T cell, terminally differentiated	RO:0002104	has plasma membrane part	positive	False	PR:000025402	T cell receptor co-receptor CD8	CD8 (label)					
CL:0001062	effector memory CD8-positive, alpha-beta T cell, terminally differentiated	BFO:0000051	has part	positive	False	PR:000025403	T-cell surface glycoprotein CD8 alpha chain isoform 1	CD8 (label); CD8A (exact)	UniProtKB:P01732-1				
CL:0001065	innate lymphoid cell	CL:4030046	lacks_plasma_membrane_part	negative	True	PR:000001002	CD19 molecule	CD19 (label)	UniProtKB:P15391	UniProtKB:P25918	IUPHARobj:2764; PIRSF:PIRSF016630	HGNC:1633	CD19
CL:0001065	innate lymphoid cell	CL:4030046	lacks_plasma_membrane_part	negative	True	PR:000001020	CD3 epsilon	CD3 (label); CD3E (exact); CD3e (exact)	UniProtKB:P07766	UniProtKB:P22646	IUPHARobj:2742	HGNC:1674	CD3E
CL:0001066	erythroid progenitor cell, mammalian	CL:4030046	lacks_plasma_membrane_part	negative	True	PR:000001002	CD19 molecule	CD19 (label)	UniProtKB:P15391	UniProtKB:P25918	IUPHARobj:2764; PIRSF:PIRSF016630	HGNC:1633	CD19
CL:0001066	erythroid progenitor cell, mammalian	CL:4030046	lacks_plasma_membrane_part	negative	True	PR:000001004	CD4 molecule	CD4 (label)	UniProtKB:P01730	UniProtKB:P06332	PIRSF:PIRSF001977	HGNC:1678	CD4
CL:0001066	erythroid progenitor cell, mammalian	CL:4030046	lacks_plasma_membrane_part	negative	True	PR:000001012	integrin alpha-M	CD11 (exact); CD11B (related); CD11b (exact)	UniProtKB:P11215	UniProtKB:P05555	IUPHARobj:2452	HGNC:6149	ITGAM
CL:0001066	erythroid progenitor cell, mammalian	CL:4030046	lacks_plasma_membrane_part	negative	True	PR:000001020	CD3 epsilon	CD3 (label); CD3E (exact); CD3e (exact)	UniProtKB:P07766	UniProtKB:P22646	IUPHARobj:2742	HGNC:1674	CD3E
CL:0001066	erythroid progenitor cell, mammalian	CL:4030046	lacks_plasma_membrane_part	negative	True	PR:000001024	neural cell adhesion molecule 1	CD56 (exact)	UniProtKB:P13591	UniProtKB:P13595	IUPHARobj:2769	HGNC:7656	NCAM1
CL:0001066	erythroid progenitor cell, mammalian	CL:4030046	lacks_plasma_membrane_part	negative	True	PR:000001083	CD2 molecule	CD2 (label)	UniProtKB:P06729	UniProtKB:P08920	IUPHARobj:2600; PIRSF:PIRSF001984	HGNC:1639	CD2
CL:0001066	erythroid progenitor cell, mammalian	CL:4030046	lacks_plasma_membrane_part	negative	True	PR:000001084	T-cell surface glycoprotein CD8 alpha chain	CD8 (label); CD8A (exact); CD8a (exact)	UniProtKB:P01732	UniProtKB:P01731		HGNC:1706	CD8A
CL:0001066	erythroid progenitor cell, mammalian	CL:4030046	lacks_plasma_membrane_part	negative	True	PR:000001289	membrane-spanning 4-domains subfamily A member 1	CD20 (exact)	UniProtKB:P11836	UniProtKB:P19437	PIRSF:PIRSF001995; IUPHARobj:2628	HGNC:7315	MS4A1
CL:0001066	erythroid progenitor cell, mammalian	CL:4030046	lacks_plasma_membrane_part	negative	True	PR:000001839	T-cell surface glycoprotein CD5	CD5 (label)	UniProtKB:P06127	UniProtKB:P13379		HGNC:1685	CD5
CL:0001066	erythroid progenitor cell, mammalian	CL:4030046	lacks_plasma_membrane_part	negative	True	PR:000001889	CD14 molecule	CD14 (label)	UniProtKB:P08571	UniProtKB:P10810	PIRSF:PIRSF002017	HGNC:1628	CD14
CL:0001066	erythroid progenitor cell, mammalian	CL:4030046	lacks_plasma_membrane_part	negative	True	PR:000002978	lymphocyte antigen 6G			UniProtKB:P35461			
CL:0001066	erythroid progenitor cell, mammalian	RO:0002104	has plasma membrane part	positive	True	PR:000001945	transferrin receptor protein 1	CD71 (exact)	UniProtKB:P02786	UniProtKB:Q62351		HGNC:11763	TFRC
CL:0001067	group 1 innate lymphoid cell	CL:4030046	lacks_plasma_membrane_part	negative	False	PR:000001002	CD19 molecule	CD19 (label)	UniProtKB:P15391	UniProtKB:P25918	IUPHARobj:2764; PIRSF:PIRSF016630	HGNC:1633	CD19
CL:0001067	group 1 innate lymphoid cell	CL:4030046	lacks_plasma_membrane_part	negative	False	PR:000001020	CD3 epsilon	CD3 (label); CD3E (exact); CD3e (exact)	UniProtKB:P07766	UniProtKB:P22646	IUPHARobj:2742	HGNC:1674	CD3E
CL:0001068	ILC1	CL:4030046	lacks_plasma_membrane_part	negative	False	PR:000001002	CD19 molecule	CD19 (label)	UniProtKB:P15391	UniProtKB:P25918	IUPHARobj:2764; PIRSF:PIRSF016630	HGNC:1633	CD19
CL:0001068	ILC1	CL:4030046	lacks_plasma_membrane_part	negative	False	PR:000001020	CD3 epsilon	CD3 (label); CD3E (exact); CD3e (exact)	UniProtKB:P07766	UniProtKB:P22646	IUPHARobj:2742	HGNC:1674	CD3E
CL:0001069	group 2 innate lymphoid cell	CL:4030046	lacks_plasma_membrane_part	negative	False	PR:000001002	CD19 molecule	CD19 (label)	UniProtKB:P15391	UniProtKB:P25918	IUPHARobj:2764; PIRSF:PIRSF016630	HGNC:1633	CD19
CL:0001069	group 2 innate lymphoid cell	CL:4030046	lacks_plasma_membrane_part	negative	False	PR:000001020	CD3 epsilon	CD3 (label); CD3E (exact); CD3e (exact)	UniProtKB:P07766	UniProtKB:P22646	IUPHARobj:2742	HGNC:1674	CD3E
CL:0001071	group 3 innate lymphoid cell	CL:4030046	lacks_plasma_membrane_part	negative	False	PR:000001002	CD19 molecule	CD19 (label)	UniProtKB:P15391	UniProtKB:P25918	IUPHARobj:2764; PIRSF:PIRSF016630	HGNC:1633	CD19
CL:0001071	group 3 innate lymphoid cell	CL:4030046	lacks_plasma_membrane_part	negative	False	PR:000001020	CD3 epsilon	CD3 (label); CD3E (exact); CD3e (exact)	UniProtKB:P07766	UniProtKB:P22646	IUPHARobj:2742	HGNC:1674	CD3E
CL:0001071	group 3 innate lymphoid cell	BFO:0000051	has part	positive	True	PR:000003455	nuclear receptor ROR-gamma isoform 2			UniProtKB:P51450-2			
CL:0001072	CD34-negative, CD117-positive innate lymphoid cell, human	CL:4030046	lacks_plasma_membrane_part	negative	False	PR:000001002	CD19 molecule	CD19 (label)	UniProtKB:P15391	UniProtKB:P25918	IUPHARobj:2764; PIRSF:PIRSF016630	HGNC:1633	CD19
CL:0001072	CD34-negative, CD117-positive innate lymphoid cell, human	CL:4030046	lacks_plasma_membrane_part	negative	False	PR:000001003	CD34 molecule	CD34 (label)	UniProtKB:P28906	UniProtKB:Q64314	PIRSF:PIRSF028749	HGNC:1662	CD34
CL:0001072	CD34-negative, CD117-positive innate lymphoid cell, human	CL:4030046	lacks_plasma_membrane_part	negative	False	PR:000001020	CD3 epsilon	CD3 (label); CD3E (exact); CD3e (exact)	UniProtKB:P07766	UniProtKB:P22646	IUPHARobj:2742	HGNC:1674	CD3E
CL:0001072	CD34-negative, CD117-positive innate lymphoid cell, human	CL:4030046	lacks_plasma_membrane_part	negative	True	PR:P28906	hematopoietic progenitor cell antigen CD34 (human)	CD34 (label)	UniProtKB:P28906-1; UniProtKB:P28906-2; UniProtKB:P28906		UniProtKB:P28906		
CL:0001072	CD34-negative, CD117-positive innate lymphoid cell, human	RO:0002104	has plasma membrane part	positive	False	PR:000002065	mast/stem cell growth factor receptor	CD117 (exact)	UniProtKB:P10721	UniProtKB:P05532	IUPHARobj:1805; PIRSF:PIRSF500951	HGNC:6342	KIT
CL:0001072	CD34-negative, CD117-positive innate lymphoid cell, human	RO:0002104	has plasma membrane part	positive	True	PR:P10721	mast/stem cell growth factor receptor Kit (human)	CD117 (exact)	UniProtKB:P10721-1; UniProtKB:P10721-2; UniProtKB:P10721-4; UniProtKB:P10721		DTO:03100231; UniProtKB:P10721		
CL:0001073	CD34-negative, CD56-positive, CD117-positive innate lymphoid cell, human	CL:4030046	lacks_plasma_membrane_part	negative	False	PR:000001002	CD19 molecule	CD19 (label)	UniProtKB:P15391	UniProtKB:P25918	IUPHARobj:2764; PIRSF:PIRSF016630	HGNC:1633	CD19
CL:0001073	CD34-negative, CD56-positive, CD117-positive innate lymphoid cell, human	CL:4030046	lacks_plasma_membrane_part	negative	False	PR:000001003	CD34 molecule	CD34 (label)	UniProtKB:P28906	UniProtKB:Q64314	PIRSF:PIRSF028749	HGNC:1662	CD34
CL:0001073	CD34-negative, CD56-positive, CD117-positive innate lymphoid cell, human	CL:4030046	lacks_plasma_membrane_part	negative	False	PR:000001020	CD3 epsilon	CD3 (label); CD3E (exact); CD3e (exact)	UniProtKB:P07766	UniProtKB:P22646	IUPHARobj:2742	HGNC:1674	CD3E
CL:0001073	CD34-negative, CD56-positive, CD117-positive innate lymphoid cell, human	CL:4030046	lacks_plasma_membrane_part	negative	False	PR:P28906	hematopoietic progenitor cell antigen CD34 (human)	CD34 (label)	UniProtKB:P28906-1; UniProtKB:P28906-2; UniProtKB:P28906		UniProtKB:P28906		
CL:0001073	CD34-negative, CD56-positive, CD117-positive innate lymphoid cell, human	RO:0002104	has plasma membrane part	positive	False	PR:000001024	neural cell adhesion molecule 1	CD56 (exact)	UniProtKB:P13591	UniProtKB:P13595	IUPHARobj:2769	HGNC:7656	NCAM1
CL:0001073	CD34-negative, CD56-positive, CD117-positive innate lymphoid cell, human	RO:0002104	has plasma membrane part	positive	False	PR:000002065	mast/stem cell growth factor receptor	CD117 (exact)	UniProtKB:P10721	UniProtKB:P05532	IUPHARobj:1805; PIRSF:PIRSF500951	HGNC:6342	KIT
CL:0001073	CD34-negative, CD56-positive, CD117-positive innate lymphoid cell, human	RO:0002104	has plasma membrane part	positive	False	PR:P10721	mast/stem cell growth factor receptor Kit (human)	CD117 (exact)	UniProtKB:P10721-1; UniProtKB:P10721-2; UniProtKB:P10721-4; UniProtKB:P10721		DTO:03100231; UniProtKB:P10721		
CL:0001073	CD34-negative, CD56-positive, CD117-positive innate lymphoid cell, human	RO:0002104	has plasma membrane part	positive	True	PR:P13591	neural cell adhesion molecule 1 (human)	CD56 (exact)	UniProtKB:P13591-1; UniProtKB:P13591-2; UniProtKB:P13591-3; UniProtKB:P13591-4; UniProtKB:P13591-5; UniProtKB:P13591-6; UniProtKB:P13591		UniProtKB:P13591		
CL:0001074	CD34-positive, CD56-positive, CD117-positive common innate lymphoid precursor, human	CL:4030046	lacks_plasma_membrane_part	negative	False	PR:000001002	CD19 molecule	CD19 (label)	UniProtKB:P15391	UniProtKB:P25918	IUPHARobj:2764; PIRSF:PIRSF016630	HGNC:1633	CD19
CL:0001074	CD34-positive, CD56-positive, CD117-positive common innate lymphoid precursor, human	CL:4030046	lacks_plasma_membrane_part	negative	False	PR:000001020	CD3 epsilon	CD3 (label); CD3E (exact); CD3e (exact)	UniProtKB:P07766	UniProtKB:P22646	IUPHARobj:2742	HGNC:1674	CD3E
CL:0001074	CD34-positive, CD56-positive, CD117-positive common innate lymphoid precursor, human	RO:0002104	has plasma membrane part	positive	False	PR:000001003	CD34 molecule	CD34 (label)	UniProtKB:P28906	UniProtKB:Q64314	PIRSF:PIRSF028749	HGNC:1662	CD34
CL:0001074	CD34-positive, CD56-positive, CD117-positive common innate lymphoid precursor, human	RO:0002104	has plasma membrane part	positive	False	PR:000001024	neural cell adhesion molecule 1	CD56 (exact)	UniProtKB:P13591	UniProtKB:P13595	IUPHARobj:2769	HGNC:7656	NCAM1
CL:0001074	CD34-positive, CD56-positive, CD117-positive common innate lymphoid precursor, human	RO:0002104	has plasma membrane part	positive	False	PR:000002065	mast/stem cell growth factor receptor	CD117 (exact)	UniProtKB:P10721	UniProtKB:P05532	IUPHARobj:1805; PIRSF:PIRSF500951	HGNC:6342	KIT
CL:0001074	CD34-positive, CD56-positive, CD117-positive common innate lymphoid precursor, human	RO:0002104	has plasma membrane part	positive	True	PR:P10721	mast/stem cell growth factor receptor Kit (human)	CD117 (exact)	UniProtKB:P10721-1; UniProtKB:P10721-2; UniProtKB:P10721-4; UniProtKB:P10721		DTO:03100231; UniProtKB:P10721		
CL:0001074	CD34-positive, CD56-positive, CD117-positive common innate lymphoid precursor, human	RO:0002104	has plasma membrane part	positive	True	PR:P13591	neural cell adhesion molecule 1 (human)	CD56 (exact)	UniProtKB:P13591-1; UniProtKB:P13591-2; UniProtKB:P13591-3; UniProtKB:P13591-4; UniProtKB:P13591-5; UniProtKB:P13591-6; UniProtKB:P13591		UniProtKB:P13591		
CL:0001074	CD34-positive, CD56-positive, CD117-positive common innate lymphoid precursor, human	RO:0002104	has plasma membrane part	positive	True	PR:P28906	hematopoietic progenitor cell antigen CD34 (human)	CD34 (label)	UniProtKB:P28906-1; UniProtKB:P28906-2; UniProtKB:P28906		UniProtKB:P28906		
CL:0001075	KLRG1-positive innate lymphoid cell, human	CL:4030046	lacks_plasma_membrane_part	negative	False	PR:000001002	CD19 molecule	CD19 (label)	UniProtKB:P15391	UniProtKB:P25918	IUPHARobj:2764; PIRSF:PIRSF016630	HGNC:1633	CD19
CL:0001075	KLRG1-positive innate lymphoid cell, human	CL:4030046	lacks_plasma_membrane_part	negative	False	PR:000001003	CD34 molecule	CD34 (label)	UniProtKB:P28906	UniProtKB:Q64314	PIRSF:PIRSF028749	HGNC:1662	CD34
CL:0001075	KLRG1-positive innate lymphoid cell, human	CL:4030046	lacks_plasma_membrane_part	negative	False	PR:000001020	CD3 epsilon	CD3 (label); CD3E (exact); CD3e (exact)	UniProtKB:P07766	UniProtKB:P22646	IUPHARobj:2742	HGNC:1674	CD3E
CL:0001075	KLRG1-positive innate lymphoid cell, human	CL:4030046	lacks_plasma_membrane_part	negative	False	PR:P28906	hematopoietic progenitor cell antigen CD34 (human)	CD34 (label)	UniProtKB:P28906-1; UniProtKB:P28906-2; UniProtKB:P28906		UniProtKB:P28906		
CL:0001075	KLRG1-positive innate lymphoid cell, human	RO:0002104	has plasma membrane part	positive	False	PR:000002065	mast/stem cell growth factor receptor	CD117 (exact)	UniProtKB:P10721	UniProtKB:P05532	IUPHARobj:1805; PIRSF:PIRSF500951	HGNC:6342	KIT
CL:0001075	KLRG1-positive innate lymphoid cell, human	RO:0002104	has plasma membrane part	positive	False	PR:P10721	mast/stem cell growth factor receptor Kit (human)	CD117 (exact)	UniProtKB:P10721-1; UniProtKB:P10721-2; UniProtKB:P10721-4; UniProtKB:P10721		DTO:03100231; UniProtKB:P10721		
CL:0001075	KLRG1-positive innate lymphoid cell, human	RO:0002104	has plasma membrane part	positive	True	PR:Q96E93	killer cell lectin-like receptor subfamily G member 1 (human)		UniProtKB:Q96E93-1; UniProtKB:Q96E93-2; UniProtKB:Q96E93		Reactome:R-HSA-198006; UniProtKB:Q96E93		
CL:0001076	NKp46-positive innate lymphoid cell, human	CL:4030046	lacks_plasma_membrane_part	negative	False	PR:000001002	CD19 molecule	CD19 (label)	UniProtKB:P15391	UniProtKB:P25918	IUPHARobj:2764; PIRSF:PIRSF016630	HGNC:1633	CD19
CL:0001076	NKp46-positive innate lymphoid cell, human	CL:4030046	lacks_plasma_membrane_part	negative	False	PR:000001020	CD3 epsilon	CD3 (label); CD3E (exact); CD3e (exact)	UniProtKB:P07766	UniProtKB:P22646	IUPHARobj:2742	HGNC:1674	CD3E
CL:0001076	NKp46-positive innate lymphoid cell, human	RO:0002104	has plasma membrane part	positive	False	PR:000001003	CD34 molecule	CD34 (label)	UniProtKB:P28906	UniProtKB:Q64314	PIRSF:PIRSF028749	HGNC:1662	CD34
CL:0001076	NKp46-positive innate lymphoid cell, human	RO:0002104	has plasma membrane part	positive	False	PR:000001024	neural cell adhesion molecule 1	CD56 (exact)	UniProtKB:P13591	UniProtKB:P13595	IUPHARobj:2769	HGNC:7656	NCAM1
CL:0001076	NKp46-positive innate lymphoid cell, human	RO:0002104	has plasma membrane part	positive	False	PR:000001893	natural cytotoxicity triggering receptor 1	CD335 (exact)	UniProtKB:O76036	UniProtKB:Q8C567		HGNC:6731	NCR1
CL:0001076	NKp46-positive innate lymphoid cell, human	RO:0002104	has plasma membrane part	positive	False	PR:000002065	mast/stem cell growth factor receptor	CD117 (exact)	UniProtKB:P10721	UniProtKB:P05532	IUPHARobj:1805; PIRSF:PIRSF500951	HGNC:6342	KIT
CL:0001076	NKp46-positive innate lymphoid cell, human	RO:0002104	has plasma membrane part	positive	True	PR:O76036	natural cytotoxicity triggering receptor 1 (human)	CD335 (exact)	UniProtKB:O76036-1; UniProtKB:O76036-2; UniProtKB:O76036-3; UniProtKB:O76036-4; UniProtKB:O76036-5; UniProtKB:O76036-6; UniProtKB:O76036		UniProtKB:O76036		
CL:0001076	NKp46-positive innate lymphoid cell, human	RO:0002104	has plasma membrane part	positive	False	PR:P10721	mast/stem cell growth factor receptor Kit (human)	CD117 (exact)	UniProtKB:P10721-1; UniProtKB:P10721-2; UniProtKB:P10721-4; UniProtKB:P10721		DTO:03100231; UniProtKB:P10721		
CL:0001076	NKp46-positive innate lymphoid cell, human	RO:0002104	has plasma membrane part	positive	False	PR:P13591	neural cell adhesion molecule 1 (human)	CD56 (exact)	UniProtKB:P13591-1; UniProtKB:P13591-2; UniProtKB:P13591-3; UniProtKB:P13591-4; UniProtKB:P13591-5; UniProtKB:P13591-6; UniProtKB:P13591		UniProtKB:P13591		
CL:0001076	NKp46-positive innate lymphoid cell, human	RO:0002104	has plasma membrane part	positive	False	PR:P28906	hematopoietic progenitor cell antigen CD34 (human)	CD34 (label)	UniProtKB:P28906-1; UniProtKB:P28906-2; UniProtKB:P28906		UniProtKB:P28906		
CL:0001077	ILC1, human	CL:4030046	lacks_plasma_membrane_part	negative	False	PR:000001002	CD19 molecule	CD19 (label)	UniProtKB:P15391	UniProtKB:P25918	IUPHARobj:2764; PIRSF:PIRSF016630	HGNC:1633	CD19
CL:0001077	ILC1, human	CL:4030046	lacks_plasma_membrane_part	negative	False	PR:000001020	CD3 epsilon	CD3 (label); CD3E (exact); CD3e (exact)	UniProtKB:P07766	UniProtKB:P22646	IUPHARobj:2742	HGNC:1674	CD3E
CL:0001077	ILC1, human	BFO:0000051	has part	positive	False	PR:000001835	T-box transcription factor TBX21		UniProtKB:Q9UL17	UniProtKB:Q9JKD8		HGNC:11599	TBX21
CL:0001077	ILC1, human	RO:0002104	has plasma membrane part	positive	False	PR:000001869	interleukin-7 receptor subunit alpha	CD127 (exact); CDw127 (exact)	UniProtKB:P16871	UniProtKB:P16872	IUPHARobj:1698; PIRSF:PIRSF001960	HGNC:6024	IL7R
CL:0001077	ILC1, human	RO:0002104	has plasma membrane part	positive	True	PR:P16871	interleukin-7 receptor subunit alpha (human)	CD127 (exact); CDw127 (exact)	UniProtKB:P16871-1; UniProtKB:P16871-2; UniProtKB:P16871-3; UniProtKB:P16871-4; UniProtKB:P16871		UniProtKB:P16871		
CL:0001077	ILC1, human	BFO:0000051	has part	positive	True	PR:Q9UL17	T-box transcription factor TBX21 (human)		UniProtKB:Q9UL17		UniProtKB:Q9UL17	HGNC:11599	TBX21
CL:0001078	group 3 innate lymphoid cell, human	CL:4030046	lacks_plasma_membrane_part	negative	False	PR:000001002	CD19 molecule	CD19 (label)	UniProtKB:P15391	UniProtKB:P25918	IUPHARobj:2764; PIRSF:PIRSF016630	HGNC:1633	CD19
CL:0001078	group 3 innate lymphoid cell, human	CL:4030046	lacks_plasma_membrane_part	negative	False	PR:000001020	CD3 epsilon	CD3 (label); CD3E (exact); CD3e (exact)	UniProtKB:P07766	UniProtKB:P22646	IUPHARobj:2742	HGNC:1674	CD3E
CL:0001078	group 3 innate lymphoid cell, human	RO:0002104	has plasma membrane part	positive	False	PR:000001869	interleukin-7 receptor subunit alpha	CD127 (exact); CDw127 (exact)	UniProtKB:P16871	UniProtKB:P16872	IUPHARobj:1698; PIRSF:PIRSF001960	HGNC:6024	IL7R
CL:0001078	group 3 innate lymphoid cell, human	BFO:0000051	has part	positive	False	PR:000003455	nuclear receptor ROR-gamma isoform 2			UniProtKB:P51450-2			
CL:0001078	group 3 innate lymphoid cell, human	RO:0002104	has plasma membrane part	positive	True	PR:P16871	interleukin-7 receptor subunit alpha (human)	CD127 (exact); CDw127 (exact)	UniProtKB:P16871-1; UniProtKB:P16871-2; UniProtKB:P16871-3; UniProtKB:P16871-4; UniProtKB:P16871		UniProtKB:P16871		
CL:0001079	NKp44-positive group 3 innate lymphoid cell, human	CL:4030046	lacks_plasma_membrane_part	negative	False	PR:000001002	CD19 molecule	CD19 (label)	UniProtKB:P15391	UniProtKB:P25918	IUPHARobj:2764; PIRSF:PIRSF016630	HGNC:1633	CD19
CL:0001079	NKp44-positive group 3 innate lymphoid cell, human	CL:4030046	lacks_plasma_membrane_part	negative	False	PR:000001020	CD3 epsilon	CD3 (label); CD3E (exact); CD3e (exact)	UniProtKB:P07766	UniProtKB:P22646	IUPHARobj:2742	HGNC:1674	CD3E
CL:0001079	NKp44-positive group 3 innate lymphoid cell, human	RO:0002104	has plasma membrane part	positive	False	PR:000001869	interleukin-7 receptor subunit alpha	CD127 (exact); CDw127 (exact)	UniProtKB:P16871	UniProtKB:P16872	IUPHARobj:1698; PIRSF:PIRSF001960	HGNC:6024	IL7R
CL:0001079	NKp44-positive group 3 innate lymphoid cell, human	BFO:0000051	has part	positive	False	PR:000003455	nuclear receptor ROR-gamma isoform 2			UniProtKB:P51450-2			
CL:0001079	NKp44-positive group 3 innate lymphoid cell, human	RO:0002104	has plasma membrane part	positive	True	PR:O95944	natural cytotoxicity triggering receptor 2 (human)	CD336 (exact)	UniProtKB:O95944-1; UniProtKB:O95944-2; UniProtKB:O95944-3; UniProtKB:O95944		UniProtKB:O95944		
CL:0001079	NKp44-positive group 3 innate lymphoid cell, human	RO:0002104	has plasma membrane part	positive	False	PR:P16871	interleukin-7 receptor subunit alpha (human)	CD127 (exact); CDw127 (exact)	UniProtKB:P16871-1; UniProtKB:P16871-2; UniProtKB:P16871-3; UniProtKB:P16871-4; UniProtKB:P16871		UniProtKB:P16871		
CL:0001080	NKp44-negative group 3 innate lymphoid cell, human	CL:4030046	lacks_plasma_membrane_part	negative	False	PR:000001002	CD19 molecule	CD19 (label)	UniProtKB:P15391	UniProtKB:P25918	IUPHARobj:2764; PIRSF:PIRSF016630	HGNC:1633	CD19
CL:0001080	NKp44-negative group 3 innate lymphoid cell, human	CL:4030046	lacks_plasma_membrane_part	negative	False	PR:000001020	CD3 epsilon	CD3 (label); CD3E (exact); CD3e (exact)	UniProtKB:P07766	UniProtKB:P22646	IUPHARobj:2742	HGNC:1674	CD3E
CL:0001080	NKp44-negative group 3 innate lymphoid cell, human	CL:4030046	lacks_plasma_membrane_part	negative	True	PR:O95944	natural cytotoxicity triggering receptor 2 (human)	CD336 (exact)	UniProtKB:O95944-1; UniProtKB:O95944-2; UniProtKB:O95944-3; UniProtKB:O95944		UniProtKB:O95944		
CL:0001080	NKp44-negative group 3 innate lymphoid cell, human	RO:0002104	has plasma membrane part	positive	False	PR:000001869	interleukin-7 receptor subunit alpha	CD127 (exact); CDw127 (exact)	UniProtKB:P16871	UniProtKB:P16872	IUPHARobj:1698; PIRSF:PIRSF001960	HGNC:6024	IL7R
CL:0001080	NKp44-negative group 3 innate lymphoid cell, human	BFO:0000051	has part	positive	False	PR:000003455	nuclear receptor ROR-gamma isoform 2			UniProtKB:P51450-2			
CL:0001080	NKp44-negative group 3 innate lymphoid cell, human	RO:0002104	has plasma membrane part	positive	False	PR:P16871	interleukin-7 receptor subunit alpha (human)	CD127 (exact); CDw127 (exact)	UniProtKB:P16871-1; UniProtKB:P16871-2; UniProtKB:P16871-3; UniProtKB:P16871-4; UniProtKB:P16871		UniProtKB:P16871		
CL:0001081	group 2 innate lymphoid cell, human	CL:4030046	lacks_plasma_membrane_part	negative	False	PR:000001002	CD19 molecule	CD19 (label)	UniProtKB:P15391	UniProtKB:P25918	IUPHARobj:2764; PIRSF:PIRSF016630	HGNC:1633	CD19
CL:0001081	group 2 innate lymphoid cell, human	CL:4030046	lacks_plasma_membrane_part	negative	False	PR:000001020	CD3 epsilon	CD3 (label); CD3E (exact); CD3e (exact)	UniProtKB:P07766	UniProtKB:P22646	IUPHARobj:2742	HGNC:1674	CD3E
CL:0001081	group 2 innate lymphoid cell, human	RO:0002104	has plasma membrane part	positive	False	PR:000001380	interleukin-2 receptor subunit alpha	CD25 (exact)	UniProtKB:P01589	UniProtKB:P01590	IUPHARobj:1695; PIRSF:PIRSF001954	HGNC:6008	IL2RA
CL:0001081	group 2 innate lymphoid cell, human	RO:0002104	has plasma membrane part	positive	False	PR:000001869	interleukin-7 receptor subunit alpha	CD127 (exact); CDw127 (exact)	UniProtKB:P16871	UniProtKB:P16872	IUPHARobj:1698; PIRSF:PIRSF001960	HGNC:6024	IL7R
CL:0001081	group 2 innate lymphoid cell, human	RO:0002104	has plasma membrane part	positive	False	PR:000001874	KLRB1-like protein				PIRSF:PIRSF038804		
CL:0001081	group 2 innate lymphoid cell, human	BFO:0000051	has part	positive	False	PR:000001941	trans-acting T-cell-specific transcription factor GATA-3		UniProtKB:P23771	UniProtKB:P23772		HGNC:4172	GATA3
CL:0001081	group 2 innate lymphoid cell, human	RO:0002104	has plasma membrane part	positive	True	PR:P01589	interleukin-2 receptor subunit alpha (human)	CD25 (exact)	UniProtKB:P01589		UniProtKB:P01589	HGNC:6008	IL2RA
CL:0001081	group 2 innate lymphoid cell, human	RO:0002104	has plasma membrane part	positive	True	PR:P16871	interleukin-7 receptor subunit alpha (human)	CD127 (exact); CDw127 (exact)	UniProtKB:P16871-1; UniProtKB:P16871-2; UniProtKB:P16871-3; UniProtKB:P16871-4; UniProtKB:P16871		UniProtKB:P16871		
CL:0001081	group 2 innate lymphoid cell, human	BFO:0000051	has part	positive	True	PR:P23771	trans-acting T-cell-specific transcription factor GATA-3 (human)		UniProtKB:P23771-1; UniProtKB:P23771-2; UniProtKB:P23771		Reactome:R-HSA-996768; UniProtKB:P23771		
CL:0001081	group 2 innate lymphoid cell, human	RO:0002104	has plasma membrane part	positive	True	PR:Q12918	killer cell lectin-like receptor subfamily B member 1 (human)	CD161 (exact)	UniProtKB:Q12918		Reactome:R-HSA-2132225; UniProtKB:Q12918	HGNC:6373	KLRB1
CL:0001081	group 2 innate lymphoid cell, human	RO:0002104	has plasma membrane part	positive	True	PR:Q9Y5Y4	prostaglandin D2 receptor 2 (human)	CD294 (exact)	UniProtKB:Q9Y5Y4		DTO:02100741; Reactome:R-HSA-416895; UniProtKB:Q9Y5Y4	HGNC:4502	PTGDR2
CL:0001082	immature innate lymphoid cell	CL:4030046	lacks_plasma_membrane_part	negative	False	PR:000001002	CD19 molecule	CD19 (label)	UniProtKB:P15391	UniProtKB:P25918	IUPHARobj:2764; PIRSF:PIRSF016630	HGNC:1633	CD19
CL:0001082	immature innate lymphoid cell	CL:4030046	lacks_plasma_membrane_part	negative	False	PR:000001020	CD3 epsilon	CD3 (label); CD3E (exact); CD3e (exact)	UniProtKB:P07766	UniProtKB:P22646	IUPHARobj:2742	HGNC:1674	CD3E
CL:0001087	effector memory CD4-positive, alpha-beta T cell, terminally differentiated	CL:4030046	lacks_plasma_membrane_part	negative	False	PR:000001006	receptor-type tyrosine-protein phosphatase C	CD45 (related)	UniProtKB:P08575	UniProtKB:P06800	IUPHARobj:1852; PIRSF:PIRSF002004	HGNC:9666	PTPRC
CL:0001087	effector memory CD4-positive, alpha-beta T cell, terminally differentiated	CL:4030046	lacks_plasma_membrane_part	negative	True	PR:000001017	receptor-type tyrosine-protein phosphatase C isoform CD45RO	CD45RO (label)	UniProtKB:P08575-4				
CL:0001087	effector memory CD4-positive, alpha-beta T cell, terminally differentiated	CL:4030046	lacks_plasma_membrane_part	negative	True	PR:000001203	C-C chemokine receptor type 7	CD197 (exact); CDw197 (exact)	UniProtKB:P32248	UniProtKB:P47774	IUPHARobj:64	HGNC:1608	CCR7
CL:0001087	effector memory CD4-positive, alpha-beta T cell, terminally differentiated	CL:4030046	lacks_plasma_membrane_part	negative	False	PR:000025402	T cell receptor co-receptor CD8	CD8 (label)					
CL:0001087	effector memory CD4-positive, alpha-beta T cell, terminally differentiated	RO:0002104	has plasma membrane part	positive	False	PR:000001004	CD4 molecule	CD4 (label)	UniProtKB:P01730	UniProtKB:P06332	PIRSF:PIRSF001977	HGNC:1678	CD4
CL:0001087	effector memory CD4-positive, alpha-beta T cell, terminally differentiated	RO:0002104	has plasma membrane part	positive	False	PR:000001006	receptor-type tyrosine-protein phosphatase C	CD45 (related)	UniProtKB:P08575	UniProtKB:P06800	IUPHARobj:1852; PIRSF:PIRSF002004	HGNC:9666	PTPRC
CL:0001087	effector memory CD4-positive, alpha-beta T cell, terminally differentiated	RO:0002104	has plasma membrane part	positive	True	PR:000001015	receptor-type tyrosine-protein phosphatase C isoform CD45RA	CD45RA (label)	UniProtKB:P08575-8				
CL:0001200	lymphocyte of B lineage, CD19-positive	CL:4030046	lacks_plasma_membrane_part	negative	True	PR:000001020	CD3 epsilon	CD3 (label); CD3E (exact); CD3e (exact)	UniProtKB:P07766	UniProtKB:P22646	IUPHARobj:2742	HGNC:1674	CD3E
CL:0001200	lymphocyte of B lineage, CD19-positive	RO:0002104	has plasma membrane part	positive	True	PR:000001002	CD19 molecule	CD19 (label)	UniProtKB:P15391	UniProtKB:P25918	IUPHARobj:2764; PIRSF:PIRSF016630	HGNC:1633	CD19
CL:0001201	B cell, CD19-positive	CL:4030046	lacks_plasma_membrane_part	negative	False	PR:000001020	CD3 epsilon	CD3 (label); CD3E (exact); CD3e (exact)	UniProtKB:P07766	UniProtKB:P22646	IUPHARobj:2742	HGNC:1674	CD3E
CL:0001201	B cell, CD19-positive	RO:0002104	has plasma membrane part	positive	False	PR:000001002	CD19 molecule	CD19 (label)	UniProtKB:P15391	UniProtKB:P25918	IUPHARobj:2764; PIRSF:PIRSF016630	HGNC:1633	CD19
CL:0001202	CD86-positive plasmablast	RO:0015015	has high plasma membrane amount	high	False	PR:000001408	ADP-ribosyl cyclase/cyclic ADP-ribose hydrolase 1	CD38 (exact)	UniProtKB:P28907	UniProtKB:P56528	IUPHARobj:2766	HGNC:1667	CD38
CL:0001202	CD86-positive plasmablast	RO:0015015	has high plasma membrane amount	high	False	PR:000001963	CD27 molecule	CD27 (label); CD27L (exact)	UniProtKB:P26842	UniProtKB:P41272	IUPHARobj:1876; PIRSF:PIRSF001966	HGNC:11922	CD27
CL:0001202	CD86-positive plasmablast	CL:4030046	lacks_plasma_membrane_part	negative	False	PR:000001020	CD3 epsilon	CD3 (label); CD3E (exact); CD3e (exact)	UniProtKB:P07766	UniProtKB:P22646	IUPHARobj:2742	HGNC:1674	CD3E
CL:0001202	CD86-positive plasmablast	CL:4030046	lacks_plasma_membrane_part	negative	False	PR:000001289	membrane-spanning 4-domains subfamily A member 1	CD20 (exact)	UniProtKB:P11836	UniProtKB:P19437	PIRSF:PIRSF001995; IUPHARobj:2628	HGNC:7315	MS4A1
CL:0001202	CD86-positive plasmablast	CL:4030046	lacks_plasma_membrane_part	negative	False	PR:000001935	syndecan-1	CD138 (exact)	UniProtKB:P18827	UniProtKB:P18828	PIRSF:PIRSF015854	HGNC:10658	SDC1
CL:0001202	CD86-positive plasmablast	RO:0002104	has plasma membrane part	positive	False	PR:000001002	CD19 molecule	CD19 (label)	UniProtKB:P15391	UniProtKB:P25918	IUPHARobj:2764; PIRSF:PIRSF016630	HGNC:1633	CD19
CL:0001202	CD86-positive plasmablast	RO:0002104	has plasma membrane part	positive	True	PR:000001412	CD86 molecule	CD28LG2 (related); CD86 (label)	UniProtKB:P42081	UniProtKB:P42082	IUPHARobj:2745	HGNC:1705	CD86
CL:0001203	CD8-positive, alpha-beta memory T cell, CD45RO-positive	CL:4030046	lacks_plasma_membrane_part	negative	False	PR:000001004	CD4 molecule	CD4 (label)	UniProtKB:P01730	UniProtKB:P06332	PIRSF:PIRSF001977	HGNC:1678	CD4
CL:0001203	CD8-positive, alpha-beta memory T cell, CD45RO-positive	CL:4030046	lacks_plasma_membrane_part	negative	True	PR:000001380	interleukin-2 receptor subunit alpha	CD25 (exact)	UniProtKB:P01589	UniProtKB:P01590	IUPHARobj:1695; PIRSF:PIRSF001954	HGNC:6008	IL2RA
CL:0001203	CD8-positive, alpha-beta memory T cell, CD45RO-positive	RO:0002104	has plasma membrane part	positive	False	PR:000001006	receptor-type tyrosine-protein phosphatase C	CD45 (related)	UniProtKB:P08575	UniProtKB:P06800	IUPHARobj:1852; PIRSF:PIRSF002004	HGNC:9666	PTPRC
CL:0001203	CD8-positive, alpha-beta memory T cell, CD45RO-positive	RO:0002104	has plasma membrane part	positive	True	PR:000001017	receptor-type tyrosine-protein phosphatase C isoform CD45RO	CD45RO (label)	UniProtKB:P08575-4				
CL:0001203	CD8-positive, alpha-beta memory T cell, CD45RO-positive	BFO:0000051	has part	positive	False	PR:000001084	T-cell surface glycoprotein CD8 alpha chain	CD8 (label); CD8A (exact); CD8a (exact)	UniProtKB:P01732	UniProtKB:P01731		HGNC:1706	CD8A
CL:0001203	CD8-positive, alpha-beta memory T cell, CD45RO-positive	RO:0002104	has plasma membrane part	positive	True	PR:000001869	interleukin-7 receptor subunit alpha	CD127 (exact); CDw127 (exact)	UniProtKB:P16871	UniProtKB:P16872	IUPHARobj:1698; PIRSF:PIRSF001960	HGNC:6024	IL7R
CL:0001203	CD8-positive, alpha-beta memory T cell, CD45RO-positive	RO:0002104	has plasma membrane part	positive	False	PR:000025402	T cell receptor co-receptor CD8	CD8 (label)					
CL:0001203	CD8-positive, alpha-beta memory T cell, CD45RO-positive	BFO:0000051	has part	positive	False	PR:000025403	T-cell surface glycoprotein CD8 alpha chain isoform 1	CD8 (label); CD8A (exact)	UniProtKB:P01732-1				
CL:0001204	CD4-positive, alpha-beta memory T cell, CD45RO-positive	CL:4030046	lacks_plasma_membrane_part	negative	True	PR:000001380	interleukin-2 receptor subunit alpha	CD25 (exact)	UniProtKB:P01589	UniProtKB:P01590	IUPHARobj:1695; PIRSF:PIRSF001954	HGNC:6008	IL2RA
CL:0001204	CD4-positive, alpha-beta memory T cell, CD45RO-positive	CL:4030046	lacks_plasma_membrane_part	negative	False	PR:000025402	T cell receptor co-receptor CD8	CD8 (label)					
CL:0001204	CD4-positive, alpha-beta memory T cell, CD45RO-positive	RO:0002104	has plasma membrane part	positive	False	PR:000001004	CD4 molecule	CD4 (label)	UniProtKB:P01730	UniProtKB:P06332	PIRSF:PIRSF001977	HGNC:1678	CD4
CL:0001204	CD4-positive, alpha-beta memory T cell, CD45RO-positive	RO:0002104	has plasma membrane part	positive	False	PR:000001006	receptor-type tyrosine-protein phosphatase C	CD45 (related)	UniProtKB:P08575	UniProtKB:P06800	IUPHARobj:1852; PIRSF:PIRSF002004	HGNC:9666	PTPRC
CL:0001204	CD4-positive, alpha-beta memory T cell, CD45RO-positive	RO:0002104	has plasma membrane part	positive	True	PR:000001017	receptor-type tyrosine-protein phosphatase C isoform CD45RO	CD45RO (label)	UniProtKB:P08575-4				
CL:0001204	CD4-positive, alpha-beta memory T cell, CD45RO-positive	RO:0002104	has plasma membrane part	positive	True	PR:000001869	interleukin-7 receptor subunit alpha	CD127 (exact); CDw127 (exact)	UniProtKB:P16871	UniProtKB:P16872	IUPHARobj:1698; PIRSF:PIRSF001960	HGNC:6024	IL7R
CL:0002000	Kit-positive erythroid progenitor cell	CL:4030046	lacks_plasma_membrane_part	negative	False	PR:000001002	CD19 molecule	CD19 (label)	UniProtKB:P15391	UniProtKB:P25918	IUPHARobj:2764; PIRSF:PIRSF016630	HGNC:1633	CD19
CL:0002000	Kit-positive erythroid progenitor cell	CL:4030046	lacks_plasma_membrane_part	negative	False	PR:000001004	CD4 molecule	CD4 (label)	UniProtKB:P01730	UniProtKB:P06332	PIRSF:PIRSF001977	HGNC:1678	CD4
CL:0002000	Kit-positive erythroid progenitor cell	CL:4030046	lacks_plasma_membrane_part	negative	False	PR:000001012	integrin alpha-M	CD11 (exact); CD11B (related); CD11b (exact)	UniProtKB:P11215	UniProtKB:P05555	IUPHARobj:2452	HGNC:6149	ITGAM
CL:0002000	Kit-positive erythroid progenitor cell	CL:4030046	lacks_plasma_membrane_part	negative	False	PR:000001020	CD3 epsilon	CD3 (label); CD3E (exact); CD3e (exact)	UniProtKB:P07766	UniProtKB:P22646	IUPHARobj:2742	HGNC:1674	CD3E
CL:0002000	Kit-positive erythroid progenitor cell	CL:4030046	lacks_plasma_membrane_part	negative	False	PR:000001024	neural cell adhesion molecule 1	CD56 (exact)	UniProtKB:P13591	UniProtKB:P13595	IUPHARobj:2769	HGNC:7656	NCAM1
CL:0002000	Kit-positive erythroid progenitor cell	CL:4030046	lacks_plasma_membrane_part	negative	False	PR:000001083	CD2 molecule	CD2 (label)	UniProtKB:P06729	UniProtKB:P08920	IUPHARobj:2600; PIRSF:PIRSF001984	HGNC:1639	CD2
CL:0002000	Kit-positive erythroid progenitor cell	CL:4030046	lacks_plasma_membrane_part	negative	False	PR:000001084	T-cell surface glycoprotein CD8 alpha chain	CD8 (label); CD8A (exact); CD8a (exact)	UniProtKB:P01732	UniProtKB:P01731		HGNC:1706	CD8A
CL:0002000	Kit-positive erythroid progenitor cell	CL:4030046	lacks_plasma_membrane_part	negative	False	PR:000001289	membrane-spanning 4-domains subfamily A member 1	CD20 (exact)	UniProtKB:P11836	UniProtKB:P19437	PIRSF:PIRSF001995; IUPHARobj:2628	HGNC:7315	MS4A1
CL:0002000	Kit-positive erythroid progenitor cell	CL:4030046	lacks_plasma_membrane_part	negative	True	PR:000001833	SLAM family member 1	CD150 (exact); CDw150 (exact)	UniProtKB:Q13291	UniProtKB:Q9QUM4		HGNC:10903	SLAMF1
CL:0002000	Kit-positive erythroid progenitor cell	CL:4030046	lacks_plasma_membrane_part	negative	False	PR:000001839	T-cell surface glycoprotein CD5	CD5 (label)	UniProtKB:P06127	UniProtKB:P13379		HGNC:1685	CD5
CL:0002000	Kit-positive erythroid progenitor cell	CL:4030046	lacks_plasma_membrane_part	negative	True	PR:000001865	interleukin-3 receptor class 2 alpha chain	CD123 (exact)	UniProtKB:P26951	UniProtKB:P26952	IUPHARobj:1705	HGNC:6012	IL3RA
CL:0002000	Kit-positive erythroid progenitor cell	CL:4030046	lacks_plasma_membrane_part	negative	True	PR:000001869	interleukin-7 receptor subunit alpha	CD127 (exact); CDw127 (exact)	UniProtKB:P16871	UniProtKB:P16872	IUPHARobj:1698; PIRSF:PIRSF001960	HGNC:6024	IL7R
CL:0002000	Kit-positive erythroid progenitor cell	CL:4030046	lacks_plasma_membrane_part	negative	False	PR:000001889	CD14 molecule	CD14 (label)	UniProtKB:P08571	UniProtKB:P10810	PIRSF:PIRSF002017	HGNC:1628	CD14
CL:0002000	Kit-positive erythroid progenitor cell	CL:4030046	lacks_plasma_membrane_part	negative	False	PR:000002978	lymphocyte antigen 6G			UniProtKB:P35461			
CL:0002000	Kit-positive erythroid progenitor cell	CL:4030046	lacks_plasma_membrane_part	negative	True	PR:000002979	lymphocyte antigen 6A-2/6E-1			UniProtKB:P05533			
CL:0002000	Kit-positive erythroid progenitor cell	CL:4030046	lacks_plasma_membrane_part	negative	True	PR:000009127	integrin alpha-IIb	CD41 (exact)	UniProtKB:P08514	UniProtKB:Q9QUM0	IUPHARobj:2441	HGNC:6138	ITGA2B
CL:0002000	Kit-positive erythroid progenitor cell	RO:0002104	has plasma membrane part	positive	True	PR:000001345	endoglin	CD105 (exact)	UniProtKB:P17813	UniProtKB:Q63961	IUPHARobj:2895; PIRSF:PIRSF038746	HGNC:3349	ENG
CL:0002000	Kit-positive erythroid progenitor cell	RO:0002104	has plasma membrane part	positive	False	PR:000001945	transferrin receptor protein 1	CD71 (exact)	UniProtKB:P02786	UniProtKB:Q62351		HGNC:11763	TFRC
CL:0002000	Kit-positive erythroid progenitor cell	RO:0002104	has plasma membrane part	positive	True	PR:000002065	mast/stem cell growth factor receptor	CD117 (exact)	UniProtKB:P10721	UniProtKB:P05532	IUPHARobj:1805; PIRSF:PIRSF500951	HGNC:6342	KIT
CL:0002001	CD34-positive, CD38-positive granulocyte monocyte progenitor	CL:4030046	lacks_plasma_membrane_part	negative	False	PR:000001002	CD19 molecule	CD19 (label)	UniProtKB:P15391	UniProtKB:P25918	IUPHARobj:2764; PIRSF:PIRSF016630	HGNC:1633	CD19
CL:0002001	CD34-positive, CD38-positive granulocyte monocyte progenitor	CL:4030046	lacks_plasma_membrane_part	negative	False	PR:000001004	CD4 molecule	CD4 (label)	UniProtKB:P01730	UniProtKB:P06332	PIRSF:PIRSF001977	HGNC:1678	CD4
CL:0002001	CD34-positive, CD38-positive granulocyte monocyte progenitor	CL:4030046	lacks_plasma_membrane_part	negative	False	PR:000001012	integrin alpha-M	CD11 (exact); CD11B (related); CD11b (exact)	UniProtKB:P11215	UniProtKB:P05555	IUPHARobj:2452	HGNC:6149	ITGAM
CL:0002001	CD34-positive, CD38-positive granulocyte monocyte progenitor	CL:4030046	lacks_plasma_membrane_part	negative	False	PR:000001020	CD3 epsilon	CD3 (label); CD3E (exact); CD3e (exact)	UniProtKB:P07766	UniProtKB:P22646	IUPHARobj:2742	HGNC:1674	CD3E
CL:0002001	CD34-positive, CD38-positive granulocyte monocyte progenitor	CL:4030046	lacks_plasma_membrane_part	negative	False	PR:000001024	neural cell adhesion molecule 1	CD56 (exact)	UniProtKB:P13591	UniProtKB:P13595	IUPHARobj:2769	HGNC:7656	NCAM1
CL:0002001	CD34-positive, CD38-positive granulocyte monocyte progenitor	CL:4030046	lacks_plasma_membrane_part	negative	False	PR:000001083	CD2 molecule	CD2 (label)	UniProtKB:P06729	UniProtKB:P08920	IUPHARobj:2600; PIRSF:PIRSF001984	HGNC:1639	CD2
CL:0002001	CD34-positive, CD38-positive granulocyte monocyte progenitor	CL:4030046	lacks_plasma_membrane_part	negative	False	PR:000001084	T-cell surface glycoprotein CD8 alpha chain	CD8 (label); CD8A (exact); CD8a (exact)	UniProtKB:P01732	UniProtKB:P01731		HGNC:1706	CD8A
CL:0002001	CD34-positive, CD38-positive granulocyte monocyte progenitor	CL:4030046	lacks_plasma_membrane_part	negative	False	PR:000001289	membrane-spanning 4-domains subfamily A member 1	CD20 (exact)	UniProtKB:P11836	UniProtKB:P19437	PIRSF:PIRSF001995; IUPHARobj:2628	HGNC:7315	MS4A1
CL:0002001	CD34-positive, CD38-positive granulocyte monocyte progenitor	CL:4030046	lacks_plasma_membrane_part	negative	False	PR:000001839	T-cell surface glycoprotein CD5	CD5 (label)	UniProtKB:P06127	UniProtKB:P13379		HGNC:1685	CD5
CL:0002001	CD34-positive, CD38-positive granulocyte monocyte progenitor	CL:4030046	lacks_plasma_membrane_part	negative	False	PR:000001889	CD14 molecule	CD14 (label)	UniProtKB:P08571	UniProtKB:P10810	PIRSF:PIRSF002017	HGNC:1628	CD14
CL:0002001	CD34-positive, CD38-positive granulocyte monocyte progenitor	CL:4030046	lacks_plasma_membrane_part	negative	False	PR:000002978	lymphocyte antigen 6G			UniProtKB:P35461			
CL:0002001	CD34-positive, CD38-positive granulocyte monocyte progenitor	CL:4030046	lacks_plasma_membrane_part	negative	False	PR:000002981	lymphocyte antigen 76 (mouse)						
CL:0002001	CD34-positive, CD38-positive granulocyte monocyte progenitor	CL:4030045	lacks_part	negative	False	PR:000007857	erythroid transcription factor		UniProtKB:P15976	UniProtKB:P17679		HGNC:4170	GATA1
CL:0002001	CD34-positive, CD38-positive granulocyte monocyte progenitor	CL:4030045	lacks_part	negative	False	PR:000007858	endothelial transcription factor GATA-2		UniProtKB:P23769	UniProtKB:O09100		HGNC:4171	GATA2
CL:0002001	CD34-positive, CD38-positive granulocyte monocyte progenitor	RO:0002104	has plasma membrane part	positive	True	PR:000001003	CD34 molecule	CD34 (label)	UniProtKB:P28906	UniProtKB:Q64314	PIRSF:PIRSF028749	HGNC:1662	CD34
CL:0002001	CD34-positive, CD38-positive granulocyte monocyte progenitor	RO:0002104	has plasma membrane part	positive	True	PR:000001408	ADP-ribosyl cyclase/cyclic ADP-ribose hydrolase 1	CD38 (exact)	UniProtKB:P28907	UniProtKB:P56528	IUPHARobj:2766	HGNC:1667	CD38
CL:0002001	CD34-positive, CD38-positive granulocyte monocyte progenitor	RO:0002104	has plasma membrane part	positive	False	PR:000001865	interleukin-3 receptor class 2 alpha chain	CD123 (exact)	UniProtKB:P26951	UniProtKB:P26952	IUPHARobj:1705	HGNC:6012	IL3RA
CL:0002001	CD34-positive, CD38-positive granulocyte monocyte progenitor	BFO:0000051	has part	positive	False	PR:000001944	transcription factor PU.1		UniProtKB:P17947	UniProtKB:P17433		HGNC:11241	SPI1
CL:0002001	CD34-positive, CD38-positive granulocyte monocyte progenitor	BFO:0000051	has part	positive	False	PR:000005307	CCAAT/enhancer-binding protein alpha		UniProtKB:P49715	UniProtKB:P53566		HGNC:1833	CEBPA
CL:0002002	Kit-positive granulocyte monocyte progenitor	RO:0015015	has high plasma membrane amount	high	True	PR:000001479	low affinity immunoglobulin gamma Fc region receptor II	CD32 (broad)		UniProtKB:P08101			
CL:0002002	Kit-positive granulocyte monocyte progenitor	CL:4030046	lacks_plasma_membrane_part	negative	False	PR:000001002	CD19 molecule	CD19 (label)	UniProtKB:P15391	UniProtKB:P25918	IUPHARobj:2764; PIRSF:PIRSF016630	HGNC:1633	CD19
CL:0002002	Kit-positive granulocyte monocyte progenitor	CL:4030046	lacks_plasma_membrane_part	negative	False	PR:000001004	CD4 molecule	CD4 (label)	UniProtKB:P01730	UniProtKB:P06332	PIRSF:PIRSF001977	HGNC:1678	CD4
CL:0002002	Kit-positive granulocyte monocyte progenitor	CL:4030046	lacks_plasma_membrane_part	negative	False	PR:000001012	integrin alpha-M	CD11 (exact); CD11B (related); CD11b (exact)	UniProtKB:P11215	UniProtKB:P05555	IUPHARobj:2452	HGNC:6149	ITGAM
CL:0002002	Kit-positive granulocyte monocyte progenitor	CL:4030046	lacks_plasma_membrane_part	negative	False	PR:000001020	CD3 epsilon	CD3 (label); CD3E (exact); CD3e (exact)	UniProtKB:P07766	UniProtKB:P22646	IUPHARobj:2742	HGNC:1674	CD3E
CL:0002002	Kit-positive granulocyte monocyte progenitor	CL:4030046	lacks_plasma_membrane_part	negative	False	PR:000001024	neural cell adhesion molecule 1	CD56 (exact)	UniProtKB:P13591	UniProtKB:P13595	IUPHARobj:2769	HGNC:7656	NCAM1
CL:0002002	Kit-positive granulocyte monocyte progenitor	CL:4030046	lacks_plasma_membrane_part	negative	False	PR:000001083	CD2 molecule	CD2 (label)	UniProtKB:P06729	UniProtKB:P08920	IUPHARobj:2600; PIRSF:PIRSF001984	HGNC:1639	CD2
CL:0002002	Kit-positive granulocyte monocyte progenitor	CL:4030046	lacks_plasma_membrane_part	negative	False	PR:000001084	T-cell surface glycoprotein CD8 alpha chain	CD8 (label); CD8A (exact); CD8a (exact)	UniProtKB:P01732	UniProtKB:P01731		HGNC:1706	CD8A
CL:0002002	Kit-positive granulocyte monocyte progenitor	CL:4030046	lacks_plasma_membrane_part	negative	True	PR:000001206	CX3C chemokine receptor 1		UniProtKB:P49238	UniProtKB:Q9Z0D9	IUPHARobj:74; PIRSF:PIRSF501025	HGNC:2558	CX3CR1
CL:0002002	Kit-positive granulocyte monocyte progenitor	CL:4030046	lacks_plasma_membrane_part	negative	False	PR:000001289	membrane-spanning 4-domains subfamily A member 1	CD20 (exact)	UniProtKB:P11836	UniProtKB:P19437	PIRSF:PIRSF001995; IUPHARobj:2628	HGNC:7315	MS4A1
CL:0002002	Kit-positive granulocyte monocyte progenitor	CL:4030046	lacks_plasma_membrane_part	negative	False	PR:000001839	T-cell surface glycoprotein CD5	CD5 (label)	UniProtKB:P06127	UniProtKB:P13379		HGNC:1685	CD5
CL:0002002	Kit-positive granulocyte monocyte progenitor	CL:4030046	lacks_plasma_membrane_part	negative	True	PR:000001843	Thy-1 membrane glycoprotein	CD90 (exact); CDw90 (exact)	UniProtKB:P04216	UniProtKB:P01831	PIRSF:PIRSF038777	HGNC:11801	THY1
CL:0002002	Kit-positive granulocyte monocyte progenitor	CL:4030046	lacks_plasma_membrane_part	negative	True	PR:000001869	interleukin-7 receptor subunit alpha	CD127 (exact); CDw127 (exact)	UniProtKB:P16871	UniProtKB:P16872	IUPHARobj:1698; PIRSF:PIRSF001960	HGNC:6024	IL7R
CL:0002002	Kit-positive granulocyte monocyte progenitor	CL:4030046	lacks_plasma_membrane_part	negative	False	PR:000001889	CD14 molecule	CD14 (label)	UniProtKB:P08571	UniProtKB:P10810	PIRSF:PIRSF002017	HGNC:1628	CD14
CL:0002002	Kit-positive granulocyte monocyte progenitor	CL:4030046	lacks_plasma_membrane_part	negative	False	PR:000002978	lymphocyte antigen 6G			UniProtKB:P35461			
CL:0002002	Kit-positive granulocyte monocyte progenitor	CL:4030046	lacks_plasma_membrane_part	negative	True	PR:000002979	lymphocyte antigen 6A-2/6E-1			UniProtKB:P05533			
CL:0002002	Kit-positive granulocyte monocyte progenitor	CL:4030046	lacks_plasma_membrane_part	negative	False	PR:000002981	lymphocyte antigen 76 (mouse)						
CL:0002002	Kit-positive granulocyte monocyte progenitor	CL:4030045	lacks_part	negative	False	PR:000007857	erythroid transcription factor		UniProtKB:P15976	UniProtKB:P17679		HGNC:4170	GATA1
CL:0002002	Kit-positive granulocyte monocyte progenitor	CL:4030045	lacks_part	negative	False	PR:000007858	endothelial transcription factor GATA-2		UniProtKB:P23769	UniProtKB:O09100		HGNC:4171	GATA2
CL:0002002	Kit-positive granulocyte monocyte progenitor	RO:0002104	has plasma membrane part	positive	True	PR:000001003	CD34 molecule	CD34 (label)	UniProtKB:P28906	UniProtKB:Q64314	PIRSF:PIRSF028749	HGNC:1662	CD34
CL:0002002	Kit-positive granulocyte monocyte progenitor	RO:0002104	has plasma membrane part	positive	False	PR:000001865	interleukin-3 receptor class 2 alpha chain	CD123 (exact)	UniProtKB:P26951	UniProtKB:P26952	IUPHARobj:1705	HGNC:6012	IL3RA
CL:0002002	Kit-positive granulocyte monocyte progenitor	BFO:0000051	has part	positive	False	PR:000001944	transcription factor PU.1		UniProtKB:P17947	UniProtKB:P17433		HGNC:11241	SPI1
CL:0002002	Kit-positive granulocyte monocyte progenitor	RO:0002104	has plasma membrane part	positive	True	PR:000002065	mast/stem cell growth factor receptor	CD117 (exact)	UniProtKB:P10721	UniProtKB:P05532	IUPHARobj:1805; PIRSF:PIRSF500951	HGNC:6342	KIT
CL:0002002	Kit-positive granulocyte monocyte progenitor	BFO:0000051	has part	positive	False	PR:000005307	CCAAT/enhancer-binding protein alpha		UniProtKB:P49715	UniProtKB:P53566		HGNC:1833	CEBPA
CL:0002003	CD34-positive, GlyA-negative erythroid progenitor cell	CL:4030046	lacks_plasma_membrane_part	negative	False	PR:000001002	CD19 molecule	CD19 (label)	UniProtKB:P15391	UniProtKB:P25918	IUPHARobj:2764; PIRSF:PIRSF016630	HGNC:1633	CD19
CL:0002003	CD34-positive, GlyA-negative erythroid progenitor cell	CL:4030046	lacks_plasma_membrane_part	negative	False	PR:000001004	CD4 molecule	CD4 (label)	UniProtKB:P01730	UniProtKB:P06332	PIRSF:PIRSF001977	HGNC:1678	CD4
CL:0002003	CD34-positive, GlyA-negative erythroid progenitor cell	CL:4030046	lacks_plasma_membrane_part	negative	False	PR:000001012	integrin alpha-M	CD11 (exact); CD11B (related); CD11b (exact)	UniProtKB:P11215	UniProtKB:P05555	IUPHARobj:2452	HGNC:6149	ITGAM
CL:0002003	CD34-positive, GlyA-negative erythroid progenitor cell	CL:4030046	lacks_plasma_membrane_part	negative	False	PR:000001020	CD3 epsilon	CD3 (label); CD3E (exact); CD3e (exact)	UniProtKB:P07766	UniProtKB:P22646	IUPHARobj:2742	HGNC:1674	CD3E
CL:0002003	CD34-positive, GlyA-negative erythroid progenitor cell	CL:4030046	lacks_plasma_membrane_part	negative	False	PR:000001024	neural cell adhesion molecule 1	CD56 (exact)	UniProtKB:P13591	UniProtKB:P13595	IUPHARobj:2769	HGNC:7656	NCAM1
CL:0002003	CD34-positive, GlyA-negative erythroid progenitor cell	CL:4030046	lacks_plasma_membrane_part	negative	False	PR:000001083	CD2 molecule	CD2 (label)	UniProtKB:P06729	UniProtKB:P08920	IUPHARobj:2600; PIRSF:PIRSF001984	HGNC:1639	CD2
CL:0002003	CD34-positive, GlyA-negative erythroid progenitor cell	CL:4030046	lacks_plasma_membrane_part	negative	False	PR:000001084	T-cell surface glycoprotein CD8 alpha chain	CD8 (label); CD8A (exact); CD8a (exact)	UniProtKB:P01732	UniProtKB:P01731		HGNC:1706	CD8A
CL:0002003	CD34-positive, GlyA-negative erythroid progenitor cell	CL:4030046	lacks_plasma_membrane_part	negative	False	PR:000001289	membrane-spanning 4-domains subfamily A member 1	CD20 (exact)	UniProtKB:P11836	UniProtKB:P19437	PIRSF:PIRSF001995; IUPHARobj:2628	HGNC:7315	MS4A1
CL:0002003	CD34-positive, GlyA-negative erythroid progenitor cell	CL:4030046	lacks_plasma_membrane_part	negative	True	PR:000001460	glycophorin-A	CD235a (exact)	UniProtKB:P02724			HGNC:4702	GYPA
CL:0002003	CD34-positive, GlyA-negative erythroid progenitor cell	CL:4030046	lacks_plasma_membrane_part	negative	False	PR:000001839	T-cell surface glycoprotein CD5	CD5 (label)	UniProtKB:P06127	UniProtKB:P13379		HGNC:1685	CD5
CL:0002003	CD34-positive, GlyA-negative erythroid progenitor cell	CL:4030046	lacks_plasma_membrane_part	negative	False	PR:000001889	CD14 molecule	CD14 (label)	UniProtKB:P08571	UniProtKB:P10810	PIRSF:PIRSF002017	HGNC:1628	CD14
CL:0002003	CD34-positive, GlyA-negative erythroid progenitor cell	CL:4030046	lacks_plasma_membrane_part	negative	False	PR:000002978	lymphocyte antigen 6G			UniProtKB:P35461			
CL:0002003	CD34-positive, GlyA-negative erythroid progenitor cell	RO:0002104	has plasma membrane part	positive	True	PR:000001003	CD34 molecule	CD34 (label)	UniProtKB:P28906	UniProtKB:Q64314	PIRSF:PIRSF028749	HGNC:1662	CD34
CL:0002003	CD34-positive, GlyA-negative erythroid progenitor cell	RO:0002104	has plasma membrane part	positive	False	PR:000001945	transferrin receptor protein 1	CD71 (exact)	UniProtKB:P02786	UniProtKB:Q62351		HGNC:11763	TFRC
CL:0002004	CD34-negative, GlyA-negative proerythroblast	CL:4030046	lacks_plasma_membrane_part	negative	False	PR:000001002	CD19 molecule	CD19 (label)	UniProtKB:P15391	UniProtKB:P25918	IUPHARobj:2764; PIRSF:PIRSF016630	HGNC:1633	CD19
CL:0002004	CD34-negative, GlyA-negative proerythroblast	CL:4030046	lacks_plasma_membrane_part	negative	True	PR:000001003	CD34 molecule	CD34 (label)	UniProtKB:P28906	UniProtKB:Q64314	PIRSF:PIRSF028749	HGNC:1662	CD34
CL:0002004	CD34-negative, GlyA-negative proerythroblast	CL:4030046	lacks_plasma_membrane_part	negative	False	PR:000001004	CD4 molecule	CD4 (label)	UniProtKB:P01730	UniProtKB:P06332	PIRSF:PIRSF001977	HGNC:1678	CD4
CL:0002004	CD34-negative, GlyA-negative proerythroblast	CL:4030046	lacks_plasma_membrane_part	negative	False	PR:000001012	integrin alpha-M	CD11 (exact); CD11B (related); CD11b (exact)	UniProtKB:P11215	UniProtKB:P05555	IUPHARobj:2452	HGNC:6149	ITGAM
CL:0002004	CD34-negative, GlyA-negative proerythroblast	CL:4030046	lacks_plasma_membrane_part	negative	False	PR:000001020	CD3 epsilon	CD3 (label); CD3E (exact); CD3e (exact)	UniProtKB:P07766	UniProtKB:P22646	IUPHARobj:2742	HGNC:1674	CD3E
CL:0002004	CD34-negative, GlyA-negative proerythroblast	CL:4030046	lacks_plasma_membrane_part	negative	False	PR:000001024	neural cell adhesion molecule 1	CD56 (exact)	UniProtKB:P13591	UniProtKB:P13595	IUPHARobj:2769	HGNC:7656	NCAM1
CL:0002004	CD34-negative, GlyA-negative proerythroblast	CL:4030046	lacks_plasma_membrane_part	negative	False	PR:000001083	CD2 molecule	CD2 (label)	UniProtKB:P06729	UniProtKB:P08920	IUPHARobj:2600; PIRSF:PIRSF001984	HGNC:1639	CD2
CL:0002004	CD34-negative, GlyA-negative proerythroblast	CL:4030046	lacks_plasma_membrane_part	negative	False	PR:000001084	T-cell surface glycoprotein CD8 alpha chain	CD8 (label); CD8A (exact); CD8a (exact)	UniProtKB:P01732	UniProtKB:P01731		HGNC:1706	CD8A
CL:0002004	CD34-negative, GlyA-negative proerythroblast	CL:4030046	lacks_plasma_membrane_part	negative	False	PR:000001289	membrane-spanning 4-domains subfamily A member 1	CD20 (exact)	UniProtKB:P11836	UniProtKB:P19437	PIRSF:PIRSF001995; IUPHARobj:2628	HGNC:7315	MS4A1
CL:0002004	CD34-negative, GlyA-negative proerythroblast	CL:4030046	lacks_plasma_membrane_part	negative	True	PR:000001460	glycophorin-A	CD235a (exact)	UniProtKB:P02724			HGNC:4702	GYPA
CL:0002004	CD34-negative, GlyA-negative proerythroblast	CL:4030046	lacks_plasma_membrane_part	negative	False	PR:000001839	T-cell surface glycoprotein CD5	CD5 (label)	UniProtKB:P06127	UniProtKB:P13379		HGNC:1685	CD5
CL:0002004	CD34-negative, GlyA-negative proerythroblast	CL:4030046	lacks_plasma_membrane_part	negative	False	PR:000001889	CD14 molecule	CD14 (label)	UniProtKB:P08571	UniProtKB:P10810	PIRSF:PIRSF002017	HGNC:1628	CD14
CL:0002004	CD34-negative, GlyA-negative proerythroblast	CL:4030046	lacks_plasma_membrane_part	negative	False	PR:000002978	lymphocyte antigen 6G			UniProtKB:P35461			
CL:0002004	CD34-negative, GlyA-negative proerythroblast	RO:0002104	has plasma membrane part	positive	False	PR:000001945	transferrin receptor protein 1	CD71 (exact)	UniProtKB:P02786	UniProtKB:Q62351		HGNC:11763	TFRC
CL:0002005	CD34-positive, CD38-positive megakaryocyte erythroid progenitor cell	CL:4030046	lacks_plasma_membrane_part	negative	False	PR:000001006	receptor-type tyrosine-protein phosphatase C	CD45 (related)	UniProtKB:P08575	UniProtKB:P06800	IUPHARobj:1852; PIRSF:PIRSF002004	HGNC:9666	PTPRC
CL:0002005	CD34-positive, CD38-positive megakaryocyte erythroid progenitor cell	CL:4030046	lacks_plasma_membrane_part	negative	True	PR:000001015	receptor-type tyrosine-protein phosphatase C isoform CD45RA	CD45RA (label)	UniProtKB:P08575-8				
CL:0002005	CD34-positive, CD38-positive megakaryocyte erythroid progenitor cell	CL:4030046	lacks_plasma_membrane_part	negative	True	PR:000001865	interleukin-3 receptor class 2 alpha chain	CD123 (exact)	UniProtKB:P26951	UniProtKB:P26952	IUPHARobj:1705	HGNC:6012	IL3RA
CL:0002005	CD34-positive, CD38-positive megakaryocyte erythroid progenitor cell	RO:0002104	has plasma membrane part	positive	True	PR:000001003	CD34 molecule	CD34 (label)	UniProtKB:P28906	UniProtKB:Q64314	PIRSF:PIRSF028749	HGNC:1662	CD34
CL:0002005	CD34-positive, CD38-positive megakaryocyte erythroid progenitor cell	RO:0002104	has plasma membrane part	positive	True	PR:000001408	ADP-ribosyl cyclase/cyclic ADP-ribose hydrolase 1	CD38 (exact)	UniProtKB:P28907	UniProtKB:P56528	IUPHARobj:2766	HGNC:1667	CD38
CL:0002006	Kit-positive, CD34-negative megakaryocyte erythroid progenitor cell	CL:4030046	lacks_plasma_membrane_part	negative	True	PR:000001003	CD34 molecule	CD34 (label)	UniProtKB:P28906	UniProtKB:Q64314	PIRSF:PIRSF028749	HGNC:1662	CD34
CL:0002006	Kit-positive, CD34-negative megakaryocyte erythroid progenitor cell	CL:4030046	lacks_plasma_membrane_part	negative	True	PR:000001479	low affinity immunoglobulin gamma Fc region receptor II	CD32 (broad)		UniProtKB:P08101			
CL:0002006	Kit-positive, CD34-negative megakaryocyte erythroid progenitor cell	CL:4030046	lacks_plasma_membrane_part	negative	True	PR:000001843	Thy-1 membrane glycoprotein	CD90 (exact); CDw90 (exact)	UniProtKB:P04216	UniProtKB:P01831	PIRSF:PIRSF038777	HGNC:11801	THY1
CL:0002006	Kit-positive, CD34-negative megakaryocyte erythroid progenitor cell	CL:4030046	lacks_plasma_membrane_part	negative	True	PR:000001869	interleukin-7 receptor subunit alpha	CD127 (exact); CDw127 (exact)	UniProtKB:P16871	UniProtKB:P16872	IUPHARobj:1698; PIRSF:PIRSF001960	HGNC:6024	IL7R
CL:0002006	Kit-positive, CD34-negative megakaryocyte erythroid progenitor cell	CL:4030046	lacks_plasma_membrane_part	negative	True	PR:000002979	lymphocyte antigen 6A-2/6E-1			UniProtKB:P05533			
CL:0002006	Kit-positive, CD34-negative megakaryocyte erythroid progenitor cell	RO:0002104	has plasma membrane part	positive	True	PR:000002065	mast/stem cell growth factor receptor	CD117 (exact)	UniProtKB:P10721	UniProtKB:P05532	IUPHARobj:1805; PIRSF:PIRSF500951	HGNC:6342	KIT
CL:0002007	Kit-low, CD34-positive eosinophil progenitor cell	RO:0015016	has low plasma membrane amount	low	True	PR:000002065	mast/stem cell growth factor receptor	CD117 (exact)	UniProtKB:P10721	UniProtKB:P05532	IUPHARobj:1805; PIRSF:PIRSF500951	HGNC:6342	KIT
CL:0002007	Kit-low, CD34-positive eosinophil progenitor cell	CL:4030046	lacks_plasma_membrane_part	negative	False	PR:000001002	CD19 molecule	CD19 (label)	UniProtKB:P15391	UniProtKB:P25918	IUPHARobj:2764; PIRSF:PIRSF016630	HGNC:1633	CD19
CL:0002007	Kit-low, CD34-positive eosinophil progenitor cell	CL:4030046	lacks_plasma_membrane_part	negative	False	PR:000001004	CD4 molecule	CD4 (label)	UniProtKB:P01730	UniProtKB:P06332	PIRSF:PIRSF001977	HGNC:1678	CD4
CL:0002007	Kit-low, CD34-positive eosinophil progenitor cell	CL:4030046	lacks_plasma_membrane_part	negative	False	PR:000001012	integrin alpha-M	CD11 (exact); CD11B (related); CD11b (exact)	UniProtKB:P11215	UniProtKB:P05555	IUPHARobj:2452	HGNC:6149	ITGAM
CL:0002007	Kit-low, CD34-positive eosinophil progenitor cell	CL:4030046	lacks_plasma_membrane_part	negative	False	PR:000001020	CD3 epsilon	CD3 (label); CD3E (exact); CD3e (exact)	UniProtKB:P07766	UniProtKB:P22646	IUPHARobj:2742	HGNC:1674	CD3E
CL:0002007	Kit-low, CD34-positive eosinophil progenitor cell	CL:4030046	lacks_plasma_membrane_part	negative	False	PR:000001024	neural cell adhesion molecule 1	CD56 (exact)	UniProtKB:P13591	UniProtKB:P13595	IUPHARobj:2769	HGNC:7656	NCAM1
CL:0002007	Kit-low, CD34-positive eosinophil progenitor cell	CL:4030046	lacks_plasma_membrane_part	negative	False	PR:000001083	CD2 molecule	CD2 (label)	UniProtKB:P06729	UniProtKB:P08920	IUPHARobj:2600; PIRSF:PIRSF001984	HGNC:1639	CD2
CL:0002007	Kit-low, CD34-positive eosinophil progenitor cell	CL:4030046	lacks_plasma_membrane_part	negative	False	PR:000001084	T-cell surface glycoprotein CD8 alpha chain	CD8 (label); CD8A (exact); CD8a (exact)	UniProtKB:P01732	UniProtKB:P01731		HGNC:1706	CD8A
CL:0002007	Kit-low, CD34-positive eosinophil progenitor cell	CL:4030046	lacks_plasma_membrane_part	negative	False	PR:000001289	membrane-spanning 4-domains subfamily A member 1	CD20 (exact)	UniProtKB:P11836	UniProtKB:P19437	PIRSF:PIRSF001995; IUPHARobj:2628	HGNC:7315	MS4A1
CL:0002007	Kit-low, CD34-positive eosinophil progenitor cell	CL:4030046	lacks_plasma_membrane_part	negative	False	PR:000001839	T-cell surface glycoprotein CD5	CD5 (label)	UniProtKB:P06127	UniProtKB:P13379		HGNC:1685	CD5
CL:0002007	Kit-low, CD34-positive eosinophil progenitor cell	CL:4030046	lacks_plasma_membrane_part	negative	False	PR:000001889	CD14 molecule	CD14 (label)	UniProtKB:P08571	UniProtKB:P10810	PIRSF:PIRSF002017	HGNC:1628	CD14
CL:0002007	Kit-low, CD34-positive eosinophil progenitor cell	CL:4030046	lacks_plasma_membrane_part	negative	False	PR:000002978	lymphocyte antigen 6G			UniProtKB:P35461			
CL:0002007	Kit-low, CD34-positive eosinophil progenitor cell	CL:4030046	lacks_plasma_membrane_part	negative	True	PR:000002979	lymphocyte antigen 6A-2/6E-1			UniProtKB:P05533			
CL:0002007	Kit-low, CD34-positive eosinophil progenitor cell	CL:4030046	lacks_plasma_membrane_part	negative	False	PR:000002981	lymphocyte antigen 76 (mouse)						
CL:0002007	Kit-low, CD34-positive eosinophil progenitor cell	RO:0002104	has plasma membrane part	positive	False	PR:000001003	CD34 molecule	CD34 (label)	UniProtKB:P28906	UniProtKB:Q64314	PIRSF:PIRSF028749	HGNC:1662	CD34
CL:0002007	Kit-low, CD34-positive eosinophil progenitor cell	RO:0002104	has plasma membrane part	positive	False	PR:000001408	ADP-ribosyl cyclase/cyclic ADP-ribose hydrolase 1	CD38 (exact)	UniProtKB:P28907	UniProtKB:P56528	IUPHARobj:2766	HGNC:1667	CD38
CL:0002007	Kit-low, CD34-positive eosinophil progenitor cell	RO:0002104	has plasma membrane part	positive	False	PR:000001865	interleukin-3 receptor class 2 alpha chain	CD123 (exact)	UniProtKB:P26951	UniProtKB:P26952	IUPHARobj:1705	HGNC:6012	IL3RA
CL:0002007	Kit-low, CD34-positive eosinophil progenitor cell	RO:0002104	has plasma membrane part	positive	False	PR:000001867	interleukin-5 receptor subunit alpha	CD125 (exact); CDw125 (exact)	UniProtKB:Q01344	UniProtKB:P21183	IUPHARobj:1706; PIRSF:PIRSF018419	HGNC:6017	IL5RA
CL:0002007	Kit-low, CD34-positive eosinophil progenitor cell	BFO:0000051	has part	positive	False	PR:000001944	transcription factor PU.1		UniProtKB:P17947	UniProtKB:P17433		HGNC:11241	SPI1
CL:0002007	Kit-low, CD34-positive eosinophil progenitor cell	BFO:0000051	has part	positive	False	PR:000005307	CCAAT/enhancer-binding protein alpha		UniProtKB:P49715	UniProtKB:P53566		HGNC:1833	CEBPA
CL:0002007	Kit-low, CD34-positive eosinophil progenitor cell	BFO:0000051	has part	positive	False	PR:000007857	erythroid transcription factor		UniProtKB:P15976	UniProtKB:P17679		HGNC:4170	GATA1
CL:0002008	CD34-positive, CD38-positive eosinophil progenitor cell	CL:4030046	lacks_plasma_membrane_part	negative	False	PR:000001002	CD19 molecule	CD19 (label)	UniProtKB:P15391	UniProtKB:P25918	IUPHARobj:2764; PIRSF:PIRSF016630	HGNC:1633	CD19
CL:0002008	CD34-positive, CD38-positive eosinophil progenitor cell	CL:4030046	lacks_plasma_membrane_part	negative	False	PR:000001004	CD4 molecule	CD4 (label)	UniProtKB:P01730	UniProtKB:P06332	PIRSF:PIRSF001977	HGNC:1678	CD4
CL:0002008	CD34-positive, CD38-positive eosinophil progenitor cell	CL:4030046	lacks_plasma_membrane_part	negative	False	PR:000001012	integrin alpha-M	CD11 (exact); CD11B (related); CD11b (exact)	UniProtKB:P11215	UniProtKB:P05555	IUPHARobj:2452	HGNC:6149	ITGAM
CL:0002008	CD34-positive, CD38-positive eosinophil progenitor cell	CL:4030046	lacks_plasma_membrane_part	negative	False	PR:000001020	CD3 epsilon	CD3 (label); CD3E (exact); CD3e (exact)	UniProtKB:P07766	UniProtKB:P22646	IUPHARobj:2742	HGNC:1674	CD3E
CL:0002008	CD34-positive, CD38-positive eosinophil progenitor cell	CL:4030046	lacks_plasma_membrane_part	negative	False	PR:000001024	neural cell adhesion molecule 1	CD56 (exact)	UniProtKB:P13591	UniProtKB:P13595	IUPHARobj:2769	HGNC:7656	NCAM1
CL:0002008	CD34-positive, CD38-positive eosinophil progenitor cell	CL:4030046	lacks_plasma_membrane_part	negative	False	PR:000001083	CD2 molecule	CD2 (label)	UniProtKB:P06729	UniProtKB:P08920	IUPHARobj:2600; PIRSF:PIRSF001984	HGNC:1639	CD2
CL:0002008	CD34-positive, CD38-positive eosinophil progenitor cell	CL:4030046	lacks_plasma_membrane_part	negative	False	PR:000001084	T-cell surface glycoprotein CD8 alpha chain	CD8 (label); CD8A (exact); CD8a (exact)	UniProtKB:P01732	UniProtKB:P01731		HGNC:1706	CD8A
CL:0002008	CD34-positive, CD38-positive eosinophil progenitor cell	CL:4030046	lacks_plasma_membrane_part	negative	False	PR:000001289	membrane-spanning 4-domains subfamily A member 1	CD20 (exact)	UniProtKB:P11836	UniProtKB:P19437	PIRSF:PIRSF001995; IUPHARobj:2628	HGNC:7315	MS4A1
CL:0002008	CD34-positive, CD38-positive eosinophil progenitor cell	CL:4030046	lacks_plasma_membrane_part	negative	False	PR:000001839	T-cell surface glycoprotein CD5	CD5 (label)	UniProtKB:P06127	UniProtKB:P13379		HGNC:1685	CD5
CL:0002008	CD34-positive, CD38-positive eosinophil progenitor cell	CL:4030046	lacks_plasma_membrane_part	negative	False	PR:000001889	CD14 molecule	CD14 (label)	UniProtKB:P08571	UniProtKB:P10810	PIRSF:PIRSF002017	HGNC:1628	CD14
CL:0002008	CD34-positive, CD38-positive eosinophil progenitor cell	CL:4030046	lacks_plasma_membrane_part	negative	False	PR:000002978	lymphocyte antigen 6G			UniProtKB:P35461			
CL:0002008	CD34-positive, CD38-positive eosinophil progenitor cell	CL:4030046	lacks_plasma_membrane_part	negative	False	PR:000002981	lymphocyte antigen 76 (mouse)						
CL:0002008	CD34-positive, CD38-positive eosinophil progenitor cell	RO:0002104	has plasma membrane part	positive	False	PR:000001003	CD34 molecule	CD34 (label)	UniProtKB:P28906	UniProtKB:Q64314	PIRSF:PIRSF028749	HGNC:1662	CD34
CL:0002008	CD34-positive, CD38-positive eosinophil progenitor cell	RO:0002104	has plasma membrane part	positive	False	PR:000001006	receptor-type tyrosine-protein phosphatase C	CD45 (related)	UniProtKB:P08575	UniProtKB:P06800	IUPHARobj:1852; PIRSF:PIRSF002004	HGNC:9666	PTPRC
CL:0002008	CD34-positive, CD38-positive eosinophil progenitor cell	RO:0002104	has plasma membrane part	positive	True	PR:000001015	receptor-type tyrosine-protein phosphatase C isoform CD45RA	CD45RA (label)	UniProtKB:P08575-8				
CL:0002008	CD34-positive, CD38-positive eosinophil progenitor cell	RO:0002104	has plasma membrane part	positive	False	PR:000001408	ADP-ribosyl cyclase/cyclic ADP-ribose hydrolase 1	CD38 (exact)	UniProtKB:P28907	UniProtKB:P56528	IUPHARobj:2766	HGNC:1667	CD38
CL:0002008	CD34-positive, CD38-positive eosinophil progenitor cell	RO:0002104	has plasma membrane part	positive	False	PR:000001865	interleukin-3 receptor class 2 alpha chain	CD123 (exact)	UniProtKB:P26951	UniProtKB:P26952	IUPHARobj:1705	HGNC:6012	IL3RA
CL:0002008	CD34-positive, CD38-positive eosinophil progenitor cell	RO:0002104	has plasma membrane part	positive	False	PR:000001867	interleukin-5 receptor subunit alpha	CD125 (exact); CDw125 (exact)	UniProtKB:Q01344	UniProtKB:P21183	IUPHARobj:1706; PIRSF:PIRSF018419	HGNC:6017	IL5RA
CL:0002008	CD34-positive, CD38-positive eosinophil progenitor cell	BFO:0000051	has part	positive	False	PR:000001944	transcription factor PU.1		UniProtKB:P17947	UniProtKB:P17433		HGNC:11241	SPI1
CL:0002008	CD34-positive, CD38-positive eosinophil progenitor cell	RO:0002104	has plasma membrane part	positive	False	PR:000002065	mast/stem cell growth factor receptor	CD117 (exact)	UniProtKB:P10721	UniProtKB:P05532	IUPHARobj:1805; PIRSF:PIRSF500951	HGNC:6342	KIT
CL:0002008	CD34-positive, CD38-positive eosinophil progenitor cell	BFO:0000051	has part	positive	False	PR:000005307	CCAAT/enhancer-binding protein alpha		UniProtKB:P49715	UniProtKB:P53566		HGNC:1833	CEBPA
CL:0002008	CD34-positive, CD38-positive eosinophil progenitor cell	BFO:0000051	has part	positive	False	PR:000007857	erythroid transcription factor		UniProtKB:P15976	UniProtKB:P17679		HGNC:4170	GATA1
CL:0002010	pre-conventional dendritic cell	CL:4030046	lacks_plasma_membrane_part	negative	True	PR:000001002	CD19 molecule	CD19 (label)	UniProtKB:P15391	UniProtKB:P25918	IUPHARobj:2764; PIRSF:PIRSF016630	HGNC:1633	CD19
CL:0002010	pre-conventional dendritic cell	CL:4030046	lacks_plasma_membrane_part	negative	True	PR:000001004	CD4 molecule	CD4 (label)	UniProtKB:P01730	UniProtKB:P06332	PIRSF:PIRSF001977	HGNC:1678	CD4
CL:0002010	pre-conventional dendritic cell	CL:4030046	lacks_plasma_membrane_part	negative	True	PR:000001012	integrin alpha-M	CD11 (exact); CD11B (related); CD11b (exact)	UniProtKB:P11215	UniProtKB:P05555	IUPHARobj:2452	HGNC:6149	ITGAM
CL:0002010	pre-conventional dendritic cell	CL:4030046	lacks_plasma_membrane_part	negative	True	PR:000001020	CD3 epsilon	CD3 (label); CD3E (exact); CD3e (exact)	UniProtKB:P07766	UniProtKB:P22646	IUPHARobj:2742	HGNC:1674	CD3E
CL:0002010	pre-conventional dendritic cell	CL:4030046	lacks_plasma_membrane_part	negative	True	PR:000001024	neural cell adhesion molecule 1	CD56 (exact)	UniProtKB:P13591	UniProtKB:P13595	IUPHARobj:2769	HGNC:7656	NCAM1
CL:0002010	pre-conventional dendritic cell	CL:4030046	lacks_plasma_membrane_part	negative	True	PR:000001083	CD2 molecule	CD2 (label)	UniProtKB:P06729	UniProtKB:P08920	IUPHARobj:2600; PIRSF:PIRSF001984	HGNC:1639	CD2
CL:0002010	pre-conventional dendritic cell	CL:4030046	lacks_plasma_membrane_part	negative	True	PR:000001084	T-cell surface glycoprotein CD8 alpha chain	CD8 (label); CD8A (exact); CD8a (exact)	UniProtKB:P01732	UniProtKB:P01731		HGNC:1706	CD8A
CL:0002010	pre-conventional dendritic cell	CL:4030046	lacks_plasma_membrane_part	negative	True	PR:000001289	membrane-spanning 4-domains subfamily A member 1	CD20 (exact)	UniProtKB:P11836	UniProtKB:P19437	PIRSF:PIRSF001995; IUPHARobj:2628	HGNC:7315	MS4A1
CL:0002010	pre-conventional dendritic cell	CL:4030046	lacks_plasma_membrane_part	negative	True	PR:000001839	T-cell surface glycoprotein CD5	CD5 (label)	UniProtKB:P06127	UniProtKB:P13379		HGNC:1685	CD5
CL:0002010	pre-conventional dendritic cell	CL:4030046	lacks_plasma_membrane_part	negative	True	PR:000001889	CD14 molecule	CD14 (label)	UniProtKB:P08571	UniProtKB:P10810	PIRSF:PIRSF002017	HGNC:1628	CD14
CL:0002010	pre-conventional dendritic cell	CL:4030046	lacks_plasma_membrane_part	negative	True	PR:000002978	lymphocyte antigen 6G			UniProtKB:P35461			
CL:0002010	pre-conventional dendritic cell	CL:4030046	lacks_plasma_membrane_part	negative	True	PR:000002981	lymphocyte antigen 76 (mouse)						
CL:0002010	pre-conventional dendritic cell	RO:0002104	has plasma membrane part	positive	True	PR:000001013	integrin alpha-X	CD11 (exact); CD11C (related); CD11c (exact)	UniProtKB:P20702	UniProtKB:Q9QXH4	IUPHARobj:2454	HGNC:6152	ITGAX
CL:0002010	pre-conventional dendritic cell	RO:0002104	has plasma membrane part	positive	True	PR:000001968	tyrosine-protein phosphatase non-receptor type substrate 1	CD172 (exact); CD172a (exact)	UniProtKB:P78324	UniProtKB:P97797	IUPHARobj:2942	HGNC:9662	SIRPA
CL:0002010	pre-conventional dendritic cell	RO:0002104	has plasma membrane part	positive	True	PR:000002001	receptor-type tyrosine-protein kinase FLT3	CD135 (related)	UniProtKB:P36888	UniProtKB:Q00342	IUPHARobj:1807; PIRSF:PIRSF500949	HGNC:3765	FLT3
CL:0002011	Kit-positive macrophage dendritic cell progenitor	RO:0015015	has high plasma membrane amount	high	True	PR:000002065	mast/stem cell growth factor receptor	CD117 (exact)	UniProtKB:P10721	UniProtKB:P05532	IUPHARobj:1805; PIRSF:PIRSF500951	HGNC:6342	KIT
CL:0002011	Kit-positive macrophage dendritic cell progenitor	RO:0002104	has plasma membrane part	positive	True	PR:000001206	CX3C chemokine receptor 1		UniProtKB:P49238	UniProtKB:Q9Z0D9	IUPHARobj:74; PIRSF:PIRSF501025	HGNC:2558	CX3CR1
CL:0002011	Kit-positive macrophage dendritic cell progenitor	RO:0002104	has plasma membrane part	positive	True	PR:000002001	receptor-type tyrosine-protein kinase FLT3	CD135 (related)	UniProtKB:P36888	UniProtKB:Q00342	IUPHARobj:1807; PIRSF:PIRSF500949	HGNC:3765	FLT3
CL:0002011	Kit-positive macrophage dendritic cell progenitor	RO:0002104	has plasma membrane part	positive	True	PR:000002062	macrophage colony-stimulating factor 1 receptor	CD115 (exact)	UniProtKB:P07333	UniProtKB:P09581	IUPHARobj:1806; PIRSF:PIRSF500947	HGNC:2433	CSF1R
CL:0002012	Kit-low proerythroblast	RO:0015015	has high plasma membrane amount	high	True	PR:000001945	transferrin receptor protein 1	CD71 (exact)	UniProtKB:P02786	UniProtKB:Q62351		HGNC:11763	TFRC
CL:0002012	Kit-low proerythroblast	RO:0015016	has low plasma membrane amount	low	True	PR:000002065	mast/stem cell growth factor receptor	CD117 (exact)	UniProtKB:P10721	UniProtKB:P05532	IUPHARobj:1805; PIRSF:PIRSF500951	HGNC:6342	KIT
CL:0002012	Kit-low proerythroblast	CL:4030046	lacks_plasma_membrane_part	negative	False	PR:000001002	CD19 molecule	CD19 (label)	UniProtKB:P15391	UniProtKB:P25918	IUPHARobj:2764; PIRSF:PIRSF016630	HGNC:1633	CD19
CL:0002012	Kit-low proerythroblast	CL:4030046	lacks_plasma_membrane_part	negative	False	PR:000001004	CD4 molecule	CD4 (label)	UniProtKB:P01730	UniProtKB:P06332	PIRSF:PIRSF001977	HGNC:1678	CD4
CL:0002012	Kit-low proerythroblast	CL:4030046	lacks_plasma_membrane_part	negative	False	PR:000001012	integrin alpha-M	CD11 (exact); CD11B (related); CD11b (exact)	UniProtKB:P11215	UniProtKB:P05555	IUPHARobj:2452	HGNC:6149	ITGAM
CL:0002012	Kit-low proerythroblast	CL:4030046	lacks_plasma_membrane_part	negative	False	PR:000001020	CD3 epsilon	CD3 (label); CD3E (exact); CD3e (exact)	UniProtKB:P07766	UniProtKB:P22646	IUPHARobj:2742	HGNC:1674	CD3E
CL:0002012	Kit-low proerythroblast	CL:4030046	lacks_plasma_membrane_part	negative	False	PR:000001024	neural cell adhesion molecule 1	CD56 (exact)	UniProtKB:P13591	UniProtKB:P13595	IUPHARobj:2769	HGNC:7656	NCAM1
CL:0002012	Kit-low proerythroblast	CL:4030046	lacks_plasma_membrane_part	negative	False	PR:000001083	CD2 molecule	CD2 (label)	UniProtKB:P06729	UniProtKB:P08920	IUPHARobj:2600; PIRSF:PIRSF001984	HGNC:1639	CD2
CL:0002012	Kit-low proerythroblast	CL:4030046	lacks_plasma_membrane_part	negative	False	PR:000001084	T-cell surface glycoprotein CD8 alpha chain	CD8 (label); CD8A (exact); CD8a (exact)	UniProtKB:P01732	UniProtKB:P01731		HGNC:1706	CD8A
CL:0002012	Kit-low proerythroblast	CL:4030046	lacks_plasma_membrane_part	negative	False	PR:000001289	membrane-spanning 4-domains subfamily A member 1	CD20 (exact)	UniProtKB:P11836	UniProtKB:P19437	PIRSF:PIRSF001995; IUPHARobj:2628	HGNC:7315	MS4A1
CL:0002012	Kit-low proerythroblast	CL:4030046	lacks_plasma_membrane_part	negative	False	PR:000001839	T-cell surface glycoprotein CD5	CD5 (label)	UniProtKB:P06127	UniProtKB:P13379		HGNC:1685	CD5
CL:0002012	Kit-low proerythroblast	CL:4030046	lacks_plasma_membrane_part	negative	True	PR:000001869	interleukin-7 receptor subunit alpha	CD127 (exact); CDw127 (exact)	UniProtKB:P16871	UniProtKB:P16872	IUPHARobj:1698; PIRSF:PIRSF001960	HGNC:6024	IL7R
CL:0002012	Kit-low proerythroblast	CL:4030046	lacks_plasma_membrane_part	negative	False	PR:000001889	CD14 molecule	CD14 (label)	UniProtKB:P08571	UniProtKB:P10810	PIRSF:PIRSF002017	HGNC:1628	CD14
CL:0002012	Kit-low proerythroblast	CL:4030046	lacks_plasma_membrane_part	negative	False	PR:000002978	lymphocyte antigen 6G			UniProtKB:P35461			
CL:0002012	Kit-low proerythroblast	CL:4030046	lacks_plasma_membrane_part	negative	True	PR:000002979	lymphocyte antigen 6A-2/6E-1			UniProtKB:P05533			
CL:0002012	Kit-low proerythroblast	RO:0002104	has plasma membrane part	positive	True	PR:000002981	lymphocyte antigen 76 (mouse)						
CL:0002013	GlyA-positive basophilic erythroblast	CL:4030046	lacks_plasma_membrane_part	negative	False	PR:000001002	CD19 molecule	CD19 (label)	UniProtKB:P15391	UniProtKB:P25918	IUPHARobj:2764; PIRSF:PIRSF016630	HGNC:1633	CD19
CL:0002013	GlyA-positive basophilic erythroblast	CL:4030046	lacks_plasma_membrane_part	negative	True	PR:000001003	CD34 molecule	CD34 (label)	UniProtKB:P28906	UniProtKB:Q64314	PIRSF:PIRSF028749	HGNC:1662	CD34
CL:0002013	GlyA-positive basophilic erythroblast	CL:4030046	lacks_plasma_membrane_part	negative	False	PR:000001004	CD4 molecule	CD4 (label)	UniProtKB:P01730	UniProtKB:P06332	PIRSF:PIRSF001977	HGNC:1678	CD4
CL:0002013	GlyA-positive basophilic erythroblast	CL:4030046	lacks_plasma_membrane_part	negative	False	PR:000001012	integrin alpha-M	CD11 (exact); CD11B (related); CD11b (exact)	UniProtKB:P11215	UniProtKB:P05555	IUPHARobj:2452	HGNC:6149	ITGAM
CL:0002013	GlyA-positive basophilic erythroblast	CL:4030046	lacks_plasma_membrane_part	negative	False	PR:000001020	CD3 epsilon	CD3 (label); CD3E (exact); CD3e (exact)	UniProtKB:P07766	UniProtKB:P22646	IUPHARobj:2742	HGNC:1674	CD3E
CL:0002013	GlyA-positive basophilic erythroblast	CL:4030046	lacks_plasma_membrane_part	negative	False	PR:000001024	neural cell adhesion molecule 1	CD56 (exact)	UniProtKB:P13591	UniProtKB:P13595	IUPHARobj:2769	HGNC:7656	NCAM1
CL:0002013	GlyA-positive basophilic erythroblast	CL:4030046	lacks_plasma_membrane_part	negative	False	PR:000001083	CD2 molecule	CD2 (label)	UniProtKB:P06729	UniProtKB:P08920	IUPHARobj:2600; PIRSF:PIRSF001984	HGNC:1639	CD2
CL:0002013	GlyA-positive basophilic erythroblast	CL:4030046	lacks_plasma_membrane_part	negative	False	PR:000001084	T-cell surface glycoprotein CD8 alpha chain	CD8 (label); CD8A (exact); CD8a (exact)	UniProtKB:P01732	UniProtKB:P01731		HGNC:1706	CD8A
CL:0002013	GlyA-positive basophilic erythroblast	CL:4030046	lacks_plasma_membrane_part	negative	False	PR:000001289	membrane-spanning 4-domains subfamily A member 1	CD20 (exact)	UniProtKB:P11836	UniProtKB:P19437	PIRSF:PIRSF001995; IUPHARobj:2628	HGNC:7315	MS4A1
CL:0002013	GlyA-positive basophilic erythroblast	CL:4030046	lacks_plasma_membrane_part	negative	False	PR:000001839	T-cell surface glycoprotein CD5	CD5 (label)	UniProtKB:P06127	UniProtKB:P13379		HGNC:1685	CD5
CL:0002013	GlyA-positive basophilic erythroblast	CL:4030046	lacks_plasma_membrane_part	negative	False	PR:000001889	CD14 molecule	CD14 (label)	UniProtKB:P08571	UniProtKB:P10810	PIRSF:PIRSF002017	HGNC:1628	CD14
CL:0002013	GlyA-positive basophilic erythroblast	CL:4030046	lacks_plasma_membrane_part	negative	False	PR:000002978	lymphocyte antigen 6G			UniProtKB:P35461			
CL:0002013	GlyA-positive basophilic erythroblast	RO:0002104	has plasma membrane part	positive	True	PR:000001460	glycophorin-A	CD235a (exact)	UniProtKB:P02724			HGNC:4702	GYPA
CL:0002013	GlyA-positive basophilic erythroblast	RO:0002104	has plasma membrane part	positive	False	PR:000001945	transferrin receptor protein 1	CD71 (exact)	UniProtKB:P02786	UniProtKB:Q62351		HGNC:11763	TFRC
CL:0002014	Kit-negative, Ly-76 high basophilic erythroblast	RO:0015015	has high plasma membrane amount	high	True	PR:000002981	lymphocyte antigen 76 (mouse)						
CL:0002014	Kit-negative, Ly-76 high basophilic erythroblast	CL:4030046	lacks_plasma_membrane_part	negative	False	PR:000001002	CD19 molecule	CD19 (label)	UniProtKB:P15391	UniProtKB:P25918	IUPHARobj:2764; PIRSF:PIRSF016630	HGNC:1633	CD19
CL:0002014	Kit-negative, Ly-76 high basophilic erythroblast	CL:4030046	lacks_plasma_membrane_part	negative	False	PR:000001004	CD4 molecule	CD4 (label)	UniProtKB:P01730	UniProtKB:P06332	PIRSF:PIRSF001977	HGNC:1678	CD4
CL:0002014	Kit-negative, Ly-76 high basophilic erythroblast	CL:4030046	lacks_plasma_membrane_part	negative	False	PR:000001012	integrin alpha-M	CD11 (exact); CD11B (related); CD11b (exact)	UniProtKB:P11215	UniProtKB:P05555	IUPHARobj:2452	HGNC:6149	ITGAM
CL:0002014	Kit-negative, Ly-76 high basophilic erythroblast	CL:4030046	lacks_plasma_membrane_part	negative	False	PR:000001020	CD3 epsilon	CD3 (label); CD3E (exact); CD3e (exact)	UniProtKB:P07766	UniProtKB:P22646	IUPHARobj:2742	HGNC:1674	CD3E
CL:0002014	Kit-negative, Ly-76 high basophilic erythroblast	CL:4030046	lacks_plasma_membrane_part	negative	False	PR:000001024	neural cell adhesion molecule 1	CD56 (exact)	UniProtKB:P13591	UniProtKB:P13595	IUPHARobj:2769	HGNC:7656	NCAM1
CL:0002014	Kit-negative, Ly-76 high basophilic erythroblast	CL:4030046	lacks_plasma_membrane_part	negative	False	PR:000001083	CD2 molecule	CD2 (label)	UniProtKB:P06729	UniProtKB:P08920	IUPHARobj:2600; PIRSF:PIRSF001984	HGNC:1639	CD2
CL:0002014	Kit-negative, Ly-76 high basophilic erythroblast	CL:4030046	lacks_plasma_membrane_part	negative	False	PR:000001084	T-cell surface glycoprotein CD8 alpha chain	CD8 (label); CD8A (exact); CD8a (exact)	UniProtKB:P01732	UniProtKB:P01731		HGNC:1706	CD8A
CL:0002014	Kit-negative, Ly-76 high basophilic erythroblast	CL:4030046	lacks_plasma_membrane_part	negative	False	PR:000001289	membrane-spanning 4-domains subfamily A member 1	CD20 (exact)	UniProtKB:P11836	UniProtKB:P19437	PIRSF:PIRSF001995; IUPHARobj:2628	HGNC:7315	MS4A1
CL:0002014	Kit-negative, Ly-76 high basophilic erythroblast	CL:4030046	lacks_plasma_membrane_part	negative	False	PR:000001839	T-cell surface glycoprotein CD5	CD5 (label)	UniProtKB:P06127	UniProtKB:P13379		HGNC:1685	CD5
CL:0002014	Kit-negative, Ly-76 high basophilic erythroblast	CL:4030046	lacks_plasma_membrane_part	negative	True	PR:000001869	interleukin-7 receptor subunit alpha	CD127 (exact); CDw127 (exact)	UniProtKB:P16871	UniProtKB:P16872	IUPHARobj:1698; PIRSF:PIRSF001960	HGNC:6024	IL7R
CL:0002014	Kit-negative, Ly-76 high basophilic erythroblast	CL:4030046	lacks_plasma_membrane_part	negative	False	PR:000001889	CD14 molecule	CD14 (label)	UniProtKB:P08571	UniProtKB:P10810	PIRSF:PIRSF002017	HGNC:1628	CD14
CL:0002014	Kit-negative, Ly-76 high basophilic erythroblast	CL:4030046	lacks_plasma_membrane_part	negative	True	PR:000002065	mast/stem cell growth factor receptor	CD117 (exact)	UniProtKB:P10721	UniProtKB:P05532	IUPHARobj:1805; PIRSF:PIRSF500951	HGNC:6342	KIT
CL:0002014	Kit-negative, Ly-76 high basophilic erythroblast	CL:4030046	lacks_plasma_membrane_part	negative	False	PR:000002978	lymphocyte antigen 6G			UniProtKB:P35461			
CL:0002014	Kit-negative, Ly-76 high basophilic erythroblast	CL:4030046	lacks_plasma_membrane_part	negative	True	PR:000002979	lymphocyte antigen 6A-2/6E-1			UniProtKB:P05533			
CL:0002014	Kit-negative, Ly-76 high basophilic erythroblast	RO:0002104	has plasma membrane part	positive	False	PR:000001945	transferrin receptor protein 1	CD71 (exact)	UniProtKB:P02786	UniProtKB:Q62351		HGNC:11763	TFRC
CL:0002015	Kit-negative, Ly-76 high polychromatophilic erythroblast	RO:0015015	has high plasma membrane amount	high	True	PR:000002981	lymphocyte antigen 76 (mouse)						
CL:0002015	Kit-negative, Ly-76 high polychromatophilic erythroblast	CL:4030046	lacks_plasma_membrane_part	negative	False	PR:000001002	CD19 molecule	CD19 (label)	UniProtKB:P15391	UniProtKB:P25918	IUPHARobj:2764; PIRSF:PIRSF016630	HGNC:1633	CD19
CL:0002015	Kit-negative, Ly-76 high polychromatophilic erythroblast	CL:4030046	lacks_plasma_membrane_part	negative	False	PR:000001004	CD4 molecule	CD4 (label)	UniProtKB:P01730	UniProtKB:P06332	PIRSF:PIRSF001977	HGNC:1678	CD4
CL:0002015	Kit-negative, Ly-76 high polychromatophilic erythroblast	CL:4030046	lacks_plasma_membrane_part	negative	False	PR:000001012	integrin alpha-M	CD11 (exact); CD11B (related); CD11b (exact)	UniProtKB:P11215	UniProtKB:P05555	IUPHARobj:2452	HGNC:6149	ITGAM
CL:0002015	Kit-negative, Ly-76 high polychromatophilic erythroblast	CL:4030046	lacks_plasma_membrane_part	negative	False	PR:000001020	CD3 epsilon	CD3 (label); CD3E (exact); CD3e (exact)	UniProtKB:P07766	UniProtKB:P22646	IUPHARobj:2742	HGNC:1674	CD3E
CL:0002015	Kit-negative, Ly-76 high polychromatophilic erythroblast	CL:4030046	lacks_plasma_membrane_part	negative	False	PR:000001024	neural cell adhesion molecule 1	CD56 (exact)	UniProtKB:P13591	UniProtKB:P13595	IUPHARobj:2769	HGNC:7656	NCAM1
CL:0002015	Kit-negative, Ly-76 high polychromatophilic erythroblast	CL:4030046	lacks_plasma_membrane_part	negative	False	PR:000001083	CD2 molecule	CD2 (label)	UniProtKB:P06729	UniProtKB:P08920	IUPHARobj:2600; PIRSF:PIRSF001984	HGNC:1639	CD2
CL:0002015	Kit-negative, Ly-76 high polychromatophilic erythroblast	CL:4030046	lacks_plasma_membrane_part	negative	False	PR:000001084	T-cell surface glycoprotein CD8 alpha chain	CD8 (label); CD8A (exact); CD8a (exact)	UniProtKB:P01732	UniProtKB:P01731		HGNC:1706	CD8A
CL:0002015	Kit-negative, Ly-76 high polychromatophilic erythroblast	CL:4030046	lacks_plasma_membrane_part	negative	False	PR:000001289	membrane-spanning 4-domains subfamily A member 1	CD20 (exact)	UniProtKB:P11836	UniProtKB:P19437	PIRSF:PIRSF001995; IUPHARobj:2628	HGNC:7315	MS4A1
CL:0002015	Kit-negative, Ly-76 high polychromatophilic erythroblast	CL:4030046	lacks_plasma_membrane_part	negative	False	PR:000001839	T-cell surface glycoprotein CD5	CD5 (label)	UniProtKB:P06127	UniProtKB:P13379		HGNC:1685	CD5
CL:0002015	Kit-negative, Ly-76 high polychromatophilic erythroblast	CL:4030046	lacks_plasma_membrane_part	negative	True	PR:000001869	interleukin-7 receptor subunit alpha	CD127 (exact); CDw127 (exact)	UniProtKB:P16871	UniProtKB:P16872	IUPHARobj:1698; PIRSF:PIRSF001960	HGNC:6024	IL7R
CL:0002015	Kit-negative, Ly-76 high polychromatophilic erythroblast	CL:4030046	lacks_plasma_membrane_part	negative	False	PR:000001889	CD14 molecule	CD14 (label)	UniProtKB:P08571	UniProtKB:P10810	PIRSF:PIRSF002017	HGNC:1628	CD14
CL:0002015	Kit-negative, Ly-76 high polychromatophilic erythroblast	CL:4030046	lacks_plasma_membrane_part	negative	True	PR:000002065	mast/stem cell growth factor receptor	CD117 (exact)	UniProtKB:P10721	UniProtKB:P05532	IUPHARobj:1805; PIRSF:PIRSF500951	HGNC:6342	KIT
CL:0002015	Kit-negative, Ly-76 high polychromatophilic erythroblast	CL:4030046	lacks_plasma_membrane_part	negative	False	PR:000002978	lymphocyte antigen 6G			UniProtKB:P35461			
CL:0002015	Kit-negative, Ly-76 high polychromatophilic erythroblast	CL:4030046	lacks_plasma_membrane_part	negative	True	PR:000002979	lymphocyte antigen 6A-2/6E-1			UniProtKB:P05533			
CL:0002015	Kit-negative, Ly-76 high polychromatophilic erythroblast	RO:0002104	has plasma membrane part	positive	False	PR:000001945	transferrin receptor protein 1	CD71 (exact)	UniProtKB:P02786	UniProtKB:Q62351		HGNC:11763	TFRC
CL:0002016	CD71-low, GlyA-positive polychromatic erythroblast	RO:0015016	has low plasma membrane amount	low	True	PR:000001945	transferrin receptor protein 1	CD71 (exact)	UniProtKB:P02786	UniProtKB:Q62351		HGNC:11763	TFRC
CL:0002016	CD71-low, GlyA-positive polychromatic erythroblast	CL:4030046	lacks_plasma_membrane_part	negative	False	PR:000001002	CD19 molecule	CD19 (label)	UniProtKB:P15391	UniProtKB:P25918	IUPHARobj:2764; PIRSF:PIRSF016630	HGNC:1633	CD19
CL:0002016	CD71-low, GlyA-positive polychromatic erythroblast	CL:4030046	lacks_plasma_membrane_part	negative	False	PR:000001004	CD4 molecule	CD4 (label)	UniProtKB:P01730	UniProtKB:P06332	PIRSF:PIRSF001977	HGNC:1678	CD4
CL:0002016	CD71-low, GlyA-positive polychromatic erythroblast	CL:4030046	lacks_plasma_membrane_part	negative	False	PR:000001012	integrin alpha-M	CD11 (exact); CD11B (related); CD11b (exact)	UniProtKB:P11215	UniProtKB:P05555	IUPHARobj:2452	HGNC:6149	ITGAM
CL:0002016	CD71-low, GlyA-positive polychromatic erythroblast	CL:4030046	lacks_plasma_membrane_part	negative	False	PR:000001020	CD3 epsilon	CD3 (label); CD3E (exact); CD3e (exact)	UniProtKB:P07766	UniProtKB:P22646	IUPHARobj:2742	HGNC:1674	CD3E
CL:0002016	CD71-low, GlyA-positive polychromatic erythroblast	CL:4030046	lacks_plasma_membrane_part	negative	False	PR:000001024	neural cell adhesion molecule 1	CD56 (exact)	UniProtKB:P13591	UniProtKB:P13595	IUPHARobj:2769	HGNC:7656	NCAM1
CL:0002016	CD71-low, GlyA-positive polychromatic erythroblast	CL:4030046	lacks_plasma_membrane_part	negative	False	PR:000001083	CD2 molecule	CD2 (label)	UniProtKB:P06729	UniProtKB:P08920	IUPHARobj:2600; PIRSF:PIRSF001984	HGNC:1639	CD2
CL:0002016	CD71-low, GlyA-positive polychromatic erythroblast	CL:4030046	lacks_plasma_membrane_part	negative	False	PR:000001084	T-cell surface glycoprotein CD8 alpha chain	CD8 (label); CD8A (exact); CD8a (exact)	UniProtKB:P01732	UniProtKB:P01731		HGNC:1706	CD8A
CL:0002016	CD71-low, GlyA-positive polychromatic erythroblast	CL:4030046	lacks_plasma_membrane_part	negative	False	PR:000001289	membrane-spanning 4-domains subfamily A member 1	CD20 (exact)	UniProtKB:P11836	UniProtKB:P19437	PIRSF:PIRSF001995; IUPHARobj:2628	HGNC:7315	MS4A1
CL:0002016	CD71-low, GlyA-positive polychromatic erythroblast	CL:4030046	lacks_plasma_membrane_part	negative	False	PR:000001839	T-cell surface glycoprotein CD5	CD5 (label)	UniProtKB:P06127	UniProtKB:P13379		HGNC:1685	CD5
CL:0002016	CD71-low, GlyA-positive polychromatic erythroblast	CL:4030046	lacks_plasma_membrane_part	negative	False	PR:000001889	CD14 molecule	CD14 (label)	UniProtKB:P08571	UniProtKB:P10810	PIRSF:PIRSF002017	HGNC:1628	CD14
CL:0002016	CD71-low, GlyA-positive polychromatic erythroblast	CL:4030046	lacks_plasma_membrane_part	negative	False	PR:000002978	lymphocyte antigen 6G			UniProtKB:P35461			
CL:0002016	CD71-low, GlyA-positive polychromatic erythroblast	RO:0002104	has plasma membrane part	positive	True	PR:000001460	glycophorin-A	CD235a (exact)	UniProtKB:P02724			HGNC:4702	GYPA
CL:0002017	Kit-negative, Ly-76 high orthochromatophilic erythroblasts	RO:0015015	has high plasma membrane amount	high	True	PR:000002981	lymphocyte antigen 76 (mouse)						
CL:0002017	Kit-negative, Ly-76 high orthochromatophilic erythroblasts	RO:0015016	has low plasma membrane amount	low	True	PR:000001945	transferrin receptor protein 1	CD71 (exact)	UniProtKB:P02786	UniProtKB:Q62351		HGNC:11763	TFRC
CL:0002017	Kit-negative, Ly-76 high orthochromatophilic erythroblasts	CL:4030046	lacks_plasma_membrane_part	negative	False	PR:000001002	CD19 molecule	CD19 (label)	UniProtKB:P15391	UniProtKB:P25918	IUPHARobj:2764; PIRSF:PIRSF016630	HGNC:1633	CD19
CL:0002017	Kit-negative, Ly-76 high orthochromatophilic erythroblasts	CL:4030046	lacks_plasma_membrane_part	negative	False	PR:000001004	CD4 molecule	CD4 (label)	UniProtKB:P01730	UniProtKB:P06332	PIRSF:PIRSF001977	HGNC:1678	CD4
CL:0002017	Kit-negative, Ly-76 high orthochromatophilic erythroblasts	CL:4030046	lacks_plasma_membrane_part	negative	False	PR:000001012	integrin alpha-M	CD11 (exact); CD11B (related); CD11b (exact)	UniProtKB:P11215	UniProtKB:P05555	IUPHARobj:2452	HGNC:6149	ITGAM
CL:0002017	Kit-negative, Ly-76 high orthochromatophilic erythroblasts	CL:4030046	lacks_plasma_membrane_part	negative	False	PR:000001020	CD3 epsilon	CD3 (label); CD3E (exact); CD3e (exact)	UniProtKB:P07766	UniProtKB:P22646	IUPHARobj:2742	HGNC:1674	CD3E
CL:0002017	Kit-negative, Ly-76 high orthochromatophilic erythroblasts	CL:4030046	lacks_plasma_membrane_part	negative	False	PR:000001024	neural cell adhesion molecule 1	CD56 (exact)	UniProtKB:P13591	UniProtKB:P13595	IUPHARobj:2769	HGNC:7656	NCAM1
CL:0002017	Kit-negative, Ly-76 high orthochromatophilic erythroblasts	CL:4030046	lacks_plasma_membrane_part	negative	False	PR:000001083	CD2 molecule	CD2 (label)	UniProtKB:P06729	UniProtKB:P08920	IUPHARobj:2600; PIRSF:PIRSF001984	HGNC:1639	CD2
CL:0002017	Kit-negative, Ly-76 high orthochromatophilic erythroblasts	CL:4030046	lacks_plasma_membrane_part	negative	False	PR:000001084	T-cell surface glycoprotein CD8 alpha chain	CD8 (label); CD8A (exact); CD8a (exact)	UniProtKB:P01732	UniProtKB:P01731		HGNC:1706	CD8A
CL:0002017	Kit-negative, Ly-76 high orthochromatophilic erythroblasts	CL:4030046	lacks_plasma_membrane_part	negative	False	PR:000001289	membrane-spanning 4-domains subfamily A member 1	CD20 (exact)	UniProtKB:P11836	UniProtKB:P19437	PIRSF:PIRSF001995; IUPHARobj:2628	HGNC:7315	MS4A1
CL:0002017	Kit-negative, Ly-76 high orthochromatophilic erythroblasts	CL:4030046	lacks_plasma_membrane_part	negative	False	PR:000001839	T-cell surface glycoprotein CD5	CD5 (label)	UniProtKB:P06127	UniProtKB:P13379		HGNC:1685	CD5
CL:0002017	Kit-negative, Ly-76 high orthochromatophilic erythroblasts	CL:4030046	lacks_plasma_membrane_part	negative	True	PR:000001869	interleukin-7 receptor subunit alpha	CD127 (exact); CDw127 (exact)	UniProtKB:P16871	UniProtKB:P16872	IUPHARobj:1698; PIRSF:PIRSF001960	HGNC:6024	IL7R
CL:0002017	Kit-negative, Ly-76 high orthochromatophilic erythroblasts	CL:4030046	lacks_plasma_membrane_part	negative	False	PR:000001889	CD14 molecule	CD14 (label)	UniProtKB:P08571	UniProtKB:P10810	PIRSF:PIRSF002017	HGNC:1628	CD14
CL:0002017	Kit-negative, Ly-76 high orthochromatophilic erythroblasts	CL:4030046	lacks_plasma_membrane_part	negative	True	PR:000002065	mast/stem cell growth factor receptor	CD117 (exact)	UniProtKB:P10721	UniProtKB:P05532	IUPHARobj:1805; PIRSF:PIRSF500951	HGNC:6342	KIT
CL:0002017	Kit-negative, Ly-76 high orthochromatophilic erythroblasts	CL:4030046	lacks_plasma_membrane_part	negative	False	PR:000002978	lymphocyte antigen 6G			UniProtKB:P35461			
CL:0002017	Kit-negative, Ly-76 high orthochromatophilic erythroblasts	CL:4030046	lacks_plasma_membrane_part	negative	True	PR:000002979	lymphocyte antigen 6A-2/6E-1			UniProtKB:P05533			
CL:0002018	CD71-negative, GlyA-positive orthochromatic erythroblast	CL:4030046	lacks_plasma_membrane_part	negative	False	PR:000001002	CD19 molecule	CD19 (label)	UniProtKB:P15391	UniProtKB:P25918	IUPHARobj:2764; PIRSF:PIRSF016630	HGNC:1633	CD19
CL:0002018	CD71-negative, GlyA-positive orthochromatic erythroblast	CL:4030046	lacks_plasma_membrane_part	negative	False	PR:000001004	CD4 molecule	CD4 (label)	UniProtKB:P01730	UniProtKB:P06332	PIRSF:PIRSF001977	HGNC:1678	CD4
CL:0002018	CD71-negative, GlyA-positive orthochromatic erythroblast	CL:4030046	lacks_plasma_membrane_part	negative	False	PR:000001012	integrin alpha-M	CD11 (exact); CD11B (related); CD11b (exact)	UniProtKB:P11215	UniProtKB:P05555	IUPHARobj:2452	HGNC:6149	ITGAM
CL:0002018	CD71-negative, GlyA-positive orthochromatic erythroblast	CL:4030046	lacks_plasma_membrane_part	negative	False	PR:000001020	CD3 epsilon	CD3 (label); CD3E (exact); CD3e (exact)	UniProtKB:P07766	UniProtKB:P22646	IUPHARobj:2742	HGNC:1674	CD3E
CL:0002018	CD71-negative, GlyA-positive orthochromatic erythroblast	CL:4030046	lacks_plasma_membrane_part	negative	False	PR:000001024	neural cell adhesion molecule 1	CD56 (exact)	UniProtKB:P13591	UniProtKB:P13595	IUPHARobj:2769	HGNC:7656	NCAM1
CL:0002018	CD71-negative, GlyA-positive orthochromatic erythroblast	CL:4030046	lacks_plasma_membrane_part	negative	False	PR:000001083	CD2 molecule	CD2 (label)	UniProtKB:P06729	UniProtKB:P08920	IUPHARobj:2600; PIRSF:PIRSF001984	HGNC:1639	CD2
CL:0002018	CD71-negative, GlyA-positive orthochromatic erythroblast	CL:4030046	lacks_plasma_membrane_part	negative	False	PR:000001084	T-cell surface glycoprotein CD8 alpha chain	CD8 (label); CD8A (exact); CD8a (exact)	UniProtKB:P01732	UniProtKB:P01731		HGNC:1706	CD8A
CL:0002018	CD71-negative, GlyA-positive orthochromatic erythroblast	CL:4030046	lacks_plasma_membrane_part	negative	False	PR:000001289	membrane-spanning 4-domains subfamily A member 1	CD20 (exact)	UniProtKB:P11836	UniProtKB:P19437	PIRSF:PIRSF001995; IUPHARobj:2628	HGNC:7315	MS4A1
CL:0002018	CD71-negative, GlyA-positive orthochromatic erythroblast	CL:4030046	lacks_plasma_membrane_part	negative	False	PR:000001839	T-cell surface glycoprotein CD5	CD5 (label)	UniProtKB:P06127	UniProtKB:P13379		HGNC:1685	CD5
CL:0002018	CD71-negative, GlyA-positive orthochromatic erythroblast	CL:4030046	lacks_plasma_membrane_part	negative	False	PR:000001889	CD14 molecule	CD14 (label)	UniProtKB:P08571	UniProtKB:P10810	PIRSF:PIRSF002017	HGNC:1628	CD14
CL:0002018	CD71-negative, GlyA-positive orthochromatic erythroblast	CL:4030046	lacks_plasma_membrane_part	negative	True	PR:000001945	transferrin receptor protein 1	CD71 (exact)	UniProtKB:P02786	UniProtKB:Q62351		HGNC:11763	TFRC
CL:0002018	CD71-negative, GlyA-positive orthochromatic erythroblast	CL:4030046	lacks_plasma_membrane_part	negative	False	PR:000002978	lymphocyte antigen 6G			UniProtKB:P35461			
CL:0002018	CD71-negative, GlyA-positive orthochromatic erythroblast	RO:0002104	has plasma membrane part	positive	True	PR:000001460	glycophorin-A	CD235a (exact)	UniProtKB:P02724			HGNC:4702	GYPA
CL:0002019	Ly-76 high reticulocyte	RO:0015015	has high plasma membrane amount	high	True	PR:000002981	lymphocyte antigen 76 (mouse)						
CL:0002019	Ly-76 high reticulocyte	CL:4030046	lacks_plasma_membrane_part	negative	False	PR:000001002	CD19 molecule	CD19 (label)	UniProtKB:P15391	UniProtKB:P25918	IUPHARobj:2764; PIRSF:PIRSF016630	HGNC:1633	CD19
CL:0002019	Ly-76 high reticulocyte	CL:4030046	lacks_plasma_membrane_part	negative	False	PR:000001004	CD4 molecule	CD4 (label)	UniProtKB:P01730	UniProtKB:P06332	PIRSF:PIRSF001977	HGNC:1678	CD4
CL:0002019	Ly-76 high reticulocyte	CL:4030046	lacks_plasma_membrane_part	negative	False	PR:000001012	integrin alpha-M	CD11 (exact); CD11B (related); CD11b (exact)	UniProtKB:P11215	UniProtKB:P05555	IUPHARobj:2452	HGNC:6149	ITGAM
CL:0002019	Ly-76 high reticulocyte	CL:4030046	lacks_plasma_membrane_part	negative	False	PR:000001020	CD3 epsilon	CD3 (label); CD3E (exact); CD3e (exact)	UniProtKB:P07766	UniProtKB:P22646	IUPHARobj:2742	HGNC:1674	CD3E
CL:0002019	Ly-76 high reticulocyte	CL:4030046	lacks_plasma_membrane_part	negative	False	PR:000001024	neural cell adhesion molecule 1	CD56 (exact)	UniProtKB:P13591	UniProtKB:P13595	IUPHARobj:2769	HGNC:7656	NCAM1
CL:0002019	Ly-76 high reticulocyte	CL:4030046	lacks_plasma_membrane_part	negative	False	PR:000001083	CD2 molecule	CD2 (label)	UniProtKB:P06729	UniProtKB:P08920	IUPHARobj:2600; PIRSF:PIRSF001984	HGNC:1639	CD2
CL:0002019	Ly-76 high reticulocyte	CL:4030046	lacks_plasma_membrane_part	negative	False	PR:000001084	T-cell surface glycoprotein CD8 alpha chain	CD8 (label); CD8A (exact); CD8a (exact)	UniProtKB:P01732	UniProtKB:P01731		HGNC:1706	CD8A
CL:0002019	Ly-76 high reticulocyte	CL:4030046	lacks_plasma_membrane_part	negative	False	PR:000001289	membrane-spanning 4-domains subfamily A member 1	CD20 (exact)	UniProtKB:P11836	UniProtKB:P19437	PIRSF:PIRSF001995; IUPHARobj:2628	HGNC:7315	MS4A1
CL:0002019	Ly-76 high reticulocyte	CL:4030046	lacks_plasma_membrane_part	negative	False	PR:000001839	T-cell surface glycoprotein CD5	CD5 (label)	UniProtKB:P06127	UniProtKB:P13379		HGNC:1685	CD5
CL:0002019	Ly-76 high reticulocyte	CL:4030046	lacks_plasma_membrane_part	negative	False	PR:000001889	CD14 molecule	CD14 (label)	UniProtKB:P08571	UniProtKB:P10810	PIRSF:PIRSF002017	HGNC:1628	CD14
CL:0002019	Ly-76 high reticulocyte	CL:4030046	lacks_plasma_membrane_part	negative	False	PR:000002978	lymphocyte antigen 6G			UniProtKB:P35461			
CL:0002019	Ly-76 high reticulocyte	RO:0002104	has plasma membrane part	positive	False	PR:000001945	transferrin receptor protein 1	CD71 (exact)	UniProtKB:P02786	UniProtKB:Q62351		HGNC:11763	TFRC
CL:0002020	GlyA-positive reticulocytes	CL:4030046	lacks_plasma_membrane_part	negative	False	PR:000001002	CD19 molecule	CD19 (label)	UniProtKB:P15391	UniProtKB:P25918	IUPHARobj:2764; PIRSF:PIRSF016630	HGNC:1633	CD19
CL:0002020	GlyA-positive reticulocytes	CL:4030046	lacks_plasma_membrane_part	negative	False	PR:000001004	CD4 molecule	CD4 (label)	UniProtKB:P01730	UniProtKB:P06332	PIRSF:PIRSF001977	HGNC:1678	CD4
CL:0002020	GlyA-positive reticulocytes	CL:4030046	lacks_plasma_membrane_part	negative	False	PR:000001012	integrin alpha-M	CD11 (exact); CD11B (related); CD11b (exact)	UniProtKB:P11215	UniProtKB:P05555	IUPHARobj:2452	HGNC:6149	ITGAM
CL:0002020	GlyA-positive reticulocytes	CL:4030046	lacks_plasma_membrane_part	negative	False	PR:000001020	CD3 epsilon	CD3 (label); CD3E (exact); CD3e (exact)	UniProtKB:P07766	UniProtKB:P22646	IUPHARobj:2742	HGNC:1674	CD3E
CL:0002020	GlyA-positive reticulocytes	CL:4030046	lacks_plasma_membrane_part	negative	False	PR:000001024	neural cell adhesion molecule 1	CD56 (exact)	UniProtKB:P13591	UniProtKB:P13595	IUPHARobj:2769	HGNC:7656	NCAM1
CL:0002020	GlyA-positive reticulocytes	CL:4030046	lacks_plasma_membrane_part	negative	False	PR:000001083	CD2 molecule	CD2 (label)	UniProtKB:P06729	UniProtKB:P08920	IUPHARobj:2600; PIRSF:PIRSF001984	HGNC:1639	CD2
CL:0002020	GlyA-positive reticulocytes	CL:4030046	lacks_plasma_membrane_part	negative	False	PR:000001084	T-cell surface glycoprotein CD8 alpha chain	CD8 (label); CD8A (exact); CD8a (exact)	UniProtKB:P01732	UniProtKB:P01731		HGNC:1706	CD8A
CL:0002020	GlyA-positive reticulocytes	CL:4030046	lacks_plasma_membrane_part	negative	False	PR:000001289	membrane-spanning 4-domains subfamily A member 1	CD20 (exact)	UniProtKB:P11836	UniProtKB:P19437	PIRSF:PIRSF001995; IUPHARobj:2628	HGNC:7315	MS4A1
CL:0002020	GlyA-positive reticulocytes	CL:4030046	lacks_plasma_membrane_part	negative	False	PR:000001839	T-cell surface glycoprotein CD5	CD5 (label)	UniProtKB:P06127	UniProtKB:P13379		HGNC:1685	CD5
CL:0002020	GlyA-positive reticulocytes	CL:4030046	lacks_plasma_membrane_part	negative	False	PR:000001889	CD14 molecule	CD14 (label)	UniProtKB:P08571	UniProtKB:P10810	PIRSF:PIRSF002017	HGNC:1628	CD14
CL:0002020	GlyA-positive reticulocytes	CL:4030046	lacks_plasma_membrane_part	negative	False	PR:000002978	lymphocyte antigen 6G			UniProtKB:P35461			
CL:0002020	GlyA-positive reticulocytes	RO:0002104	has plasma membrane part	positive	True	PR:000001460	glycophorin-A	CD235a (exact)	UniProtKB:P02724			HGNC:4702	GYPA
CL:0002020	GlyA-positive reticulocytes	RO:0002104	has plasma membrane part	positive	False	PR:000001945	transferrin receptor protein 1	CD71 (exact)	UniProtKB:P02786	UniProtKB:Q62351		HGNC:11763	TFRC
CL:0002021	GlyA-positive erythrocyte	CL:4030046	lacks_plasma_membrane_part	negative	False	PR:000001945	transferrin receptor protein 1	CD71 (exact)	UniProtKB:P02786	UniProtKB:Q62351		HGNC:11763	TFRC
CL:0002021	GlyA-positive erythrocyte	RO:0002104	has plasma membrane part	positive	True	PR:000001460	glycophorin-A	CD235a (exact)	UniProtKB:P02724			HGNC:4702	GYPA
CL:0002022	Ly-76 high positive erythrocyte	RO:0015015	has high plasma membrane amount	high	True	PR:000002981	lymphocyte antigen 76 (mouse)						
CL:0002022	Ly-76 high positive erythrocyte	CL:4030046	lacks_plasma_membrane_part	negative	False	PR:000001945	transferrin receptor protein 1	CD71 (exact)	UniProtKB:P02786	UniProtKB:Q62351		HGNC:11763	TFRC
CL:0002023	CD34-positive, CD41-positive, CD42-positive megakaryocyte progenitor cell	CL:4030046	lacks_plasma_membrane_part	negative	False	PR:000001002	CD19 molecule	CD19 (label)	UniProtKB:P15391	UniProtKB:P25918	IUPHARobj:2764; PIRSF:PIRSF016630	HGNC:1633	CD19
CL:0002023	CD34-positive, CD41-positive, CD42-positive megakaryocyte progenitor cell	CL:4030046	lacks_plasma_membrane_part	negative	False	PR:000001004	CD4 molecule	CD4 (label)	UniProtKB:P01730	UniProtKB:P06332	PIRSF:PIRSF001977	HGNC:1678	CD4
CL:0002023	CD34-positive, CD41-positive, CD42-positive megakaryocyte progenitor cell	CL:4030046	lacks_plasma_membrane_part	negative	False	PR:000001012	integrin alpha-M	CD11 (exact); CD11B (related); CD11b (exact)	UniProtKB:P11215	UniProtKB:P05555	IUPHARobj:2452	HGNC:6149	ITGAM
CL:0002023	CD34-positive, CD41-positive, CD42-positive megakaryocyte progenitor cell	CL:4030046	lacks_plasma_membrane_part	negative	False	PR:000001020	CD3 epsilon	CD3 (label); CD3E (exact); CD3e (exact)	UniProtKB:P07766	UniProtKB:P22646	IUPHARobj:2742	HGNC:1674	CD3E
CL:0002023	CD34-positive, CD41-positive, CD42-positive megakaryocyte progenitor cell	CL:4030046	lacks_plasma_membrane_part	negative	False	PR:000001024	neural cell adhesion molecule 1	CD56 (exact)	UniProtKB:P13591	UniProtKB:P13595	IUPHARobj:2769	HGNC:7656	NCAM1
CL:0002023	CD34-positive, CD41-positive, CD42-positive megakaryocyte progenitor cell	CL:4030046	lacks_plasma_membrane_part	negative	False	PR:000001083	CD2 molecule	CD2 (label)	UniProtKB:P06729	UniProtKB:P08920	IUPHARobj:2600; PIRSF:PIRSF001984	HGNC:1639	CD2
CL:0002023	CD34-positive, CD41-positive, CD42-positive megakaryocyte progenitor cell	CL:4030046	lacks_plasma_membrane_part	negative	False	PR:000001084	T-cell surface glycoprotein CD8 alpha chain	CD8 (label); CD8A (exact); CD8a (exact)	UniProtKB:P01732	UniProtKB:P01731		HGNC:1706	CD8A
CL:0002023	CD34-positive, CD41-positive, CD42-positive megakaryocyte progenitor cell	CL:4030046	lacks_plasma_membrane_part	negative	False	PR:000001289	membrane-spanning 4-domains subfamily A member 1	CD20 (exact)	UniProtKB:P11836	UniProtKB:P19437	PIRSF:PIRSF001995; IUPHARobj:2628	HGNC:7315	MS4A1
CL:0002023	CD34-positive, CD41-positive, CD42-positive megakaryocyte progenitor cell	CL:4030046	lacks_plasma_membrane_part	negative	False	PR:000001839	T-cell surface glycoprotein CD5	CD5 (label)	UniProtKB:P06127	UniProtKB:P13379		HGNC:1685	CD5
CL:0002023	CD34-positive, CD41-positive, CD42-positive megakaryocyte progenitor cell	CL:4030046	lacks_plasma_membrane_part	negative	False	PR:000001889	CD14 molecule	CD14 (label)	UniProtKB:P08571	UniProtKB:P10810	PIRSF:PIRSF002017	HGNC:1628	CD14
CL:0002023	CD34-positive, CD41-positive, CD42-positive megakaryocyte progenitor cell	CL:4030046	lacks_plasma_membrane_part	negative	False	PR:000002978	lymphocyte antigen 6G			UniProtKB:P35461			
CL:0002023	CD34-positive, CD41-positive, CD42-positive megakaryocyte progenitor cell	CL:4030046	lacks_plasma_membrane_part	negative	False	PR:000002981	lymphocyte antigen 76 (mouse)						
CL:0002023	CD34-positive, CD41-positive, CD42-positive megakaryocyte progenitor cell	RO:0002104	has plasma membrane part	positive	True	PR:000001003	CD34 molecule	CD34 (label)	UniProtKB:P28906	UniProtKB:Q64314	PIRSF:PIRSF028749	HGNC:1662	CD34
CL:0002023	CD34-positive, CD41-positive, CD42-positive megakaryocyte progenitor cell	RO:0002104	has plasma membrane part	positive	True	PR:000001907	platelet glycoprotein Ib alpha chain	CD42b (exact)	UniProtKB:P07359	UniProtKB:O35930	PIRSF:PIRSF002493	HGNC:4439	GP1BA
CL:0002023	CD34-positive, CD41-positive, CD42-positive megakaryocyte progenitor cell	RO:0002104	has plasma membrane part	positive	True	PR:000009127	integrin alpha-IIb	CD41 (exact)	UniProtKB:P08514	UniProtKB:Q9QUM0	IUPHARobj:2441	HGNC:6138	ITGA2B
CL:0002024	Kit-positive megakaryocyte progenitor cell	RO:0015016	has low plasma membrane amount	low	True	PR:000001479	low affinity immunoglobulin gamma Fc region receptor II	CD32 (broad)		UniProtKB:P08101			
CL:0002024	Kit-positive megakaryocyte progenitor cell	RO:0015016	has low plasma membrane amount	low	True	PR:000001483	low affinity immunoglobulin gamma Fc region receptor III	CD16 (exact)		UniProtKB:P08508			
CL:0002024	Kit-positive megakaryocyte progenitor cell	CL:4030046	lacks_plasma_membrane_part	negative	False	PR:000001002	CD19 molecule	CD19 (label)	UniProtKB:P15391	UniProtKB:P25918	IUPHARobj:2764; PIRSF:PIRSF016630	HGNC:1633	CD19
CL:0002024	Kit-positive megakaryocyte progenitor cell	CL:4030046	lacks_plasma_membrane_part	negative	False	PR:000001004	CD4 molecule	CD4 (label)	UniProtKB:P01730	UniProtKB:P06332	PIRSF:PIRSF001977	HGNC:1678	CD4
CL:0002024	Kit-positive megakaryocyte progenitor cell	CL:4030046	lacks_plasma_membrane_part	negative	False	PR:000001012	integrin alpha-M	CD11 (exact); CD11B (related); CD11b (exact)	UniProtKB:P11215	UniProtKB:P05555	IUPHARobj:2452	HGNC:6149	ITGAM
CL:0002024	Kit-positive megakaryocyte progenitor cell	CL:4030046	lacks_plasma_membrane_part	negative	False	PR:000001020	CD3 epsilon	CD3 (label); CD3E (exact); CD3e (exact)	UniProtKB:P07766	UniProtKB:P22646	IUPHARobj:2742	HGNC:1674	CD3E
CL:0002024	Kit-positive megakaryocyte progenitor cell	CL:4030046	lacks_plasma_membrane_part	negative	False	PR:000001024	neural cell adhesion molecule 1	CD56 (exact)	UniProtKB:P13591	UniProtKB:P13595	IUPHARobj:2769	HGNC:7656	NCAM1
CL:0002024	Kit-positive megakaryocyte progenitor cell	CL:4030046	lacks_plasma_membrane_part	negative	False	PR:000001083	CD2 molecule	CD2 (label)	UniProtKB:P06729	UniProtKB:P08920	IUPHARobj:2600; PIRSF:PIRSF001984	HGNC:1639	CD2
CL:0002024	Kit-positive megakaryocyte progenitor cell	CL:4030046	lacks_plasma_membrane_part	negative	False	PR:000001084	T-cell surface glycoprotein CD8 alpha chain	CD8 (label); CD8A (exact); CD8a (exact)	UniProtKB:P01732	UniProtKB:P01731		HGNC:1706	CD8A
CL:0002024	Kit-positive megakaryocyte progenitor cell	CL:4030046	lacks_plasma_membrane_part	negative	False	PR:000001289	membrane-spanning 4-domains subfamily A member 1	CD20 (exact)	UniProtKB:P11836	UniProtKB:P19437	PIRSF:PIRSF001995; IUPHARobj:2628	HGNC:7315	MS4A1
CL:0002024	Kit-positive megakaryocyte progenitor cell	CL:4030046	lacks_plasma_membrane_part	negative	True	PR:000001833	SLAM family member 1	CD150 (exact); CDw150 (exact)	UniProtKB:Q13291	UniProtKB:Q9QUM4		HGNC:10903	SLAMF1
CL:0002024	Kit-positive megakaryocyte progenitor cell	CL:4030046	lacks_plasma_membrane_part	negative	False	PR:000001839	T-cell surface glycoprotein CD5	CD5 (label)	UniProtKB:P06127	UniProtKB:P13379		HGNC:1685	CD5
CL:0002024	Kit-positive megakaryocyte progenitor cell	CL:4030046	lacks_plasma_membrane_part	negative	True	PR:000001869	interleukin-7 receptor subunit alpha	CD127 (exact); CDw127 (exact)	UniProtKB:P16871	UniProtKB:P16872	IUPHARobj:1698; PIRSF:PIRSF001960	HGNC:6024	IL7R
CL:0002024	Kit-positive megakaryocyte progenitor cell	CL:4030046	lacks_plasma_membrane_part	negative	False	PR:000001889	CD14 molecule	CD14 (label)	UniProtKB:P08571	UniProtKB:P10810	PIRSF:PIRSF002017	HGNC:1628	CD14
CL:0002024	Kit-positive megakaryocyte progenitor cell	CL:4030046	lacks_plasma_membrane_part	negative	False	PR:000002978	lymphocyte antigen 6G			UniProtKB:P35461			
CL:0002024	Kit-positive megakaryocyte progenitor cell	CL:4030046	lacks_plasma_membrane_part	negative	True	PR:000002979	lymphocyte antigen 6A-2/6E-1			UniProtKB:P05533			
CL:0002024	Kit-positive megakaryocyte progenitor cell	CL:4030046	lacks_plasma_membrane_part	negative	False	PR:000002981	lymphocyte antigen 76 (mouse)						
CL:0002024	Kit-positive megakaryocyte progenitor cell	RO:0002104	has plasma membrane part	positive	True	PR:000002065	mast/stem cell growth factor receptor	CD117 (exact)	UniProtKB:P10721	UniProtKB:P05532	IUPHARobj:1805; PIRSF:PIRSF500951	HGNC:6342	KIT
CL:0002024	Kit-positive megakaryocyte progenitor cell	RO:0002104	has plasma membrane part	positive	True	PR:000005178	CD9 molecule	CD9 (label)	UniProtKB:P21926	UniProtKB:P40240		HGNC:1709	CD9
CL:0002025	CD34-positive, CD41-positive, CD42-negative megakaryocyte progenitor cell	CL:4030046	lacks_plasma_membrane_part	negative	False	PR:000001002	CD19 molecule	CD19 (label)	UniProtKB:P15391	UniProtKB:P25918	IUPHARobj:2764; PIRSF:PIRSF016630	HGNC:1633	CD19
CL:0002025	CD34-positive, CD41-positive, CD42-negative megakaryocyte progenitor cell	CL:4030046	lacks_plasma_membrane_part	negative	False	PR:000001004	CD4 molecule	CD4 (label)	UniProtKB:P01730	UniProtKB:P06332	PIRSF:PIRSF001977	HGNC:1678	CD4
CL:0002025	CD34-positive, CD41-positive, CD42-negative megakaryocyte progenitor cell	CL:4030046	lacks_plasma_membrane_part	negative	False	PR:000001012	integrin alpha-M	CD11 (exact); CD11B (related); CD11b (exact)	UniProtKB:P11215	UniProtKB:P05555	IUPHARobj:2452	HGNC:6149	ITGAM
CL:0002025	CD34-positive, CD41-positive, CD42-negative megakaryocyte progenitor cell	CL:4030046	lacks_plasma_membrane_part	negative	False	PR:000001020	CD3 epsilon	CD3 (label); CD3E (exact); CD3e (exact)	UniProtKB:P07766	UniProtKB:P22646	IUPHARobj:2742	HGNC:1674	CD3E
CL:0002025	CD34-positive, CD41-positive, CD42-negative megakaryocyte progenitor cell	CL:4030046	lacks_plasma_membrane_part	negative	False	PR:000001024	neural cell adhesion molecule 1	CD56 (exact)	UniProtKB:P13591	UniProtKB:P13595	IUPHARobj:2769	HGNC:7656	NCAM1
CL:0002025	CD34-positive, CD41-positive, CD42-negative megakaryocyte progenitor cell	CL:4030046	lacks_plasma_membrane_part	negative	False	PR:000001083	CD2 molecule	CD2 (label)	UniProtKB:P06729	UniProtKB:P08920	IUPHARobj:2600; PIRSF:PIRSF001984	HGNC:1639	CD2
CL:0002025	CD34-positive, CD41-positive, CD42-negative megakaryocyte progenitor cell	CL:4030046	lacks_plasma_membrane_part	negative	False	PR:000001084	T-cell surface glycoprotein CD8 alpha chain	CD8 (label); CD8A (exact); CD8a (exact)	UniProtKB:P01732	UniProtKB:P01731		HGNC:1706	CD8A
CL:0002025	CD34-positive, CD41-positive, CD42-negative megakaryocyte progenitor cell	CL:4030046	lacks_plasma_membrane_part	negative	False	PR:000001289	membrane-spanning 4-domains subfamily A member 1	CD20 (exact)	UniProtKB:P11836	UniProtKB:P19437	PIRSF:PIRSF001995; IUPHARobj:2628	HGNC:7315	MS4A1
CL:0002025	CD34-positive, CD41-positive, CD42-negative megakaryocyte progenitor cell	CL:4030046	lacks_plasma_membrane_part	negative	False	PR:000001839	T-cell surface glycoprotein CD5	CD5 (label)	UniProtKB:P06127	UniProtKB:P13379		HGNC:1685	CD5
CL:0002025	CD34-positive, CD41-positive, CD42-negative megakaryocyte progenitor cell	CL:4030046	lacks_plasma_membrane_part	negative	False	PR:000001889	CD14 molecule	CD14 (label)	UniProtKB:P08571	UniProtKB:P10810	PIRSF:PIRSF002017	HGNC:1628	CD14
CL:0002025	CD34-positive, CD41-positive, CD42-negative megakaryocyte progenitor cell	CL:4030046	lacks_plasma_membrane_part	negative	True	PR:000001907	platelet glycoprotein Ib alpha chain	CD42b (exact)	UniProtKB:P07359	UniProtKB:O35930	PIRSF:PIRSF002493	HGNC:4439	GP1BA
CL:0002025	CD34-positive, CD41-positive, CD42-negative megakaryocyte progenitor cell	CL:4030046	lacks_plasma_membrane_part	negative	False	PR:000002978	lymphocyte antigen 6G			UniProtKB:P35461			
CL:0002025	CD34-positive, CD41-positive, CD42-negative megakaryocyte progenitor cell	CL:4030046	lacks_plasma_membrane_part	negative	False	PR:000002981	lymphocyte antigen 76 (mouse)						
CL:0002025	CD34-positive, CD41-positive, CD42-negative megakaryocyte progenitor cell	RO:0002104	has plasma membrane part	positive	True	PR:000001003	CD34 molecule	CD34 (label)	UniProtKB:P28906	UniProtKB:Q64314	PIRSF:PIRSF028749	HGNC:1662	CD34
CL:0002025	CD34-positive, CD41-positive, CD42-negative megakaryocyte progenitor cell	RO:0002104	has plasma membrane part	positive	True	PR:000009127	integrin alpha-IIb	CD41 (exact)	UniProtKB:P08514	UniProtKB:Q9QUM0	IUPHARobj:2441	HGNC:6138	ITGA2B
CL:0002026	CD34-negative, CD41-positive, CD42-positive megakaryocyte cell	CL:4030046	lacks_plasma_membrane_part	negative	True	PR:000001003	CD34 molecule	CD34 (label)	UniProtKB:P28906	UniProtKB:Q64314	PIRSF:PIRSF028749	HGNC:1662	CD34
CL:0002026	CD34-negative, CD41-positive, CD42-positive megakaryocyte cell	RO:0002104	has plasma membrane part	positive	True	PR:000001907	platelet glycoprotein Ib alpha chain	CD42b (exact)	UniProtKB:P07359	UniProtKB:O35930	PIRSF:PIRSF002493	HGNC:4439	GP1BA
CL:0002026	CD34-negative, CD41-positive, CD42-positive megakaryocyte cell	RO:0002104	has plasma membrane part	positive	True	PR:000009127	integrin alpha-IIb	CD41 (exact)	UniProtKB:P08514	UniProtKB:Q9QUM0	IUPHARobj:2441	HGNC:6138	ITGA2B
CL:0002027	CD9-positive, CD41-positive megakaryocyte cell	RO:0002104	has plasma membrane part	positive	True	PR:000005178	CD9 molecule	CD9 (label)	UniProtKB:P21926	UniProtKB:P40240		HGNC:1709	CD9
CL:0002027	CD9-positive, CD41-positive megakaryocyte cell	RO:0002104	has plasma membrane part	positive	True	PR:000009127	integrin alpha-IIb	CD41 (exact)	UniProtKB:P08514	UniProtKB:Q9QUM0	IUPHARobj:2441	HGNC:6138	ITGA2B
CL:0002028	basophil mast progenitor cell	CL:4030046	lacks_plasma_membrane_part	negative	True	PR:000007431	high affinity immunoglobulin epsilon receptor subunit alpha		UniProtKB:P12319	UniProtKB:P20489	IUPHARobj:2933	HGNC:3609	FCER1A
CL:0002028	basophil mast progenitor cell	CL:4030046	lacks_plasma_membrane_part	negative	True	PR:000016401	transmembrane emp24 domain-containing protein 1		UniProtKB:Q13445	UniProtKB:Q3V009		HGNC:17291	TMED1
CL:0002028	basophil mast progenitor cell	RO:0002104	has plasma membrane part	positive	True	PR:000001867	interleukin-5 receptor subunit alpha	CD125 (exact); CDw125 (exact)	UniProtKB:Q01344	UniProtKB:P21183	IUPHARobj:1706; PIRSF:PIRSF018419	HGNC:6017	IL5RA
CL:0002028	basophil mast progenitor cell	BFO:0000051	has part	positive	True	PR:000005307	CCAAT/enhancer-binding protein alpha		UniProtKB:P49715	UniProtKB:P53566		HGNC:1833	CEBPA
CL:0002028	basophil mast progenitor cell	BFO:0000051	has part	positive	True	PR:000007857	erythroid transcription factor		UniProtKB:P15976	UniProtKB:P17679		HGNC:4170	GATA1
CL:0002028	basophil mast progenitor cell	BFO:0000051	has part	positive	True	PR:000007858	endothelial transcription factor GATA-2		UniProtKB:P23769	UniProtKB:O09100		HGNC:4171	GATA2
CL:0002029	Fc-epsilon RIalpha-low mast cell progenitor	RO:0015015	has high plasma membrane amount	high	False	PR:000009143	integrin beta-7		UniProtKB:P26010	UniProtKB:P26011	IUPHARobj:2461	HGNC:6162	ITGB7
CL:0002029	Fc-epsilon RIalpha-low mast cell progenitor	RO:0015016	has low plasma membrane amount	low	False	PR:000002065	mast/stem cell growth factor receptor	CD117 (exact)	UniProtKB:P10721	UniProtKB:P05532	IUPHARobj:1805; PIRSF:PIRSF500951	HGNC:6342	KIT
CL:0002029	Fc-epsilon RIalpha-low mast cell progenitor	RO:0015016	has low plasma membrane amount	low	False	PR:000007431	high affinity immunoglobulin epsilon receptor subunit alpha		UniProtKB:P12319	UniProtKB:P20489	IUPHARobj:2933	HGNC:3609	FCER1A
CL:0002029	Fc-epsilon RIalpha-low mast cell progenitor	CL:4030046	lacks_plasma_membrane_part	negative	False	PR:000001002	CD19 molecule	CD19 (label)	UniProtKB:P15391	UniProtKB:P25918	IUPHARobj:2764; PIRSF:PIRSF016630	HGNC:1633	CD19
CL:0002029	Fc-epsilon RIalpha-low mast cell progenitor	CL:4030046	lacks_plasma_membrane_part	negative	False	PR:000001004	CD4 molecule	CD4 (label)	UniProtKB:P01730	UniProtKB:P06332	PIRSF:PIRSF001977	HGNC:1678	CD4
CL:0002029	Fc-epsilon RIalpha-low mast cell progenitor	CL:4030046	lacks_plasma_membrane_part	negative	False	PR:000001012	integrin alpha-M	CD11 (exact); CD11B (related); CD11b (exact)	UniProtKB:P11215	UniProtKB:P05555	IUPHARobj:2452	HGNC:6149	ITGAM
CL:0002029	Fc-epsilon RIalpha-low mast cell progenitor	CL:4030046	lacks_plasma_membrane_part	negative	False	PR:000001020	CD3 epsilon	CD3 (label); CD3E (exact); CD3e (exact)	UniProtKB:P07766	UniProtKB:P22646	IUPHARobj:2742	HGNC:1674	CD3E
CL:0002029	Fc-epsilon RIalpha-low mast cell progenitor	CL:4030046	lacks_plasma_membrane_part	negative	False	PR:000001024	neural cell adhesion molecule 1	CD56 (exact)	UniProtKB:P13591	UniProtKB:P13595	IUPHARobj:2769	HGNC:7656	NCAM1
CL:0002029	Fc-epsilon RIalpha-low mast cell progenitor	CL:4030046	lacks_plasma_membrane_part	negative	False	PR:000001083	CD2 molecule	CD2 (label)	UniProtKB:P06729	UniProtKB:P08920	IUPHARobj:2600; PIRSF:PIRSF001984	HGNC:1639	CD2
CL:0002029	Fc-epsilon RIalpha-low mast cell progenitor	CL:4030046	lacks_plasma_membrane_part	negative	False	PR:000001084	T-cell surface glycoprotein CD8 alpha chain	CD8 (label); CD8A (exact); CD8a (exact)	UniProtKB:P01732	UniProtKB:P01731		HGNC:1706	CD8A
CL:0002029	Fc-epsilon RIalpha-low mast cell progenitor	CL:4030046	lacks_plasma_membrane_part	negative	False	PR:000001289	membrane-spanning 4-domains subfamily A member 1	CD20 (exact)	UniProtKB:P11836	UniProtKB:P19437	PIRSF:PIRSF001995; IUPHARobj:2628	HGNC:7315	MS4A1
CL:0002029	Fc-epsilon RIalpha-low mast cell progenitor	CL:4030046	lacks_plasma_membrane_part	negative	False	PR:000001839	T-cell surface glycoprotein CD5	CD5 (label)	UniProtKB:P06127	UniProtKB:P13379		HGNC:1685	CD5
CL:0002029	Fc-epsilon RIalpha-low mast cell progenitor	CL:4030046	lacks_plasma_membrane_part	negative	False	PR:000001889	CD14 molecule	CD14 (label)	UniProtKB:P08571	UniProtKB:P10810	PIRSF:PIRSF002017	HGNC:1628	CD14
CL:0002029	Fc-epsilon RIalpha-low mast cell progenitor	CL:4030046	lacks_plasma_membrane_part	negative	False	PR:000001963	CD27 molecule	CD27 (label); CD27L (exact)	UniProtKB:P26842	UniProtKB:P41272	IUPHARobj:1876; PIRSF:PIRSF001966	HGNC:11922	CD27
CL:0002029	Fc-epsilon RIalpha-low mast cell progenitor	CL:4030046	lacks_plasma_membrane_part	negative	False	PR:000002978	lymphocyte antigen 6G			UniProtKB:P35461			
CL:0002029	Fc-epsilon RIalpha-low mast cell progenitor	CL:4030046	lacks_plasma_membrane_part	negative	False	PR:000002979	lymphocyte antigen 6A-2/6E-1			UniProtKB:P05533			
CL:0002029	Fc-epsilon RIalpha-low mast cell progenitor	CL:4030046	lacks_plasma_membrane_part	negative	False	PR:000002980	lymphocyte antigen 6C2			UniProtKB:P0CW03			
CL:0002029	Fc-epsilon RIalpha-low mast cell progenitor	CL:4030046	lacks_plasma_membrane_part	negative	False	PR:000002981	lymphocyte antigen 76 (mouse)						
CL:0002029	Fc-epsilon RIalpha-low mast cell progenitor	CL:4030045	lacks_part	negative	False	PR:000005307	CCAAT/enhancer-binding protein alpha		UniProtKB:P49715	UniProtKB:P53566		HGNC:1833	CEBPA
CL:0002029	Fc-epsilon RIalpha-low mast cell progenitor	RO:0002104	has plasma membrane part	positive	True	PR:000001006	receptor-type tyrosine-protein phosphatase C	CD45 (related)	UniProtKB:P08575	UniProtKB:P06800	IUPHARobj:1852; PIRSF:PIRSF002004	HGNC:9666	PTPRC
CL:0002029	Fc-epsilon RIalpha-low mast cell progenitor	RO:0002104	has plasma membrane part	positive	False	PR:000005178	CD9 molecule	CD9 (label)	UniProtKB:P21926	UniProtKB:P40240		HGNC:1709	CD9
CL:0002029	Fc-epsilon RIalpha-low mast cell progenitor	BFO:0000051	has part	positive	False	PR:000007857	erythroid transcription factor		UniProtKB:P15976	UniProtKB:P17679		HGNC:4170	GATA1
CL:0002029	Fc-epsilon RIalpha-low mast cell progenitor	BFO:0000051	has part	positive	False	PR:000007858	endothelial transcription factor GATA-2		UniProtKB:P23769	UniProtKB:O09100		HGNC:4171	GATA2
CL:0002029	Fc-epsilon RIalpha-low mast cell progenitor	RO:0002104	has plasma membrane part	positive	False	PR:000016401	transmembrane emp24 domain-containing protein 1		UniProtKB:Q13445	UniProtKB:Q3V009		HGNC:17291	TMED1
CL:0002030	Fc-epsilon RIalpha-high basophil progenitor cell	RO:0015015	has high plasma membrane amount	high	False	PR:000007431	high affinity immunoglobulin epsilon receptor subunit alpha		UniProtKB:P12319	UniProtKB:P20489	IUPHARobj:2933	HGNC:3609	FCER1A
CL:0002030	Fc-epsilon RIalpha-high basophil progenitor cell	RO:0015016	has low plasma membrane amount	low	False	PR:000016401	transmembrane emp24 domain-containing protein 1		UniProtKB:Q13445	UniProtKB:Q3V009		HGNC:17291	TMED1
CL:0002030	Fc-epsilon RIalpha-high basophil progenitor cell	CL:4030046	lacks_plasma_membrane_part	negative	False	PR:000001002	CD19 molecule	CD19 (label)	UniProtKB:P15391	UniProtKB:P25918	IUPHARobj:2764; PIRSF:PIRSF016630	HGNC:1633	CD19
CL:0002030	Fc-epsilon RIalpha-high basophil progenitor cell	CL:4030046	lacks_plasma_membrane_part	negative	False	PR:000001004	CD4 molecule	CD4 (label)	UniProtKB:P01730	UniProtKB:P06332	PIRSF:PIRSF001977	HGNC:1678	CD4
CL:0002030	Fc-epsilon RIalpha-high basophil progenitor cell	CL:4030046	lacks_plasma_membrane_part	negative	False	PR:000001012	integrin alpha-M	CD11 (exact); CD11B (related); CD11b (exact)	UniProtKB:P11215	UniProtKB:P05555	IUPHARobj:2452	HGNC:6149	ITGAM
CL:0002030	Fc-epsilon RIalpha-high basophil progenitor cell	CL:4030046	lacks_plasma_membrane_part	negative	False	PR:000001020	CD3 epsilon	CD3 (label); CD3E (exact); CD3e (exact)	UniProtKB:P07766	UniProtKB:P22646	IUPHARobj:2742	HGNC:1674	CD3E
CL:0002030	Fc-epsilon RIalpha-high basophil progenitor cell	CL:4030046	lacks_plasma_membrane_part	negative	False	PR:000001024	neural cell adhesion molecule 1	CD56 (exact)	UniProtKB:P13591	UniProtKB:P13595	IUPHARobj:2769	HGNC:7656	NCAM1
CL:0002030	Fc-epsilon RIalpha-high basophil progenitor cell	CL:4030046	lacks_plasma_membrane_part	negative	False	PR:000001083	CD2 molecule	CD2 (label)	UniProtKB:P06729	UniProtKB:P08920	IUPHARobj:2600; PIRSF:PIRSF001984	HGNC:1639	CD2
CL:0002030	Fc-epsilon RIalpha-high basophil progenitor cell	CL:4030046	lacks_plasma_membrane_part	negative	False	PR:000001084	T-cell surface glycoprotein CD8 alpha chain	CD8 (label); CD8A (exact); CD8a (exact)	UniProtKB:P01732	UniProtKB:P01731		HGNC:1706	CD8A
CL:0002030	Fc-epsilon RIalpha-high basophil progenitor cell	CL:4030046	lacks_plasma_membrane_part	negative	False	PR:000001289	membrane-spanning 4-domains subfamily A member 1	CD20 (exact)	UniProtKB:P11836	UniProtKB:P19437	PIRSF:PIRSF001995; IUPHARobj:2628	HGNC:7315	MS4A1
CL:0002030	Fc-epsilon RIalpha-high basophil progenitor cell	CL:4030046	lacks_plasma_membrane_part	negative	False	PR:000001839	T-cell surface glycoprotein CD5	CD5 (label)	UniProtKB:P06127	UniProtKB:P13379		HGNC:1685	CD5
CL:0002030	Fc-epsilon RIalpha-high basophil progenitor cell	CL:4030046	lacks_plasma_membrane_part	negative	False	PR:000001889	CD14 molecule	CD14 (label)	UniProtKB:P08571	UniProtKB:P10810	PIRSF:PIRSF002017	HGNC:1628	CD14
CL:0002030	Fc-epsilon RIalpha-high basophil progenitor cell	CL:4030046	lacks_plasma_membrane_part	negative	False	PR:000002065	mast/stem cell growth factor receptor	CD117 (exact)	UniProtKB:P10721	UniProtKB:P05532	IUPHARobj:1805; PIRSF:PIRSF500951	HGNC:6342	KIT
CL:0002030	Fc-epsilon RIalpha-high basophil progenitor cell	CL:4030046	lacks_plasma_membrane_part	negative	False	PR:000002978	lymphocyte antigen 6G			UniProtKB:P35461			
CL:0002030	Fc-epsilon RIalpha-high basophil progenitor cell	CL:4030046	lacks_plasma_membrane_part	negative	True	PR:000002979	lymphocyte antigen 6A-2/6E-1			UniProtKB:P05533			
CL:0002030	Fc-epsilon RIalpha-high basophil progenitor cell	CL:4030046	lacks_plasma_membrane_part	negative	False	PR:000002981	lymphocyte antigen 76 (mouse)						
CL:0002030	Fc-epsilon RIalpha-high basophil progenitor cell	RO:0002104	has plasma membrane part	positive	True	PR:000001003	CD34 molecule	CD34 (label)	UniProtKB:P28906	UniProtKB:Q64314	PIRSF:PIRSF028749	HGNC:1662	CD34
CL:0002030	Fc-epsilon RIalpha-high basophil progenitor cell	BFO:0000051	has part	positive	False	PR:000005307	CCAAT/enhancer-binding protein alpha		UniProtKB:P49715	UniProtKB:P53566		HGNC:1833	CEBPA
CL:0002030	Fc-epsilon RIalpha-high basophil progenitor cell	BFO:0000051	has part	positive	False	PR:000007857	erythroid transcription factor		UniProtKB:P15976	UniProtKB:P17679		HGNC:4170	GATA1
CL:0002030	Fc-epsilon RIalpha-high basophil progenitor cell	BFO:0000051	has part	positive	False	PR:000007858	endothelial transcription factor GATA-2		UniProtKB:P23769	UniProtKB:O09100		HGNC:4171	GATA2
CL:0002033	short term hematopoietic stem cell	CL:4030046	lacks_plasma_membrane_part	negative	False	PR:000001002	CD19 molecule	CD19 (label)	UniProtKB:P15391	UniProtKB:P25918	IUPHARobj:2764; PIRSF:PIRSF016630	HGNC:1633	CD19
CL:0002033	short term hematopoietic stem cell	CL:4030046	lacks_plasma_membrane_part	negative	False	PR:000001004	CD4 molecule	CD4 (label)	UniProtKB:P01730	UniProtKB:P06332	PIRSF:PIRSF001977	HGNC:1678	CD4
CL:0002033	short term hematopoietic stem cell	CL:4030046	lacks_plasma_membrane_part	negative	False	PR:000001006	receptor-type tyrosine-protein phosphatase C	CD45 (related)	UniProtKB:P08575	UniProtKB:P06800	IUPHARobj:1852; PIRSF:PIRSF002004	HGNC:9666	PTPRC
CL:0002033	short term hematopoietic stem cell	CL:4030046	lacks_plasma_membrane_part	negative	False	PR:000001012	integrin alpha-M	CD11 (exact); CD11B (related); CD11b (exact)	UniProtKB:P11215	UniProtKB:P05555	IUPHARobj:2452	HGNC:6149	ITGAM
CL:0002033	short term hematopoietic stem cell	CL:4030046	lacks_plasma_membrane_part	negative	False	PR:000001014	receptor-type tyrosine-protein phosphatase C isoform CD45RABC	CD45R (related); CD45RABC (label)	UniProtKB:P08575-3				
CL:0002033	short term hematopoietic stem cell	CL:4030046	lacks_plasma_membrane_part	negative	False	PR:000001020	CD3 epsilon	CD3 (label); CD3E (exact); CD3e (exact)	UniProtKB:P07766	UniProtKB:P22646	IUPHARobj:2742	HGNC:1674	CD3E
CL:0002033	short term hematopoietic stem cell	CL:4030046	lacks_plasma_membrane_part	negative	False	PR:000001024	neural cell adhesion molecule 1	CD56 (exact)	UniProtKB:P13591	UniProtKB:P13595	IUPHARobj:2769	HGNC:7656	NCAM1
CL:0002033	short term hematopoietic stem cell	CL:4030046	lacks_plasma_membrane_part	negative	False	PR:000001083	CD2 molecule	CD2 (label)	UniProtKB:P06729	UniProtKB:P08920	IUPHARobj:2600; PIRSF:PIRSF001984	HGNC:1639	CD2
CL:0002033	short term hematopoietic stem cell	CL:4030046	lacks_plasma_membrane_part	negative	False	PR:000001084	T-cell surface glycoprotein CD8 alpha chain	CD8 (label); CD8A (exact); CD8a (exact)	UniProtKB:P01732	UniProtKB:P01731		HGNC:1706	CD8A
CL:0002033	short term hematopoietic stem cell	CL:4030046	lacks_plasma_membrane_part	negative	False	PR:000001289	membrane-spanning 4-domains subfamily A member 1	CD20 (exact)	UniProtKB:P11836	UniProtKB:P19437	PIRSF:PIRSF001995; IUPHARobj:2628	HGNC:7315	MS4A1
CL:0002033	short term hematopoietic stem cell	CL:4030046	lacks_plasma_membrane_part	negative	False	PR:000001308	CD48 molecule	CD48 (label)	UniProtKB:P09326	UniProtKB:P18181	PIRSF:PIRSF001973	HGNC:1683	CD48
CL:0002033	short term hematopoietic stem cell	CL:4030046	lacks_plasma_membrane_part	negative	False	PR:000001839	T-cell surface glycoprotein CD5	CD5 (label)	UniProtKB:P06127	UniProtKB:P13379		HGNC:1685	CD5
CL:0002033	short term hematopoietic stem cell	CL:4030046	lacks_plasma_membrane_part	negative	False	PR:000001869	interleukin-7 receptor subunit alpha	CD127 (exact); CDw127 (exact)	UniProtKB:P16871	UniProtKB:P16872	IUPHARobj:1698; PIRSF:PIRSF001960	HGNC:6024	IL7R
CL:0002033	short term hematopoietic stem cell	CL:4030046	lacks_plasma_membrane_part	negative	False	PR:000001874	KLRB1-like protein				PIRSF:PIRSF038804		
CL:0002033	short term hematopoietic stem cell	CL:4030046	lacks_plasma_membrane_part	negative	False	PR:000001889	CD14 molecule	CD14 (label)	UniProtKB:P08571	UniProtKB:P10810	PIRSF:PIRSF002017	HGNC:1628	CD14
CL:0002033	short term hematopoietic stem cell	CL:4030046	lacks_plasma_membrane_part	negative	False	PR:000001896	natural killer cell receptor 2B4	CD244 (exact)	UniProtKB:Q9BZW8	UniProtKB:Q07763		HGNC:18171	CD244
CL:0002033	short term hematopoietic stem cell	CL:4030046	lacks_plasma_membrane_part	negative	True	PR:000002001	receptor-type tyrosine-protein kinase FLT3	CD135 (related)	UniProtKB:P36888	UniProtKB:Q00342	IUPHARobj:1807; PIRSF:PIRSF500949	HGNC:3765	FLT3
CL:0002033	short term hematopoietic stem cell	CL:4030046	lacks_plasma_membrane_part	negative	False	PR:000002977	killer cell lectin-like receptor subfamily B member 1C	CD161 (exact); CD161c (exact)		UniProtKB:P27814			
CL:0002033	short term hematopoietic stem cell	CL:4030046	lacks_plasma_membrane_part	negative	False	PR:000002978	lymphocyte antigen 6G			UniProtKB:P35461			
CL:0002033	short term hematopoietic stem cell	CL:4030046	lacks_plasma_membrane_part	negative	False	PR:000002981	lymphocyte antigen 76 (mouse)						
CL:0002033	short term hematopoietic stem cell	RO:0002104	has plasma membrane part	positive	True	PR:000001003	CD34 molecule	CD34 (label)	UniProtKB:P28906	UniProtKB:Q64314	PIRSF:PIRSF028749	HGNC:1662	CD34
CL:0002033	short term hematopoietic stem cell	RO:0002104	has plasma membrane part	positive	False	PR:000001833	SLAM family member 1	CD150 (exact); CDw150 (exact)	UniProtKB:Q13291	UniProtKB:Q9QUM4		HGNC:10903	SLAMF1
CL:0002033	short term hematopoietic stem cell	RO:0002104	has plasma membrane part	positive	False	PR:000002065	mast/stem cell growth factor receptor	CD117 (exact)	UniProtKB:P10721	UniProtKB:P05532	IUPHARobj:1805; PIRSF:PIRSF500951	HGNC:6342	KIT
CL:0002033	short term hematopoietic stem cell	RO:0002104	has plasma membrane part	positive	False	PR:000002979	lymphocyte antigen 6A-2/6E-1			UniProtKB:P05533			
CL:0002034	long term hematopoietic stem cell	RO:0015016	has low plasma membrane amount	low	True	PR:000001843	Thy-1 membrane glycoprotein	CD90 (exact); CDw90 (exact)	UniProtKB:P04216	UniProtKB:P01831	PIRSF:PIRSF038777	HGNC:11801	THY1
CL:0002034	long term hematopoietic stem cell	CL:4030046	lacks_plasma_membrane_part	negative	False	PR:000001002	CD19 molecule	CD19 (label)	UniProtKB:P15391	UniProtKB:P25918	IUPHARobj:2764; PIRSF:PIRSF016630	HGNC:1633	CD19
CL:0002034	long term hematopoietic stem cell	CL:4030046	lacks_plasma_membrane_part	negative	True	PR:000001003	CD34 molecule	CD34 (label)	UniProtKB:P28906	UniProtKB:Q64314	PIRSF:PIRSF028749	HGNC:1662	CD34
CL:0002034	long term hematopoietic stem cell	CL:4030046	lacks_plasma_membrane_part	negative	False	PR:000001004	CD4 molecule	CD4 (label)	UniProtKB:P01730	UniProtKB:P06332	PIRSF:PIRSF001977	HGNC:1678	CD4
CL:0002034	long term hematopoietic stem cell	CL:4030046	lacks_plasma_membrane_part	negative	False	PR:000001006	receptor-type tyrosine-protein phosphatase C	CD45 (related)	UniProtKB:P08575	UniProtKB:P06800	IUPHARobj:1852; PIRSF:PIRSF002004	HGNC:9666	PTPRC
CL:0002034	long term hematopoietic stem cell	CL:4030046	lacks_plasma_membrane_part	negative	False	PR:000001012	integrin alpha-M	CD11 (exact); CD11B (related); CD11b (exact)	UniProtKB:P11215	UniProtKB:P05555	IUPHARobj:2452	HGNC:6149	ITGAM
CL:0002034	long term hematopoietic stem cell	CL:4030046	lacks_plasma_membrane_part	negative	False	PR:000001014	receptor-type tyrosine-protein phosphatase C isoform CD45RABC	CD45R (related); CD45RABC (label)	UniProtKB:P08575-3				
CL:0002034	long term hematopoietic stem cell	CL:4030046	lacks_plasma_membrane_part	negative	False	PR:000001020	CD3 epsilon	CD3 (label); CD3E (exact); CD3e (exact)	UniProtKB:P07766	UniProtKB:P22646	IUPHARobj:2742	HGNC:1674	CD3E
CL:0002034	long term hematopoietic stem cell	CL:4030046	lacks_plasma_membrane_part	negative	False	PR:000001024	neural cell adhesion molecule 1	CD56 (exact)	UniProtKB:P13591	UniProtKB:P13595	IUPHARobj:2769	HGNC:7656	NCAM1
CL:0002034	long term hematopoietic stem cell	CL:4030046	lacks_plasma_membrane_part	negative	False	PR:000001083	CD2 molecule	CD2 (label)	UniProtKB:P06729	UniProtKB:P08920	IUPHARobj:2600; PIRSF:PIRSF001984	HGNC:1639	CD2
CL:0002034	long term hematopoietic stem cell	CL:4030046	lacks_plasma_membrane_part	negative	False	PR:000001084	T-cell surface glycoprotein CD8 alpha chain	CD8 (label); CD8A (exact); CD8a (exact)	UniProtKB:P01732	UniProtKB:P01731		HGNC:1706	CD8A
CL:0002034	long term hematopoietic stem cell	CL:4030046	lacks_plasma_membrane_part	negative	False	PR:000001289	membrane-spanning 4-domains subfamily A member 1	CD20 (exact)	UniProtKB:P11836	UniProtKB:P19437	PIRSF:PIRSF001995; IUPHARobj:2628	HGNC:7315	MS4A1
CL:0002034	long term hematopoietic stem cell	CL:4030046	lacks_plasma_membrane_part	negative	False	PR:000001308	CD48 molecule	CD48 (label)	UniProtKB:P09326	UniProtKB:P18181	PIRSF:PIRSF001973	HGNC:1683	CD48
CL:0002034	long term hematopoietic stem cell	CL:4030046	lacks_plasma_membrane_part	negative	False	PR:000001839	T-cell surface glycoprotein CD5	CD5 (label)	UniProtKB:P06127	UniProtKB:P13379		HGNC:1685	CD5
CL:0002034	long term hematopoietic stem cell	CL:4030046	lacks_plasma_membrane_part	negative	False	PR:000001869	interleukin-7 receptor subunit alpha	CD127 (exact); CDw127 (exact)	UniProtKB:P16871	UniProtKB:P16872	IUPHARobj:1698; PIRSF:PIRSF001960	HGNC:6024	IL7R
CL:0002034	long term hematopoietic stem cell	CL:4030046	lacks_plasma_membrane_part	negative	False	PR:000001874	KLRB1-like protein				PIRSF:PIRSF038804		
CL:0002034	long term hematopoietic stem cell	CL:4030046	lacks_plasma_membrane_part	negative	False	PR:000001889	CD14 molecule	CD14 (label)	UniProtKB:P08571	UniProtKB:P10810	PIRSF:PIRSF002017	HGNC:1628	CD14
CL:0002034	long term hematopoietic stem cell	CL:4030046	lacks_plasma_membrane_part	negative	False	PR:000001896	natural killer cell receptor 2B4	CD244 (exact)	UniProtKB:Q9BZW8	UniProtKB:Q07763		HGNC:18171	CD244
CL:0002034	long term hematopoietic stem cell	CL:4030046	lacks_plasma_membrane_part	negative	True	PR:000002001	receptor-type tyrosine-protein kinase FLT3	CD135 (related)	UniProtKB:P36888	UniProtKB:Q00342	IUPHARobj:1807; PIRSF:PIRSF500949	HGNC:3765	FLT3
CL:0002034	long term hematopoietic stem cell	CL:4030046	lacks_plasma_membrane_part	negative	False	PR:000002977	killer cell lectin-like receptor subfamily B member 1C	CD161 (exact); CD161c (exact)		UniProtKB:P27814			
CL:0002034	long term hematopoietic stem cell	CL:4030046	lacks_plasma_membrane_part	negative	False	PR:000002978	lymphocyte antigen 6G			UniProtKB:P35461			
CL:0002034	long term hematopoietic stem cell	CL:4030046	lacks_plasma_membrane_part	negative	False	PR:000002981	lymphocyte antigen 76 (mouse)						
CL:0002034	long term hematopoietic stem cell	RO:0002104	has plasma membrane part	positive	False	PR:000001833	SLAM family member 1	CD150 (exact); CDw150 (exact)	UniProtKB:Q13291	UniProtKB:Q9QUM4		HGNC:10903	SLAMF1
CL:0002034	long term hematopoietic stem cell	RO:0002104	has plasma membrane part	positive	False	PR:000002065	mast/stem cell growth factor receptor	CD117 (exact)	UniProtKB:P10721	UniProtKB:P05532	IUPHARobj:1805; PIRSF:PIRSF500951	HGNC:6342	KIT
CL:0002034	long term hematopoietic stem cell	RO:0002104	has plasma membrane part	positive	False	PR:000002979	lymphocyte antigen 6A-2/6E-1			UniProtKB:P05533			
CL:0002035	Slamf1-negative multipotent progenitor cell	CL:4030046	lacks_plasma_membrane_part	negative	False	PR:000001002	CD19 molecule	CD19 (label)	UniProtKB:P15391	UniProtKB:P25918	IUPHARobj:2764; PIRSF:PIRSF016630	HGNC:1633	CD19
CL:0002035	Slamf1-negative multipotent progenitor cell	CL:4030046	lacks_plasma_membrane_part	negative	False	PR:000001004	CD4 molecule	CD4 (label)	UniProtKB:P01730	UniProtKB:P06332	PIRSF:PIRSF001977	HGNC:1678	CD4
CL:0002035	Slamf1-negative multipotent progenitor cell	CL:4030046	lacks_plasma_membrane_part	negative	False	PR:000001012	integrin alpha-M	CD11 (exact); CD11B (related); CD11b (exact)	UniProtKB:P11215	UniProtKB:P05555	IUPHARobj:2452	HGNC:6149	ITGAM
CL:0002035	Slamf1-negative multipotent progenitor cell	CL:4030046	lacks_plasma_membrane_part	negative	False	PR:000001020	CD3 epsilon	CD3 (label); CD3E (exact); CD3e (exact)	UniProtKB:P07766	UniProtKB:P22646	IUPHARobj:2742	HGNC:1674	CD3E
CL:0002035	Slamf1-negative multipotent progenitor cell	CL:4030046	lacks_plasma_membrane_part	negative	False	PR:000001024	neural cell adhesion molecule 1	CD56 (exact)	UniProtKB:P13591	UniProtKB:P13595	IUPHARobj:2769	HGNC:7656	NCAM1
CL:0002035	Slamf1-negative multipotent progenitor cell	CL:4030046	lacks_plasma_membrane_part	negative	False	PR:000001083	CD2 molecule	CD2 (label)	UniProtKB:P06729	UniProtKB:P08920	IUPHARobj:2600; PIRSF:PIRSF001984	HGNC:1639	CD2
CL:0002035	Slamf1-negative multipotent progenitor cell	CL:4030046	lacks_plasma_membrane_part	negative	False	PR:000001084	T-cell surface glycoprotein CD8 alpha chain	CD8 (label); CD8A (exact); CD8a (exact)	UniProtKB:P01732	UniProtKB:P01731		HGNC:1706	CD8A
CL:0002035	Slamf1-negative multipotent progenitor cell	CL:4030046	lacks_plasma_membrane_part	negative	False	PR:000001289	membrane-spanning 4-domains subfamily A member 1	CD20 (exact)	UniProtKB:P11836	UniProtKB:P19437	PIRSF:PIRSF001995; IUPHARobj:2628	HGNC:7315	MS4A1
CL:0002035	Slamf1-negative multipotent progenitor cell	CL:4030046	lacks_plasma_membrane_part	negative	True	PR:000001833	SLAM family member 1	CD150 (exact); CDw150 (exact)	UniProtKB:Q13291	UniProtKB:Q9QUM4		HGNC:10903	SLAMF1
CL:0002035	Slamf1-negative multipotent progenitor cell	CL:4030046	lacks_plasma_membrane_part	negative	False	PR:000001839	T-cell surface glycoprotein CD5	CD5 (label)	UniProtKB:P06127	UniProtKB:P13379		HGNC:1685	CD5
CL:0002035	Slamf1-negative multipotent progenitor cell	CL:4030046	lacks_plasma_membrane_part	negative	False	PR:000001869	interleukin-7 receptor subunit alpha	CD127 (exact); CDw127 (exact)	UniProtKB:P16871	UniProtKB:P16872	IUPHARobj:1698; PIRSF:PIRSF001960	HGNC:6024	IL7R
CL:0002035	Slamf1-negative multipotent progenitor cell	CL:4030046	lacks_plasma_membrane_part	negative	False	PR:000001889	CD14 molecule	CD14 (label)	UniProtKB:P08571	UniProtKB:P10810	PIRSF:PIRSF002017	HGNC:1628	CD14
CL:0002035	Slamf1-negative multipotent progenitor cell	CL:4030046	lacks_plasma_membrane_part	negative	True	PR:000002001	receptor-type tyrosine-protein kinase FLT3	CD135 (related)	UniProtKB:P36888	UniProtKB:Q00342	IUPHARobj:1807; PIRSF:PIRSF500949	HGNC:3765	FLT3
CL:0002035	Slamf1-negative multipotent progenitor cell	CL:4030046	lacks_plasma_membrane_part	negative	False	PR:000002978	lymphocyte antigen 6G			UniProtKB:P35461			
CL:0002035	Slamf1-negative multipotent progenitor cell	CL:4030046	lacks_plasma_membrane_part	negative	False	PR:000002981	lymphocyte antigen 76 (mouse)						
CL:0002035	Slamf1-negative multipotent progenitor cell	RO:0002104	has plasma membrane part	positive	False	PR:000001003	CD34 molecule	CD34 (label)	UniProtKB:P28906	UniProtKB:Q64314	PIRSF:PIRSF028749	HGNC:1662	CD34
CL:0002035	Slamf1-negative multipotent progenitor cell	RO:0002104	has plasma membrane part	positive	True	PR:000002065	mast/stem cell growth factor receptor	CD117 (exact)	UniProtKB:P10721	UniProtKB:P05532	IUPHARobj:1805; PIRSF:PIRSF500951	HGNC:6342	KIT
CL:0002035	Slamf1-negative multipotent progenitor cell	RO:0002104	has plasma membrane part	positive	True	PR:000002979	lymphocyte antigen 6A-2/6E-1			UniProtKB:P05533			
CL:0002036	Slamf1-positive multipotent progenitor cell	CL:4030046	lacks_plasma_membrane_part	negative	False	PR:000001002	CD19 molecule	CD19 (label)	UniProtKB:P15391	UniProtKB:P25918	IUPHARobj:2764; PIRSF:PIRSF016630	HGNC:1633	CD19
CL:0002036	Slamf1-positive multipotent progenitor cell	CL:4030046	lacks_plasma_membrane_part	negative	False	PR:000001004	CD4 molecule	CD4 (label)	UniProtKB:P01730	UniProtKB:P06332	PIRSF:PIRSF001977	HGNC:1678	CD4
CL:0002036	Slamf1-positive multipotent progenitor cell	CL:4030046	lacks_plasma_membrane_part	negative	False	PR:000001012	integrin alpha-M	CD11 (exact); CD11B (related); CD11b (exact)	UniProtKB:P11215	UniProtKB:P05555	IUPHARobj:2452	HGNC:6149	ITGAM
CL:0002036	Slamf1-positive multipotent progenitor cell	CL:4030046	lacks_plasma_membrane_part	negative	False	PR:000001020	CD3 epsilon	CD3 (label); CD3E (exact); CD3e (exact)	UniProtKB:P07766	UniProtKB:P22646	IUPHARobj:2742	HGNC:1674	CD3E
CL:0002036	Slamf1-positive multipotent progenitor cell	CL:4030046	lacks_plasma_membrane_part	negative	False	PR:000001024	neural cell adhesion molecule 1	CD56 (exact)	UniProtKB:P13591	UniProtKB:P13595	IUPHARobj:2769	HGNC:7656	NCAM1
CL:0002036	Slamf1-positive multipotent progenitor cell	CL:4030046	lacks_plasma_membrane_part	negative	False	PR:000001083	CD2 molecule	CD2 (label)	UniProtKB:P06729	UniProtKB:P08920	IUPHARobj:2600; PIRSF:PIRSF001984	HGNC:1639	CD2
CL:0002036	Slamf1-positive multipotent progenitor cell	CL:4030046	lacks_plasma_membrane_part	negative	False	PR:000001084	T-cell surface glycoprotein CD8 alpha chain	CD8 (label); CD8A (exact); CD8a (exact)	UniProtKB:P01732	UniProtKB:P01731		HGNC:1706	CD8A
CL:0002036	Slamf1-positive multipotent progenitor cell	CL:4030046	lacks_plasma_membrane_part	negative	False	PR:000001289	membrane-spanning 4-domains subfamily A member 1	CD20 (exact)	UniProtKB:P11836	UniProtKB:P19437	PIRSF:PIRSF001995; IUPHARobj:2628	HGNC:7315	MS4A1
CL:0002036	Slamf1-positive multipotent progenitor cell	CL:4030046	lacks_plasma_membrane_part	negative	False	PR:000001839	T-cell surface glycoprotein CD5	CD5 (label)	UniProtKB:P06127	UniProtKB:P13379		HGNC:1685	CD5
CL:0002036	Slamf1-positive multipotent progenitor cell	CL:4030046	lacks_plasma_membrane_part	negative	False	PR:000001869	interleukin-7 receptor subunit alpha	CD127 (exact); CDw127 (exact)	UniProtKB:P16871	UniProtKB:P16872	IUPHARobj:1698; PIRSF:PIRSF001960	HGNC:6024	IL7R
CL:0002036	Slamf1-positive multipotent progenitor cell	CL:4030046	lacks_plasma_membrane_part	negative	False	PR:000001889	CD14 molecule	CD14 (label)	UniProtKB:P08571	UniProtKB:P10810	PIRSF:PIRSF002017	HGNC:1628	CD14
CL:0002036	Slamf1-positive multipotent progenitor cell	CL:4030046	lacks_plasma_membrane_part	negative	False	PR:000002978	lymphocyte antigen 6G			UniProtKB:P35461			
CL:0002036	Slamf1-positive multipotent progenitor cell	CL:4030046	lacks_plasma_membrane_part	negative	False	PR:000002981	lymphocyte antigen 76 (mouse)						
CL:0002036	Slamf1-positive multipotent progenitor cell	RO:0002104	has plasma membrane part	positive	False	PR:000001003	CD34 molecule	CD34 (label)	UniProtKB:P28906	UniProtKB:Q64314	PIRSF:PIRSF028749	HGNC:1662	CD34
CL:0002036	Slamf1-positive multipotent progenitor cell	RO:0002104	has plasma membrane part	positive	True	PR:000001833	SLAM family member 1	CD150 (exact); CDw150 (exact)	UniProtKB:Q13291	UniProtKB:Q9QUM4		HGNC:10903	SLAMF1
CL:0002036	Slamf1-positive multipotent progenitor cell	RO:0002104	has plasma membrane part	positive	True	PR:000002065	mast/stem cell growth factor receptor	CD117 (exact)	UniProtKB:P10721	UniProtKB:P05532	IUPHARobj:1805; PIRSF:PIRSF500951	HGNC:6342	KIT
CL:0002036	Slamf1-positive multipotent progenitor cell	RO:0002104	has plasma membrane part	positive	True	PR:000002979	lymphocyte antigen 6A-2/6E-1			UniProtKB:P05533			
CL:0002037	CD2-positive, CD5-positive, CD44-positive alpha-beta intraepithelial T cell	CL:4030046	lacks_plasma_membrane_part	negative	False	PR:000025402	T cell receptor co-receptor CD8	CD8 (label)					
CL:0002037	CD2-positive, CD5-positive, CD44-positive alpha-beta intraepithelial T cell	RO:0002104	has plasma membrane part	positive	False	PR:000001004	CD4 molecule	CD4 (label)	UniProtKB:P01730	UniProtKB:P06332	PIRSF:PIRSF001977	HGNC:1678	CD4
CL:0002037	CD2-positive, CD5-positive, CD44-positive alpha-beta intraepithelial T cell	RO:0002104	has plasma membrane part	positive	True	PR:000001083	CD2 molecule	CD2 (label)	UniProtKB:P06729	UniProtKB:P08920	IUPHARobj:2600; PIRSF:PIRSF001984	HGNC:1639	CD2
CL:0002037	CD2-positive, CD5-positive, CD44-positive alpha-beta intraepithelial T cell	RO:0002104	has plasma membrane part	positive	True	PR:000001307	CD44 molecule	CD44 (label); CDw44 (exact)	UniProtKB:P16070	UniProtKB:P15379		HGNC:1681	CD44
CL:0002037	CD2-positive, CD5-positive, CD44-positive alpha-beta intraepithelial T cell	RO:0002104	has plasma membrane part	positive	True	PR:000001839	T-cell surface glycoprotein CD5	CD5 (label)	UniProtKB:P06127	UniProtKB:P13379		HGNC:1685	CD5
CL:0002038	T follicular helper cell	CL:4030046	lacks_plasma_membrane_part	negative	True	PR:000001203	C-C chemokine receptor type 7	CD197 (exact); CDw197 (exact)	UniProtKB:P32248	UniProtKB:P47774	IUPHARobj:64	HGNC:1608	CCR7
CL:0002038	T follicular helper cell	CL:4030046	lacks_plasma_membrane_part	negative	False	PR:000025402	T cell receptor co-receptor CD8	CD8 (label)					
CL:0002038	T follicular helper cell	RO:0002104	has plasma membrane part	positive	False	PR:000001004	CD4 molecule	CD4 (label)	UniProtKB:P01730	UniProtKB:P06332	PIRSF:PIRSF001977	HGNC:1678	CD4
CL:0002038	T follicular helper cell	RO:0002104	has plasma membrane part	positive	True	PR:000001209	C-X-C chemokine receptor type 5	CD185 (exact)	UniProtKB:P32302	UniProtKB:Q04683	IUPHARobj:72	HGNC:1060	CXCR5
CL:0002038	T follicular helper cell	RO:0002104	has plasma membrane part	positive	True	PR:000001860	inducible T-cell costimulator	CD278 (exact); CD28 (exact)	UniProtKB:Q9Y6W8	UniProtKB:Q9WVS0	IUPHARobj:2939	HGNC:5351	ICOS
CL:0002038	T follicular helper cell	RO:0002104	has plasma membrane part	positive	False	PR:000001919	programmed cell death protein 1	CD279 (exact)	UniProtKB:Q15116	UniProtKB:Q02242	IUPHARobj:2760; PIRSF:PIRSF018380	HGNC:8760	PDCD1
CL:0002038	T follicular helper cell	BFO:0000051	has part	positive	True	PR:000003450	B-cell lymphoma 6 protein		UniProtKB:P41182	UniProtKB:P41183	IUPHARobj:2957	HGNC:1001	BCL6
CL:0002039	immature NK T cell stage I, mouse	RO:0015015	has high plasma membrane amount	high	True	PR:000001932	signal transducer CD24	CD24 (label); CD24A (related)	UniProtKB:P25063	UniProtKB:P24807		HGNC:1645	CD24
CL:0002039	immature NK T cell stage I, mouse	RO:0015016	has low plasma membrane amount	low	True	PR:000001004	CD4 molecule	CD4 (label)	UniProtKB:P01730	UniProtKB:P06332	PIRSF:PIRSF001977	HGNC:1678	CD4
CL:0002039	immature NK T cell stage I, mouse	RO:0015016	has low plasma membrane amount	low	True	PR:000025402	T cell receptor co-receptor CD8	CD8 (label)					
CL:0002039	immature NK T cell stage I, mouse	CL:4030046	lacks_plasma_membrane_part	negative	True	PR:000001307	CD44 molecule	CD44 (label); CDw44 (exact)	UniProtKB:P16070	UniProtKB:P15379		HGNC:1681	CD44
CL:0002039	immature NK T cell stage I, mouse	CL:4030046	lacks_plasma_membrane_part	negative	True	PR:000001874	KLRB1-like protein				PIRSF:PIRSF038804		
CL:0002039	immature NK T cell stage I, mouse	BFO:0000051	has part	positive	False	PR:000001084	T-cell surface glycoprotein CD8 alpha chain	CD8 (label); CD8A (exact); CD8a (exact)	UniProtKB:P01732	UniProtKB:P01731		HGNC:1706	CD8A
CL:0002039	immature NK T cell stage I, mouse	BFO:0000051	has part	positive	False	PR:000003469	early growth response protein 2		UniProtKB:P11161	UniProtKB:P08152		HGNC:3239	EGR2
CL:0002039	immature NK T cell stage I, mouse	BFO:0000051	has part	positive	False	PR:000025403	T-cell surface glycoprotein CD8 alpha chain isoform 1	CD8 (label); CD8A (exact)	UniProtKB:P01732-1				
CL:0002040	immature NK T cell stage II, mouse	RO:0015016	has low plasma membrane amount	low	True	PR:000001932	signal transducer CD24	CD24 (label); CD24A (related)	UniProtKB:P25063	UniProtKB:P24807		HGNC:1645	CD24
CL:0002040	immature NK T cell stage II, mouse	CL:4030046	lacks_plasma_membrane_part	negative	True	PR:000001307	CD44 molecule	CD44 (label); CDw44 (exact)	UniProtKB:P16070	UniProtKB:P15379		HGNC:1681	CD44
CL:0002040	immature NK T cell stage II, mouse	CL:4030046	lacks_plasma_membrane_part	negative	True	PR:000001874	KLRB1-like protein				PIRSF:PIRSF038804		
CL:0002040	immature NK T cell stage II, mouse	BFO:0000051	has part	positive	False	PR:000003469	early growth response protein 2		UniProtKB:P11161	UniProtKB:P08152		HGNC:3239	EGR2
CL:0002041	immature NK T cell stage III, mouse	RO:0015016	has low plasma membrane amount	low	True	PR:000001008	integrin alpha-2	CD49 (exact); CD49B (related); CD49b (exact)	UniProtKB:P17301	UniProtKB:Q62469	IUPHARobj:2440	HGNC:6137	ITGA2
CL:0002041	immature NK T cell stage III, mouse	RO:0015016	has low plasma membrane amount	low	True	PR:000001932	signal transducer CD24	CD24 (label); CD24A (related)	UniProtKB:P25063	UniProtKB:P24807		HGNC:1645	CD24
CL:0002041	immature NK T cell stage III, mouse	CL:4030046	lacks_plasma_membrane_part	negative	True	PR:000001874	KLRB1-like protein				PIRSF:PIRSF038804		
CL:0002041	immature NK T cell stage III, mouse	RO:0002104	has plasma membrane part	positive	True	PR:000001307	CD44 molecule	CD44 (label); CDw44 (exact)	UniProtKB:P16070	UniProtKB:P15379		HGNC:1681	CD44
CL:0002041	immature NK T cell stage III, mouse	BFO:0000051	has part	positive	False	PR:000003469	early growth response protein 2		UniProtKB:P11161	UniProtKB:P08152		HGNC:3239	EGR2
CL:0002042	immature NK T cell stage IV, mouse	RO:0015015	has high plasma membrane amount	high	True	PR:000001008	integrin alpha-2	CD49 (exact); CD49B (related); CD49b (exact)	UniProtKB:P17301	UniProtKB:Q62469	IUPHARobj:2440	HGNC:6137	ITGA2
CL:0002042	immature NK T cell stage IV, mouse	RO:0015016	has low plasma membrane amount	low	True	PR:000001932	signal transducer CD24	CD24 (label); CD24A (related)	UniProtKB:P25063	UniProtKB:P24807		HGNC:1645	CD24
CL:0002042	immature NK T cell stage IV, mouse	CL:4030046	lacks_plasma_membrane_part	negative	True	PR:000001874	KLRB1-like protein				PIRSF:PIRSF038804		
CL:0002042	immature NK T cell stage IV, mouse	RO:0002104	has plasma membrane part	positive	True	PR:000001307	CD44 molecule	CD44 (label); CDw44 (exact)	UniProtKB:P16070	UniProtKB:P15379		HGNC:1681	CD44
CL:0002042	immature NK T cell stage IV, mouse	BFO:0000051	has part	positive	False	PR:000003469	early growth response protein 2		UniProtKB:P11161	UniProtKB:P08152		HGNC:3239	EGR2
CL:0002043	CD34-positive, CD38-negative multipotent progenitor cell	CL:4030046	lacks_plasma_membrane_part	negative	False	PR:000001002	CD19 molecule	CD19 (label)	UniProtKB:P15391	UniProtKB:P25918	IUPHARobj:2764; PIRSF:PIRSF016630	HGNC:1633	CD19
CL:0002043	CD34-positive, CD38-negative multipotent progenitor cell	CL:4030046	lacks_plasma_membrane_part	negative	False	PR:000001004	CD4 molecule	CD4 (label)	UniProtKB:P01730	UniProtKB:P06332	PIRSF:PIRSF001977	HGNC:1678	CD4
CL:0002043	CD34-positive, CD38-negative multipotent progenitor cell	CL:4030046	lacks_plasma_membrane_part	negative	False	PR:000001006	receptor-type tyrosine-protein phosphatase C	CD45 (related)	UniProtKB:P08575	UniProtKB:P06800	IUPHARobj:1852; PIRSF:PIRSF002004	HGNC:9666	PTPRC
CL:0002043	CD34-positive, CD38-negative multipotent progenitor cell	CL:4030046	lacks_plasma_membrane_part	negative	False	PR:000001012	integrin alpha-M	CD11 (exact); CD11B (related); CD11b (exact)	UniProtKB:P11215	UniProtKB:P05555	IUPHARobj:2452	HGNC:6149	ITGAM
CL:0002043	CD34-positive, CD38-negative multipotent progenitor cell	CL:4030046	lacks_plasma_membrane_part	negative	True	PR:000001015	receptor-type tyrosine-protein phosphatase C isoform CD45RA	CD45RA (label)	UniProtKB:P08575-8				
CL:0002043	CD34-positive, CD38-negative multipotent progenitor cell	CL:4030046	lacks_plasma_membrane_part	negative	False	PR:000001020	CD3 epsilon	CD3 (label); CD3E (exact); CD3e (exact)	UniProtKB:P07766	UniProtKB:P22646	IUPHARobj:2742	HGNC:1674	CD3E
CL:0002043	CD34-positive, CD38-negative multipotent progenitor cell	CL:4030046	lacks_plasma_membrane_part	negative	False	PR:000001024	neural cell adhesion molecule 1	CD56 (exact)	UniProtKB:P13591	UniProtKB:P13595	IUPHARobj:2769	HGNC:7656	NCAM1
CL:0002043	CD34-positive, CD38-negative multipotent progenitor cell	CL:4030046	lacks_plasma_membrane_part	negative	False	PR:000001083	CD2 molecule	CD2 (label)	UniProtKB:P06729	UniProtKB:P08920	IUPHARobj:2600; PIRSF:PIRSF001984	HGNC:1639	CD2
CL:0002043	CD34-positive, CD38-negative multipotent progenitor cell	CL:4030046	lacks_plasma_membrane_part	negative	False	PR:000001084	T-cell surface glycoprotein CD8 alpha chain	CD8 (label); CD8A (exact); CD8a (exact)	UniProtKB:P01732	UniProtKB:P01731		HGNC:1706	CD8A
CL:0002043	CD34-positive, CD38-negative multipotent progenitor cell	CL:4030046	lacks_plasma_membrane_part	negative	False	PR:000001289	membrane-spanning 4-domains subfamily A member 1	CD20 (exact)	UniProtKB:P11836	UniProtKB:P19437	PIRSF:PIRSF001995; IUPHARobj:2628	HGNC:7315	MS4A1
CL:0002043	CD34-positive, CD38-negative multipotent progenitor cell	CL:4030046	lacks_plasma_membrane_part	negative	True	PR:000001408	ADP-ribosyl cyclase/cyclic ADP-ribose hydrolase 1	CD38 (exact)	UniProtKB:P28907	UniProtKB:P56528	IUPHARobj:2766	HGNC:1667	CD38
CL:0002043	CD34-positive, CD38-negative multipotent progenitor cell	CL:4030046	lacks_plasma_membrane_part	negative	False	PR:000001839	T-cell surface glycoprotein CD5	CD5 (label)	UniProtKB:P06127	UniProtKB:P13379		HGNC:1685	CD5
CL:0002043	CD34-positive, CD38-negative multipotent progenitor cell	CL:4030046	lacks_plasma_membrane_part	negative	True	PR:000001843	Thy-1 membrane glycoprotein	CD90 (exact); CDw90 (exact)	UniProtKB:P04216	UniProtKB:P01831	PIRSF:PIRSF038777	HGNC:11801	THY1
CL:0002043	CD34-positive, CD38-negative multipotent progenitor cell	CL:4030046	lacks_plasma_membrane_part	negative	False	PR:000001869	interleukin-7 receptor subunit alpha	CD127 (exact); CDw127 (exact)	UniProtKB:P16871	UniProtKB:P16872	IUPHARobj:1698; PIRSF:PIRSF001960	HGNC:6024	IL7R
CL:0002043	CD34-positive, CD38-negative multipotent progenitor cell	CL:4030046	lacks_plasma_membrane_part	negative	False	PR:000001889	CD14 molecule	CD14 (label)	UniProtKB:P08571	UniProtKB:P10810	PIRSF:PIRSF002017	HGNC:1628	CD14
CL:0002043	CD34-positive, CD38-negative multipotent progenitor cell	CL:4030046	lacks_plasma_membrane_part	negative	False	PR:000002978	lymphocyte antigen 6G			UniProtKB:P35461			
CL:0002043	CD34-positive, CD38-negative multipotent progenitor cell	CL:4030046	lacks_plasma_membrane_part	negative	False	PR:000002981	lymphocyte antigen 76 (mouse)						
CL:0002043	CD34-positive, CD38-negative multipotent progenitor cell	RO:0002104	has plasma membrane part	positive	False	PR:000001003	CD34 molecule	CD34 (label)	UniProtKB:P28906	UniProtKB:Q64314	PIRSF:PIRSF028749	HGNC:1662	CD34
CL:0002044	Kit-positive, integrin beta7-high basophil mast progenitor cell	RO:0015015	has high plasma membrane amount	high	True	PR:000009143	integrin beta-7		UniProtKB:P26010	UniProtKB:P26011	IUPHARobj:2461	HGNC:6162	ITGB7
CL:0002044	Kit-positive, integrin beta7-high basophil mast progenitor cell	CL:4030046	lacks_plasma_membrane_part	negative	True	PR:000002065	mast/stem cell growth factor receptor	CD117 (exact)	UniProtKB:P10721	UniProtKB:P05532	IUPHARobj:1805; PIRSF:PIRSF500951	HGNC:6342	KIT
CL:0002044	Kit-positive, integrin beta7-high basophil mast progenitor cell	CL:4030046	lacks_plasma_membrane_part	negative	True	PR:000002979	lymphocyte antigen 6A-2/6E-1			UniProtKB:P05533			
CL:0002044	Kit-positive, integrin beta7-high basophil mast progenitor cell	CL:4030046	lacks_plasma_membrane_part	negative	False	PR:000007431	high affinity immunoglobulin epsilon receptor subunit alpha		UniProtKB:P12319	UniProtKB:P20489	IUPHARobj:2933	HGNC:3609	FCER1A
CL:0002044	Kit-positive, integrin beta7-high basophil mast progenitor cell	CL:4030046	lacks_plasma_membrane_part	negative	False	PR:000016401	transmembrane emp24 domain-containing protein 1		UniProtKB:Q13445	UniProtKB:Q3V009		HGNC:17291	TMED1
CL:0002044	Kit-positive, integrin beta7-high basophil mast progenitor cell	RO:0002104	has plasma membrane part	positive	True	PR:000001479	low affinity immunoglobulin gamma Fc region receptor II	CD32 (broad)		UniProtKB:P08101			
CL:0002044	Kit-positive, integrin beta7-high basophil mast progenitor cell	RO:0002104	has plasma membrane part	positive	True	PR:000001483	low affinity immunoglobulin gamma Fc region receptor III	CD16 (exact)		UniProtKB:P08508			
CL:0002044	Kit-positive, integrin beta7-high basophil mast progenitor cell	RO:0002104	has plasma membrane part	positive	False	PR:000001867	interleukin-5 receptor subunit alpha	CD125 (exact); CDw125 (exact)	UniProtKB:Q01344	UniProtKB:P21183	IUPHARobj:1706; PIRSF:PIRSF018419	HGNC:6017	IL5RA
CL:0002044	Kit-positive, integrin beta7-high basophil mast progenitor cell	BFO:0000051	has part	positive	False	PR:000005307	CCAAT/enhancer-binding protein alpha		UniProtKB:P49715	UniProtKB:P53566		HGNC:1833	CEBPA
CL:0002044	Kit-positive, integrin beta7-high basophil mast progenitor cell	BFO:0000051	has part	positive	False	PR:000007857	erythroid transcription factor		UniProtKB:P15976	UniProtKB:P17679		HGNC:4170	GATA1
CL:0002044	Kit-positive, integrin beta7-high basophil mast progenitor cell	BFO:0000051	has part	positive	False	PR:000007858	endothelial transcription factor GATA-2		UniProtKB:P23769	UniProtKB:O09100		HGNC:4171	GATA2
CL:0002045	fraction A pre-pro B cell	RO:0015016	has low plasma membrane amount	low	True	PR:000001932	signal transducer CD24	CD24 (label); CD24A (related)	UniProtKB:P25063	UniProtKB:P24807		HGNC:1645	CD24
CL:0002045	fraction A pre-pro B cell	CL:4030046	lacks_plasma_membrane_part	negative	True	PR:000002039	glutamyl aminopeptidase	CD249 (exact)	UniProtKB:Q07075	UniProtKB:P16406	IUPHARobj:1568	HGNC:3355	ENPEP
CL:0002045	fraction A pre-pro B cell	CL:4030046	lacks_plasma_membrane_part	negative	True	PR:000002980	lymphocyte antigen 6C2			UniProtKB:P0CW03			
CL:0002045	fraction A pre-pro B cell	RO:0002104	has plasma membrane part	positive	False	PR:000001006	receptor-type tyrosine-protein phosphatase C	CD45 (related)	UniProtKB:P08575	UniProtKB:P06800	IUPHARobj:1852; PIRSF:PIRSF002004	HGNC:9666	PTPRC
CL:0002045	fraction A pre-pro B cell	RO:0002104	has plasma membrane part	positive	True	PR:000001015	receptor-type tyrosine-protein phosphatase C isoform CD45RA	CD45RA (label)	UniProtKB:P08575-8				
CL:0002045	fraction A pre-pro B cell	RO:0002104	has plasma membrane part	positive	True	PR:000001879	leukosialin	CD43 (related)	UniProtKB:P16150	UniProtKB:P15702	PIRSF:PIRSF001994	HGNC:11249	SPN
CL:0002045	fraction A pre-pro B cell	BFO:0000051	has part	positive	False	PR:000001903	paired box protein PAX-5		UniProtKB:Q02548	UniProtKB:Q02650		HGNC:8619	PAX5
CL:0002045	fraction A pre-pro B cell	RO:0002104	has plasma membrane part	positive	True	PR:000002037	complement component C1q receptor	CD93 (exact); CDw93 (exact)	UniProtKB:Q9NPY3	UniProtKB:O89103		HGNC:15855	CD93
CL:0002045	fraction A pre-pro B cell	RO:0002104	has plasma membrane part	positive	True	PR:000002065	mast/stem cell growth factor receptor	CD117 (exact)	UniProtKB:P10721	UniProtKB:P05532	IUPHARobj:1805; PIRSF:PIRSF500951	HGNC:6342	KIT
CL:0002045	fraction A pre-pro B cell	BFO:0000051	has part	positive	False	PR:000006611	DNA nucleotidylexotransferase		UniProtKB:P04053	UniProtKB:P09838		HGNC:2983	DNTT
CL:0002046	early pro-B cell	RO:0015016	has low plasma membrane amount	low	True	PR:000001898	neprilysin	CD10 (exact)	UniProtKB:P08473	UniProtKB:Q61391	IUPHARobj:1611; PIRSF:PIRSF501074	HGNC:7154	MME
CL:0002046	early pro-B cell	CL:4030046	lacks_plasma_membrane_part	negative	True	PR:000001002	CD19 molecule	CD19 (label)	UniProtKB:P15391	UniProtKB:P25918	IUPHARobj:2764; PIRSF:PIRSF016630	HGNC:1633	CD19
CL:0002046	early pro-B cell	CL:4030046	lacks_plasma_membrane_part	negative	True	PR:000001289	membrane-spanning 4-domains subfamily A member 1	CD20 (exact)	UniProtKB:P11836	UniProtKB:P19437	PIRSF:PIRSF001995; IUPHARobj:2628	HGNC:7315	MS4A1
CL:0002046	early pro-B cell	CL:4030046	lacks_plasma_membrane_part	negative	True	PR:000001338	complement receptor type 2	CD21 (exact)	UniProtKB:P20023	UniProtKB:P19070	PIRSF:PIRSF002484	HGNC:2336	CR2
CL:0002046	early pro-B cell	RO:0002104	has plasma membrane part	positive	True	PR:000001003	CD34 molecule	CD34 (label)	UniProtKB:P28906	UniProtKB:Q64314	PIRSF:PIRSF028749	HGNC:1662	CD34
CL:0002046	early pro-B cell	RO:0002104	has plasma membrane part	positive	True	PR:000001288	B-cell receptor CD22	CD22 (label)	UniProtKB:P20273	UniProtKB:P35329	IUPHARobj:2786	HGNC:1643	CD22
CL:0002046	early pro-B cell	RO:0002104	has plasma membrane part	positive	True	PR:000001408	ADP-ribosyl cyclase/cyclic ADP-ribose hydrolase 1	CD38 (exact)	UniProtKB:P28907	UniProtKB:P56528	IUPHARobj:2766	HGNC:1667	CD38
CL:0002046	early pro-B cell	BFO:0000051	has part	positive	False	PR:000001903	paired box protein PAX-5		UniProtKB:Q02548	UniProtKB:Q02650		HGNC:8619	PAX5
CL:0002046	early pro-B cell	BFO:0000051	has part	positive	False	PR:000006611	DNA nucleotidylexotransferase		UniProtKB:P04053	UniProtKB:P09838		HGNC:2983	DNTT
CL:0002047	fraction B precursor B cell	CL:4030046	lacks_plasma_membrane_part	negative	False	PR:000001020	CD3 epsilon	CD3 (label); CD3E (exact); CD3e (exact)	UniProtKB:P07766	UniProtKB:P22646	IUPHARobj:2742	HGNC:1674	CD3E
CL:0002047	fraction B precursor B cell	CL:4030046	lacks_plasma_membrane_part	negative	True	PR:000002039	glutamyl aminopeptidase	CD249 (exact)	UniProtKB:Q07075	UniProtKB:P16406	IUPHARobj:1568	HGNC:3355	ENPEP
CL:0002047	fraction B precursor B cell	RO:0002104	has plasma membrane part	positive	False	PR:000001002	CD19 molecule	CD19 (label)	UniProtKB:P15391	UniProtKB:P25918	IUPHARobj:2764; PIRSF:PIRSF016630	HGNC:1633	CD19
CL:0002047	fraction B precursor B cell	RO:0002104	has plasma membrane part	positive	False	PR:000001006	receptor-type tyrosine-protein phosphatase C	CD45 (related)	UniProtKB:P08575	UniProtKB:P06800	IUPHARobj:1852; PIRSF:PIRSF002004	HGNC:9666	PTPRC
CL:0002047	fraction B precursor B cell	RO:0002104	has plasma membrane part	positive	True	PR:000001014	receptor-type tyrosine-protein phosphatase C isoform CD45RABC	CD45R (related); CD45RABC (label)	UniProtKB:P08575-3				
CL:0002047	fraction B precursor B cell	RO:0002104	has plasma membrane part	positive	False	PR:000001879	leukosialin	CD43 (related)	UniProtKB:P16150	UniProtKB:P15702	PIRSF:PIRSF001994	HGNC:11249	SPN
CL:0002047	fraction B precursor B cell	RO:0002104	has plasma membrane part	positive	False	PR:000001898	neprilysin	CD10 (exact)	UniProtKB:P08473	UniProtKB:Q61391	IUPHARobj:1611; PIRSF:PIRSF501074	HGNC:7154	MME
CL:0002047	fraction B precursor B cell	RO:0002104	has plasma membrane part	positive	False	PR:000001932	signal transducer CD24	CD24 (label); CD24A (related)	UniProtKB:P25063	UniProtKB:P24807		HGNC:1645	CD24
CL:0002047	fraction B precursor B cell	RO:0002104	has plasma membrane part	positive	False	PR:000002037	complement component C1q receptor	CD93 (exact); CDw93 (exact)	UniProtKB:Q9NPY3	UniProtKB:O89103		HGNC:15855	CD93
CL:0002048	late pro-B cell	RO:0015016	has low plasma membrane amount	low	True	PR:000001002	CD19 molecule	CD19 (label)	UniProtKB:P15391	UniProtKB:P25918	IUPHARobj:2764; PIRSF:PIRSF016630	HGNC:1633	CD19
CL:0002048	late pro-B cell	CL:4030046	lacks_plasma_membrane_part	negative	False	PR:000001020	CD3 epsilon	CD3 (label); CD3E (exact); CD3e (exact)	UniProtKB:P07766	UniProtKB:P22646	IUPHARobj:2742	HGNC:1674	CD3E
CL:0002048	late pro-B cell	RO:0002104	has plasma membrane part	positive	True	PR:000001003	CD34 molecule	CD34 (label)	UniProtKB:P28906	UniProtKB:Q64314	PIRSF:PIRSF028749	HGNC:1662	CD34
CL:0002048	late pro-B cell	RO:0002104	has plasma membrane part	positive	True	PR:000001288	B-cell receptor CD22	CD22 (label)	UniProtKB:P20273	UniProtKB:P35329	IUPHARobj:2786	HGNC:1643	CD22
CL:0002048	late pro-B cell	RO:0002104	has plasma membrane part	positive	True	PR:000001408	ADP-ribosyl cyclase/cyclic ADP-ribose hydrolase 1	CD38 (exact)	UniProtKB:P28907	UniProtKB:P56528	IUPHARobj:2766	HGNC:1667	CD38
CL:0002048	late pro-B cell	RO:0002104	has plasma membrane part	positive	False	PR:000001898	neprilysin	CD10 (exact)	UniProtKB:P08473	UniProtKB:Q61391	IUPHARobj:1611; PIRSF:PIRSF501074	HGNC:7154	MME
CL:0002049	fraction C precursor B cell	CL:4030046	lacks_plasma_membrane_part	negative	False	PR:000001020	CD3 epsilon	CD3 (label); CD3E (exact); CD3e (exact)	UniProtKB:P07766	UniProtKB:P22646	IUPHARobj:2742	HGNC:1674	CD3E
CL:0002049	fraction C precursor B cell	RO:0002104	has plasma membrane part	positive	False	PR:000001002	CD19 molecule	CD19 (label)	UniProtKB:P15391	UniProtKB:P25918	IUPHARobj:2764; PIRSF:PIRSF016630	HGNC:1633	CD19
CL:0002049	fraction C precursor B cell	RO:0002104	has plasma membrane part	positive	False	PR:000001006	receptor-type tyrosine-protein phosphatase C	CD45 (related)	UniProtKB:P08575	UniProtKB:P06800	IUPHARobj:1852; PIRSF:PIRSF002004	HGNC:9666	PTPRC
CL:0002049	fraction C precursor B cell	RO:0002104	has plasma membrane part	positive	True	PR:000001014	receptor-type tyrosine-protein phosphatase C isoform CD45RABC	CD45R (related); CD45RABC (label)	UniProtKB:P08575-3				
CL:0002049	fraction C precursor B cell	BFO:0000051	has part	positive	True	PR:000001858	immunoglobulin iota chain	CD179 (exact); CD179a (exact)	UniProtKB:P12018		PIRSF:PIRSF038787	HGNC:12709	VPREB1
CL:0002049	fraction C precursor B cell	BFO:0000051	has part	positive	True	PR:000001859	immunoglobulin lambda-like polypeptide 1	CD179 (exact); CD179b (exact)	UniProtKB:P15814			HGNC:5870	IGLL1
CL:0002049	fraction C precursor B cell	RO:0002104	has plasma membrane part	positive	False	PR:000001879	leukosialin	CD43 (related)	UniProtKB:P16150	UniProtKB:P15702	PIRSF:PIRSF001994	HGNC:11249	SPN
CL:0002049	fraction C precursor B cell	RO:0002104	has plasma membrane part	positive	False	PR:000001898	neprilysin	CD10 (exact)	UniProtKB:P08473	UniProtKB:Q61391	IUPHARobj:1611; PIRSF:PIRSF501074	HGNC:7154	MME
CL:0002049	fraction C precursor B cell	RO:0002104	has plasma membrane part	positive	False	PR:000001932	signal transducer CD24	CD24 (label); CD24A (related)	UniProtKB:P25063	UniProtKB:P24807		HGNC:1645	CD24
CL:0002049	fraction C precursor B cell	RO:0002104	has plasma membrane part	positive	False	PR:000002037	complement component C1q receptor	CD93 (exact); CDw93 (exact)	UniProtKB:Q9NPY3	UniProtKB:O89103		HGNC:15855	CD93
CL:0002049	fraction C precursor B cell	RO:0002104	has plasma membrane part	positive	True	PR:000002039	glutamyl aminopeptidase	CD249 (exact)	UniProtKB:Q07075	UniProtKB:P16406	IUPHARobj:1568	HGNC:3355	ENPEP
CL:0002049	fraction C precursor B cell	RO:0002104	has plasma membrane part	positive	True	PR:000003457	V(D)J recombination-activating protein 1		UniProtKB:P15918	UniProtKB:P15919		HGNC:9831	RAG1
CL:0002049	fraction C precursor B cell	RO:0002104	has plasma membrane part	positive	True	PR:000003460	V(D)J recombination-activating protein 2		UniProtKB:P55895	UniProtKB:P21784		HGNC:9832	RAG2
CL:0002050	fraction C' precursor B cell	RO:0015015	has high plasma membrane amount	high	True	PR:000001932	signal transducer CD24	CD24 (label); CD24A (related)	UniProtKB:P25063	UniProtKB:P24807		HGNC:1645	CD24
CL:0002050	fraction C' precursor B cell	CL:4030046	lacks_plasma_membrane_part	negative	False	PR:000001020	CD3 epsilon	CD3 (label); CD3E (exact); CD3e (exact)	UniProtKB:P07766	UniProtKB:P22646	IUPHARobj:2742	HGNC:1674	CD3E
CL:0002050	fraction C' precursor B cell	RO:0002104	has plasma membrane part	positive	False	PR:000001002	CD19 molecule	CD19 (label)	UniProtKB:P15391	UniProtKB:P25918	IUPHARobj:2764; PIRSF:PIRSF016630	HGNC:1633	CD19
CL:0002050	fraction C' precursor B cell	RO:0002104	has plasma membrane part	positive	False	PR:000001006	receptor-type tyrosine-protein phosphatase C	CD45 (related)	UniProtKB:P08575	UniProtKB:P06800	IUPHARobj:1852; PIRSF:PIRSF002004	HGNC:9666	PTPRC
CL:0002050	fraction C' precursor B cell	RO:0002104	has plasma membrane part	positive	True	PR:000001014	receptor-type tyrosine-protein phosphatase C isoform CD45RABC	CD45R (related); CD45RABC (label)	UniProtKB:P08575-3				
CL:0002050	fraction C' precursor B cell	RO:0002104	has plasma membrane part	positive	True	PR:000001380	interleukin-2 receptor subunit alpha	CD25 (exact)	UniProtKB:P01589	UniProtKB:P01590	IUPHARobj:1695; PIRSF:PIRSF001954	HGNC:6008	IL2RA
CL:0002050	fraction C' precursor B cell	RO:0002104	has plasma membrane part	positive	True	PR:000001879	leukosialin	CD43 (related)	UniProtKB:P16150	UniProtKB:P15702	PIRSF:PIRSF001994	HGNC:11249	SPN
CL:0002050	fraction C' precursor B cell	RO:0002104	has plasma membrane part	positive	False	PR:000001898	neprilysin	CD10 (exact)	UniProtKB:P08473	UniProtKB:Q61391	IUPHARobj:1611; PIRSF:PIRSF501074	HGNC:7154	MME
CL:0002050	fraction C' precursor B cell	RO:0002104	has plasma membrane part	positive	True	PR:000002039	glutamyl aminopeptidase	CD249 (exact)	UniProtKB:Q07075	UniProtKB:P16406	IUPHARobj:1568	HGNC:3355	ENPEP
CL:0002051	CD38-high pre-BCR positive cell	RO:0015015	has high plasma membrane amount	high	True	PR:000001408	ADP-ribosyl cyclase/cyclic ADP-ribose hydrolase 1	CD38 (exact)	UniProtKB:P28907	UniProtKB:P56528	IUPHARobj:2766	HGNC:1667	CD38
CL:0002051	CD38-high pre-BCR positive cell	CL:4030046	lacks_plasma_membrane_part	negative	False	PR:000001003	CD34 molecule	CD34 (label)	UniProtKB:P28906	UniProtKB:Q64314	PIRSF:PIRSF028749	HGNC:1662	CD34
CL:0002051	CD38-high pre-BCR positive cell	CL:4030046	lacks_plasma_membrane_part	negative	False	PR:000001020	CD3 epsilon	CD3 (label); CD3E (exact); CD3e (exact)	UniProtKB:P07766	UniProtKB:P22646	IUPHARobj:2742	HGNC:1674	CD3E
CL:0002051	CD38-high pre-BCR positive cell	CL:4030045	lacks_part	negative	False	PR:000003457	V(D)J recombination-activating protein 1		UniProtKB:P15918	UniProtKB:P15919		HGNC:9831	RAG1
CL:0002051	CD38-high pre-BCR positive cell	CL:4030045	lacks_part	negative	False	PR:000003460	V(D)J recombination-activating protein 2		UniProtKB:P55895	UniProtKB:P21784		HGNC:9832	RAG2
CL:0002051	CD38-high pre-BCR positive cell	CL:4030045	lacks_part	negative	False	PR:000006611	DNA nucleotidylexotransferase		UniProtKB:P04053	UniProtKB:P09838		HGNC:2983	DNTT
CL:0002051	CD38-high pre-BCR positive cell	RO:0002104	has plasma membrane part	positive	False	PR:000001002	CD19 molecule	CD19 (label)	UniProtKB:P15391	UniProtKB:P25918	IUPHARobj:2764; PIRSF:PIRSF016630	HGNC:1633	CD19
CL:0002051	CD38-high pre-BCR positive cell	RO:0002104	has plasma membrane part	positive	True	PR:000001288	B-cell receptor CD22	CD22 (label)	UniProtKB:P20273	UniProtKB:P35329	IUPHARobj:2786	HGNC:1643	CD22
CL:0002051	CD38-high pre-BCR positive cell	RO:0002104	has plasma membrane part	positive	False	PR:000001858	immunoglobulin iota chain	CD179 (exact); CD179a (exact)	UniProtKB:P12018		PIRSF:PIRSF038787	HGNC:12709	VPREB1
CL:0002051	CD38-high pre-BCR positive cell	RO:0002104	has plasma membrane part	positive	False	PR:000001859	immunoglobulin lambda-like polypeptide 1	CD179 (exact); CD179b (exact)	UniProtKB:P15814			HGNC:5870	IGLL1
CL:0002051	CD38-high pre-BCR positive cell	RO:0002104	has plasma membrane part	positive	False	PR:000001898	neprilysin	CD10 (exact)	UniProtKB:P08473	UniProtKB:Q61391	IUPHARobj:1611; PIRSF:PIRSF501074	HGNC:7154	MME
CL:0002052	fraction D precursor B cell	RO:0015016	has low plasma membrane amount	low	True	PR:000001879	leukosialin	CD43 (related)	UniProtKB:P16150	UniProtKB:P15702	PIRSF:PIRSF001994	HGNC:11249	SPN
CL:0002052	fraction D precursor B cell	CL:4030046	lacks_plasma_membrane_part	negative	False	PR:000001020	CD3 epsilon	CD3 (label); CD3E (exact); CD3e (exact)	UniProtKB:P07766	UniProtKB:P22646	IUPHARobj:2742	HGNC:1674	CD3E
CL:0002052	fraction D precursor B cell	RO:0002104	has plasma membrane part	positive	False	PR:000001002	CD19 molecule	CD19 (label)	UniProtKB:P15391	UniProtKB:P25918	IUPHARobj:2764; PIRSF:PIRSF016630	HGNC:1633	CD19
CL:0002052	fraction D precursor B cell	RO:0002104	has plasma membrane part	positive	False	PR:000001006	receptor-type tyrosine-protein phosphatase C	CD45 (related)	UniProtKB:P08575	UniProtKB:P06800	IUPHARobj:1852; PIRSF:PIRSF002004	HGNC:9666	PTPRC
CL:0002052	fraction D precursor B cell	RO:0002104	has plasma membrane part	positive	True	PR:000001014	receptor-type tyrosine-protein phosphatase C isoform CD45RABC	CD45R (related); CD45RABC (label)	UniProtKB:P08575-3				
CL:0002052	fraction D precursor B cell	RO:0002104	has plasma membrane part	positive	True	PR:000001380	interleukin-2 receptor subunit alpha	CD25 (exact)	UniProtKB:P01589	UniProtKB:P01590	IUPHARobj:1695; PIRSF:PIRSF001954	HGNC:6008	IL2RA
CL:0002052	fraction D precursor B cell	RO:0002104	has plasma membrane part	positive	False	PR:000001898	neprilysin	CD10 (exact)	UniProtKB:P08473	UniProtKB:Q61391	IUPHARobj:1611; PIRSF:PIRSF501074	HGNC:7154	MME
CL:0002052	fraction D precursor B cell	RO:0002104	has plasma membrane part	positive	False	PR:000001932	signal transducer CD24	CD24 (label); CD24A (related)	UniProtKB:P25063	UniProtKB:P24807		HGNC:1645	CD24
CL:0002052	fraction D precursor B cell	RO:0002104	has plasma membrane part	positive	False	PR:000002037	complement component C1q receptor	CD93 (exact); CDw93 (exact)	UniProtKB:Q9NPY3	UniProtKB:O89103		HGNC:15855	CD93
CL:0002052	fraction D precursor B cell	RO:0002104	has plasma membrane part	positive	True	PR:000002039	glutamyl aminopeptidase	CD249 (exact)	UniProtKB:Q07075	UniProtKB:P16406	IUPHARobj:1568	HGNC:3355	ENPEP
CL:0002053	CD22-positive, CD38-low small pre-B cell	RO:0015016	has low plasma membrane amount	low	True	PR:000001408	ADP-ribosyl cyclase/cyclic ADP-ribose hydrolase 1	CD38 (exact)	UniProtKB:P28907	UniProtKB:P56528	IUPHARobj:2766	HGNC:1667	CD38
CL:0002053	CD22-positive, CD38-low small pre-B cell	CL:4030046	lacks_plasma_membrane_part	negative	False	PR:000001003	CD34 molecule	CD34 (label)	UniProtKB:P28906	UniProtKB:Q64314	PIRSF:PIRSF028749	HGNC:1662	CD34
CL:0002053	CD22-positive, CD38-low small pre-B cell	CL:4030046	lacks_plasma_membrane_part	negative	False	PR:000001020	CD3 epsilon	CD3 (label); CD3E (exact); CD3e (exact)	UniProtKB:P07766	UniProtKB:P22646	IUPHARobj:2742	HGNC:1674	CD3E
CL:0002053	CD22-positive, CD38-low small pre-B cell	CL:4030045	lacks_part	negative	False	PR:000006611	DNA nucleotidylexotransferase		UniProtKB:P04053	UniProtKB:P09838		HGNC:2983	DNTT
CL:0002053	CD22-positive, CD38-low small pre-B cell	RO:0002104	has plasma membrane part	positive	False	PR:000001002	CD19 molecule	CD19 (label)	UniProtKB:P15391	UniProtKB:P25918	IUPHARobj:2764; PIRSF:PIRSF016630	HGNC:1633	CD19
CL:0002053	CD22-positive, CD38-low small pre-B cell	RO:0002104	has plasma membrane part	positive	True	PR:000001288	B-cell receptor CD22	CD22 (label)	UniProtKB:P20273	UniProtKB:P35329	IUPHARobj:2786	HGNC:1643	CD22
CL:0002053	CD22-positive, CD38-low small pre-B cell	RO:0002104	has plasma membrane part	positive	False	PR:000001898	neprilysin	CD10 (exact)	UniProtKB:P08473	UniProtKB:Q61391	IUPHARobj:1611; PIRSF:PIRSF501074	HGNC:7154	MME
CL:0002053	CD22-positive, CD38-low small pre-B cell	BFO:0000051	has part	positive	False	PR:000003457	V(D)J recombination-activating protein 1		UniProtKB:P15918	UniProtKB:P15919		HGNC:9831	RAG1
CL:0002053	CD22-positive, CD38-low small pre-B cell	BFO:0000051	has part	positive	False	PR:000003460	V(D)J recombination-activating protein 2		UniProtKB:P55895	UniProtKB:P21784		HGNC:9832	RAG2
CL:0002054	fraction E immature B cell	RO:0015016	has low plasma membrane amount	low	True	PR:000001879	leukosialin	CD43 (related)	UniProtKB:P16150	UniProtKB:P15702	PIRSF:PIRSF001994	HGNC:11249	SPN
CL:0002054	fraction E immature B cell	CL:4030046	lacks_plasma_membrane_part	negative	False	PR:000001020	CD3 epsilon	CD3 (label); CD3E (exact); CD3e (exact)	UniProtKB:P07766	UniProtKB:P22646	IUPHARobj:2742	HGNC:1674	CD3E
CL:0002054	fraction E immature B cell	CL:4030046	lacks_plasma_membrane_part	negative	True	PR:000001380	interleukin-2 receptor subunit alpha	CD25 (exact)	UniProtKB:P01589	UniProtKB:P01590	IUPHARobj:1695; PIRSF:PIRSF001954	HGNC:6008	IL2RA
CL:0002054	fraction E immature B cell	CL:4030046	lacks_plasma_membrane_part	negative	True	PR:000001869	interleukin-7 receptor subunit alpha	CD127 (exact); CDw127 (exact)	UniProtKB:P16871	UniProtKB:P16872	IUPHARobj:1698; PIRSF:PIRSF001960	HGNC:6024	IL7R
CL:0002054	fraction E immature B cell	RO:0002104	has plasma membrane part	positive	False	PR:000001002	CD19 molecule	CD19 (label)	UniProtKB:P15391	UniProtKB:P25918	IUPHARobj:2764; PIRSF:PIRSF016630	HGNC:1633	CD19
CL:0002054	fraction E immature B cell	RO:0002104	has plasma membrane part	positive	False	PR:000001289	membrane-spanning 4-domains subfamily A member 1	CD20 (exact)	UniProtKB:P11836	UniProtKB:P19437	PIRSF:PIRSF001995; IUPHARobj:2628	HGNC:7315	MS4A1
CL:0002054	fraction E immature B cell	RO:0002104	has plasma membrane part	positive	True	PR:000001932	signal transducer CD24	CD24 (label); CD24A (related)	UniProtKB:P25063	UniProtKB:P24807		HGNC:1645	CD24
CL:0002054	fraction E immature B cell	RO:0002104	has plasma membrane part	positive	True	PR:000002037	complement component C1q receptor	CD93 (exact); CDw93 (exact)	UniProtKB:Q9NPY3	UniProtKB:O89103		HGNC:15855	CD93
CL:0002055	CD38-negative immature B cell	RO:0015015	has high plasma membrane amount	high	True	PR:000001288	B-cell receptor CD22	CD22 (label)	UniProtKB:P20273	UniProtKB:P35329	IUPHARobj:2786	HGNC:1643	CD22
CL:0002055	CD38-negative immature B cell	RO:0015016	has low plasma membrane amount	low	True	PR:000001338	complement receptor type 2	CD21 (exact)	UniProtKB:P20023	UniProtKB:P19070	PIRSF:PIRSF002484	HGNC:2336	CR2
CL:0002055	CD38-negative immature B cell	RO:0015016	has low plasma membrane amount	low	True	PR:000001898	neprilysin	CD10 (exact)	UniProtKB:P08473	UniProtKB:Q61391	IUPHARobj:1611; PIRSF:PIRSF501074	HGNC:7154	MME
CL:0002055	CD38-negative immature B cell	CL:4030046	lacks_plasma_membrane_part	negative	False	PR:000001020	CD3 epsilon	CD3 (label); CD3E (exact); CD3e (exact)	UniProtKB:P07766	UniProtKB:P22646	IUPHARobj:2742	HGNC:1674	CD3E
CL:0002055	CD38-negative immature B cell	CL:4030046	lacks_plasma_membrane_part	negative	True	PR:000001408	ADP-ribosyl cyclase/cyclic ADP-ribose hydrolase 1	CD38 (exact)	UniProtKB:P28907	UniProtKB:P56528	IUPHARobj:2766	HGNC:1667	CD38
CL:0002055	CD38-negative immature B cell	RO:0002104	has plasma membrane part	positive	False	PR:000001002	CD19 molecule	CD19 (label)	UniProtKB:P15391	UniProtKB:P25918	IUPHARobj:2764; PIRSF:PIRSF016630	HGNC:1633	CD19
CL:0002055	CD38-negative immature B cell	RO:0002104	has plasma membrane part	positive	False	PR:000001289	membrane-spanning 4-domains subfamily A member 1	CD20 (exact)	UniProtKB:P11836	UniProtKB:P19437	PIRSF:PIRSF001995; IUPHARobj:2628	HGNC:7315	MS4A1
CL:0002056	fraction F mature B cell	CL:4030046	lacks_plasma_membrane_part	negative	False	PR:000001020	CD3 epsilon	CD3 (label); CD3E (exact); CD3e (exact)	UniProtKB:P07766	UniProtKB:P22646	IUPHARobj:2742	HGNC:1674	CD3E
CL:0002056	fraction F mature B cell	CL:4030046	lacks_plasma_membrane_part	negative	False	PR:000001879	leukosialin	CD43 (related)	UniProtKB:P16150	UniProtKB:P15702	PIRSF:PIRSF001994	HGNC:11249	SPN
CL:0002056	fraction F mature B cell	CL:4030046	lacks_plasma_membrane_part	negative	True	PR:000001880	low affinity immunoglobulin epsilon Fc receptor	CD23 (exact); CD23A (related)	UniProtKB:P06734	UniProtKB:P20693	IUPHARobj:2935; PIRSF:PIRSF002426	HGNC:3612	FCER2
CL:0002056	fraction F mature B cell	CL:4030046	lacks_plasma_membrane_part	negative	True	PR:000002037	complement component C1q receptor	CD93 (exact); CDw93 (exact)	UniProtKB:Q9NPY3	UniProtKB:O89103		HGNC:15855	CD93
CL:0002056	fraction F mature B cell	RO:0002104	has plasma membrane part	positive	False	PR:000001002	CD19 molecule	CD19 (label)	UniProtKB:P15391	UniProtKB:P25918	IUPHARobj:2764; PIRSF:PIRSF016630	HGNC:1633	CD19
CL:0002056	fraction F mature B cell	RO:0002104	has plasma membrane part	positive	False	PR:000001006	receptor-type tyrosine-protein phosphatase C	CD45 (related)	UniProtKB:P08575	UniProtKB:P06800	IUPHARobj:1852; PIRSF:PIRSF002004	HGNC:9666	PTPRC
CL:0002056	fraction F mature B cell	RO:0002104	has plasma membrane part	positive	True	PR:000001014	receptor-type tyrosine-protein phosphatase C isoform CD45RABC	CD45R (related); CD45RABC (label)	UniProtKB:P08575-3				
CL:0002056	fraction F mature B cell	RO:0002104	has plasma membrane part	positive	False	PR:000001289	membrane-spanning 4-domains subfamily A member 1	CD20 (exact)	UniProtKB:P11836	UniProtKB:P19437	PIRSF:PIRSF001995; IUPHARobj:2628	HGNC:7315	MS4A1
CL:0002056	fraction F mature B cell	RO:0002104	has plasma membrane part	positive	True	PR:000001338	complement receptor type 2	CD21 (exact)	UniProtKB:P20023	UniProtKB:P19070	PIRSF:PIRSF002484	HGNC:2336	CR2
CL:0002057	CD14-positive, CD16-negative classical monocyte	RO:0015015	has high plasma membrane amount	high	False	PR:000001199	C-C chemokine receptor type 2	CD192 (exact)	UniProtKB:P41597	UniProtKB:P51683	IUPHARobj:59	HGNC:1603	CCR2
CL:0002057	CD14-positive, CD16-negative classical monocyte	CL:4030046	lacks_plasma_membrane_part	negative	False	PR:000001002	CD19 molecule	CD19 (label)	UniProtKB:P15391	UniProtKB:P25918	IUPHARobj:2764; PIRSF:PIRSF016630	HGNC:1633	CD19
CL:0002057	CD14-positive, CD16-negative classical monocyte	CL:4030046	lacks_plasma_membrane_part	negative	False	PR:000001020	CD3 epsilon	CD3 (label); CD3E (exact); CD3e (exact)	UniProtKB:P07766	UniProtKB:P22646	IUPHARobj:2742	HGNC:1674	CD3E
CL:0002057	CD14-positive, CD16-negative classical monocyte	CL:4030046	lacks_plasma_membrane_part	negative	False	PR:000001289	membrane-spanning 4-domains subfamily A member 1	CD20 (exact)	UniProtKB:P11836	UniProtKB:P19437	PIRSF:PIRSF001995; IUPHARobj:2628	HGNC:7315	MS4A1
CL:0002057	CD14-positive, CD16-negative classical monocyte	CL:4030046	lacks_plasma_membrane_part	negative	True	PR:000001483	low affinity immunoglobulin gamma Fc region receptor III	CD16 (exact)		UniProtKB:P08508			
CL:0002057	CD14-positive, CD16-negative classical monocyte	RO:0002104	has plasma membrane part	positive	True	PR:000001465	high affinity immunoglobulin gamma Fc receptor I	CD64 (exact)	UniProtKB:P12314	UniProtKB:P26151		HGNC:3613	FCGR1A
CL:0002057	CD14-positive, CD16-negative classical monocyte	RO:0002104	has plasma membrane part	positive	False	PR:000001889	CD14 molecule	CD14 (label)	UniProtKB:P08571	UniProtKB:P10810	PIRSF:PIRSF002017	HGNC:1628	CD14
CL:0002057	CD14-positive, CD16-negative classical monocyte	RO:0002104	has plasma membrane part	positive	True	PR:000001925	scavenger receptor cysteine-rich type 1 protein M130	CD163 (exact)	UniProtKB:Q86VB7	UniProtKB:Q2VLH6		HGNC:1631	CD163
CL:0002058	Gr1-low non-classical monocyte	RO:0015015	has high plasma membrane amount	high	False	PR:000001206	CX3C chemokine receptor 1		UniProtKB:P49238	UniProtKB:Q9Z0D9	IUPHARobj:74; PIRSF:PIRSF501025	HGNC:2558	CX3CR1
CL:0002058	Gr1-low non-classical monocyte	RO:0015016	has low plasma membrane amount	low	True	PR:000001199	C-C chemokine receptor type 2	CD192 (exact)	UniProtKB:P41597	UniProtKB:P51683	IUPHARobj:59	HGNC:1603	CCR2
CL:0002058	Gr1-low non-classical monocyte	RO:0015016	has low plasma membrane amount	low	True	PR:000002980	lymphocyte antigen 6C2			UniProtKB:P0CW03			
CL:0002058	Gr1-low non-classical monocyte	CL:4030046	lacks_plasma_membrane_part	negative	False	PR:000001002	CD19 molecule	CD19 (label)	UniProtKB:P15391	UniProtKB:P25918	IUPHARobj:2764; PIRSF:PIRSF016630	HGNC:1633	CD19
CL:0002058	Gr1-low non-classical monocyte	CL:4030046	lacks_plasma_membrane_part	negative	False	PR:000001006	receptor-type tyrosine-protein phosphatase C	CD45 (related)	UniProtKB:P08575	UniProtKB:P06800	IUPHARobj:1852; PIRSF:PIRSF002004	HGNC:9666	PTPRC
CL:0002058	Gr1-low non-classical monocyte	CL:4030046	lacks_plasma_membrane_part	negative	True	PR:000001014	receptor-type tyrosine-protein phosphatase C isoform CD45RABC	CD45R (related); CD45RABC (label)	UniProtKB:P08575-3				
CL:0002058	Gr1-low non-classical monocyte	CL:4030046	lacks_plasma_membrane_part	negative	False	PR:000001020	CD3 epsilon	CD3 (label); CD3E (exact); CD3e (exact)	UniProtKB:P07766	UniProtKB:P22646	IUPHARobj:2742	HGNC:1674	CD3E
CL:0002058	Gr1-low non-classical monocyte	CL:4030046	lacks_plasma_membrane_part	negative	False	PR:000001199	C-C chemokine receptor type 2	CD192 (exact)	UniProtKB:P41597	UniProtKB:P51683	IUPHARobj:59	HGNC:1603	CCR2
CL:0002058	Gr1-low non-classical monocyte	CL:4030046	lacks_plasma_membrane_part	negative	False	PR:000001289	membrane-spanning 4-domains subfamily A member 1	CD20 (exact)	UniProtKB:P11836	UniProtKB:P19437	PIRSF:PIRSF001995; IUPHARobj:2628	HGNC:7315	MS4A1
CL:0002058	Gr1-low non-classical monocyte	RO:0002104	has plasma membrane part	positive	False	PR:000001012	integrin alpha-M	CD11 (exact); CD11B (related); CD11b (exact)	UniProtKB:P11215	UniProtKB:P05555	IUPHARobj:2452	HGNC:6149	ITGAM
CL:0002058	Gr1-low non-classical monocyte	RO:0002104	has plasma membrane part	positive	False	PR:000001879	leukosialin	CD43 (related)	UniProtKB:P16150	UniProtKB:P15702	PIRSF:PIRSF001994	HGNC:11249	SPN
CL:0002058	Gr1-low non-classical monocyte	RO:0002104	has plasma membrane part	positive	False	PR:000002062	macrophage colony-stimulating factor 1 receptor	CD115 (exact)	UniProtKB:P07333	UniProtKB:P09581	IUPHARobj:1806; PIRSF:PIRSF500947	HGNC:2433	CSF1R
CL:0002059	CD8-alpha-positive thymic conventional dendritic cell	RO:0015015	has high plasma membrane amount	high	False	PR:000001013	integrin alpha-X	CD11 (exact); CD11C (related); CD11c (exact)	UniProtKB:P20702	UniProtKB:Q9QXH4	IUPHARobj:2454	HGNC:6152	ITGAX
CL:0002059	CD8-alpha-positive thymic conventional dendritic cell	CL:4030046	lacks_plasma_membrane_part	negative	False	PR:000001002	CD19 molecule	CD19 (label)	UniProtKB:P15391	UniProtKB:P25918	IUPHARobj:2764; PIRSF:PIRSF016630	HGNC:1633	CD19
CL:0002059	CD8-alpha-positive thymic conventional dendritic cell	CL:4030046	lacks_plasma_membrane_part	negative	False	PR:000001003	CD34 molecule	CD34 (label)	UniProtKB:P28906	UniProtKB:Q64314	PIRSF:PIRSF028749	HGNC:1662	CD34
CL:0002059	CD8-alpha-positive thymic conventional dendritic cell	CL:4030046	lacks_plasma_membrane_part	negative	False	PR:000001006	receptor-type tyrosine-protein phosphatase C	CD45 (related)	UniProtKB:P08575	UniProtKB:P06800	IUPHARobj:1852; PIRSF:PIRSF002004	HGNC:9666	PTPRC
CL:0002059	CD8-alpha-positive thymic conventional dendritic cell	CL:4030046	lacks_plasma_membrane_part	negative	False	PR:000001012	integrin alpha-M	CD11 (exact); CD11B (related); CD11b (exact)	UniProtKB:P11215	UniProtKB:P05555	IUPHARobj:2452	HGNC:6149	ITGAM
CL:0002059	CD8-alpha-positive thymic conventional dendritic cell	CL:4030046	lacks_plasma_membrane_part	negative	False	PR:000001015	receptor-type tyrosine-protein phosphatase C isoform CD45RA	CD45RA (label)	UniProtKB:P08575-8				
CL:0002059	CD8-alpha-positive thymic conventional dendritic cell	CL:4030046	lacks_plasma_membrane_part	negative	False	PR:000001020	CD3 epsilon	CD3 (label); CD3E (exact); CD3e (exact)	UniProtKB:P07766	UniProtKB:P22646	IUPHARobj:2742	HGNC:1674	CD3E
CL:0002059	CD8-alpha-positive thymic conventional dendritic cell	CL:4030046	lacks_plasma_membrane_part	negative	False	PR:000001024	neural cell adhesion molecule 1	CD56 (exact)	UniProtKB:P13591	UniProtKB:P13595	IUPHARobj:2769	HGNC:7656	NCAM1
CL:0002059	CD8-alpha-positive thymic conventional dendritic cell	CL:4030046	lacks_plasma_membrane_part	negative	False	PR:000001289	membrane-spanning 4-domains subfamily A member 1	CD20 (exact)	UniProtKB:P11836	UniProtKB:P19437	PIRSF:PIRSF001995; IUPHARobj:2628	HGNC:7315	MS4A1
CL:0002059	CD8-alpha-positive thymic conventional dendritic cell	RO:0002104	has plasma membrane part	positive	True	PR:000001084	T-cell surface glycoprotein CD8 alpha chain	CD8 (label); CD8A (exact); CD8a (exact)	UniProtKB:P01732	UniProtKB:P01731		HGNC:1706	CD8A
CL:0002061	T-helper 9 cell	CL:4030046	lacks_plasma_membrane_part	negative	False	PR:000025402	T cell receptor co-receptor CD8	CD8 (label)					
CL:0002061	T-helper 9 cell	RO:0002104	has plasma membrane part	positive	False	PR:000001004	CD4 molecule	CD4 (label)	UniProtKB:P01730	UniProtKB:P06332	PIRSF:PIRSF001977	HGNC:1678	CD4
CL:0002061	T-helper 9 cell	RO:0002104	has plasma membrane part	positive	True	PR:000008982	interleukin-17 receptor B		UniProtKB:Q9NRM6	UniProtKB:Q9JIP3	IUPHARobj:1739	HGNC:18015	IL17RB
CL:0002089	group 2 innate lymphoid cell, mouse	CL:4030046	lacks_plasma_membrane_part	negative	False	PR:000001002	CD19 molecule	CD19 (label)	UniProtKB:P15391	UniProtKB:P25918	IUPHARobj:2764; PIRSF:PIRSF016630	HGNC:1633	CD19
CL:0002089	group 2 innate lymphoid cell, mouse	CL:4030046	lacks_plasma_membrane_part	negative	True	PR:000001004	CD4 molecule	CD4 (label)	UniProtKB:P01730	UniProtKB:P06332	PIRSF:PIRSF001977	HGNC:1678	CD4
CL:0002089	group 2 innate lymphoid cell, mouse	CL:4030046	lacks_plasma_membrane_part	negative	True	PR:000001008	integrin alpha-2	CD49 (exact); CD49B (related); CD49b (exact)	UniProtKB:P17301	UniProtKB:Q62469	IUPHARobj:2440	HGNC:6137	ITGA2
CL:0002089	group 2 innate lymphoid cell, mouse	CL:4030046	lacks_plasma_membrane_part	negative	True	PR:000001012	integrin alpha-M	CD11 (exact); CD11B (related); CD11b (exact)	UniProtKB:P11215	UniProtKB:P05555	IUPHARobj:2452	HGNC:6149	ITGAM
CL:0002089	group 2 innate lymphoid cell, mouse	CL:4030046	lacks_plasma_membrane_part	negative	False	PR:000001020	CD3 epsilon	CD3 (label); CD3E (exact); CD3e (exact)	UniProtKB:P07766	UniProtKB:P22646	IUPHARobj:2742	HGNC:1674	CD3E
CL:0002089	group 2 innate lymphoid cell, mouse	CL:4030046	lacks_plasma_membrane_part	negative	True	PR:000001024	neural cell adhesion molecule 1	CD56 (exact)	UniProtKB:P13591	UniProtKB:P13595	IUPHARobj:2769	HGNC:7656	NCAM1
CL:0002089	group 2 innate lymphoid cell, mouse	CL:4030046	lacks_plasma_membrane_part	negative	True	PR:000001084	T-cell surface glycoprotein CD8 alpha chain	CD8 (label); CD8A (exact); CD8a (exact)	UniProtKB:P01732	UniProtKB:P01731		HGNC:1706	CD8A
CL:0002089	group 2 innate lymphoid cell, mouse	CL:4030046	lacks_plasma_membrane_part	negative	True	PR:000001326	bone marrow stromal antigen 2	CD317 (exact)	UniProtKB:Q10589	UniProtKB:Q8R2Q8	PIRSF:PIRSF023920	HGNC:1119	BST2
CL:0002089	group 2 innate lymphoid cell, mouse	CL:4030046	lacks_plasma_membrane_part	negative	True	PR:000001893	natural cytotoxicity triggering receptor 1	CD335 (exact)	UniProtKB:O76036	UniProtKB:Q8C567		HGNC:6731	NCR1
CL:0002089	group 2 innate lymphoid cell, mouse	CL:4030046	lacks_plasma_membrane_part	negative	True	PR:000001927	sialic acid-binding Ig-like lectin 5	CD170 (exact); CD33 (exact); CD33L2 (related)	UniProtKB:O15389	UniProtKB:Q920G3		HGNC:10874	SIGLEC5
CL:0002089	group 2 innate lymphoid cell, mouse	CL:4030046	lacks_plasma_membrane_part	negative	True	PR:000007431	high affinity immunoglobulin epsilon receptor subunit alpha		UniProtKB:P12319	UniProtKB:P20489	IUPHARobj:2933	HGNC:3609	FCER1A
CL:0002089	group 2 innate lymphoid cell, mouse	RO:0002104	has plasma membrane part	positive	True	PR:000001860	inducible T-cell costimulator	CD278 (exact); CD28 (exact)	UniProtKB:Q9Y6W8	UniProtKB:Q9WVS0	IUPHARobj:2939	HGNC:5351	ICOS
CL:0002089	group 2 innate lymphoid cell, mouse	RO:0002104	has plasma membrane part	positive	True	PR:000001869	interleukin-7 receptor subunit alpha	CD127 (exact); CDw127 (exact)	UniProtKB:P16871	UniProtKB:P16872	IUPHARobj:1698; PIRSF:PIRSF001960	HGNC:6024	IL7R
CL:0002089	group 2 innate lymphoid cell, mouse	RO:0002104	has plasma membrane part	positive	True	PR:000008982	interleukin-17 receptor B		UniProtKB:Q9NRM6	UniProtKB:Q9JIP3	IUPHARobj:1739	HGNC:18015	IL17RB
CL:0002089	group 2 innate lymphoid cell, mouse	RO:0002104	has plasma membrane part	positive	True	PR:000008994	interleukin-1 receptor-like 1		UniProtKB:Q01638	UniProtKB:P14719	IUPHARobj:1735	HGNC:5998	IL1RL1
CL:0002101	CD38-positive naive B cell	CL:4030046	lacks_plasma_membrane_part	negative	False	PR:000001020	CD3 epsilon	CD3 (label); CD3E (exact); CD3e (exact)	UniProtKB:P07766	UniProtKB:P22646	IUPHARobj:2742	HGNC:1674	CD3E
CL:0002101	CD38-positive naive B cell	CL:4030046	lacks_plasma_membrane_part	negative	False	PR:000001963	CD27 molecule	CD27 (label); CD27L (exact)	UniProtKB:P26842	UniProtKB:P41272	IUPHARobj:1876; PIRSF:PIRSF001966	HGNC:11922	CD27
CL:0002101	CD38-positive naive B cell	RO:0002104	has plasma membrane part	positive	False	PR:000001002	CD19 molecule	CD19 (label)	UniProtKB:P15391	UniProtKB:P25918	IUPHARobj:2764; PIRSF:PIRSF016630	HGNC:1633	CD19
CL:0002101	CD38-positive naive B cell	RO:0002104	has plasma membrane part	positive	False	PR:000001289	membrane-spanning 4-domains subfamily A member 1	CD20 (exact)	UniProtKB:P11836	UniProtKB:P19437	PIRSF:PIRSF001995; IUPHARobj:2628	HGNC:7315	MS4A1
CL:0002101	CD38-positive naive B cell	RO:0002104	has plasma membrane part	positive	True	PR:000001408	ADP-ribosyl cyclase/cyclic ADP-ribose hydrolase 1	CD38 (exact)	UniProtKB:P28907	UniProtKB:P56528	IUPHARobj:2766	HGNC:1667	CD38
CL:0002102	CD38-negative naive B cell	CL:4030046	lacks_plasma_membrane_part	negative	False	PR:000001020	CD3 epsilon	CD3 (label); CD3E (exact); CD3e (exact)	UniProtKB:P07766	UniProtKB:P22646	IUPHARobj:2742	HGNC:1674	CD3E
CL:0002102	CD38-negative naive B cell	CL:4030046	lacks_plasma_membrane_part	negative	True	PR:000001408	ADP-ribosyl cyclase/cyclic ADP-ribose hydrolase 1	CD38 (exact)	UniProtKB:P28907	UniProtKB:P56528	IUPHARobj:2766	HGNC:1667	CD38
CL:0002102	CD38-negative naive B cell	CL:4030046	lacks_plasma_membrane_part	negative	False	PR:000001963	CD27 molecule	CD27 (label); CD27L (exact)	UniProtKB:P26842	UniProtKB:P41272	IUPHARobj:1876; PIRSF:PIRSF001966	HGNC:11922	CD27
CL:0002102	CD38-negative naive B cell	RO:0002104	has plasma membrane part	positive	False	PR:000001002	CD19 molecule	CD19 (label)	UniProtKB:P15391	UniProtKB:P25918	IUPHARobj:2764; PIRSF:PIRSF016630	HGNC:1633	CD19
CL:0002102	CD38-negative naive B cell	RO:0002104	has plasma membrane part	positive	False	PR:000001289	membrane-spanning 4-domains subfamily A member 1	CD20 (exact)	UniProtKB:P11836	UniProtKB:P19437	PIRSF:PIRSF001995; IUPHARobj:2628	HGNC:7315	MS4A1
CL:0002103	IgG-positive double negative memory B cell	CL:4030046	lacks_plasma_membrane_part	negative	False	PR:000001020	CD3 epsilon	CD3 (label); CD3E (exact); CD3e (exact)	UniProtKB:P07766	UniProtKB:P22646	IUPHARobj:2742	HGNC:1674	CD3E
CL:0002103	IgG-positive double negative memory B cell	CL:4030046	lacks_plasma_membrane_part	negative	False	PR:000001935	syndecan-1	CD138 (exact)	UniProtKB:P18827	UniProtKB:P18828	PIRSF:PIRSF015854	HGNC:10658	SDC1
CL:0002103	IgG-positive double negative memory B cell	CL:4030046	lacks_plasma_membrane_part	negative	False	PR:000001963	CD27 molecule	CD27 (label); CD27L (exact)	UniProtKB:P26842	UniProtKB:P41272	IUPHARobj:1876; PIRSF:PIRSF001966	HGNC:11922	CD27
CL:0002103	IgG-positive double negative memory B cell	RO:0002104	has plasma membrane part	positive	False	PR:000001002	CD19 molecule	CD19 (label)	UniProtKB:P15391	UniProtKB:P25918	IUPHARobj:2764; PIRSF:PIRSF016630	HGNC:1633	CD19
CL:0002103	IgG-positive double negative memory B cell	RO:0002104	has plasma membrane part	positive	False	PR:000001289	membrane-spanning 4-domains subfamily A member 1	CD20 (exact)	UniProtKB:P11836	UniProtKB:P19437	PIRSF:PIRSF001995; IUPHARobj:2628	HGNC:7315	MS4A1
CL:0002104	IgG-negative double negative memory B cell	CL:4030046	lacks_plasma_membrane_part	negative	False	PR:000001020	CD3 epsilon	CD3 (label); CD3E (exact); CD3e (exact)	UniProtKB:P07766	UniProtKB:P22646	IUPHARobj:2742	HGNC:1674	CD3E
CL:0002104	IgG-negative double negative memory B cell	CL:4030046	lacks_plasma_membrane_part	negative	False	PR:000001935	syndecan-1	CD138 (exact)	UniProtKB:P18827	UniProtKB:P18828	PIRSF:PIRSF015854	HGNC:10658	SDC1
CL:0002104	IgG-negative double negative memory B cell	CL:4030046	lacks_plasma_membrane_part	negative	False	PR:000001963	CD27 molecule	CD27 (label); CD27L (exact)	UniProtKB:P26842	UniProtKB:P41272	IUPHARobj:1876; PIRSF:PIRSF001966	HGNC:11922	CD27
CL:0002104	IgG-negative double negative memory B cell	RO:0002104	has plasma membrane part	positive	False	PR:000001002	CD19 molecule	CD19 (label)	UniProtKB:P15391	UniProtKB:P25918	IUPHARobj:2764; PIRSF:PIRSF016630	HGNC:1633	CD19
CL:0002104	IgG-negative double negative memory B cell	RO:0002104	has plasma membrane part	positive	False	PR:000001289	membrane-spanning 4-domains subfamily A member 1	CD20 (exact)	UniProtKB:P11836	UniProtKB:P19437	PIRSF:PIRSF001995; IUPHARobj:2628	HGNC:7315	MS4A1
CL:0002105	CD38-positive IgG memory B cell	CL:4030046	lacks_plasma_membrane_part	negative	False	PR:000001020	CD3 epsilon	CD3 (label); CD3E (exact); CD3e (exact)	UniProtKB:P07766	UniProtKB:P22646	IUPHARobj:2742	HGNC:1674	CD3E
CL:0002105	CD38-positive IgG memory B cell	CL:4030046	lacks_plasma_membrane_part	negative	False	PR:000001935	syndecan-1	CD138 (exact)	UniProtKB:P18827	UniProtKB:P18828	PIRSF:PIRSF015854	HGNC:10658	SDC1
CL:0002105	CD38-positive IgG memory B cell	RO:0002104	has plasma membrane part	positive	False	PR:000001002	CD19 molecule	CD19 (label)	UniProtKB:P15391	UniProtKB:P25918	IUPHARobj:2764; PIRSF:PIRSF016630	HGNC:1633	CD19
CL:0002105	CD38-positive IgG memory B cell	RO:0002104	has plasma membrane part	positive	False	PR:000001289	membrane-spanning 4-domains subfamily A member 1	CD20 (exact)	UniProtKB:P11836	UniProtKB:P19437	PIRSF:PIRSF001995; IUPHARobj:2628	HGNC:7315	MS4A1
CL:0002105	CD38-positive IgG memory B cell	RO:0002104	has plasma membrane part	positive	True	PR:000001408	ADP-ribosyl cyclase/cyclic ADP-ribose hydrolase 1	CD38 (exact)	UniProtKB:P28907	UniProtKB:P56528	IUPHARobj:2766	HGNC:1667	CD38
CL:0002105	CD38-positive IgG memory B cell	RO:0002104	has plasma membrane part	positive	False	PR:000001963	CD27 molecule	CD27 (label); CD27L (exact)	UniProtKB:P26842	UniProtKB:P41272	IUPHARobj:1876; PIRSF:PIRSF001966	HGNC:11922	CD27
CL:0002106	IgD-positive CD38-positive IgG memory B cell	CL:4030046	lacks_plasma_membrane_part	negative	False	PR:000001020	CD3 epsilon	CD3 (label); CD3E (exact); CD3e (exact)	UniProtKB:P07766	UniProtKB:P22646	IUPHARobj:2742	HGNC:1674	CD3E
CL:0002106	IgD-positive CD38-positive IgG memory B cell	CL:4030046	lacks_plasma_membrane_part	negative	False	PR:000001935	syndecan-1	CD138 (exact)	UniProtKB:P18827	UniProtKB:P18828	PIRSF:PIRSF015854	HGNC:10658	SDC1
CL:0002106	IgD-positive CD38-positive IgG memory B cell	RO:0002104	has plasma membrane part	positive	False	PR:000001002	CD19 molecule	CD19 (label)	UniProtKB:P15391	UniProtKB:P25918	IUPHARobj:2764; PIRSF:PIRSF016630	HGNC:1633	CD19
CL:0002106	IgD-positive CD38-positive IgG memory B cell	RO:0002104	has plasma membrane part	positive	False	PR:000001289	membrane-spanning 4-domains subfamily A member 1	CD20 (exact)	UniProtKB:P11836	UniProtKB:P19437	PIRSF:PIRSF001995; IUPHARobj:2628	HGNC:7315	MS4A1
CL:0002106	IgD-positive CD38-positive IgG memory B cell	RO:0002104	has plasma membrane part	positive	False	PR:000001408	ADP-ribosyl cyclase/cyclic ADP-ribose hydrolase 1	CD38 (exact)	UniProtKB:P28907	UniProtKB:P56528	IUPHARobj:2766	HGNC:1667	CD38
CL:0002106	IgD-positive CD38-positive IgG memory B cell	RO:0002104	has plasma membrane part	positive	False	PR:000001963	CD27 molecule	CD27 (label); CD27L (exact)	UniProtKB:P26842	UniProtKB:P41272	IUPHARobj:1876; PIRSF:PIRSF001966	HGNC:11922	CD27
CL:0002107	IgD-negative CD38-positive IgG memory B cell	CL:4030046	lacks_plasma_membrane_part	negative	False	PR:000001020	CD3 epsilon	CD3 (label); CD3E (exact); CD3e (exact)	UniProtKB:P07766	UniProtKB:P22646	IUPHARobj:2742	HGNC:1674	CD3E
CL:0002107	IgD-negative CD38-positive IgG memory B cell	CL:4030046	lacks_plasma_membrane_part	negative	False	PR:000001935	syndecan-1	CD138 (exact)	UniProtKB:P18827	UniProtKB:P18828	PIRSF:PIRSF015854	HGNC:10658	SDC1
CL:0002107	IgD-negative CD38-positive IgG memory B cell	RO:0002104	has plasma membrane part	positive	False	PR:000001002	CD19 molecule	CD19 (label)	UniProtKB:P15391	UniProtKB:P25918	IUPHARobj:2764; PIRSF:PIRSF016630	HGNC:1633	CD19
CL:0002107	IgD-negative CD38-positive IgG memory B cell	RO:0002104	has plasma membrane part	positive	False	PR:000001289	membrane-spanning 4-domains subfamily A member 1	CD20 (exact)	UniProtKB:P11836	UniProtKB:P19437	PIRSF:PIRSF001995; IUPHARobj:2628	HGNC:7315	MS4A1
CL:0002107	IgD-negative CD38-positive IgG memory B cell	RO:0002104	has plasma membrane part	positive	False	PR:000001408	ADP-ribosyl cyclase/cyclic ADP-ribose hydrolase 1	CD38 (exact)	UniProtKB:P28907	UniProtKB:P56528	IUPHARobj:2766	HGNC:1667	CD38
CL:0002107	IgD-negative CD38-positive IgG memory B cell	RO:0002104	has plasma membrane part	positive	False	PR:000001963	CD27 molecule	CD27 (label); CD27L (exact)	UniProtKB:P26842	UniProtKB:P41272	IUPHARobj:1876; PIRSF:PIRSF001966	HGNC:11922	CD27
CL:0002108	CD38-negative IgG memory B cell	CL:4030046	lacks_plasma_membrane_part	negative	False	PR:000001020	CD3 epsilon	CD3 (label); CD3E (exact); CD3e (exact)	UniProtKB:P07766	UniProtKB:P22646	IUPHARobj:2742	HGNC:1674	CD3E
CL:0002108	CD38-negative IgG memory B cell	CL:4030046	lacks_plasma_membrane_part	negative	True	PR:000001408	ADP-ribosyl cyclase/cyclic ADP-ribose hydrolase 1	CD38 (exact)	UniProtKB:P28907	UniProtKB:P56528	IUPHARobj:2766	HGNC:1667	CD38
CL:0002108	CD38-negative IgG memory B cell	CL:4030046	lacks_plasma_membrane_part	negative	False	PR:000001935	syndecan-1	CD138 (exact)	UniProtKB:P18827	UniProtKB:P18828	PIRSF:PIRSF015854	HGNC:10658	SDC1
CL:0002108	CD38-negative IgG memory B cell	RO:0002104	has plasma membrane part	positive	False	PR:000001002	CD19 molecule	CD19 (label)	UniProtKB:P15391	UniProtKB:P25918	IUPHARobj:2764; PIRSF:PIRSF016630	HGNC:1633	CD19
CL:0002108	CD38-negative IgG memory B cell	RO:0002104	has plasma membrane part	positive	False	PR:000001289	membrane-spanning 4-domains subfamily A member 1	CD20 (exact)	UniProtKB:P11836	UniProtKB:P19437	PIRSF:PIRSF001995; IUPHARobj:2628	HGNC:7315	MS4A1
CL:0002108	CD38-negative IgG memory B cell	RO:0002104	has plasma membrane part	positive	False	PR:000001963	CD27 molecule	CD27 (label); CD27L (exact)	UniProtKB:P26842	UniProtKB:P41272	IUPHARobj:1876; PIRSF:PIRSF001966	HGNC:11922	CD27
CL:0002109	B220-positive CD38-positive naive B cell	CL:4030046	lacks_plasma_membrane_part	negative	False	PR:000001020	CD3 epsilon	CD3 (label); CD3E (exact); CD3e (exact)	UniProtKB:P07766	UniProtKB:P22646	IUPHARobj:2742	HGNC:1674	CD3E
CL:0002109	B220-positive CD38-positive naive B cell	CL:4030046	lacks_plasma_membrane_part	negative	False	PR:000001963	CD27 molecule	CD27 (label); CD27L (exact)	UniProtKB:P26842	UniProtKB:P41272	IUPHARobj:1876; PIRSF:PIRSF001966	HGNC:11922	CD27
CL:0002109	B220-positive CD38-positive naive B cell	RO:0002104	has plasma membrane part	positive	False	PR:000001002	CD19 molecule	CD19 (label)	UniProtKB:P15391	UniProtKB:P25918	IUPHARobj:2764; PIRSF:PIRSF016630	HGNC:1633	CD19
CL:0002109	B220-positive CD38-positive naive B cell	RO:0002104	has plasma membrane part	positive	False	PR:000001006	receptor-type tyrosine-protein phosphatase C	CD45 (related)	UniProtKB:P08575	UniProtKB:P06800	IUPHARobj:1852; PIRSF:PIRSF002004	HGNC:9666	PTPRC
CL:0002109	B220-positive CD38-positive naive B cell	RO:0002104	has plasma membrane part	positive	True	PR:000001014	receptor-type tyrosine-protein phosphatase C isoform CD45RABC	CD45R (related); CD45RABC (label)	UniProtKB:P08575-3				
CL:0002109	B220-positive CD38-positive naive B cell	RO:0002104	has plasma membrane part	positive	False	PR:000001289	membrane-spanning 4-domains subfamily A member 1	CD20 (exact)	UniProtKB:P11836	UniProtKB:P19437	PIRSF:PIRSF001995; IUPHARobj:2628	HGNC:7315	MS4A1
CL:0002109	B220-positive CD38-positive naive B cell	RO:0002104	has plasma membrane part	positive	False	PR:000001408	ADP-ribosyl cyclase/cyclic ADP-ribose hydrolase 1	CD38 (exact)	UniProtKB:P28907	UniProtKB:P56528	IUPHARobj:2766	HGNC:1667	CD38
CL:0002110	B220-low CD38-positive naive B cell	RO:0015016	has low plasma membrane amount	low	False	PR:000001006	receptor-type tyrosine-protein phosphatase C	CD45 (related)	UniProtKB:P08575	UniProtKB:P06800	IUPHARobj:1852; PIRSF:PIRSF002004	HGNC:9666	PTPRC
CL:0002110	B220-low CD38-positive naive B cell	RO:0015016	has low plasma membrane amount	low	True	PR:000001014	receptor-type tyrosine-protein phosphatase C isoform CD45RABC	CD45R (related); CD45RABC (label)	UniProtKB:P08575-3				
CL:0002110	B220-low CD38-positive naive B cell	CL:4030046	lacks_plasma_membrane_part	negative	False	PR:000001020	CD3 epsilon	CD3 (label); CD3E (exact); CD3e (exact)	UniProtKB:P07766	UniProtKB:P22646	IUPHARobj:2742	HGNC:1674	CD3E
CL:0002110	B220-low CD38-positive naive B cell	CL:4030046	lacks_plasma_membrane_part	negative	False	PR:000001963	CD27 molecule	CD27 (label); CD27L (exact)	UniProtKB:P26842	UniProtKB:P41272	IUPHARobj:1876; PIRSF:PIRSF001966	HGNC:11922	CD27
CL:0002110	B220-low CD38-positive naive B cell	RO:0002104	has plasma membrane part	positive	False	PR:000001002	CD19 molecule	CD19 (label)	UniProtKB:P15391	UniProtKB:P25918	IUPHARobj:2764; PIRSF:PIRSF016630	HGNC:1633	CD19
CL:0002110	B220-low CD38-positive naive B cell	RO:0002104	has plasma membrane part	positive	False	PR:000001289	membrane-spanning 4-domains subfamily A member 1	CD20 (exact)	UniProtKB:P11836	UniProtKB:P19437	PIRSF:PIRSF001995; IUPHARobj:2628	HGNC:7315	MS4A1
CL:0002110	B220-low CD38-positive naive B cell	RO:0002104	has plasma membrane part	positive	False	PR:000001408	ADP-ribosyl cyclase/cyclic ADP-ribose hydrolase 1	CD38 (exact)	UniProtKB:P28907	UniProtKB:P56528	IUPHARobj:2766	HGNC:1667	CD38
CL:0002111	CD38-negative unswitched memory B cell	CL:4030046	lacks_plasma_membrane_part	negative	False	PR:000001020	CD3 epsilon	CD3 (label); CD3E (exact); CD3e (exact)	UniProtKB:P07766	UniProtKB:P22646	IUPHARobj:2742	HGNC:1674	CD3E
CL:0002111	CD38-negative unswitched memory B cell	CL:4030046	lacks_plasma_membrane_part	negative	True	PR:000001408	ADP-ribosyl cyclase/cyclic ADP-ribose hydrolase 1	CD38 (exact)	UniProtKB:P28907	UniProtKB:P56528	IUPHARobj:2766	HGNC:1667	CD38
CL:0002111	CD38-negative unswitched memory B cell	CL:4030046	lacks_plasma_membrane_part	negative	False	PR:000001935	syndecan-1	CD138 (exact)	UniProtKB:P18827	UniProtKB:P18828	PIRSF:PIRSF015854	HGNC:10658	SDC1
CL:0002111	CD38-negative unswitched memory B cell	RO:0002104	has plasma membrane part	positive	False	PR:000001002	CD19 molecule	CD19 (label)	UniProtKB:P15391	UniProtKB:P25918	IUPHARobj:2764; PIRSF:PIRSF016630	HGNC:1633	CD19
CL:0002111	CD38-negative unswitched memory B cell	RO:0002104	has plasma membrane part	positive	False	PR:000001289	membrane-spanning 4-domains subfamily A member 1	CD20 (exact)	UniProtKB:P11836	UniProtKB:P19437	PIRSF:PIRSF001995; IUPHARobj:2628	HGNC:7315	MS4A1
CL:0002111	CD38-negative unswitched memory B cell	RO:0002104	has plasma membrane part	positive	False	PR:000001963	CD27 molecule	CD27 (label); CD27L (exact)	UniProtKB:P26842	UniProtKB:P41272	IUPHARobj:1876; PIRSF:PIRSF001966	HGNC:11922	CD27
CL:0002112	B220-positive CD38-negative unswitched memory B cell	CL:4030046	lacks_plasma_membrane_part	negative	False	PR:000001020	CD3 epsilon	CD3 (label); CD3E (exact); CD3e (exact)	UniProtKB:P07766	UniProtKB:P22646	IUPHARobj:2742	HGNC:1674	CD3E
CL:0002112	B220-positive CD38-negative unswitched memory B cell	CL:4030046	lacks_plasma_membrane_part	negative	False	PR:000001408	ADP-ribosyl cyclase/cyclic ADP-ribose hydrolase 1	CD38 (exact)	UniProtKB:P28907	UniProtKB:P56528	IUPHARobj:2766	HGNC:1667	CD38
CL:0002112	B220-positive CD38-negative unswitched memory B cell	CL:4030046	lacks_plasma_membrane_part	negative	False	PR:000001935	syndecan-1	CD138 (exact)	UniProtKB:P18827	UniProtKB:P18828	PIRSF:PIRSF015854	HGNC:10658	SDC1
CL:0002112	B220-positive CD38-negative unswitched memory B cell	RO:0002104	has plasma membrane part	positive	False	PR:000001002	CD19 molecule	CD19 (label)	UniProtKB:P15391	UniProtKB:P25918	IUPHARobj:2764; PIRSF:PIRSF016630	HGNC:1633	CD19
CL:0002112	B220-positive CD38-negative unswitched memory B cell	RO:0002104	has plasma membrane part	positive	False	PR:000001006	receptor-type tyrosine-protein phosphatase C	CD45 (related)	UniProtKB:P08575	UniProtKB:P06800	IUPHARobj:1852; PIRSF:PIRSF002004	HGNC:9666	PTPRC
CL:0002112	B220-positive CD38-negative unswitched memory B cell	RO:0002104	has plasma membrane part	positive	True	PR:000001014	receptor-type tyrosine-protein phosphatase C isoform CD45RABC	CD45R (related); CD45RABC (label)	UniProtKB:P08575-3				
CL:0002112	B220-positive CD38-negative unswitched memory B cell	RO:0002104	has plasma membrane part	positive	False	PR:000001289	membrane-spanning 4-domains subfamily A member 1	CD20 (exact)	UniProtKB:P11836	UniProtKB:P19437	PIRSF:PIRSF001995; IUPHARobj:2628	HGNC:7315	MS4A1
CL:0002112	B220-positive CD38-negative unswitched memory B cell	RO:0002104	has plasma membrane part	positive	False	PR:000001963	CD27 molecule	CD27 (label); CD27L (exact)	UniProtKB:P26842	UniProtKB:P41272	IUPHARobj:1876; PIRSF:PIRSF001966	HGNC:11922	CD27
CL:0002113	B220-low CD38-negative unswitched memory B cell	RO:0015016	has low plasma membrane amount	low	False	PR:000001006	receptor-type tyrosine-protein phosphatase C	CD45 (related)	UniProtKB:P08575	UniProtKB:P06800	IUPHARobj:1852; PIRSF:PIRSF002004	HGNC:9666	PTPRC
CL:0002113	B220-low CD38-negative unswitched memory B cell	RO:0015016	has low plasma membrane amount	low	True	PR:000001014	receptor-type tyrosine-protein phosphatase C isoform CD45RABC	CD45R (related); CD45RABC (label)	UniProtKB:P08575-3				
CL:0002113	B220-low CD38-negative unswitched memory B cell	CL:4030046	lacks_plasma_membrane_part	negative	False	PR:000001020	CD3 epsilon	CD3 (label); CD3E (exact); CD3e (exact)	UniProtKB:P07766	UniProtKB:P22646	IUPHARobj:2742	HGNC:1674	CD3E
CL:0002113	B220-low CD38-negative unswitched memory B cell	CL:4030046	lacks_plasma_membrane_part	negative	False	PR:000001408	ADP-ribosyl cyclase/cyclic ADP-ribose hydrolase 1	CD38 (exact)	UniProtKB:P28907	UniProtKB:P56528	IUPHARobj:2766	HGNC:1667	CD38
CL:0002113	B220-low CD38-negative unswitched memory B cell	CL:4030046	lacks_plasma_membrane_part	negative	False	PR:000001935	syndecan-1	CD138 (exact)	UniProtKB:P18827	UniProtKB:P18828	PIRSF:PIRSF015854	HGNC:10658	SDC1
CL:0002113	B220-low CD38-negative unswitched memory B cell	RO:0002104	has plasma membrane part	positive	False	PR:000001002	CD19 molecule	CD19 (label)	UniProtKB:P15391	UniProtKB:P25918	IUPHARobj:2764; PIRSF:PIRSF016630	HGNC:1633	CD19
CL:0002113	B220-low CD38-negative unswitched memory B cell	RO:0002104	has plasma membrane part	positive	False	PR:000001289	membrane-spanning 4-domains subfamily A member 1	CD20 (exact)	UniProtKB:P11836	UniProtKB:P19437	PIRSF:PIRSF001995; IUPHARobj:2628	HGNC:7315	MS4A1
CL:0002113	B220-low CD38-negative unswitched memory B cell	RO:0002104	has plasma membrane part	positive	False	PR:000001963	CD27 molecule	CD27 (label); CD27L (exact)	UniProtKB:P26842	UniProtKB:P41272	IUPHARobj:1876; PIRSF:PIRSF001966	HGNC:11922	CD27
CL:0002114	CD38-positive unswitched memory B cell	CL:4030046	lacks_plasma_membrane_part	negative	False	PR:000001020	CD3 epsilon	CD3 (label); CD3E (exact); CD3e (exact)	UniProtKB:P07766	UniProtKB:P22646	IUPHARobj:2742	HGNC:1674	CD3E
CL:0002114	CD38-positive unswitched memory B cell	CL:4030046	lacks_plasma_membrane_part	negative	False	PR:000001935	syndecan-1	CD138 (exact)	UniProtKB:P18827	UniProtKB:P18828	PIRSF:PIRSF015854	HGNC:10658	SDC1
CL:0002114	CD38-positive unswitched memory B cell	RO:0002104	has plasma membrane part	positive	False	PR:000001002	CD19 molecule	CD19 (label)	UniProtKB:P15391	UniProtKB:P25918	IUPHARobj:2764; PIRSF:PIRSF016630	HGNC:1633	CD19
CL:0002114	CD38-positive unswitched memory B cell	RO:0002104	has plasma membrane part	positive	False	PR:000001289	membrane-spanning 4-domains subfamily A member 1	CD20 (exact)	UniProtKB:P11836	UniProtKB:P19437	PIRSF:PIRSF001995; IUPHARobj:2628	HGNC:7315	MS4A1
CL:0002114	CD38-positive unswitched memory B cell	RO:0002104	has plasma membrane part	positive	True	PR:000001408	ADP-ribosyl cyclase/cyclic ADP-ribose hydrolase 1	CD38 (exact)	UniProtKB:P28907	UniProtKB:P56528	IUPHARobj:2766	HGNC:1667	CD38
CL:0002114	CD38-positive unswitched memory B cell	RO:0002104	has plasma membrane part	positive	False	PR:000001963	CD27 molecule	CD27 (label); CD27L (exact)	UniProtKB:P26842	UniProtKB:P41272	IUPHARobj:1876; PIRSF:PIRSF001966	HGNC:11922	CD27
CL:0002115	B220-positive CD38-positive unswitched memory B cell	CL:4030046	lacks_plasma_membrane_part	negative	False	PR:000001020	CD3 epsilon	CD3 (label); CD3E (exact); CD3e (exact)	UniProtKB:P07766	UniProtKB:P22646	IUPHARobj:2742	HGNC:1674	CD3E
CL:0002115	B220-positive CD38-positive unswitched memory B cell	CL:4030046	lacks_plasma_membrane_part	negative	False	PR:000001935	syndecan-1	CD138 (exact)	UniProtKB:P18827	UniProtKB:P18828	PIRSF:PIRSF015854	HGNC:10658	SDC1
CL:0002115	B220-positive CD38-positive unswitched memory B cell	RO:0002104	has plasma membrane part	positive	False	PR:000001002	CD19 molecule	CD19 (label)	UniProtKB:P15391	UniProtKB:P25918	IUPHARobj:2764; PIRSF:PIRSF016630	HGNC:1633	CD19
CL:0002115	B220-positive CD38-positive unswitched memory B cell	RO:0002104	has plasma membrane part	positive	False	PR:000001006	receptor-type tyrosine-protein phosphatase C	CD45 (related)	UniProtKB:P08575	UniProtKB:P06800	IUPHARobj:1852; PIRSF:PIRSF002004	HGNC:9666	PTPRC
CL:0002115	B220-positive CD38-positive unswitched memory B cell	RO:0002104	has plasma membrane part	positive	True	PR:000001014	receptor-type tyrosine-protein phosphatase C isoform CD45RABC	CD45R (related); CD45RABC (label)	UniProtKB:P08575-3				
CL:0002115	B220-positive CD38-positive unswitched memory B cell	RO:0002104	has plasma membrane part	positive	False	PR:000001289	membrane-spanning 4-domains subfamily A member 1	CD20 (exact)	UniProtKB:P11836	UniProtKB:P19437	PIRSF:PIRSF001995; IUPHARobj:2628	HGNC:7315	MS4A1
CL:0002115	B220-positive CD38-positive unswitched memory B cell	RO:0002104	has plasma membrane part	positive	False	PR:000001408	ADP-ribosyl cyclase/cyclic ADP-ribose hydrolase 1	CD38 (exact)	UniProtKB:P28907	UniProtKB:P56528	IUPHARobj:2766	HGNC:1667	CD38
CL:0002115	B220-positive CD38-positive unswitched memory B cell	RO:0002104	has plasma membrane part	positive	False	PR:000001963	CD27 molecule	CD27 (label); CD27L (exact)	UniProtKB:P26842	UniProtKB:P41272	IUPHARobj:1876; PIRSF:PIRSF001966	HGNC:11922	CD27
CL:0002116	B220-low CD38-positive unswitched memory B cell	RO:0015016	has low plasma membrane amount	low	False	PR:000001006	receptor-type tyrosine-protein phosphatase C	CD45 (related)	UniProtKB:P08575	UniProtKB:P06800	IUPHARobj:1852; PIRSF:PIRSF002004	HGNC:9666	PTPRC
CL:0002116	B220-low CD38-positive unswitched memory B cell	RO:0015016	has low plasma membrane amount	low	True	PR:000001014	receptor-type tyrosine-protein phosphatase C isoform CD45RABC	CD45R (related); CD45RABC (label)	UniProtKB:P08575-3				
CL:0002116	B220-low CD38-positive unswitched memory B cell	CL:4030046	lacks_plasma_membrane_part	negative	False	PR:000001020	CD3 epsilon	CD3 (label); CD3E (exact); CD3e (exact)	UniProtKB:P07766	UniProtKB:P22646	IUPHARobj:2742	HGNC:1674	CD3E
CL:0002116	B220-low CD38-positive unswitched memory B cell	CL:4030046	lacks_plasma_membrane_part	negative	False	PR:000001935	syndecan-1	CD138 (exact)	UniProtKB:P18827	UniProtKB:P18828	PIRSF:PIRSF015854	HGNC:10658	SDC1
CL:0002116	B220-low CD38-positive unswitched memory B cell	RO:0002104	has plasma membrane part	positive	False	PR:000001002	CD19 molecule	CD19 (label)	UniProtKB:P15391	UniProtKB:P25918	IUPHARobj:2764; PIRSF:PIRSF016630	HGNC:1633	CD19
CL:0002116	B220-low CD38-positive unswitched memory B cell	RO:0002104	has plasma membrane part	positive	False	PR:000001289	membrane-spanning 4-domains subfamily A member 1	CD20 (exact)	UniProtKB:P11836	UniProtKB:P19437	PIRSF:PIRSF001995; IUPHARobj:2628	HGNC:7315	MS4A1
CL:0002116	B220-low CD38-positive unswitched memory B cell	RO:0002104	has plasma membrane part	positive	False	PR:000001408	ADP-ribosyl cyclase/cyclic ADP-ribose hydrolase 1	CD38 (exact)	UniProtKB:P28907	UniProtKB:P56528	IUPHARobj:2766	HGNC:1667	CD38
CL:0002116	B220-low CD38-positive unswitched memory B cell	RO:0002104	has plasma membrane part	positive	False	PR:000001963	CD27 molecule	CD27 (label); CD27L (exact)	UniProtKB:P26842	UniProtKB:P41272	IUPHARobj:1876; PIRSF:PIRSF001966	HGNC:11922	CD27
CL:0002117	IgG-negative class switched memory B cell	CL:4030046	lacks_plasma_membrane_part	negative	False	PR:000001020	CD3 epsilon	CD3 (label); CD3E (exact); CD3e (exact)	UniProtKB:P07766	UniProtKB:P22646	IUPHARobj:2742	HGNC:1674	CD3E
CL:0002117	IgG-negative class switched memory B cell	CL:4030046	lacks_plasma_membrane_part	negative	False	PR:000001935	syndecan-1	CD138 (exact)	UniProtKB:P18827	UniProtKB:P18828	PIRSF:PIRSF015854	HGNC:10658	SDC1
CL:0002117	IgG-negative class switched memory B cell	RO:0002104	has plasma membrane part	positive	False	PR:000001002	CD19 molecule	CD19 (label)	UniProtKB:P15391	UniProtKB:P25918	IUPHARobj:2764; PIRSF:PIRSF016630	HGNC:1633	CD19
CL:0002117	IgG-negative class switched memory B cell	RO:0002104	has plasma membrane part	positive	False	PR:000001289	membrane-spanning 4-domains subfamily A member 1	CD20 (exact)	UniProtKB:P11836	UniProtKB:P19437	PIRSF:PIRSF001995; IUPHARobj:2628	HGNC:7315	MS4A1
CL:0002117	IgG-negative class switched memory B cell	RO:0002104	has plasma membrane part	positive	False	PR:000001963	CD27 molecule	CD27 (label); CD27L (exact)	UniProtKB:P26842	UniProtKB:P41272	IUPHARobj:1876; PIRSF:PIRSF001966	HGNC:11922	CD27
CL:0002118	CD38-negative IgG-negative class switched memory B cell	CL:4030046	lacks_plasma_membrane_part	negative	False	PR:000001020	CD3 epsilon	CD3 (label); CD3E (exact); CD3e (exact)	UniProtKB:P07766	UniProtKB:P22646	IUPHARobj:2742	HGNC:1674	CD3E
CL:0002118	CD38-negative IgG-negative class switched memory B cell	CL:4030046	lacks_plasma_membrane_part	negative	True	PR:000001408	ADP-ribosyl cyclase/cyclic ADP-ribose hydrolase 1	CD38 (exact)	UniProtKB:P28907	UniProtKB:P56528	IUPHARobj:2766	HGNC:1667	CD38
CL:0002118	CD38-negative IgG-negative class switched memory B cell	CL:4030046	lacks_plasma_membrane_part	negative	False	PR:000001935	syndecan-1	CD138 (exact)	UniProtKB:P18827	UniProtKB:P18828	PIRSF:PIRSF015854	HGNC:10658	SDC1
CL:0002118	CD38-negative IgG-negative class switched memory B cell	RO:0002104	has plasma membrane part	positive	False	PR:000001002	CD19 molecule	CD19 (label)	UniProtKB:P15391	UniProtKB:P25918	IUPHARobj:2764; PIRSF:PIRSF016630	HGNC:1633	CD19
CL:0002118	CD38-negative IgG-negative class switched memory B cell	RO:0002104	has plasma membrane part	positive	False	PR:000001289	membrane-spanning 4-domains subfamily A member 1	CD20 (exact)	UniProtKB:P11836	UniProtKB:P19437	PIRSF:PIRSF001995; IUPHARobj:2628	HGNC:7315	MS4A1
CL:0002118	CD38-negative IgG-negative class switched memory B cell	RO:0002104	has plasma membrane part	positive	False	PR:000001963	CD27 molecule	CD27 (label); CD27L (exact)	UniProtKB:P26842	UniProtKB:P41272	IUPHARobj:1876; PIRSF:PIRSF001966	HGNC:11922	CD27
CL:0002119	CD38-positive IgG-negative class switched memory B cell	CL:4030046	lacks_plasma_membrane_part	negative	False	PR:000001020	CD3 epsilon	CD3 (label); CD3E (exact); CD3e (exact)	UniProtKB:P07766	UniProtKB:P22646	IUPHARobj:2742	HGNC:1674	CD3E
CL:0002119	CD38-positive IgG-negative class switched memory B cell	CL:4030046	lacks_plasma_membrane_part	negative	False	PR:000001935	syndecan-1	CD138 (exact)	UniProtKB:P18827	UniProtKB:P18828	PIRSF:PIRSF015854	HGNC:10658	SDC1
CL:0002119	CD38-positive IgG-negative class switched memory B cell	RO:0002104	has plasma membrane part	positive	False	PR:000001002	CD19 molecule	CD19 (label)	UniProtKB:P15391	UniProtKB:P25918	IUPHARobj:2764; PIRSF:PIRSF016630	HGNC:1633	CD19
CL:0002119	CD38-positive IgG-negative class switched memory B cell	RO:0002104	has plasma membrane part	positive	False	PR:000001289	membrane-spanning 4-domains subfamily A member 1	CD20 (exact)	UniProtKB:P11836	UniProtKB:P19437	PIRSF:PIRSF001995; IUPHARobj:2628	HGNC:7315	MS4A1
CL:0002119	CD38-positive IgG-negative class switched memory B cell	RO:0002104	has plasma membrane part	positive	True	PR:000001408	ADP-ribosyl cyclase/cyclic ADP-ribose hydrolase 1	CD38 (exact)	UniProtKB:P28907	UniProtKB:P56528	IUPHARobj:2766	HGNC:1667	CD38
CL:0002119	CD38-positive IgG-negative class switched memory B cell	RO:0002104	has plasma membrane part	positive	False	PR:000001963	CD27 molecule	CD27 (label); CD27L (exact)	UniProtKB:P26842	UniProtKB:P41272	IUPHARobj:1876; PIRSF:PIRSF001966	HGNC:11922	CD27
CL:0002120	CD24-positive CD38-negative IgG-negative class switched memory B cell	CL:4030046	lacks_plasma_membrane_part	negative	False	PR:000001020	CD3 epsilon	CD3 (label); CD3E (exact); CD3e (exact)	UniProtKB:P07766	UniProtKB:P22646	IUPHARobj:2742	HGNC:1674	CD3E
CL:0002120	CD24-positive CD38-negative IgG-negative class switched memory B cell	CL:4030046	lacks_plasma_membrane_part	negative	False	PR:000001408	ADP-ribosyl cyclase/cyclic ADP-ribose hydrolase 1	CD38 (exact)	UniProtKB:P28907	UniProtKB:P56528	IUPHARobj:2766	HGNC:1667	CD38
CL:0002120	CD24-positive CD38-negative IgG-negative class switched memory B cell	CL:4030046	lacks_plasma_membrane_part	negative	False	PR:000001935	syndecan-1	CD138 (exact)	UniProtKB:P18827	UniProtKB:P18828	PIRSF:PIRSF015854	HGNC:10658	SDC1
CL:0002120	CD24-positive CD38-negative IgG-negative class switched memory B cell	RO:0002104	has plasma membrane part	positive	False	PR:000001002	CD19 molecule	CD19 (label)	UniProtKB:P15391	UniProtKB:P25918	IUPHARobj:2764; PIRSF:PIRSF016630	HGNC:1633	CD19
CL:0002120	CD24-positive CD38-negative IgG-negative class switched memory B cell	RO:0002104	has plasma membrane part	positive	False	PR:000001289	membrane-spanning 4-domains subfamily A member 1	CD20 (exact)	UniProtKB:P11836	UniProtKB:P19437	PIRSF:PIRSF001995; IUPHARobj:2628	HGNC:7315	MS4A1
CL:0002120	CD24-positive CD38-negative IgG-negative class switched memory B cell	RO:0002104	has plasma membrane part	positive	True	PR:000001932	signal transducer CD24	CD24 (label); CD24A (related)	UniProtKB:P25063	UniProtKB:P24807		HGNC:1645	CD24
CL:0002120	CD24-positive CD38-negative IgG-negative class switched memory B cell	RO:0002104	has plasma membrane part	positive	False	PR:000001963	CD27 molecule	CD27 (label); CD27L (exact)	UniProtKB:P26842	UniProtKB:P41272	IUPHARobj:1876; PIRSF:PIRSF001966	HGNC:11922	CD27
CL:0002121	CD24-negative CD38-negative IgG-negative class switched memory B cell	CL:4030046	lacks_plasma_membrane_part	negative	False	PR:000001020	CD3 epsilon	CD3 (label); CD3E (exact); CD3e (exact)	UniProtKB:P07766	UniProtKB:P22646	IUPHARobj:2742	HGNC:1674	CD3E
CL:0002121	CD24-negative CD38-negative IgG-negative class switched memory B cell	CL:4030046	lacks_plasma_membrane_part	negative	False	PR:000001408	ADP-ribosyl cyclase/cyclic ADP-ribose hydrolase 1	CD38 (exact)	UniProtKB:P28907	UniProtKB:P56528	IUPHARobj:2766	HGNC:1667	CD38
CL:0002121	CD24-negative CD38-negative IgG-negative class switched memory B cell	CL:4030046	lacks_plasma_membrane_part	negative	True	PR:000001932	signal transducer CD24	CD24 (label); CD24A (related)	UniProtKB:P25063	UniProtKB:P24807		HGNC:1645	CD24
CL:0002121	CD24-negative CD38-negative IgG-negative class switched memory B cell	CL:4030046	lacks_plasma_membrane_part	negative	False	PR:000001935	syndecan-1	CD138 (exact)	UniProtKB:P18827	UniProtKB:P18828	PIRSF:PIRSF015854	HGNC:10658	SDC1
CL:0002121	CD24-negative CD38-negative IgG-negative class switched memory B cell	RO:0002104	has plasma membrane part	positive	False	PR:000001002	CD19 molecule	CD19 (label)	UniProtKB:P15391	UniProtKB:P25918	IUPHARobj:2764; PIRSF:PIRSF016630	HGNC:1633	CD19
CL:0002121	CD24-negative CD38-negative IgG-negative class switched memory B cell	RO:0002104	has plasma membrane part	positive	False	PR:000001289	membrane-spanning 4-domains subfamily A member 1	CD20 (exact)	UniProtKB:P11836	UniProtKB:P19437	PIRSF:PIRSF001995; IUPHARobj:2628	HGNC:7315	MS4A1
CL:0002121	CD24-negative CD38-negative IgG-negative class switched memory B cell	RO:0002104	has plasma membrane part	positive	False	PR:000001963	CD27 molecule	CD27 (label); CD27L (exact)	UniProtKB:P26842	UniProtKB:P41272	IUPHARobj:1876; PIRSF:PIRSF001966	HGNC:11922	CD27
CL:0002122	B220-positive CD38-positive IgG-negative class switched memory B cell	CL:4030046	lacks_plasma_membrane_part	negative	False	PR:000001020	CD3 epsilon	CD3 (label); CD3E (exact); CD3e (exact)	UniProtKB:P07766	UniProtKB:P22646	IUPHARobj:2742	HGNC:1674	CD3E
CL:0002122	B220-positive CD38-positive IgG-negative class switched memory B cell	CL:4030046	lacks_plasma_membrane_part	negative	False	PR:000001935	syndecan-1	CD138 (exact)	UniProtKB:P18827	UniProtKB:P18828	PIRSF:PIRSF015854	HGNC:10658	SDC1
CL:0002122	B220-positive CD38-positive IgG-negative class switched memory B cell	RO:0002104	has plasma membrane part	positive	False	PR:000001002	CD19 molecule	CD19 (label)	UniProtKB:P15391	UniProtKB:P25918	IUPHARobj:2764; PIRSF:PIRSF016630	HGNC:1633	CD19
CL:0002122	B220-positive CD38-positive IgG-negative class switched memory B cell	RO:0002104	has plasma membrane part	positive	False	PR:000001006	receptor-type tyrosine-protein phosphatase C	CD45 (related)	UniProtKB:P08575	UniProtKB:P06800	IUPHARobj:1852; PIRSF:PIRSF002004	HGNC:9666	PTPRC
CL:0002122	B220-positive CD38-positive IgG-negative class switched memory B cell	RO:0002104	has plasma membrane part	positive	True	PR:000001014	receptor-type tyrosine-protein phosphatase C isoform CD45RABC	CD45R (related); CD45RABC (label)	UniProtKB:P08575-3				
CL:0002122	B220-positive CD38-positive IgG-negative class switched memory B cell	RO:0002104	has plasma membrane part	positive	False	PR:000001289	membrane-spanning 4-domains subfamily A member 1	CD20 (exact)	UniProtKB:P11836	UniProtKB:P19437	PIRSF:PIRSF001995; IUPHARobj:2628	HGNC:7315	MS4A1
CL:0002122	B220-positive CD38-positive IgG-negative class switched memory B cell	RO:0002104	has plasma membrane part	positive	False	PR:000001408	ADP-ribosyl cyclase/cyclic ADP-ribose hydrolase 1	CD38 (exact)	UniProtKB:P28907	UniProtKB:P56528	IUPHARobj:2766	HGNC:1667	CD38
CL:0002122	B220-positive CD38-positive IgG-negative class switched memory B cell	RO:0002104	has plasma membrane part	positive	False	PR:000001963	CD27 molecule	CD27 (label); CD27L (exact)	UniProtKB:P26842	UniProtKB:P41272	IUPHARobj:1876; PIRSF:PIRSF001966	HGNC:11922	CD27
CL:0002123	B220-low CD38-positive IgG-negative class switched memory B cell	RO:0015016	has low plasma membrane amount	low	False	PR:000001006	receptor-type tyrosine-protein phosphatase C	CD45 (related)	UniProtKB:P08575	UniProtKB:P06800	IUPHARobj:1852; PIRSF:PIRSF002004	HGNC:9666	PTPRC
CL:0002123	B220-low CD38-positive IgG-negative class switched memory B cell	RO:0015016	has low plasma membrane amount	low	True	PR:000001014	receptor-type tyrosine-protein phosphatase C isoform CD45RABC	CD45R (related); CD45RABC (label)	UniProtKB:P08575-3				
CL:0002123	B220-low CD38-positive IgG-negative class switched memory B cell	CL:4030046	lacks_plasma_membrane_part	negative	False	PR:000001020	CD3 epsilon	CD3 (label); CD3E (exact); CD3e (exact)	UniProtKB:P07766	UniProtKB:P22646	IUPHARobj:2742	HGNC:1674	CD3E
CL:0002123	B220-low CD38-positive IgG-negative class switched memory B cell	CL:4030046	lacks_plasma_membrane_part	negative	False	PR:000001935	syndecan-1	CD138 (exact)	UniProtKB:P18827	UniProtKB:P18828	PIRSF:PIRSF015854	HGNC:10658	SDC1
CL:0002123	B220-low CD38-positive IgG-negative class switched memory B cell	RO:0002104	has plasma membrane part	positive	False	PR:000001002	CD19 molecule	CD19 (label)	UniProtKB:P15391	UniProtKB:P25918	IUPHARobj:2764; PIRSF:PIRSF016630	HGNC:1633	CD19
CL:0002123	B220-low CD38-positive IgG-negative class switched memory B cell	RO:0002104	has plasma membrane part	positive	False	PR:000001289	membrane-spanning 4-domains subfamily A member 1	CD20 (exact)	UniProtKB:P11836	UniProtKB:P19437	PIRSF:PIRSF001995; IUPHARobj:2628	HGNC:7315	MS4A1
CL:0002123	B220-low CD38-positive IgG-negative class switched memory B cell	RO:0002104	has plasma membrane part	positive	False	PR:000001408	ADP-ribosyl cyclase/cyclic ADP-ribose hydrolase 1	CD38 (exact)	UniProtKB:P28907	UniProtKB:P56528	IUPHARobj:2766	HGNC:1667	CD38
CL:0002123	B220-low CD38-positive IgG-negative class switched memory B cell	RO:0002104	has plasma membrane part	positive	False	PR:000001963	CD27 molecule	CD27 (label); CD27L (exact)	UniProtKB:P26842	UniProtKB:P41272	IUPHARobj:1876; PIRSF:PIRSF001966	HGNC:11922	CD27
CL:0002124	CD27-positive gamma-delta T cell	RO:0002104	has plasma membrane part	positive	True	PR:000001963	CD27 molecule	CD27 (label); CD27L (exact)	UniProtKB:P26842	UniProtKB:P41272	IUPHARobj:1876; PIRSF:PIRSF001966	HGNC:11922	CD27
CL:0002125	CD27-negative gamma-delta T cell	CL:4030046	lacks_plasma_membrane_part	negative	True	PR:000001963	CD27 molecule	CD27 (label); CD27L (exact)	UniProtKB:P26842	UniProtKB:P41272	IUPHARobj:1876; PIRSF:PIRSF001966	HGNC:11922	CD27
CL:0002125	CD27-negative gamma-delta T cell	BFO:0000051	has part	positive	True	PR:000003455	nuclear receptor ROR-gamma isoform 2			UniProtKB:P51450-2			
CL:0002126	CD25-positive, CD27-positive immature gamma-delta T cell	RO:0015015	has high plasma membrane amount	high	True	PR:000001307	CD44 molecule	CD44 (label); CDw44 (exact)	UniProtKB:P16070	UniProtKB:P15379		HGNC:1681	CD44
CL:0002126	CD25-positive, CD27-positive immature gamma-delta T cell	RO:0015015	has high plasma membrane amount	high	True	PR:000001318	L-selectin	CD62 (exact); CD62L (exact)	UniProtKB:P14151	UniProtKB:P18337	PIRSF:PIRSF002421	HGNC:10720	SELL
CL:0002126	CD25-positive, CD27-positive immature gamma-delta T cell	RO:0015015	has high plasma membrane amount	high	True	PR:000001932	signal transducer CD24	CD24 (label); CD24A (related)	UniProtKB:P25063	UniProtKB:P24807		HGNC:1645	CD24
CL:0002126	CD25-positive, CD27-positive immature gamma-delta T cell	RO:0015016	has low plasma membrane amount	low	True	PR:000001083	CD2 molecule	CD2 (label)	UniProtKB:P06729	UniProtKB:P08920	IUPHARobj:2600; PIRSF:PIRSF001984	HGNC:1639	CD2
CL:0002126	CD25-positive, CD27-positive immature gamma-delta T cell	RO:0015016	has low plasma membrane amount	low	True	PR:000001839	T-cell surface glycoprotein CD5	CD5 (label)	UniProtKB:P06127	UniProtKB:P13379		HGNC:1685	CD5
CL:0002126	CD25-positive, CD27-positive immature gamma-delta T cell	RO:0002104	has plasma membrane part	positive	True	PR:000001380	interleukin-2 receptor subunit alpha	CD25 (exact)	UniProtKB:P01589	UniProtKB:P01590	IUPHARobj:1695; PIRSF:PIRSF001954	HGNC:6008	IL2RA
CL:0002126	CD25-positive, CD27-positive immature gamma-delta T cell	RO:0002104	has plasma membrane part	positive	True	PR:000001919	programmed cell death protein 1	CD279 (exact)	UniProtKB:Q15116	UniProtKB:Q02242	IUPHARobj:2760; PIRSF:PIRSF018380	HGNC:8760	PDCD1
CL:0002126	CD25-positive, CD27-positive immature gamma-delta T cell	RO:0002104	has plasma membrane part	positive	True	PR:000001963	CD27 molecule	CD27 (label); CD27L (exact)	UniProtKB:P26842	UniProtKB:P41272	IUPHARobj:1876; PIRSF:PIRSF001966	HGNC:11922	CD27
CL:0002128	Tc17 cell	RO:0015015	has high plasma membrane amount	high	True	PR:000001201	C-C chemokine receptor type 5	CD195 (exact)	UniProtKB:P51681	UniProtKB:P51682	IUPHARobj:62	HGNC:1606	CCR5
CL:0002128	Tc17 cell	CL:4030046	lacks_plasma_membrane_part	negative	False	PR:000001004	CD4 molecule	CD4 (label)	UniProtKB:P01730	UniProtKB:P06332	PIRSF:PIRSF001977	HGNC:1678	CD4
CL:0002128	Tc17 cell	CL:4030046	lacks_plasma_membrane_part	negative	False	PR:000001006	receptor-type tyrosine-protein phosphatase C	CD45 (related)	UniProtKB:P08575	UniProtKB:P06800	IUPHARobj:1852; PIRSF:PIRSF002004	HGNC:9666	PTPRC
CL:0002128	Tc17 cell	CL:4030046	lacks_plasma_membrane_part	negative	True	PR:000001015	receptor-type tyrosine-protein phosphatase C isoform CD45RA	CD45RA (label)	UniProtKB:P08575-8				
CL:0002128	Tc17 cell	CL:4030046	lacks_plasma_membrane_part	negative	False	PR:000001318	L-selectin	CD62 (exact); CD62L (exact)	UniProtKB:P14151	UniProtKB:P18337	PIRSF:PIRSF002421	HGNC:10720	SELL
CL:0002128	Tc17 cell	CL:4030046	lacks_plasma_membrane_part	negative	False	PR:000001869	interleukin-7 receptor subunit alpha	CD127 (exact); CDw127 (exact)	UniProtKB:P16871	UniProtKB:P16872	IUPHARobj:1698; PIRSF:PIRSF001960	HGNC:6024	IL7R
CL:0002128	Tc17 cell	BFO:0000051	has part	positive	False	PR:000001084	T-cell surface glycoprotein CD8 alpha chain	CD8 (label); CD8A (exact); CD8a (exact)	UniProtKB:P01732	UniProtKB:P01731		HGNC:1706	CD8A
CL:0002128	Tc17 cell	RO:0002104	has plasma membrane part	positive	True	PR:000001202	C-C chemokine receptor type 6	CD196 (exact)	UniProtKB:P51684	UniProtKB:O54689	IUPHARobj:63	HGNC:1607	CCR6
CL:0002128	Tc17 cell	RO:0002104	has plasma membrane part	positive	False	PR:000001343	CD69 molecule	CD69 (label)	UniProtKB:Q07108	UniProtKB:P37217		HGNC:1694	CD69
CL:0002128	Tc17 cell	RO:0002104	has plasma membrane part	positive	False	PR:000001380	interleukin-2 receptor subunit alpha	CD25 (exact)	UniProtKB:P01589	UniProtKB:P01590	IUPHARobj:1695; PIRSF:PIRSF001954	HGNC:6008	IL2RA
CL:0002128	Tc17 cell	RO:0002104	has plasma membrane part	positive	False	PR:000025402	T cell receptor co-receptor CD8	CD8 (label)					
CL:0002128	Tc17 cell	BFO:0000051	has part	positive	False	PR:000025403	T-cell surface glycoprotein CD8 alpha chain isoform 1	CD8 (label); CD8A (exact)	UniProtKB:P01732-1				
CL:0002151	late promyelocyte	CL:4030046	lacks_plasma_membrane_part	negative	False	PR:000001012	integrin alpha-M	CD11 (exact); CD11B (related); CD11b (exact)	UniProtKB:P11215	UniProtKB:P05555	IUPHARobj:2452	HGNC:6149	ITGAM
CL:0002151	late promyelocyte	CL:4030046	lacks_plasma_membrane_part	negative	False	PR:000001483	low affinity immunoglobulin gamma Fc region receptor III	CD16 (exact)		UniProtKB:P08508			
CL:0002151	late promyelocyte	CL:4030046	lacks_plasma_membrane_part	negative	False	PR:000001932	signal transducer CD24	CD24 (label); CD24A (related)	UniProtKB:P25063	UniProtKB:P24807		HGNC:1645	CD24
CL:0002151	late promyelocyte	RO:0002104	has plasma membrane part	positive	False	PR:000001456	alpha-(1,3)-fucosyltransferase 4	CD15 (exact)	UniProtKB:P22083	UniProtKB:Q11127		HGNC:4015	FUT4
CL:0002151	late promyelocyte	RO:0002104	has plasma membrane part	positive	False	PR:000001892	CD33 molecule	CD33 (label)	UniProtKB:P20138	UniProtKB:Q63994	IUPHARobj:2601	HGNC:1659	CD33
CL:0002154	early promyelocyte	CL:4030046	lacks_plasma_membrane_part	negative	False	PR:000001012	integrin alpha-M	CD11 (exact); CD11B (related); CD11b (exact)	UniProtKB:P11215	UniProtKB:P05555	IUPHARobj:2452	HGNC:6149	ITGAM
CL:0002154	early promyelocyte	CL:4030046	lacks_plasma_membrane_part	negative	False	PR:000001483	low affinity immunoglobulin gamma Fc region receptor III	CD16 (exact)		UniProtKB:P08508			
CL:0002154	early promyelocyte	CL:4030046	lacks_plasma_membrane_part	negative	False	PR:000001932	signal transducer CD24	CD24 (label); CD24A (related)	UniProtKB:P25063	UniProtKB:P24807		HGNC:1645	CD24
CL:0002154	early promyelocyte	RO:0002104	has plasma membrane part	positive	False	PR:000001456	alpha-(1,3)-fucosyltransferase 4	CD15 (exact)	UniProtKB:P22083	UniProtKB:Q11127		HGNC:4015	FUT4
CL:0002154	early promyelocyte	RO:0002104	has plasma membrane part	positive	False	PR:000001892	CD33 molecule	CD33 (label)	UniProtKB:P20138	UniProtKB:Q63994	IUPHARobj:2601	HGNC:1659	CD33
CL:0002155	echinocyte	CL:4030046	lacks_plasma_membrane_part	negative	False	PR:000001945	transferrin receptor protein 1	CD71 (exact)	UniProtKB:P02786	UniProtKB:Q62351		HGNC:11763	TFRC
CL:0002246	peripheral blood stem cell	CL:4030046	lacks_plasma_membrane_part	negative	False	PR:000001002	CD19 molecule	CD19 (label)	UniProtKB:P15391	UniProtKB:P25918	IUPHARobj:2764; PIRSF:PIRSF016630	HGNC:1633	CD19
CL:0002246	peripheral blood stem cell	CL:4030046	lacks_plasma_membrane_part	negative	False	PR:000001004	CD4 molecule	CD4 (label)	UniProtKB:P01730	UniProtKB:P06332	PIRSF:PIRSF001977	HGNC:1678	CD4
CL:0002246	peripheral blood stem cell	CL:4030046	lacks_plasma_membrane_part	negative	False	PR:000001012	integrin alpha-M	CD11 (exact); CD11B (related); CD11b (exact)	UniProtKB:P11215	UniProtKB:P05555	IUPHARobj:2452	HGNC:6149	ITGAM
CL:0002246	peripheral blood stem cell	CL:4030046	lacks_plasma_membrane_part	negative	False	PR:000001020	CD3 epsilon	CD3 (label); CD3E (exact); CD3e (exact)	UniProtKB:P07766	UniProtKB:P22646	IUPHARobj:2742	HGNC:1674	CD3E
CL:0002246	peripheral blood stem cell	CL:4030046	lacks_plasma_membrane_part	negative	False	PR:000001024	neural cell adhesion molecule 1	CD56 (exact)	UniProtKB:P13591	UniProtKB:P13595	IUPHARobj:2769	HGNC:7656	NCAM1
CL:0002246	peripheral blood stem cell	CL:4030046	lacks_plasma_membrane_part	negative	False	PR:000001083	CD2 molecule	CD2 (label)	UniProtKB:P06729	UniProtKB:P08920	IUPHARobj:2600; PIRSF:PIRSF001984	HGNC:1639	CD2
CL:0002246	peripheral blood stem cell	CL:4030046	lacks_plasma_membrane_part	negative	False	PR:000001084	T-cell surface glycoprotein CD8 alpha chain	CD8 (label); CD8A (exact); CD8a (exact)	UniProtKB:P01732	UniProtKB:P01731		HGNC:1706	CD8A
CL:0002246	peripheral blood stem cell	CL:4030046	lacks_plasma_membrane_part	negative	False	PR:000001289	membrane-spanning 4-domains subfamily A member 1	CD20 (exact)	UniProtKB:P11836	UniProtKB:P19437	PIRSF:PIRSF001995; IUPHARobj:2628	HGNC:7315	MS4A1
CL:0002246	peripheral blood stem cell	CL:4030046	lacks_plasma_membrane_part	negative	False	PR:000001839	T-cell surface glycoprotein CD5	CD5 (label)	UniProtKB:P06127	UniProtKB:P13379		HGNC:1685	CD5
CL:0002246	peripheral blood stem cell	CL:4030046	lacks_plasma_membrane_part	negative	False	PR:000001889	CD14 molecule	CD14 (label)	UniProtKB:P08571	UniProtKB:P10810	PIRSF:PIRSF002017	HGNC:1628	CD14
CL:0002246	peripheral blood stem cell	CL:4030046	lacks_plasma_membrane_part	negative	False	PR:000002978	lymphocyte antigen 6G			UniProtKB:P35461			
CL:0002246	peripheral blood stem cell	CL:4030046	lacks_plasma_membrane_part	negative	False	PR:000002981	lymphocyte antigen 76 (mouse)						
CL:0002338	CD56-positive, CD161-positive immature natural killer cell, human	CL:4030046	lacks_plasma_membrane_part	negative	False	PR:000001002	CD19 molecule	CD19 (label)	UniProtKB:P15391	UniProtKB:P25918	IUPHARobj:2764; PIRSF:PIRSF016630	HGNC:1633	CD19
CL:0002338	CD56-positive, CD161-positive immature natural killer cell, human	CL:4030046	lacks_plasma_membrane_part	negative	True	PR:000001003	CD34 molecule	CD34 (label)	UniProtKB:P28906	UniProtKB:Q64314	PIRSF:PIRSF028749	HGNC:1662	CD34
CL:0002338	CD56-positive, CD161-positive immature natural killer cell, human	CL:4030046	lacks_plasma_membrane_part	negative	False	PR:000001020	CD3 epsilon	CD3 (label); CD3E (exact); CD3e (exact)	UniProtKB:P07766	UniProtKB:P22646	IUPHARobj:2742	HGNC:1674	CD3E
CL:0002338	CD56-positive, CD161-positive immature natural killer cell, human	CL:4030046	lacks_plasma_membrane_part	negative	False	PR:000001289	membrane-spanning 4-domains subfamily A member 1	CD20 (exact)	UniProtKB:P11836	UniProtKB:P19437	PIRSF:PIRSF001995; IUPHARobj:2628	HGNC:7315	MS4A1
CL:0002338	CD56-positive, CD161-positive immature natural killer cell, human	CL:4030046	lacks_plasma_membrane_part	negative	False	PR:000001889	CD14 molecule	CD14 (label)	UniProtKB:P08571	UniProtKB:P10810	PIRSF:PIRSF002017	HGNC:1628	CD14
CL:0002338	CD56-positive, CD161-positive immature natural killer cell, human	RO:0002104	has plasma membrane part	positive	True	PR:000001024	neural cell adhesion molecule 1	CD56 (exact)	UniProtKB:P13591	UniProtKB:P13595	IUPHARobj:2769	HGNC:7656	NCAM1
CL:0002338	CD56-positive, CD161-positive immature natural killer cell, human	RO:0002104	has plasma membrane part	positive	True	PR:000001381	interleukin-2 receptor subunit beta	CD122 (exact)	UniProtKB:P14784	UniProtKB:P16297	IUPHARobj:1696	HGNC:6009	IL2RB
CL:0002338	CD56-positive, CD161-positive immature natural killer cell, human	RO:0002104	has plasma membrane part	positive	True	PR:000001874	KLRB1-like protein				PIRSF:PIRSF038804		
CL:0002338	CD56-positive, CD161-positive immature natural killer cell, human	RO:0002104	has plasma membrane part	positive	True	PR:000002065	mast/stem cell growth factor receptor	CD117 (exact)	UniProtKB:P10721	UniProtKB:P05532	IUPHARobj:1805; PIRSF:PIRSF500951	HGNC:6342	KIT
CL:0002343	decidual natural killer cell, human	RO:0015015	has high plasma membrane amount	high	True	PR:000001024	neural cell adhesion molecule 1	CD56 (exact)	UniProtKB:P13591	UniProtKB:P13595	IUPHARobj:2769	HGNC:7656	NCAM1
CL:0002343	decidual natural killer cell, human	CL:4030046	lacks_plasma_membrane_part	negative	False	PR:000001002	CD19 molecule	CD19 (label)	UniProtKB:P15391	UniProtKB:P25918	IUPHARobj:2764; PIRSF:PIRSF016630	HGNC:1633	CD19
CL:0002343	decidual natural killer cell, human	CL:4030046	lacks_plasma_membrane_part	negative	False	PR:000001020	CD3 epsilon	CD3 (label); CD3E (exact); CD3e (exact)	UniProtKB:P07766	UniProtKB:P22646	IUPHARobj:2742	HGNC:1674	CD3E
CL:0002343	decidual natural killer cell, human	CL:4030046	lacks_plasma_membrane_part	negative	False	PR:000001289	membrane-spanning 4-domains subfamily A member 1	CD20 (exact)	UniProtKB:P11836	UniProtKB:P19437	PIRSF:PIRSF001995; IUPHARobj:2628	HGNC:7315	MS4A1
CL:0002343	decidual natural killer cell, human	CL:4030046	lacks_plasma_membrane_part	negative	True	PR:000001483	low affinity immunoglobulin gamma Fc region receptor III	CD16 (exact)		UniProtKB:P08508			
CL:0002343	decidual natural killer cell, human	CL:4030046	lacks_plasma_membrane_part	negative	False	PR:000001889	CD14 molecule	CD14 (label)	UniProtKB:P08571	UniProtKB:P10810	PIRSF:PIRSF002017	HGNC:1628	CD14
CL:0002343	decidual natural killer cell, human	RO:0002104	has plasma membrane part	positive	True	PR:000009766	galectin-1		UniProtKB:P09382	UniProtKB:P16045		HGNC:6561	LGALS1
CL:0002344	CD56-negative, CD161-positive immature natural killer cell, human	CL:4030046	lacks_plasma_membrane_part	negative	False	PR:000001002	CD19 molecule	CD19 (label)	UniProtKB:P15391	UniProtKB:P25918	IUPHARobj:2764; PIRSF:PIRSF016630	HGNC:1633	CD19
CL:0002344	CD56-negative, CD161-positive immature natural killer cell, human	CL:4030046	lacks_plasma_membrane_part	negative	True	PR:000001003	CD34 molecule	CD34 (label)	UniProtKB:P28906	UniProtKB:Q64314	PIRSF:PIRSF028749	HGNC:1662	CD34
CL:0002344	CD56-negative, CD161-positive immature natural killer cell, human	CL:4030046	lacks_plasma_membrane_part	negative	False	PR:000001020	CD3 epsilon	CD3 (label); CD3E (exact); CD3e (exact)	UniProtKB:P07766	UniProtKB:P22646	IUPHARobj:2742	HGNC:1674	CD3E
CL:0002344	CD56-negative, CD161-positive immature natural killer cell, human	CL:4030046	lacks_plasma_membrane_part	negative	True	PR:000001024	neural cell adhesion molecule 1	CD56 (exact)	UniProtKB:P13591	UniProtKB:P13595	IUPHARobj:2769	HGNC:7656	NCAM1
CL:0002344	CD56-negative, CD161-positive immature natural killer cell, human	CL:4030046	lacks_plasma_membrane_part	negative	False	PR:000001289	membrane-spanning 4-domains subfamily A member 1	CD20 (exact)	UniProtKB:P11836	UniProtKB:P19437	PIRSF:PIRSF001995; IUPHARobj:2628	HGNC:7315	MS4A1
CL:0002344	CD56-negative, CD161-positive immature natural killer cell, human	CL:4030046	lacks_plasma_membrane_part	negative	False	PR:000001889	CD14 molecule	CD14 (label)	UniProtKB:P08571	UniProtKB:P10810	PIRSF:PIRSF002017	HGNC:1628	CD14
CL:0002344	CD56-negative, CD161-positive immature natural killer cell, human	RO:0002104	has plasma membrane part	positive	True	PR:000001381	interleukin-2 receptor subunit beta	CD122 (exact)	UniProtKB:P14784	UniProtKB:P16297	IUPHARobj:1696	HGNC:6009	IL2RB
CL:0002344	CD56-negative, CD161-positive immature natural killer cell, human	RO:0002104	has plasma membrane part	positive	True	PR:000001874	KLRB1-like protein				PIRSF:PIRSF038804		
CL:0002344	CD56-negative, CD161-positive immature natural killer cell, human	RO:0002104	has plasma membrane part	positive	True	PR:000002065	mast/stem cell growth factor receptor	CD117 (exact)	UniProtKB:P10721	UniProtKB:P05532	IUPHARobj:1805; PIRSF:PIRSF500951	HGNC:6342	KIT
CL:0002345	CD27-low, CD11b-low immature natural killer cell, mouse	RO:0015016	has low plasma membrane amount	low	True	PR:000001012	integrin alpha-M	CD11 (exact); CD11B (related); CD11b (exact)	UniProtKB:P11215	UniProtKB:P05555	IUPHARobj:2452	HGNC:6149	ITGAM
CL:0002345	CD27-low, CD11b-low immature natural killer cell, mouse	RO:0015016	has low plasma membrane amount	low	True	PR:000001963	CD27 molecule	CD27 (label); CD27L (exact)	UniProtKB:P26842	UniProtKB:P41272	IUPHARobj:1876; PIRSF:PIRSF001966	HGNC:11922	CD27
CL:0002345	CD27-low, CD11b-low immature natural killer cell, mouse	CL:4030046	lacks_plasma_membrane_part	negative	False	PR:000001002	CD19 molecule	CD19 (label)	UniProtKB:P15391	UniProtKB:P25918	IUPHARobj:2764; PIRSF:PIRSF016630	HGNC:1633	CD19
CL:0002345	CD27-low, CD11b-low immature natural killer cell, mouse	CL:4030046	lacks_plasma_membrane_part	negative	False	PR:000001020	CD3 epsilon	CD3 (label); CD3E (exact); CD3e (exact)	UniProtKB:P07766	UniProtKB:P22646	IUPHARobj:2742	HGNC:1674	CD3E
CL:0002345	CD27-low, CD11b-low immature natural killer cell, mouse	CL:4030046	lacks_plasma_membrane_part	negative	False	PR:000001289	membrane-spanning 4-domains subfamily A member 1	CD20 (exact)	UniProtKB:P11836	UniProtKB:P19437	PIRSF:PIRSF001995; IUPHARobj:2628	HGNC:7315	MS4A1
CL:0002345	CD27-low, CD11b-low immature natural killer cell, mouse	CL:4030046	lacks_plasma_membrane_part	negative	False	PR:000001889	CD14 molecule	CD14 (label)	UniProtKB:P08571	UniProtKB:P10810	PIRSF:PIRSF002017	HGNC:1628	CD14
CL:0002345	CD27-low, CD11b-low immature natural killer cell, mouse	RO:0002104	has plasma membrane part	positive	True	PR:000001008	integrin alpha-2	CD49 (exact); CD49B (related); CD49b (exact)	UniProtKB:P17301	UniProtKB:Q62469	IUPHARobj:2440	HGNC:6137	ITGA2
CL:0002345	CD27-low, CD11b-low immature natural killer cell, mouse	RO:0002104	has plasma membrane part	positive	False	PR:000001874	KLRB1-like protein				PIRSF:PIRSF038804		
CL:0002345	CD27-low, CD11b-low immature natural killer cell, mouse	RO:0002104	has plasma membrane part	positive	True	PR:000002977	killer cell lectin-like receptor subfamily B member 1C	CD161 (exact); CD161c (exact)		UniProtKB:P27814			
CL:0002345	CD27-low, CD11b-low immature natural killer cell, mouse	RO:0002104	has plasma membrane part	positive	True	PR:000009616	T-cell surface glycoprotein YE1/48			UniProtKB:P20937			
CL:0002346	Dx5-negative, NK1.1-positive immature natural killer cell, mouse	CL:4030046	lacks_plasma_membrane_part	negative	False	PR:000001002	CD19 molecule	CD19 (label)	UniProtKB:P15391	UniProtKB:P25918	IUPHARobj:2764; PIRSF:PIRSF016630	HGNC:1633	CD19
CL:0002346	Dx5-negative, NK1.1-positive immature natural killer cell, mouse	CL:4030046	lacks_plasma_membrane_part	negative	True	PR:000001008	integrin alpha-2	CD49 (exact); CD49B (related); CD49b (exact)	UniProtKB:P17301	UniProtKB:Q62469	IUPHARobj:2440	HGNC:6137	ITGA2
CL:0002346	Dx5-negative, NK1.1-positive immature natural killer cell, mouse	CL:4030046	lacks_plasma_membrane_part	negative	False	PR:000001020	CD3 epsilon	CD3 (label); CD3E (exact); CD3e (exact)	UniProtKB:P07766	UniProtKB:P22646	IUPHARobj:2742	HGNC:1674	CD3E
CL:0002346	Dx5-negative, NK1.1-positive immature natural killer cell, mouse	CL:4030046	lacks_plasma_membrane_part	negative	False	PR:000001289	membrane-spanning 4-domains subfamily A member 1	CD20 (exact)	UniProtKB:P11836	UniProtKB:P19437	PIRSF:PIRSF001995; IUPHARobj:2628	HGNC:7315	MS4A1
CL:0002346	Dx5-negative, NK1.1-positive immature natural killer cell, mouse	CL:4030046	lacks_plasma_membrane_part	negative	False	PR:000001889	CD14 molecule	CD14 (label)	UniProtKB:P08571	UniProtKB:P10810	PIRSF:PIRSF002017	HGNC:1628	CD14
CL:0002346	Dx5-negative, NK1.1-positive immature natural killer cell, mouse	RO:0002104	has plasma membrane part	positive	False	PR:000001874	KLRB1-like protein				PIRSF:PIRSF038804		
CL:0002346	Dx5-negative, NK1.1-positive immature natural killer cell, mouse	RO:0002104	has plasma membrane part	positive	True	PR:000002977	killer cell lectin-like receptor subfamily B member 1C	CD161 (exact); CD161c (exact)		UniProtKB:P27814			
CL:0002347	CD27-high, CD11b-high natural killer cell, mouse	RO:0015015	has high plasma membrane amount	high	True	PR:000001012	integrin alpha-M	CD11 (exact); CD11B (related); CD11b (exact)	UniProtKB:P11215	UniProtKB:P05555	IUPHARobj:2452	HGNC:6149	ITGAM
CL:0002347	CD27-high, CD11b-high natural killer cell, mouse	RO:0015015	has high plasma membrane amount	high	True	PR:000001963	CD27 molecule	CD27 (label); CD27L (exact)	UniProtKB:P26842	UniProtKB:P41272	IUPHARobj:1876; PIRSF:PIRSF001966	HGNC:11922	CD27
CL:0002347	CD27-high, CD11b-high natural killer cell, mouse	CL:4030046	lacks_plasma_membrane_part	negative	False	PR:000001002	CD19 molecule	CD19 (label)	UniProtKB:P15391	UniProtKB:P25918	IUPHARobj:2764; PIRSF:PIRSF016630	HGNC:1633	CD19
CL:0002347	CD27-high, CD11b-high natural killer cell, mouse	CL:4030046	lacks_plasma_membrane_part	negative	False	PR:000001020	CD3 epsilon	CD3 (label); CD3E (exact); CD3e (exact)	UniProtKB:P07766	UniProtKB:P22646	IUPHARobj:2742	HGNC:1674	CD3E
CL:0002347	CD27-high, CD11b-high natural killer cell, mouse	CL:4030046	lacks_plasma_membrane_part	negative	False	PR:000001289	membrane-spanning 4-domains subfamily A member 1	CD20 (exact)	UniProtKB:P11836	UniProtKB:P19437	PIRSF:PIRSF001995; IUPHARobj:2628	HGNC:7315	MS4A1
CL:0002347	CD27-high, CD11b-high natural killer cell, mouse	CL:4030046	lacks_plasma_membrane_part	negative	False	PR:000001889	CD14 molecule	CD14 (label)	UniProtKB:P08571	UniProtKB:P10810	PIRSF:PIRSF002017	HGNC:1628	CD14
CL:0002348	CD27-low, CD11b-high natural killer cell, mouse	RO:0015015	has high plasma membrane amount	high	True	PR:000001012	integrin alpha-M	CD11 (exact); CD11B (related); CD11b (exact)	UniProtKB:P11215	UniProtKB:P05555	IUPHARobj:2452	HGNC:6149	ITGAM
CL:0002348	CD27-low, CD11b-high natural killer cell, mouse	RO:0015016	has low plasma membrane amount	low	True	PR:000001963	CD27 molecule	CD27 (label); CD27L (exact)	UniProtKB:P26842	UniProtKB:P41272	IUPHARobj:1876; PIRSF:PIRSF001966	HGNC:11922	CD27
CL:0002348	CD27-low, CD11b-high natural killer cell, mouse	CL:4030046	lacks_plasma_membrane_part	negative	False	PR:000001002	CD19 molecule	CD19 (label)	UniProtKB:P15391	UniProtKB:P25918	IUPHARobj:2764; PIRSF:PIRSF016630	HGNC:1633	CD19
CL:0002348	CD27-low, CD11b-high natural killer cell, mouse	CL:4030046	lacks_plasma_membrane_part	negative	False	PR:000001020	CD3 epsilon	CD3 (label); CD3E (exact); CD3e (exact)	UniProtKB:P07766	UniProtKB:P22646	IUPHARobj:2742	HGNC:1674	CD3E
CL:0002348	CD27-low, CD11b-high natural killer cell, mouse	CL:4030046	lacks_plasma_membrane_part	negative	False	PR:000001289	membrane-spanning 4-domains subfamily A member 1	CD20 (exact)	UniProtKB:P11836	UniProtKB:P19437	PIRSF:PIRSF001995; IUPHARobj:2628	HGNC:7315	MS4A1
CL:0002348	CD27-low, CD11b-high natural killer cell, mouse	CL:4030046	lacks_plasma_membrane_part	negative	False	PR:000001889	CD14 molecule	CD14 (label)	UniProtKB:P08571	UniProtKB:P10810	PIRSF:PIRSF002017	HGNC:1628	CD14
CL:0002349	CD27-high, CD11b-low natural killer cell, mouse	RO:0015015	has high plasma membrane amount	high	True	PR:000001963	CD27 molecule	CD27 (label); CD27L (exact)	UniProtKB:P26842	UniProtKB:P41272	IUPHARobj:1876; PIRSF:PIRSF001966	HGNC:11922	CD27
CL:0002349	CD27-high, CD11b-low natural killer cell, mouse	RO:0015016	has low plasma membrane amount	low	True	PR:000001012	integrin alpha-M	CD11 (exact); CD11B (related); CD11b (exact)	UniProtKB:P11215	UniProtKB:P05555	IUPHARobj:2452	HGNC:6149	ITGAM
CL:0002349	CD27-high, CD11b-low natural killer cell, mouse	CL:4030046	lacks_plasma_membrane_part	negative	False	PR:000001002	CD19 molecule	CD19 (label)	UniProtKB:P15391	UniProtKB:P25918	IUPHARobj:2764; PIRSF:PIRSF016630	HGNC:1633	CD19
CL:0002349	CD27-high, CD11b-low natural killer cell, mouse	CL:4030046	lacks_plasma_membrane_part	negative	False	PR:000001020	CD3 epsilon	CD3 (label); CD3E (exact); CD3e (exact)	UniProtKB:P07766	UniProtKB:P22646	IUPHARobj:2742	HGNC:1674	CD3E
CL:0002349	CD27-high, CD11b-low natural killer cell, mouse	CL:4030046	lacks_plasma_membrane_part	negative	False	PR:000001289	membrane-spanning 4-domains subfamily A member 1	CD20 (exact)	UniProtKB:P11836	UniProtKB:P19437	PIRSF:PIRSF001995; IUPHARobj:2628	HGNC:7315	MS4A1
CL:0002349	CD27-high, CD11b-low natural killer cell, mouse	CL:4030046	lacks_plasma_membrane_part	negative	False	PR:000001889	CD14 molecule	CD14 (label)	UniProtKB:P08571	UniProtKB:P10810	PIRSF:PIRSF002017	HGNC:1628	CD14
CL:0002352	gestational hematopoietic stem cell	CL:4030046	lacks_plasma_membrane_part	negative	False	PR:000001002	CD19 molecule	CD19 (label)	UniProtKB:P15391	UniProtKB:P25918	IUPHARobj:2764; PIRSF:PIRSF016630	HGNC:1633	CD19
CL:0002352	gestational hematopoietic stem cell	CL:4030046	lacks_plasma_membrane_part	negative	False	PR:000001004	CD4 molecule	CD4 (label)	UniProtKB:P01730	UniProtKB:P06332	PIRSF:PIRSF001977	HGNC:1678	CD4
CL:0002352	gestational hematopoietic stem cell	CL:4030046	lacks_plasma_membrane_part	negative	False	PR:000001012	integrin alpha-M	CD11 (exact); CD11B (related); CD11b (exact)	UniProtKB:P11215	UniProtKB:P05555	IUPHARobj:2452	HGNC:6149	ITGAM
CL:0002352	gestational hematopoietic stem cell	CL:4030046	lacks_plasma_membrane_part	negative	False	PR:000001020	CD3 epsilon	CD3 (label); CD3E (exact); CD3e (exact)	UniProtKB:P07766	UniProtKB:P22646	IUPHARobj:2742	HGNC:1674	CD3E
CL:0002352	gestational hematopoietic stem cell	CL:4030046	lacks_plasma_membrane_part	negative	False	PR:000001024	neural cell adhesion molecule 1	CD56 (exact)	UniProtKB:P13591	UniProtKB:P13595	IUPHARobj:2769	HGNC:7656	NCAM1
CL:0002352	gestational hematopoietic stem cell	CL:4030046	lacks_plasma_membrane_part	negative	False	PR:000001083	CD2 molecule	CD2 (label)	UniProtKB:P06729	UniProtKB:P08920	IUPHARobj:2600; PIRSF:PIRSF001984	HGNC:1639	CD2
CL:0002352	gestational hematopoietic stem cell	CL:4030046	lacks_plasma_membrane_part	negative	False	PR:000001084	T-cell surface glycoprotein CD8 alpha chain	CD8 (label); CD8A (exact); CD8a (exact)	UniProtKB:P01732	UniProtKB:P01731		HGNC:1706	CD8A
CL:0002352	gestational hematopoietic stem cell	CL:4030046	lacks_plasma_membrane_part	negative	False	PR:000001289	membrane-spanning 4-domains subfamily A member 1	CD20 (exact)	UniProtKB:P11836	UniProtKB:P19437	PIRSF:PIRSF001995; IUPHARobj:2628	HGNC:7315	MS4A1
CL:0002352	gestational hematopoietic stem cell	CL:4030046	lacks_plasma_membrane_part	negative	False	PR:000001839	T-cell surface glycoprotein CD5	CD5 (label)	UniProtKB:P06127	UniProtKB:P13379		HGNC:1685	CD5
CL:0002352	gestational hematopoietic stem cell	CL:4030046	lacks_plasma_membrane_part	negative	False	PR:000001889	CD14 molecule	CD14 (label)	UniProtKB:P08571	UniProtKB:P10810	PIRSF:PIRSF002017	HGNC:1628	CD14
CL:0002352	gestational hematopoietic stem cell	CL:4030046	lacks_plasma_membrane_part	negative	False	PR:000002978	lymphocyte antigen 6G			UniProtKB:P35461			
CL:0002352	gestational hematopoietic stem cell	CL:4030046	lacks_plasma_membrane_part	negative	False	PR:000002981	lymphocyte antigen 76 (mouse)						
CL:0002353	fetal liver hematopoietic progenitor cell	CL:4030046	lacks_plasma_membrane_part	negative	False	PR:000001002	CD19 molecule	CD19 (label)	UniProtKB:P15391	UniProtKB:P25918	IUPHARobj:2764; PIRSF:PIRSF016630	HGNC:1633	CD19
CL:0002353	fetal liver hematopoietic progenitor cell	CL:4030046	lacks_plasma_membrane_part	negative	False	PR:000001004	CD4 molecule	CD4 (label)	UniProtKB:P01730	UniProtKB:P06332	PIRSF:PIRSF001977	HGNC:1678	CD4
CL:0002353	fetal liver hematopoietic progenitor cell	CL:4030046	lacks_plasma_membrane_part	negative	False	PR:000001012	integrin alpha-M	CD11 (exact); CD11B (related); CD11b (exact)	UniProtKB:P11215	UniProtKB:P05555	IUPHARobj:2452	HGNC:6149	ITGAM
CL:0002353	fetal liver hematopoietic progenitor cell	CL:4030046	lacks_plasma_membrane_part	negative	False	PR:000001020	CD3 epsilon	CD3 (label); CD3E (exact); CD3e (exact)	UniProtKB:P07766	UniProtKB:P22646	IUPHARobj:2742	HGNC:1674	CD3E
CL:0002353	fetal liver hematopoietic progenitor cell	CL:4030046	lacks_plasma_membrane_part	negative	False	PR:000001024	neural cell adhesion molecule 1	CD56 (exact)	UniProtKB:P13591	UniProtKB:P13595	IUPHARobj:2769	HGNC:7656	NCAM1
CL:0002353	fetal liver hematopoietic progenitor cell	CL:4030046	lacks_plasma_membrane_part	negative	False	PR:000001083	CD2 molecule	CD2 (label)	UniProtKB:P06729	UniProtKB:P08920	IUPHARobj:2600; PIRSF:PIRSF001984	HGNC:1639	CD2
CL:0002353	fetal liver hematopoietic progenitor cell	CL:4030046	lacks_plasma_membrane_part	negative	False	PR:000001084	T-cell surface glycoprotein CD8 alpha chain	CD8 (label); CD8A (exact); CD8a (exact)	UniProtKB:P01732	UniProtKB:P01731		HGNC:1706	CD8A
CL:0002353	fetal liver hematopoietic progenitor cell	CL:4030046	lacks_plasma_membrane_part	negative	False	PR:000001289	membrane-spanning 4-domains subfamily A member 1	CD20 (exact)	UniProtKB:P11836	UniProtKB:P19437	PIRSF:PIRSF001995; IUPHARobj:2628	HGNC:7315	MS4A1
CL:0002353	fetal liver hematopoietic progenitor cell	CL:4030046	lacks_plasma_membrane_part	negative	True	PR:000001308	CD48 molecule	CD48 (label)	UniProtKB:P09326	UniProtKB:P18181	PIRSF:PIRSF001973	HGNC:1683	CD48
CL:0002353	fetal liver hematopoietic progenitor cell	CL:4030046	lacks_plasma_membrane_part	negative	False	PR:000001839	T-cell surface glycoprotein CD5	CD5 (label)	UniProtKB:P06127	UniProtKB:P13379		HGNC:1685	CD5
CL:0002353	fetal liver hematopoietic progenitor cell	CL:4030046	lacks_plasma_membrane_part	negative	False	PR:000001889	CD14 molecule	CD14 (label)	UniProtKB:P08571	UniProtKB:P10810	PIRSF:PIRSF002017	HGNC:1628	CD14
CL:0002353	fetal liver hematopoietic progenitor cell	CL:4030046	lacks_plasma_membrane_part	negative	True	PR:000001896	natural killer cell receptor 2B4	CD244 (exact)	UniProtKB:Q9BZW8	UniProtKB:Q07763		HGNC:18171	CD244
CL:0002353	fetal liver hematopoietic progenitor cell	CL:4030046	lacks_plasma_membrane_part	negative	False	PR:000002978	lymphocyte antigen 6G			UniProtKB:P35461			
CL:0002353	fetal liver hematopoietic progenitor cell	CL:4030046	lacks_plasma_membrane_part	negative	False	PR:000002981	lymphocyte antigen 76 (mouse)						
CL:0002353	fetal liver hematopoietic progenitor cell	RO:0002104	has plasma membrane part	positive	True	PR:000001006	receptor-type tyrosine-protein phosphatase C	CD45 (related)	UniProtKB:P08575	UniProtKB:P06800	IUPHARobj:1852; PIRSF:PIRSF002004	HGNC:9666	PTPRC
CL:0002353	fetal liver hematopoietic progenitor cell	RO:0002104	has plasma membrane part	positive	True	PR:000001833	SLAM family member 1	CD150 (exact); CDw150 (exact)	UniProtKB:Q13291	UniProtKB:Q9QUM4		HGNC:10903	SLAMF1
CL:0002353	fetal liver hematopoietic progenitor cell	RO:0002104	has plasma membrane part	positive	True	PR:000001932	signal transducer CD24	CD24 (label); CD24A (related)	UniProtKB:P25063	UniProtKB:P24807		HGNC:1645	CD24
CL:0002353	fetal liver hematopoietic progenitor cell	RO:0002104	has plasma membrane part	positive	True	PR:000002037	complement component C1q receptor	CD93 (exact); CDw93 (exact)	UniProtKB:Q9NPY3	UniProtKB:O89103		HGNC:15855	CD93
CL:0002353	fetal liver hematopoietic progenitor cell	RO:0002104	has plasma membrane part	positive	True	PR:000002979	lymphocyte antigen 6A-2/6E-1			UniProtKB:P05533			
CL:0002354	yolk sac hematopoietic stem cell	CL:4030046	lacks_plasma_membrane_part	negative	False	PR:000001002	CD19 molecule	CD19 (label)	UniProtKB:P15391	UniProtKB:P25918	IUPHARobj:2764; PIRSF:PIRSF016630	HGNC:1633	CD19
CL:0002354	yolk sac hematopoietic stem cell	CL:4030046	lacks_plasma_membrane_part	negative	False	PR:000001004	CD4 molecule	CD4 (label)	UniProtKB:P01730	UniProtKB:P06332	PIRSF:PIRSF001977	HGNC:1678	CD4
CL:0002354	yolk sac hematopoietic stem cell	CL:4030046	lacks_plasma_membrane_part	negative	True	PR:000001006	receptor-type tyrosine-protein phosphatase C	CD45 (related)	UniProtKB:P08575	UniProtKB:P06800	IUPHARobj:1852; PIRSF:PIRSF002004	HGNC:9666	PTPRC
CL:0002354	yolk sac hematopoietic stem cell	CL:4030046	lacks_plasma_membrane_part	negative	False	PR:000001012	integrin alpha-M	CD11 (exact); CD11B (related); CD11b (exact)	UniProtKB:P11215	UniProtKB:P05555	IUPHARobj:2452	HGNC:6149	ITGAM
CL:0002354	yolk sac hematopoietic stem cell	CL:4030046	lacks_plasma_membrane_part	negative	False	PR:000001020	CD3 epsilon	CD3 (label); CD3E (exact); CD3e (exact)	UniProtKB:P07766	UniProtKB:P22646	IUPHARobj:2742	HGNC:1674	CD3E
CL:0002354	yolk sac hematopoietic stem cell	CL:4030046	lacks_plasma_membrane_part	negative	False	PR:000001024	neural cell adhesion molecule 1	CD56 (exact)	UniProtKB:P13591	UniProtKB:P13595	IUPHARobj:2769	HGNC:7656	NCAM1
CL:0002354	yolk sac hematopoietic stem cell	CL:4030046	lacks_plasma_membrane_part	negative	False	PR:000001083	CD2 molecule	CD2 (label)	UniProtKB:P06729	UniProtKB:P08920	IUPHARobj:2600; PIRSF:PIRSF001984	HGNC:1639	CD2
CL:0002354	yolk sac hematopoietic stem cell	CL:4030046	lacks_plasma_membrane_part	negative	False	PR:000001084	T-cell surface glycoprotein CD8 alpha chain	CD8 (label); CD8A (exact); CD8a (exact)	UniProtKB:P01732	UniProtKB:P01731		HGNC:1706	CD8A
CL:0002354	yolk sac hematopoietic stem cell	CL:4030046	lacks_plasma_membrane_part	negative	False	PR:000001289	membrane-spanning 4-domains subfamily A member 1	CD20 (exact)	UniProtKB:P11836	UniProtKB:P19437	PIRSF:PIRSF001995; IUPHARobj:2628	HGNC:7315	MS4A1
CL:0002354	yolk sac hematopoietic stem cell	CL:4030046	lacks_plasma_membrane_part	negative	False	PR:000001839	T-cell surface glycoprotein CD5	CD5 (label)	UniProtKB:P06127	UniProtKB:P13379		HGNC:1685	CD5
CL:0002354	yolk sac hematopoietic stem cell	CL:4030046	lacks_plasma_membrane_part	negative	False	PR:000001889	CD14 molecule	CD14 (label)	UniProtKB:P08571	UniProtKB:P10810	PIRSF:PIRSF002017	HGNC:1628	CD14
CL:0002354	yolk sac hematopoietic stem cell	CL:4030046	lacks_plasma_membrane_part	negative	False	PR:000002978	lymphocyte antigen 6G			UniProtKB:P35461			
CL:0002354	yolk sac hematopoietic stem cell	CL:4030046	lacks_plasma_membrane_part	negative	True	PR:000002979	lymphocyte antigen 6A-2/6E-1			UniProtKB:P05533			
CL:0002354	yolk sac hematopoietic stem cell	CL:4030046	lacks_plasma_membrane_part	negative	False	PR:000002981	lymphocyte antigen 76 (mouse)						
CL:0002354	yolk sac hematopoietic stem cell	RO:0002104	has plasma membrane part	positive	True	PR:000001307	CD44 molecule	CD44 (label); CDw44 (exact)	UniProtKB:P16070	UniProtKB:P15379		HGNC:1681	CD44
CL:0002354	yolk sac hematopoietic stem cell	RO:0002104	has plasma membrane part	positive	True	PR:000001932	signal transducer CD24	CD24 (label); CD24A (related)	UniProtKB:P25063	UniProtKB:P24807		HGNC:1645	CD24
CL:0002354	yolk sac hematopoietic stem cell	RO:0002104	has plasma membrane part	positive	True	PR:000002037	complement component C1q receptor	CD93 (exact); CDw93 (exact)	UniProtKB:Q9NPY3	UniProtKB:O89103		HGNC:15855	CD93
CL:0002355	primitive red blood cell	BFO:0000051	has part	positive	True	PR:000008467	hemoglobin subunit zeta		UniProtKB:P02008	UniProtKB:P06467		HGNC:4835	HBZ
CL:0002355	primitive red blood cell	BFO:0000051	has part	positive	True	PR:000008857	hemoglobin subunit beta-1			UniProtKB:P02088			
CL:0002357	fetal derived definitive erythrocyte	CL:4030046	lacks_plasma_membrane_part	negative	False	PR:000001945	transferrin receptor protein 1	CD71 (exact)	UniProtKB:P02786	UniProtKB:Q62351		HGNC:11763	TFRC
CL:0002357	fetal derived definitive erythrocyte	BFO:0000051	has part	positive	True	PR:000008857	hemoglobin subunit beta-1			UniProtKB:P02088			
CL:0002359	placental hematopoietic stem cell	CL:4030046	lacks_plasma_membrane_part	negative	False	PR:000001002	CD19 molecule	CD19 (label)	UniProtKB:P15391	UniProtKB:P25918	IUPHARobj:2764; PIRSF:PIRSF016630	HGNC:1633	CD19
CL:0002359	placental hematopoietic stem cell	CL:4030046	lacks_plasma_membrane_part	negative	False	PR:000001004	CD4 molecule	CD4 (label)	UniProtKB:P01730	UniProtKB:P06332	PIRSF:PIRSF001977	HGNC:1678	CD4
CL:0002359	placental hematopoietic stem cell	CL:4030046	lacks_plasma_membrane_part	negative	False	PR:000001012	integrin alpha-M	CD11 (exact); CD11B (related); CD11b (exact)	UniProtKB:P11215	UniProtKB:P05555	IUPHARobj:2452	HGNC:6149	ITGAM
CL:0002359	placental hematopoietic stem cell	CL:4030046	lacks_plasma_membrane_part	negative	False	PR:000001020	CD3 epsilon	CD3 (label); CD3E (exact); CD3e (exact)	UniProtKB:P07766	UniProtKB:P22646	IUPHARobj:2742	HGNC:1674	CD3E
CL:0002359	placental hematopoietic stem cell	CL:4030046	lacks_plasma_membrane_part	negative	False	PR:000001024	neural cell adhesion molecule 1	CD56 (exact)	UniProtKB:P13591	UniProtKB:P13595	IUPHARobj:2769	HGNC:7656	NCAM1
CL:0002359	placental hematopoietic stem cell	CL:4030046	lacks_plasma_membrane_part	negative	False	PR:000001083	CD2 molecule	CD2 (label)	UniProtKB:P06729	UniProtKB:P08920	IUPHARobj:2600; PIRSF:PIRSF001984	HGNC:1639	CD2
CL:0002359	placental hematopoietic stem cell	CL:4030046	lacks_plasma_membrane_part	negative	False	PR:000001084	T-cell surface glycoprotein CD8 alpha chain	CD8 (label); CD8A (exact); CD8a (exact)	UniProtKB:P01732	UniProtKB:P01731		HGNC:1706	CD8A
CL:0002359	placental hematopoietic stem cell	CL:4030046	lacks_plasma_membrane_part	negative	False	PR:000001289	membrane-spanning 4-domains subfamily A member 1	CD20 (exact)	UniProtKB:P11836	UniProtKB:P19437	PIRSF:PIRSF001995; IUPHARobj:2628	HGNC:7315	MS4A1
CL:0002359	placental hematopoietic stem cell	CL:4030046	lacks_plasma_membrane_part	negative	False	PR:000001839	T-cell surface glycoprotein CD5	CD5 (label)	UniProtKB:P06127	UniProtKB:P13379		HGNC:1685	CD5
CL:0002359	placental hematopoietic stem cell	CL:4030046	lacks_plasma_membrane_part	negative	False	PR:000001889	CD14 molecule	CD14 (label)	UniProtKB:P08571	UniProtKB:P10810	PIRSF:PIRSF002017	HGNC:1628	CD14
CL:0002359	placental hematopoietic stem cell	CL:4030046	lacks_plasma_membrane_part	negative	False	PR:000002978	lymphocyte antigen 6G			UniProtKB:P35461			
CL:0002359	placental hematopoietic stem cell	CL:4030046	lacks_plasma_membrane_part	negative	False	PR:000002981	lymphocyte antigen 76 (mouse)						
CL:0002360	AGM hematopoietic stem cell	CL:4030046	lacks_plasma_membrane_part	negative	False	PR:000001002	CD19 molecule	CD19 (label)	UniProtKB:P15391	UniProtKB:P25918	IUPHARobj:2764; PIRSF:PIRSF016630	HGNC:1633	CD19
CL:0002360	AGM hematopoietic stem cell	CL:4030046	lacks_plasma_membrane_part	negative	False	PR:000001004	CD4 molecule	CD4 (label)	UniProtKB:P01730	UniProtKB:P06332	PIRSF:PIRSF001977	HGNC:1678	CD4
CL:0002360	AGM hematopoietic stem cell	CL:4030046	lacks_plasma_membrane_part	negative	False	PR:000001012	integrin alpha-M	CD11 (exact); CD11B (related); CD11b (exact)	UniProtKB:P11215	UniProtKB:P05555	IUPHARobj:2452	HGNC:6149	ITGAM
CL:0002360	AGM hematopoietic stem cell	CL:4030046	lacks_plasma_membrane_part	negative	False	PR:000001020	CD3 epsilon	CD3 (label); CD3E (exact); CD3e (exact)	UniProtKB:P07766	UniProtKB:P22646	IUPHARobj:2742	HGNC:1674	CD3E
CL:0002360	AGM hematopoietic stem cell	CL:4030046	lacks_plasma_membrane_part	negative	False	PR:000001024	neural cell adhesion molecule 1	CD56 (exact)	UniProtKB:P13591	UniProtKB:P13595	IUPHARobj:2769	HGNC:7656	NCAM1
CL:0002360	AGM hematopoietic stem cell	CL:4030046	lacks_plasma_membrane_part	negative	False	PR:000001083	CD2 molecule	CD2 (label)	UniProtKB:P06729	UniProtKB:P08920	IUPHARobj:2600; PIRSF:PIRSF001984	HGNC:1639	CD2
CL:0002360	AGM hematopoietic stem cell	CL:4030046	lacks_plasma_membrane_part	negative	False	PR:000001084	T-cell surface glycoprotein CD8 alpha chain	CD8 (label); CD8A (exact); CD8a (exact)	UniProtKB:P01732	UniProtKB:P01731		HGNC:1706	CD8A
CL:0002360	AGM hematopoietic stem cell	CL:4030046	lacks_plasma_membrane_part	negative	False	PR:000001289	membrane-spanning 4-domains subfamily A member 1	CD20 (exact)	UniProtKB:P11836	UniProtKB:P19437	PIRSF:PIRSF001995; IUPHARobj:2628	HGNC:7315	MS4A1
CL:0002360	AGM hematopoietic stem cell	CL:4030046	lacks_plasma_membrane_part	negative	False	PR:000001839	T-cell surface glycoprotein CD5	CD5 (label)	UniProtKB:P06127	UniProtKB:P13379		HGNC:1685	CD5
CL:0002360	AGM hematopoietic stem cell	CL:4030046	lacks_plasma_membrane_part	negative	False	PR:000001889	CD14 molecule	CD14 (label)	UniProtKB:P08571	UniProtKB:P10810	PIRSF:PIRSF002017	HGNC:1628	CD14
CL:0002360	AGM hematopoietic stem cell	CL:4030046	lacks_plasma_membrane_part	negative	False	PR:000002978	lymphocyte antigen 6G			UniProtKB:P35461			
CL:0002360	AGM hematopoietic stem cell	CL:4030046	lacks_plasma_membrane_part	negative	False	PR:000002981	lymphocyte antigen 76 (mouse)						
CL:0002361	primitive erythroid progenitor	RO:0002104	has plasma membrane part	positive	True	PR:000009127	integrin alpha-IIb	CD41 (exact)	UniProtKB:P08514	UniProtKB:Q9QUM0	IUPHARobj:2441	HGNC:6138	ITGA2B
CL:0002393	intermediate monocyte	CL:4030046	lacks_plasma_membrane_part	negative	True	PR:000001002	CD19 molecule	CD19 (label)	UniProtKB:P15391	UniProtKB:P25918	IUPHARobj:2764; PIRSF:PIRSF016630	HGNC:1633	CD19
CL:0002393	intermediate monocyte	CL:4030046	lacks_plasma_membrane_part	negative	True	PR:000001020	CD3 epsilon	CD3 (label); CD3E (exact); CD3e (exact)	UniProtKB:P07766	UniProtKB:P22646	IUPHARobj:2742	HGNC:1674	CD3E
CL:0002393	intermediate monocyte	CL:4030046	lacks_plasma_membrane_part	negative	True	PR:000001199	C-C chemokine receptor type 2	CD192 (exact)	UniProtKB:P41597	UniProtKB:P51683	IUPHARobj:59	HGNC:1603	CCR2
CL:0002393	intermediate monocyte	CL:4030046	lacks_plasma_membrane_part	negative	True	PR:000001289	membrane-spanning 4-domains subfamily A member 1	CD20 (exact)	UniProtKB:P11836	UniProtKB:P19437	PIRSF:PIRSF001995; IUPHARobj:2628	HGNC:7315	MS4A1
CL:0002394	CD141-positive myeloid dendritic cell	RO:0015015	has high plasma membrane amount	high	False	PR:000001013	integrin alpha-X	CD11 (exact); CD11C (related); CD11c (exact)	UniProtKB:P20702	UniProtKB:Q9QXH4	IUPHARobj:2454	HGNC:6152	ITGAX
CL:0002394	CD141-positive myeloid dendritic cell	CL:4030046	lacks_plasma_membrane_part	negative	False	PR:000001002	CD19 molecule	CD19 (label)	UniProtKB:P15391	UniProtKB:P25918	IUPHARobj:2764; PIRSF:PIRSF016630	HGNC:1633	CD19
CL:0002394	CD141-positive myeloid dendritic cell	CL:4030046	lacks_plasma_membrane_part	negative	False	PR:000001003	CD34 molecule	CD34 (label)	UniProtKB:P28906	UniProtKB:Q64314	PIRSF:PIRSF028749	HGNC:1662	CD34
CL:0002394	CD141-positive myeloid dendritic cell	CL:4030046	lacks_plasma_membrane_part	negative	False	PR:000001020	CD3 epsilon	CD3 (label); CD3E (exact); CD3e (exact)	UniProtKB:P07766	UniProtKB:P22646	IUPHARobj:2742	HGNC:1674	CD3E
CL:0002394	CD141-positive myeloid dendritic cell	CL:4030046	lacks_plasma_membrane_part	negative	False	PR:000001024	neural cell adhesion molecule 1	CD56 (exact)	UniProtKB:P13591	UniProtKB:P13595	IUPHARobj:2769	HGNC:7656	NCAM1
CL:0002394	CD141-positive myeloid dendritic cell	CL:4030046	lacks_plasma_membrane_part	negative	False	PR:000001289	membrane-spanning 4-domains subfamily A member 1	CD20 (exact)	UniProtKB:P11836	UniProtKB:P19437	PIRSF:PIRSF001995; IUPHARobj:2628	HGNC:7315	MS4A1
CL:0002394	CD141-positive myeloid dendritic cell	CL:4030046	lacks_plasma_membrane_part	negative	False	PR:000001865	interleukin-3 receptor class 2 alpha chain	CD123 (exact)	UniProtKB:P26951	UniProtKB:P26952	IUPHARobj:1705	HGNC:6012	IL3RA
CL:0002394	CD141-positive myeloid dendritic cell	RO:0002104	has plasma membrane part	positive	True	PR:000002105	thrombomodulin	CD141 (exact)	UniProtKB:P07204	UniProtKB:P15306		HGNC:11784	THBD
CL:0002395	Gr1-high classical monocyte	RO:0015015	has high plasma membrane amount	high	False	PR:000001199	C-C chemokine receptor type 2	CD192 (exact)	UniProtKB:P41597	UniProtKB:P51683	IUPHARobj:59	HGNC:1603	CCR2
CL:0002395	Gr1-high classical monocyte	RO:0015015	has high plasma membrane amount	high	True	PR:000002980	lymphocyte antigen 6C2			UniProtKB:P0CW03			
CL:0002395	Gr1-high classical monocyte	CL:4030046	lacks_plasma_membrane_part	negative	False	PR:000001002	CD19 molecule	CD19 (label)	UniProtKB:P15391	UniProtKB:P25918	IUPHARobj:2764; PIRSF:PIRSF016630	HGNC:1633	CD19
CL:0002395	Gr1-high classical monocyte	CL:4030046	lacks_plasma_membrane_part	negative	False	PR:000001006	receptor-type tyrosine-protein phosphatase C	CD45 (related)	UniProtKB:P08575	UniProtKB:P06800	IUPHARobj:1852; PIRSF:PIRSF002004	HGNC:9666	PTPRC
CL:0002395	Gr1-high classical monocyte	CL:4030046	lacks_plasma_membrane_part	negative	True	PR:000001014	receptor-type tyrosine-protein phosphatase C isoform CD45RABC	CD45R (related); CD45RABC (label)	UniProtKB:P08575-3				
CL:0002395	Gr1-high classical monocyte	CL:4030046	lacks_plasma_membrane_part	negative	False	PR:000001020	CD3 epsilon	CD3 (label); CD3E (exact); CD3e (exact)	UniProtKB:P07766	UniProtKB:P22646	IUPHARobj:2742	HGNC:1674	CD3E
CL:0002395	Gr1-high classical monocyte	CL:4030046	lacks_plasma_membrane_part	negative	True	PR:000001206	CX3C chemokine receptor 1		UniProtKB:P49238	UniProtKB:Q9Z0D9	IUPHARobj:74; PIRSF:PIRSF501025	HGNC:2558	CX3CR1
CL:0002395	Gr1-high classical monocyte	CL:4030046	lacks_plasma_membrane_part	negative	False	PR:000001289	membrane-spanning 4-domains subfamily A member 1	CD20 (exact)	UniProtKB:P11836	UniProtKB:P19437	PIRSF:PIRSF001995; IUPHARobj:2628	HGNC:7315	MS4A1
CL:0002395	Gr1-high classical monocyte	CL:4030046	lacks_plasma_membrane_part	negative	True	PR:000001879	leukosialin	CD43 (related)	UniProtKB:P16150	UniProtKB:P15702	PIRSF:PIRSF001994	HGNC:11249	SPN
CL:0002395	Gr1-high classical monocyte	RO:0002104	has plasma membrane part	positive	False	PR:000001012	integrin alpha-M	CD11 (exact); CD11B (related); CD11b (exact)	UniProtKB:P11215	UniProtKB:P05555	IUPHARobj:2452	HGNC:6149	ITGAM
CL:0002395	Gr1-high classical monocyte	RO:0002104	has plasma membrane part	positive	False	PR:000002062	macrophage colony-stimulating factor 1 receptor	CD115 (exact)	UniProtKB:P07333	UniProtKB:P09581	IUPHARobj:1806; PIRSF:PIRSF500947	HGNC:2433	CSF1R
CL:0002396	CD14-low, CD16-positive monocyte	RO:0015015	has high plasma membrane amount	high	False	PR:000001206	CX3C chemokine receptor 1		UniProtKB:P49238	UniProtKB:Q9Z0D9	IUPHARobj:74; PIRSF:PIRSF501025	HGNC:2558	CX3CR1
CL:0002396	CD14-low, CD16-positive monocyte	RO:0015016	has low plasma membrane amount	low	True	PR:000001889	CD14 molecule	CD14 (label)	UniProtKB:P08571	UniProtKB:P10810	PIRSF:PIRSF002017	HGNC:1628	CD14
CL:0002396	CD14-low, CD16-positive monocyte	CL:4030046	lacks_plasma_membrane_part	negative	False	PR:000001002	CD19 molecule	CD19 (label)	UniProtKB:P15391	UniProtKB:P25918	IUPHARobj:2764; PIRSF:PIRSF016630	HGNC:1633	CD19
CL:0002396	CD14-low, CD16-positive monocyte	CL:4030046	lacks_plasma_membrane_part	negative	False	PR:000001020	CD3 epsilon	CD3 (label); CD3E (exact); CD3e (exact)	UniProtKB:P07766	UniProtKB:P22646	IUPHARobj:2742	HGNC:1674	CD3E
CL:0002396	CD14-low, CD16-positive monocyte	CL:4030046	lacks_plasma_membrane_part	negative	False	PR:000001289	membrane-spanning 4-domains subfamily A member 1	CD20 (exact)	UniProtKB:P11836	UniProtKB:P19437	PIRSF:PIRSF001995; IUPHARobj:2628	HGNC:7315	MS4A1
CL:0002396	CD14-low, CD16-positive monocyte	RO:0002104	has plasma membrane part	positive	True	PR:000001483	low affinity immunoglobulin gamma Fc region receptor III	CD16 (exact)		UniProtKB:P08508			
CL:0002397	CD14-positive, CD16-positive monocyte	CL:4030046	lacks_plasma_membrane_part	negative	False	PR:000001002	CD19 molecule	CD19 (label)	UniProtKB:P15391	UniProtKB:P25918	IUPHARobj:2764; PIRSF:PIRSF016630	HGNC:1633	CD19
CL:0002397	CD14-positive, CD16-positive monocyte	CL:4030046	lacks_plasma_membrane_part	negative	False	PR:000001020	CD3 epsilon	CD3 (label); CD3E (exact); CD3e (exact)	UniProtKB:P07766	UniProtKB:P22646	IUPHARobj:2742	HGNC:1674	CD3E
CL:0002397	CD14-positive, CD16-positive monocyte	CL:4030046	lacks_plasma_membrane_part	negative	True	PR:000001199	C-C chemokine receptor type 2	CD192 (exact)	UniProtKB:P41597	UniProtKB:P51683	IUPHARobj:59	HGNC:1603	CCR2
CL:0002397	CD14-positive, CD16-positive monocyte	CL:4030046	lacks_plasma_membrane_part	negative	False	PR:000001289	membrane-spanning 4-domains subfamily A member 1	CD20 (exact)	UniProtKB:P11836	UniProtKB:P19437	PIRSF:PIRSF001995; IUPHARobj:2628	HGNC:7315	MS4A1
CL:0002397	CD14-positive, CD16-positive monocyte	RO:0002104	has plasma membrane part	positive	True	PR:000001483	low affinity immunoglobulin gamma Fc region receptor III	CD16 (exact)		UniProtKB:P08508			
CL:0002397	CD14-positive, CD16-positive monocyte	RO:0002104	has plasma membrane part	positive	False	PR:000001889	CD14 molecule	CD14 (label)	UniProtKB:P08571	UniProtKB:P10810	PIRSF:PIRSF002017	HGNC:1628	CD14
CL:0002398	Gr1-positive, CD43-positive monocyte	CL:4030046	lacks_plasma_membrane_part	negative	False	PR:000001002	CD19 molecule	CD19 (label)	UniProtKB:P15391	UniProtKB:P25918	IUPHARobj:2764; PIRSF:PIRSF016630	HGNC:1633	CD19
CL:0002398	Gr1-positive, CD43-positive monocyte	CL:4030046	lacks_plasma_membrane_part	negative	False	PR:000001020	CD3 epsilon	CD3 (label); CD3E (exact); CD3e (exact)	UniProtKB:P07766	UniProtKB:P22646	IUPHARobj:2742	HGNC:1674	CD3E
CL:0002398	Gr1-positive, CD43-positive monocyte	CL:4030046	lacks_plasma_membrane_part	negative	False	PR:000001199	C-C chemokine receptor type 2	CD192 (exact)	UniProtKB:P41597	UniProtKB:P51683	IUPHARobj:59	HGNC:1603	CCR2
CL:0002398	Gr1-positive, CD43-positive monocyte	CL:4030046	lacks_plasma_membrane_part	negative	False	PR:000001289	membrane-spanning 4-domains subfamily A member 1	CD20 (exact)	UniProtKB:P11836	UniProtKB:P19437	PIRSF:PIRSF001995; IUPHARobj:2628	HGNC:7315	MS4A1
CL:0002398	Gr1-positive, CD43-positive monocyte	RO:0002104	has plasma membrane part	positive	False	PR:000001012	integrin alpha-M	CD11 (exact); CD11B (related); CD11b (exact)	UniProtKB:P11215	UniProtKB:P05555	IUPHARobj:2452	HGNC:6149	ITGAM
CL:0002398	Gr1-positive, CD43-positive monocyte	RO:0002104	has plasma membrane part	positive	True	PR:000001879	leukosialin	CD43 (related)	UniProtKB:P16150	UniProtKB:P15702	PIRSF:PIRSF001994	HGNC:11249	SPN
CL:0002398	Gr1-positive, CD43-positive monocyte	RO:0002104	has plasma membrane part	positive	False	PR:000002062	macrophage colony-stimulating factor 1 receptor	CD115 (exact)	UniProtKB:P07333	UniProtKB:P09581	IUPHARobj:1806; PIRSF:PIRSF500947	HGNC:2433	CSF1R
CL:0002398	Gr1-positive, CD43-positive monocyte	RO:0002104	has plasma membrane part	positive	True	PR:000002980	lymphocyte antigen 6C2			UniProtKB:P0CW03			
CL:0002399	CD1c-positive myeloid dendritic cell	RO:0015015	has high plasma membrane amount	high	False	PR:000001013	integrin alpha-X	CD11 (exact); CD11C (related); CD11c (exact)	UniProtKB:P20702	UniProtKB:Q9QXH4	IUPHARobj:2454	HGNC:6152	ITGAX
CL:0002399	CD1c-positive myeloid dendritic cell	CL:4030046	lacks_plasma_membrane_part	negative	False	PR:000001002	CD19 molecule	CD19 (label)	UniProtKB:P15391	UniProtKB:P25918	IUPHARobj:2764; PIRSF:PIRSF016630	HGNC:1633	CD19
CL:0002399	CD1c-positive myeloid dendritic cell	CL:4030046	lacks_plasma_membrane_part	negative	False	PR:000001003	CD34 molecule	CD34 (label)	UniProtKB:P28906	UniProtKB:Q64314	PIRSF:PIRSF028749	HGNC:1662	CD34
CL:0002399	CD1c-positive myeloid dendritic cell	CL:4030046	lacks_plasma_membrane_part	negative	False	PR:000001020	CD3 epsilon	CD3 (label); CD3E (exact); CD3e (exact)	UniProtKB:P07766	UniProtKB:P22646	IUPHARobj:2742	HGNC:1674	CD3E
CL:0002399	CD1c-positive myeloid dendritic cell	CL:4030046	lacks_plasma_membrane_part	negative	False	PR:000001024	neural cell adhesion molecule 1	CD56 (exact)	UniProtKB:P13591	UniProtKB:P13595	IUPHARobj:2769	HGNC:7656	NCAM1
CL:0002399	CD1c-positive myeloid dendritic cell	CL:4030046	lacks_plasma_membrane_part	negative	False	PR:000001289	membrane-spanning 4-domains subfamily A member 1	CD20 (exact)	UniProtKB:P11836	UniProtKB:P19437	PIRSF:PIRSF001995; IUPHARobj:2628	HGNC:7315	MS4A1
CL:0002399	CD1c-positive myeloid dendritic cell	CL:4030046	lacks_plasma_membrane_part	negative	False	PR:000001865	interleukin-3 receptor class 2 alpha chain	CD123 (exact)	UniProtKB:P26951	UniProtKB:P26952	IUPHARobj:1705	HGNC:6012	IL3RA
CL:0002399	CD1c-positive myeloid dendritic cell	RO:0002104	has plasma membrane part	positive	True	PR:000002027	T-cell surface glycoprotein CD1c	CD1C (exact); CD1c (label)	UniProtKB:P29017			HGNC:1636	CD1C
CL:0002400	fraction B/C precursor B cell	CL:4030046	lacks_plasma_membrane_part	negative	False	PR:000001020	CD3 epsilon	CD3 (label); CD3E (exact); CD3e (exact)	UniProtKB:P07766	UniProtKB:P22646	IUPHARobj:2742	HGNC:1674	CD3E
CL:0002400	fraction B/C precursor B cell	RO:0002104	has plasma membrane part	positive	False	PR:000001002	CD19 molecule	CD19 (label)	UniProtKB:P15391	UniProtKB:P25918	IUPHARobj:2764; PIRSF:PIRSF016630	HGNC:1633	CD19
CL:0002400	fraction B/C precursor B cell	RO:0002104	has plasma membrane part	positive	True	PR:000001879	leukosialin	CD43 (related)	UniProtKB:P16150	UniProtKB:P15702	PIRSF:PIRSF001994	HGNC:11249	SPN
CL:0002400	fraction B/C precursor B cell	RO:0002104	has plasma membrane part	positive	False	PR:000001898	neprilysin	CD10 (exact)	UniProtKB:P08473	UniProtKB:Q61391	IUPHARobj:1611; PIRSF:PIRSF501074	HGNC:7154	MME
CL:0002400	fraction B/C precursor B cell	RO:0002104	has plasma membrane part	positive	True	PR:000001932	signal transducer CD24	CD24 (label); CD24A (related)	UniProtKB:P25063	UniProtKB:P24807		HGNC:1645	CD24
CL:0002400	fraction B/C precursor B cell	RO:0002104	has plasma membrane part	positive	True	PR:000002037	complement component C1q receptor	CD93 (exact); CDw93 (exact)	UniProtKB:Q9NPY3	UniProtKB:O89103		HGNC:15855	CD93
CL:0002402	Peyer's patch B cell	CL:4030046	lacks_plasma_membrane_part	negative	False	PR:000001020	CD3 epsilon	CD3 (label); CD3E (exact); CD3e (exact)	UniProtKB:P07766	UniProtKB:P22646	IUPHARobj:2742	HGNC:1674	CD3E
CL:0002402	Peyer's patch B cell	CL:4030046	lacks_plasma_membrane_part	negative	True	PR:000001839	T-cell surface glycoprotein CD5	CD5 (label)	UniProtKB:P06127	UniProtKB:P13379		HGNC:1685	CD5
CL:0002402	Peyer's patch B cell	CL:4030046	lacks_plasma_membrane_part	negative	False	PR:000001879	leukosialin	CD43 (related)	UniProtKB:P16150	UniProtKB:P15702	PIRSF:PIRSF001994	HGNC:11249	SPN
CL:0002402	Peyer's patch B cell	CL:4030046	lacks_plasma_membrane_part	negative	True	PR:000002037	complement component C1q receptor	CD93 (exact); CDw93 (exact)	UniProtKB:Q9NPY3	UniProtKB:O89103		HGNC:15855	CD93
CL:0002402	Peyer's patch B cell	RO:0002104	has plasma membrane part	positive	False	PR:000001002	CD19 molecule	CD19 (label)	UniProtKB:P15391	UniProtKB:P25918	IUPHARobj:2764; PIRSF:PIRSF016630	HGNC:1633	CD19
CL:0002402	Peyer's patch B cell	RO:0002104	has plasma membrane part	positive	False	PR:000001006	receptor-type tyrosine-protein phosphatase C	CD45 (related)	UniProtKB:P08575	UniProtKB:P06800	IUPHARobj:1852; PIRSF:PIRSF002004	HGNC:9666	PTPRC
CL:0002402	Peyer's patch B cell	RO:0002104	has plasma membrane part	positive	True	PR:000001014	receptor-type tyrosine-protein phosphatase C isoform CD45RABC	CD45R (related); CD45RABC (label)	UniProtKB:P08575-3				
CL:0002402	Peyer's patch B cell	RO:0002104	has plasma membrane part	positive	False	PR:000001289	membrane-spanning 4-domains subfamily A member 1	CD20 (exact)	UniProtKB:P11836	UniProtKB:P19437	PIRSF:PIRSF001995; IUPHARobj:2628	HGNC:7315	MS4A1
CL:0002402	Peyer's patch B cell	RO:0002104	has plasma membrane part	positive	True	PR:000001338	complement receptor type 2	CD21 (exact)	UniProtKB:P20023	UniProtKB:P19070	PIRSF:PIRSF002484	HGNC:2336	CR2
CL:0002405	gamma-delta thymocyte	CL:4030046	lacks_plasma_membrane_part	negative	False	PR:000001004	CD4 molecule	CD4 (label)	UniProtKB:P01730	UniProtKB:P06332	PIRSF:PIRSF001977	HGNC:1678	CD4
CL:0002405	gamma-delta thymocyte	CL:4030046	lacks_plasma_membrane_part	negative	False	PR:000025402	T cell receptor co-receptor CD8	CD8 (label)					
CL:0002406	immature Vgamma2-positive thymocyte	CL:4030046	lacks_plasma_membrane_part	negative	False	PR:000001004	CD4 molecule	CD4 (label)	UniProtKB:P01730	UniProtKB:P06332	PIRSF:PIRSF001977	HGNC:1678	CD4
CL:0002406	immature Vgamma2-positive thymocyte	CL:4030046	lacks_plasma_membrane_part	negative	False	PR:000025402	T cell receptor co-receptor CD8	CD8 (label)					
CL:0002407	mature Vgamma2-positive thymocyte	CL:4030046	lacks_plasma_membrane_part	negative	False	PR:000001004	CD4 molecule	CD4 (label)	UniProtKB:P01730	UniProtKB:P06332	PIRSF:PIRSF001977	HGNC:1678	CD4
CL:0002407	mature Vgamma2-positive thymocyte	CL:4030046	lacks_plasma_membrane_part	negative	False	PR:000025402	T cell receptor co-receptor CD8	CD8 (label)					
CL:0002408	immature Vgamma2-negative thymocyte	CL:4030046	lacks_plasma_membrane_part	negative	False	PR:000001004	CD4 molecule	CD4 (label)	UniProtKB:P01730	UniProtKB:P06332	PIRSF:PIRSF001977	HGNC:1678	CD4
CL:0002408	immature Vgamma2-negative thymocyte	CL:4030046	lacks_plasma_membrane_part	negative	False	PR:000025402	T cell receptor co-receptor CD8	CD8 (label)					
CL:0002409	mature Vgamma2-negative thymocyte	CL:4030046	lacks_plasma_membrane_part	negative	False	PR:000001004	CD4 molecule	CD4 (label)	UniProtKB:P01730	UniProtKB:P06332	PIRSF:PIRSF001977	HGNC:1678	CD4
CL:0002409	mature Vgamma2-negative thymocyte	CL:4030046	lacks_plasma_membrane_part	negative	False	PR:000025402	T cell receptor co-receptor CD8	CD8 (label)					
CL:0002411	Vgamma1.1-positive, Vdelta6.3-negative thymocyte	CL:4030046	lacks_plasma_membrane_part	negative	False	PR:000001004	CD4 molecule	CD4 (label)	UniProtKB:P01730	UniProtKB:P06332	PIRSF:PIRSF001977	HGNC:1678	CD4
CL:0002411	Vgamma1.1-positive, Vdelta6.3-negative thymocyte	CL:4030046	lacks_plasma_membrane_part	negative	False	PR:000025402	T cell receptor co-receptor CD8	CD8 (label)					
CL:0002412	Vgamma1.1-positive, Vdelta6.3-positive thymocyte	CL:4030046	lacks_plasma_membrane_part	negative	False	PR:000001004	CD4 molecule	CD4 (label)	UniProtKB:P01730	UniProtKB:P06332	PIRSF:PIRSF001977	HGNC:1678	CD4
CL:0002412	Vgamma1.1-positive, Vdelta6.3-positive thymocyte	CL:4030046	lacks_plasma_membrane_part	negative	False	PR:000025402	T cell receptor co-receptor CD8	CD8 (label)					
CL:0002413	mature Vgamma1.1-positive, Vdelta6.3-negative thymocyte	CL:4030046	lacks_plasma_membrane_part	negative	False	PR:000001004	CD4 molecule	CD4 (label)	UniProtKB:P01730	UniProtKB:P06332	PIRSF:PIRSF001977	HGNC:1678	CD4
CL:0002413	mature Vgamma1.1-positive, Vdelta6.3-negative thymocyte	CL:4030046	lacks_plasma_membrane_part	negative	False	PR:000025402	T cell receptor co-receptor CD8	CD8 (label)					
CL:0002414	immature Vgamma1.1-positive, Vdelta6.3-negative thymocyte	CL:4030046	lacks_plasma_membrane_part	negative	False	PR:000001004	CD4 molecule	CD4 (label)	UniProtKB:P01730	UniProtKB:P06332	PIRSF:PIRSF001977	HGNC:1678	CD4
CL:0002414	immature Vgamma1.1-positive, Vdelta6.3-negative thymocyte	CL:4030046	lacks_plasma_membrane_part	negative	False	PR:000025402	T cell receptor co-receptor CD8	CD8 (label)					
CL:0002415	immature Vgamma1.1-positive, Vdelta6.3-positive thymocyte	CL:4030046	lacks_plasma_membrane_part	negative	False	PR:000001004	CD4 molecule	CD4 (label)	UniProtKB:P01730	UniProtKB:P06332	PIRSF:PIRSF001977	HGNC:1678	CD4
CL:0002415	immature Vgamma1.1-positive, Vdelta6.3-positive thymocyte	CL:4030046	lacks_plasma_membrane_part	negative	False	PR:000025402	T cell receptor co-receptor CD8	CD8 (label)					
CL:0002416	mature Vgamma1.1-positive, Vdelta6.3-positive thymocyte	CL:4030046	lacks_plasma_membrane_part	negative	False	PR:000001004	CD4 molecule	CD4 (label)	UniProtKB:P01730	UniProtKB:P06332	PIRSF:PIRSF001977	HGNC:1678	CD4
CL:0002416	mature Vgamma1.1-positive, Vdelta6.3-positive thymocyte	CL:4030046	lacks_plasma_membrane_part	negative	False	PR:000025402	T cell receptor co-receptor CD8	CD8 (label)					
CL:0002421	nucleated reticulocyte	CL:4030046	lacks_plasma_membrane_part	negative	False	PR:000001002	CD19 molecule	CD19 (label)	UniProtKB:P15391	UniProtKB:P25918	IUPHARobj:2764; PIRSF:PIRSF016630	HGNC:1633	CD19
CL:0002421	nucleated reticulocyte	CL:4030046	lacks_plasma_membrane_part	negative	False	PR:000001004	CD4 molecule	CD4 (label)	UniProtKB:P01730	UniProtKB:P06332	PIRSF:PIRSF001977	HGNC:1678	CD4
CL:0002421	nucleated reticulocyte	CL:4030046	lacks_plasma_membrane_part	negative	False	PR:000001012	integrin alpha-M	CD11 (exact); CD11B (related); CD11b (exact)	UniProtKB:P11215	UniProtKB:P05555	IUPHARobj:2452	HGNC:6149	ITGAM
CL:0002421	nucleated reticulocyte	CL:4030046	lacks_plasma_membrane_part	negative	False	PR:000001020	CD3 epsilon	CD3 (label); CD3E (exact); CD3e (exact)	UniProtKB:P07766	UniProtKB:P22646	IUPHARobj:2742	HGNC:1674	CD3E
CL:0002421	nucleated reticulocyte	CL:4030046	lacks_plasma_membrane_part	negative	False	PR:000001024	neural cell adhesion molecule 1	CD56 (exact)	UniProtKB:P13591	UniProtKB:P13595	IUPHARobj:2769	HGNC:7656	NCAM1
CL:0002421	nucleated reticulocyte	CL:4030046	lacks_plasma_membrane_part	negative	False	PR:000001083	CD2 molecule	CD2 (label)	UniProtKB:P06729	UniProtKB:P08920	IUPHARobj:2600; PIRSF:PIRSF001984	HGNC:1639	CD2
CL:0002421	nucleated reticulocyte	CL:4030046	lacks_plasma_membrane_part	negative	False	PR:000001084	T-cell surface glycoprotein CD8 alpha chain	CD8 (label); CD8A (exact); CD8a (exact)	UniProtKB:P01732	UniProtKB:P01731		HGNC:1706	CD8A
CL:0002421	nucleated reticulocyte	CL:4030046	lacks_plasma_membrane_part	negative	False	PR:000001289	membrane-spanning 4-domains subfamily A member 1	CD20 (exact)	UniProtKB:P11836	UniProtKB:P19437	PIRSF:PIRSF001995; IUPHARobj:2628	HGNC:7315	MS4A1
CL:0002421	nucleated reticulocyte	CL:4030046	lacks_plasma_membrane_part	negative	False	PR:000001839	T-cell surface glycoprotein CD5	CD5 (label)	UniProtKB:P06127	UniProtKB:P13379		HGNC:1685	CD5
CL:0002421	nucleated reticulocyte	CL:4030046	lacks_plasma_membrane_part	negative	False	PR:000001889	CD14 molecule	CD14 (label)	UniProtKB:P08571	UniProtKB:P10810	PIRSF:PIRSF002017	HGNC:1628	CD14
CL:0002421	nucleated reticulocyte	CL:4030046	lacks_plasma_membrane_part	negative	False	PR:000002978	lymphocyte antigen 6G			UniProtKB:P35461			
CL:0002421	nucleated reticulocyte	RO:0002104	has plasma membrane part	positive	False	PR:000001945	transferrin receptor protein 1	CD71 (exact)	UniProtKB:P02786	UniProtKB:Q62351		HGNC:11763	TFRC
CL:0002422	enucleated reticulocyte	CL:4030046	lacks_plasma_membrane_part	negative	False	PR:000001002	CD19 molecule	CD19 (label)	UniProtKB:P15391	UniProtKB:P25918	IUPHARobj:2764; PIRSF:PIRSF016630	HGNC:1633	CD19
CL:0002422	enucleated reticulocyte	CL:4030046	lacks_plasma_membrane_part	negative	False	PR:000001004	CD4 molecule	CD4 (label)	UniProtKB:P01730	UniProtKB:P06332	PIRSF:PIRSF001977	HGNC:1678	CD4
CL:0002422	enucleated reticulocyte	CL:4030046	lacks_plasma_membrane_part	negative	False	PR:000001012	integrin alpha-M	CD11 (exact); CD11B (related); CD11b (exact)	UniProtKB:P11215	UniProtKB:P05555	IUPHARobj:2452	HGNC:6149	ITGAM
CL:0002422	enucleated reticulocyte	CL:4030046	lacks_plasma_membrane_part	negative	False	PR:000001020	CD3 epsilon	CD3 (label); CD3E (exact); CD3e (exact)	UniProtKB:P07766	UniProtKB:P22646	IUPHARobj:2742	HGNC:1674	CD3E
CL:0002422	enucleated reticulocyte	CL:4030046	lacks_plasma_membrane_part	negative	False	PR:000001024	neural cell adhesion molecule 1	CD56 (exact)	UniProtKB:P13591	UniProtKB:P13595	IUPHARobj:2769	HGNC:7656	NCAM1
CL:0002422	enucleated reticulocyte	CL:4030046	lacks_plasma_membrane_part	negative	False	PR:000001083	CD2 molecule	CD2 (label)	UniProtKB:P06729	UniProtKB:P08920	IUPHARobj:2600; PIRSF:PIRSF001984	HGNC:1639	CD2
CL:0002422	enucleated reticulocyte	CL:4030046	lacks_plasma_membrane_part	negative	False	PR:000001084	T-cell surface glycoprotein CD8 alpha chain	CD8 (label); CD8A (exact); CD8a (exact)	UniProtKB:P01732	UniProtKB:P01731		HGNC:1706	CD8A
CL:0002422	enucleated reticulocyte	CL:4030046	lacks_plasma_membrane_part	negative	False	PR:000001289	membrane-spanning 4-domains subfamily A member 1	CD20 (exact)	UniProtKB:P11836	UniProtKB:P19437	PIRSF:PIRSF001995; IUPHARobj:2628	HGNC:7315	MS4A1
CL:0002422	enucleated reticulocyte	CL:4030046	lacks_plasma_membrane_part	negative	False	PR:000001839	T-cell surface glycoprotein CD5	CD5 (label)	UniProtKB:P06127	UniProtKB:P13379		HGNC:1685	CD5
CL:0002422	enucleated reticulocyte	CL:4030046	lacks_plasma_membrane_part	negative	False	PR:000001889	CD14 molecule	CD14 (label)	UniProtKB:P08571	UniProtKB:P10810	PIRSF:PIRSF002017	HGNC:1628	CD14
CL:0002422	enucleated reticulocyte	CL:4030046	lacks_plasma_membrane_part	negative	False	PR:000002978	lymphocyte antigen 6G			UniProtKB:P35461			
CL:0002422	enucleated reticulocyte	RO:0002104	has plasma membrane part	positive	False	PR:000001945	transferrin receptor protein 1	CD71 (exact)	UniProtKB:P02786	UniProtKB:Q62351		HGNC:11763	TFRC
CL:0002423	DN2a thymocyte	RO:0015015	has high plasma membrane amount	high	True	PR:000002065	mast/stem cell growth factor receptor	CD117 (exact)	UniProtKB:P10721	UniProtKB:P05532	IUPHARobj:1805; PIRSF:PIRSF500951	HGNC:6342	KIT
CL:0002423	DN2a thymocyte	CL:4030046	lacks_plasma_membrane_part	negative	False	PR:000001004	CD4 molecule	CD4 (label)	UniProtKB:P01730	UniProtKB:P06332	PIRSF:PIRSF001977	HGNC:1678	CD4
CL:0002423	DN2a thymocyte	CL:4030046	lacks_plasma_membrane_part	negative	False	PR:000025402	T cell receptor co-receptor CD8	CD8 (label)					
CL:0002423	DN2a thymocyte	RO:0002104	has plasma membrane part	positive	False	PR:000001307	CD44 molecule	CD44 (label); CDw44 (exact)	UniProtKB:P16070	UniProtKB:P15379		HGNC:1681	CD44
CL:0002423	DN2a thymocyte	RO:0002104	has plasma membrane part	positive	False	PR:000001380	interleukin-2 receptor subunit alpha	CD25 (exact)	UniProtKB:P01589	UniProtKB:P01590	IUPHARobj:1695; PIRSF:PIRSF001954	HGNC:6008	IL2RA
CL:0002424	DN2b thymocyte	RO:0015016	has low plasma membrane amount	low	True	PR:000002065	mast/stem cell growth factor receptor	CD117 (exact)	UniProtKB:P10721	UniProtKB:P05532	IUPHARobj:1805; PIRSF:PIRSF500951	HGNC:6342	KIT
CL:0002424	DN2b thymocyte	CL:4030046	lacks_plasma_membrane_part	negative	False	PR:000001004	CD4 molecule	CD4 (label)	UniProtKB:P01730	UniProtKB:P06332	PIRSF:PIRSF001977	HGNC:1678	CD4
CL:0002424	DN2b thymocyte	CL:4030046	lacks_plasma_membrane_part	negative	False	PR:000025402	T cell receptor co-receptor CD8	CD8 (label)					
CL:0002424	DN2b thymocyte	RO:0002104	has plasma membrane part	positive	False	PR:000001307	CD44 molecule	CD44 (label); CDw44 (exact)	UniProtKB:P16070	UniProtKB:P15379		HGNC:1681	CD44
CL:0002424	DN2b thymocyte	RO:0002104	has plasma membrane part	positive	False	PR:000001380	interleukin-2 receptor subunit alpha	CD25 (exact)	UniProtKB:P01589	UniProtKB:P01590	IUPHARobj:1695; PIRSF:PIRSF001954	HGNC:6008	IL2RA
CL:0002425	early T lineage precursor	CL:4030046	lacks_plasma_membrane_part	negative	True	PR:000001380	interleukin-2 receptor subunit alpha	CD25 (exact)	UniProtKB:P01589	UniProtKB:P01590	IUPHARobj:1695; PIRSF:PIRSF001954	HGNC:6008	IL2RA
CL:0002425	early T lineage precursor	RO:0002104	has plasma membrane part	positive	True	PR:000001307	CD44 molecule	CD44 (label); CDw44 (exact)	UniProtKB:P16070	UniProtKB:P15379		HGNC:1681	CD44
CL:0002425	early T lineage precursor	RO:0002104	has plasma membrane part	positive	True	PR:000001869	interleukin-7 receptor subunit alpha	CD127 (exact); CDw127 (exact)	UniProtKB:P16871	UniProtKB:P16872	IUPHARobj:1698; PIRSF:PIRSF001960	HGNC:6024	IL7R
CL:0002425	early T lineage precursor	RO:0002104	has plasma membrane part	positive	True	PR:000002065	mast/stem cell growth factor receptor	CD117 (exact)	UniProtKB:P10721	UniProtKB:P05532	IUPHARobj:1805; PIRSF:PIRSF500951	HGNC:6342	KIT
CL:0002426	CD11b-positive, CD27-positive natural killer cell, mouse	CL:4030046	lacks_plasma_membrane_part	negative	False	PR:000001002	CD19 molecule	CD19 (label)	UniProtKB:P15391	UniProtKB:P25918	IUPHARobj:2764; PIRSF:PIRSF016630	HGNC:1633	CD19
CL:0002426	CD11b-positive, CD27-positive natural killer cell, mouse	CL:4030046	lacks_plasma_membrane_part	negative	False	PR:000001020	CD3 epsilon	CD3 (label); CD3E (exact); CD3e (exact)	UniProtKB:P07766	UniProtKB:P22646	IUPHARobj:2742	HGNC:1674	CD3E
CL:0002426	CD11b-positive, CD27-positive natural killer cell, mouse	CL:4030046	lacks_plasma_membrane_part	negative	False	PR:000001289	membrane-spanning 4-domains subfamily A member 1	CD20 (exact)	UniProtKB:P11836	UniProtKB:P19437	PIRSF:PIRSF001995; IUPHARobj:2628	HGNC:7315	MS4A1
CL:0002426	CD11b-positive, CD27-positive natural killer cell, mouse	CL:4030046	lacks_plasma_membrane_part	negative	False	PR:000001889	CD14 molecule	CD14 (label)	UniProtKB:P08571	UniProtKB:P10810	PIRSF:PIRSF002017	HGNC:1628	CD14
CL:0002426	CD11b-positive, CD27-positive natural killer cell, mouse	RO:0002104	has plasma membrane part	positive	True	PR:000001012	integrin alpha-M	CD11 (exact); CD11B (related); CD11b (exact)	UniProtKB:P11215	UniProtKB:P05555	IUPHARobj:2452	HGNC:6149	ITGAM
CL:0002426	CD11b-positive, CD27-positive natural killer cell, mouse	RO:0002104	has plasma membrane part	positive	False	PR:000001874	KLRB1-like protein				PIRSF:PIRSF038804		
CL:0002426	CD11b-positive, CD27-positive natural killer cell, mouse	RO:0002104	has plasma membrane part	positive	True	PR:000001963	CD27 molecule	CD27 (label); CD27L (exact)	UniProtKB:P26842	UniProtKB:P41272	IUPHARobj:1876; PIRSF:PIRSF001966	HGNC:11922	CD27
CL:0002426	CD11b-positive, CD27-positive natural killer cell, mouse	RO:0002104	has plasma membrane part	positive	False	PR:000002977	killer cell lectin-like receptor subfamily B member 1C	CD161 (exact); CD161c (exact)		UniProtKB:P27814			
CL:0002427	resting double-positive thymocyte	RO:0002104	has plasma membrane part	positive	False	PR:000001004	CD4 molecule	CD4 (label)	UniProtKB:P01730	UniProtKB:P06332	PIRSF:PIRSF001977	HGNC:1678	CD4
CL:0002427	resting double-positive thymocyte	BFO:0000051	has part	positive	False	PR:000001084	T-cell surface glycoprotein CD8 alpha chain	CD8 (label); CD8A (exact); CD8a (exact)	UniProtKB:P01732	UniProtKB:P01731		HGNC:1706	CD8A
CL:0002427	resting double-positive thymocyte	RO:0002104	has plasma membrane part	positive	False	PR:000025402	T cell receptor co-receptor CD8	CD8 (label)					
CL:0002427	resting double-positive thymocyte	BFO:0000051	has part	positive	False	PR:000025403	T-cell surface glycoprotein CD8 alpha chain isoform 1	CD8 (label); CD8A (exact)	UniProtKB:P01732-1				
CL:0002428	double-positive blast	RO:0002104	has plasma membrane part	positive	False	PR:000001004	CD4 molecule	CD4 (label)	UniProtKB:P01730	UniProtKB:P06332	PIRSF:PIRSF001977	HGNC:1678	CD4
CL:0002428	double-positive blast	BFO:0000051	has part	positive	False	PR:000001084	T-cell surface glycoprotein CD8 alpha chain	CD8 (label); CD8A (exact); CD8a (exact)	UniProtKB:P01732	UniProtKB:P01731		HGNC:1706	CD8A
CL:0002428	double-positive blast	RO:0002104	has plasma membrane part	positive	False	PR:000025402	T cell receptor co-receptor CD8	CD8 (label)					
CL:0002428	double-positive blast	BFO:0000051	has part	positive	False	PR:000025403	T-cell surface glycoprotein CD8 alpha chain isoform 1	CD8 (label); CD8A (exact)	UniProtKB:P01732-1				
CL:0002429	CD69-positive double-positive thymocyte	RO:0002104	has plasma membrane part	positive	False	PR:000001004	CD4 molecule	CD4 (label)	UniProtKB:P01730	UniProtKB:P06332	PIRSF:PIRSF001977	HGNC:1678	CD4
CL:0002429	CD69-positive double-positive thymocyte	BFO:0000051	has part	positive	False	PR:000001084	T-cell surface glycoprotein CD8 alpha chain	CD8 (label); CD8A (exact); CD8a (exact)	UniProtKB:P01732	UniProtKB:P01731		HGNC:1706	CD8A
CL:0002429	CD69-positive double-positive thymocyte	RO:0002104	has plasma membrane part	positive	True	PR:000001343	CD69 molecule	CD69 (label)	UniProtKB:Q07108	UniProtKB:P37217		HGNC:1694	CD69
CL:0002429	CD69-positive double-positive thymocyte	RO:0002104	has plasma membrane part	positive	False	PR:000025402	T cell receptor co-receptor CD8	CD8 (label)					
CL:0002429	CD69-positive double-positive thymocyte	BFO:0000051	has part	positive	False	PR:000025403	T-cell surface glycoprotein CD8 alpha chain isoform 1	CD8 (label); CD8A (exact)	UniProtKB:P01732-1				
CL:0002430	CD4-intermediate, CD8-positive double-positive thymocyte	RO:0015016	has low plasma membrane amount	low	True	PR:000001004	CD4 molecule	CD4 (label)	UniProtKB:P01730	UniProtKB:P06332	PIRSF:PIRSF001977	HGNC:1678	CD4
CL:0002430	CD4-intermediate, CD8-positive double-positive thymocyte	BFO:0000051	has part	positive	False	PR:000001084	T-cell surface glycoprotein CD8 alpha chain	CD8 (label); CD8A (exact); CD8a (exact)	UniProtKB:P01732	UniProtKB:P01731		HGNC:1706	CD8A
CL:0002430	CD4-intermediate, CD8-positive double-positive thymocyte	RO:0002104	has plasma membrane part	positive	True	PR:000001343	CD69 molecule	CD69 (label)	UniProtKB:Q07108	UniProtKB:P37217		HGNC:1694	CD69
CL:0002430	CD4-intermediate, CD8-positive double-positive thymocyte	RO:0002104	has plasma membrane part	positive	False	PR:000025402	T cell receptor co-receptor CD8	CD8 (label)					
CL:0002430	CD4-intermediate, CD8-positive double-positive thymocyte	BFO:0000051	has part	positive	False	PR:000025403	T-cell surface glycoprotein CD8 alpha chain isoform 1	CD8 (label); CD8A (exact)	UniProtKB:P01732-1				
CL:0002431	CD4-positive, CD8-intermediate double-positive thymocyte	RO:0015016	has low plasma membrane amount	low	True	PR:000025402	T cell receptor co-receptor CD8	CD8 (label)					
CL:0002431	CD4-positive, CD8-intermediate double-positive thymocyte	RO:0002104	has plasma membrane part	positive	False	PR:000001004	CD4 molecule	CD4 (label)	UniProtKB:P01730	UniProtKB:P06332	PIRSF:PIRSF001977	HGNC:1678	CD4
CL:0002431	CD4-positive, CD8-intermediate double-positive thymocyte	BFO:0000051	has part	positive	False	PR:000001084	T-cell surface glycoprotein CD8 alpha chain	CD8 (label); CD8A (exact); CD8a (exact)	UniProtKB:P01732	UniProtKB:P01731		HGNC:1706	CD8A
CL:0002431	CD4-positive, CD8-intermediate double-positive thymocyte	RO:0002104	has plasma membrane part	positive	True	PR:000001343	CD69 molecule	CD69 (label)	UniProtKB:Q07108	UniProtKB:P37217		HGNC:1694	CD69
CL:0002431	CD4-positive, CD8-intermediate double-positive thymocyte	BFO:0000051	has part	positive	False	PR:000025403	T-cell surface glycoprotein CD8 alpha chain isoform 1	CD8 (label); CD8A (exact)	UniProtKB:P01732-1				
CL:0002432	CD24-positive, CD4 single-positive thymocyte	CL:4030046	lacks_plasma_membrane_part	negative	False	PR:000001084	T-cell surface glycoprotein CD8 alpha chain	CD8 (label); CD8A (exact); CD8a (exact)	UniProtKB:P01732	UniProtKB:P01731		HGNC:1706	CD8A
CL:0002432	CD24-positive, CD4 single-positive thymocyte	RO:0002104	has plasma membrane part	positive	False	PR:000001004	CD4 molecule	CD4 (label)	UniProtKB:P01730	UniProtKB:P06332	PIRSF:PIRSF001977	HGNC:1678	CD4
CL:0002432	CD24-positive, CD4 single-positive thymocyte	RO:0002104	has plasma membrane part	positive	True	PR:000001932	signal transducer CD24	CD24 (label); CD24A (related)	UniProtKB:P25063	UniProtKB:P24807		HGNC:1645	CD24
CL:0002433	CD69-positive, CD4-positive single-positive thymocyte	CL:4030046	lacks_plasma_membrane_part	negative	False	PR:000001084	T-cell surface glycoprotein CD8 alpha chain	CD8 (label); CD8A (exact); CD8a (exact)	UniProtKB:P01732	UniProtKB:P01731		HGNC:1706	CD8A
CL:0002433	CD69-positive, CD4-positive single-positive thymocyte	RO:0002104	has plasma membrane part	positive	False	PR:000001004	CD4 molecule	CD4 (label)	UniProtKB:P01730	UniProtKB:P06332	PIRSF:PIRSF001977	HGNC:1678	CD4
CL:0002433	CD69-positive, CD4-positive single-positive thymocyte	RO:0002104	has plasma membrane part	positive	True	PR:000001343	CD69 molecule	CD69 (label)	UniProtKB:Q07108	UniProtKB:P37217		HGNC:1694	CD69
CL:0002434	CD24-positive, CD8 single-positive thymocyte	CL:4030046	lacks_plasma_membrane_part	negative	False	PR:000001004	CD4 molecule	CD4 (label)	UniProtKB:P01730	UniProtKB:P06332	PIRSF:PIRSF001977	HGNC:1678	CD4
CL:0002434	CD24-positive, CD8 single-positive thymocyte	BFO:0000051	has part	positive	False	PR:000001084	T-cell surface glycoprotein CD8 alpha chain	CD8 (label); CD8A (exact); CD8a (exact)	UniProtKB:P01732	UniProtKB:P01731		HGNC:1706	CD8A
CL:0002434	CD24-positive, CD8 single-positive thymocyte	RO:0002104	has plasma membrane part	positive	True	PR:000001932	signal transducer CD24	CD24 (label); CD24A (related)	UniProtKB:P25063	UniProtKB:P24807		HGNC:1645	CD24
CL:0002434	CD24-positive, CD8 single-positive thymocyte	RO:0002104	has plasma membrane part	positive	False	PR:000025402	T cell receptor co-receptor CD8	CD8 (label)					
CL:0002434	CD24-positive, CD8 single-positive thymocyte	BFO:0000051	has part	positive	False	PR:000025403	T-cell surface glycoprotein CD8 alpha chain isoform 1	CD8 (label); CD8A (exact)	UniProtKB:P01732-1				
CL:0002435	CD69-positive, CD8-positive single-positive thymocyte	CL:4030046	lacks_plasma_membrane_part	negative	False	PR:000001004	CD4 molecule	CD4 (label)	UniProtKB:P01730	UniProtKB:P06332	PIRSF:PIRSF001977	HGNC:1678	CD4
CL:0002435	CD69-positive, CD8-positive single-positive thymocyte	BFO:0000051	has part	positive	False	PR:000001084	T-cell surface glycoprotein CD8 alpha chain	CD8 (label); CD8A (exact); CD8a (exact)	UniProtKB:P01732	UniProtKB:P01731		HGNC:1706	CD8A
CL:0002435	CD69-positive, CD8-positive single-positive thymocyte	RO:0002104	has plasma membrane part	positive	True	PR:000001343	CD69 molecule	CD69 (label)	UniProtKB:Q07108	UniProtKB:P37217		HGNC:1694	CD69
CL:0002435	CD69-positive, CD8-positive single-positive thymocyte	RO:0002104	has plasma membrane part	positive	False	PR:000025402	T cell receptor co-receptor CD8	CD8 (label)					
CL:0002435	CD69-positive, CD8-positive single-positive thymocyte	BFO:0000051	has part	positive	False	PR:000025403	T-cell surface glycoprotein CD8 alpha chain isoform 1	CD8 (label); CD8A (exact)	UniProtKB:P01732-1				
CL:0002436	mature CD4 single-positive thymocyte	RO:0015016	has low plasma membrane amount	low	True	PR:000001932	signal transducer CD24	CD24 (label); CD24A (related)	UniProtKB:P25063	UniProtKB:P24807		HGNC:1645	CD24
CL:0002436	mature CD4 single-positive thymocyte	CL:4030046	lacks_plasma_membrane_part	negative	False	PR:000025402	T cell receptor co-receptor CD8	CD8 (label)					
CL:0002436	mature CD4 single-positive thymocyte	RO:0002104	has plasma membrane part	positive	False	PR:000001004	CD4 molecule	CD4 (label)	UniProtKB:P01730	UniProtKB:P06332	PIRSF:PIRSF001977	HGNC:1678	CD4
CL:0002437	mature CD8 single-positive thymocyte	RO:0015016	has low plasma membrane amount	low	True	PR:000001932	signal transducer CD24	CD24 (label); CD24A (related)	UniProtKB:P25063	UniProtKB:P24807		HGNC:1645	CD24
CL:0002437	mature CD8 single-positive thymocyte	CL:4030046	lacks_plasma_membrane_part	negative	False	PR:000001004	CD4 molecule	CD4 (label)	UniProtKB:P01730	UniProtKB:P06332	PIRSF:PIRSF001977	HGNC:1678	CD4
CL:0002437	mature CD8 single-positive thymocyte	BFO:0000051	has part	positive	False	PR:000001084	T-cell surface glycoprotein CD8 alpha chain	CD8 (label); CD8A (exact); CD8a (exact)	UniProtKB:P01732	UniProtKB:P01731		HGNC:1706	CD8A
CL:0002437	mature CD8 single-positive thymocyte	RO:0002104	has plasma membrane part	positive	False	PR:000025402	T cell receptor co-receptor CD8	CD8 (label)					
CL:0002437	mature CD8 single-positive thymocyte	BFO:0000051	has part	positive	False	PR:000025403	T-cell surface glycoprotein CD8 alpha chain isoform 1	CD8 (label); CD8A (exact)	UniProtKB:P01732-1				
CL:0002438	NK1.1-positive natural killer cell, mouse	CL:4030046	lacks_plasma_membrane_part	negative	False	PR:000001002	CD19 molecule	CD19 (label)	UniProtKB:P15391	UniProtKB:P25918	IUPHARobj:2764; PIRSF:PIRSF016630	HGNC:1633	CD19
CL:0002438	NK1.1-positive natural killer cell, mouse	CL:4030046	lacks_plasma_membrane_part	negative	False	PR:000001020	CD3 epsilon	CD3 (label); CD3E (exact); CD3e (exact)	UniProtKB:P07766	UniProtKB:P22646	IUPHARobj:2742	HGNC:1674	CD3E
CL:0002438	NK1.1-positive natural killer cell, mouse	CL:4030046	lacks_plasma_membrane_part	negative	False	PR:000001289	membrane-spanning 4-domains subfamily A member 1	CD20 (exact)	UniProtKB:P11836	UniProtKB:P19437	PIRSF:PIRSF001995; IUPHARobj:2628	HGNC:7315	MS4A1
CL:0002438	NK1.1-positive natural killer cell, mouse	CL:4030046	lacks_plasma_membrane_part	negative	False	PR:000001889	CD14 molecule	CD14 (label)	UniProtKB:P08571	UniProtKB:P10810	PIRSF:PIRSF002017	HGNC:1628	CD14
CL:0002438	NK1.1-positive natural killer cell, mouse	RO:0002104	has plasma membrane part	positive	False	PR:000001874	KLRB1-like protein				PIRSF:PIRSF038804		
CL:0002438	NK1.1-positive natural killer cell, mouse	RO:0002104	has plasma membrane part	positive	True	PR:000002977	killer cell lectin-like receptor subfamily B member 1C	CD161 (exact); CD161c (exact)		UniProtKB:P27814			
CL:0002439	NKGA2-positive natural killer cell, mouse	CL:4030046	lacks_plasma_membrane_part	negative	False	PR:000001002	CD19 molecule	CD19 (label)	UniProtKB:P15391	UniProtKB:P25918	IUPHARobj:2764; PIRSF:PIRSF016630	HGNC:1633	CD19
CL:0002439	NKGA2-positive natural killer cell, mouse	CL:4030046	lacks_plasma_membrane_part	negative	False	PR:000001020	CD3 epsilon	CD3 (label); CD3E (exact); CD3e (exact)	UniProtKB:P07766	UniProtKB:P22646	IUPHARobj:2742	HGNC:1674	CD3E
CL:0002439	NKGA2-positive natural killer cell, mouse	CL:4030046	lacks_plasma_membrane_part	negative	False	PR:000001289	membrane-spanning 4-domains subfamily A member 1	CD20 (exact)	UniProtKB:P11836	UniProtKB:P19437	PIRSF:PIRSF001995; IUPHARobj:2628	HGNC:7315	MS4A1
CL:0002439	NKGA2-positive natural killer cell, mouse	CL:4030046	lacks_plasma_membrane_part	negative	False	PR:000001889	CD14 molecule	CD14 (label)	UniProtKB:P08571	UniProtKB:P10810	PIRSF:PIRSF002017	HGNC:1628	CD14
CL:0002439	NKGA2-positive natural killer cell, mouse	RO:0002104	has plasma membrane part	positive	False	PR:000001874	KLRB1-like protein				PIRSF:PIRSF038804		
CL:0002439	NKGA2-positive natural killer cell, mouse	RO:0002104	has plasma membrane part	positive	True	PR:000002023	NKG2-A/NKG2-B type II integral membrane protein	CD159 (exact); CD159a (exact)	UniProtKB:P26715		IUPHARobj:2849	HGNC:6374	KLRC1
CL:0002439	NKGA2-positive natural killer cell, mouse	RO:0002104	has plasma membrane part	positive	False	PR:000002977	killer cell lectin-like receptor subfamily B member 1C	CD161 (exact); CD161c (exact)		UniProtKB:P27814			
CL:0002440	Ly49D-positive natural killer cell, mouse	CL:4030046	lacks_plasma_membrane_part	negative	False	PR:000001002	CD19 molecule	CD19 (label)	UniProtKB:P15391	UniProtKB:P25918	IUPHARobj:2764; PIRSF:PIRSF016630	HGNC:1633	CD19
CL:0002440	Ly49D-positive natural killer cell, mouse	CL:4030046	lacks_plasma_membrane_part	negative	False	PR:000001020	CD3 epsilon	CD3 (label); CD3E (exact); CD3e (exact)	UniProtKB:P07766	UniProtKB:P22646	IUPHARobj:2742	HGNC:1674	CD3E
CL:0002440	Ly49D-positive natural killer cell, mouse	CL:4030046	lacks_plasma_membrane_part	negative	False	PR:000001289	membrane-spanning 4-domains subfamily A member 1	CD20 (exact)	UniProtKB:P11836	UniProtKB:P19437	PIRSF:PIRSF001995; IUPHARobj:2628	HGNC:7315	MS4A1
CL:0002440	Ly49D-positive natural killer cell, mouse	CL:4030046	lacks_plasma_membrane_part	negative	False	PR:000001889	CD14 molecule	CD14 (label)	UniProtKB:P08571	UniProtKB:P10810	PIRSF:PIRSF002017	HGNC:1628	CD14
CL:0002440	Ly49D-positive natural killer cell, mouse	RO:0002104	has plasma membrane part	positive	False	PR:000001874	KLRB1-like protein				PIRSF:PIRSF038804		
CL:0002440	Ly49D-positive natural killer cell, mouse	RO:0002104	has plasma membrane part	positive	False	PR:000002977	killer cell lectin-like receptor subfamily B member 1C	CD161 (exact); CD161c (exact)		UniProtKB:P27814			
CL:0002440	Ly49D-positive natural killer cell, mouse	RO:0002104	has plasma membrane part	positive	True	PR:000009619	killer cell lectin-like receptor 4			UniProtKB:Q60651			
CL:0002441	CD94-positive natural killer cell, mouse	CL:4030046	lacks_plasma_membrane_part	negative	False	PR:000001002	CD19 molecule	CD19 (label)	UniProtKB:P15391	UniProtKB:P25918	IUPHARobj:2764; PIRSF:PIRSF016630	HGNC:1633	CD19
CL:0002441	CD94-positive natural killer cell, mouse	CL:4030046	lacks_plasma_membrane_part	negative	False	PR:000001020	CD3 epsilon	CD3 (label); CD3E (exact); CD3e (exact)	UniProtKB:P07766	UniProtKB:P22646	IUPHARobj:2742	HGNC:1674	CD3E
CL:0002441	CD94-positive natural killer cell, mouse	CL:4030046	lacks_plasma_membrane_part	negative	False	PR:000001289	membrane-spanning 4-domains subfamily A member 1	CD20 (exact)	UniProtKB:P11836	UniProtKB:P19437	PIRSF:PIRSF001995; IUPHARobj:2628	HGNC:7315	MS4A1
CL:0002441	CD94-positive natural killer cell, mouse	CL:4030046	lacks_plasma_membrane_part	negative	False	PR:000001889	CD14 molecule	CD14 (label)	UniProtKB:P08571	UniProtKB:P10810	PIRSF:PIRSF002017	HGNC:1628	CD14
CL:0002441	CD94-positive natural killer cell, mouse	RO:0002104	has plasma membrane part	positive	True	PR:000001402	killer cell lectin-like receptor subfamily D member 1	CD94 (exact)	UniProtKB:Q13241	UniProtKB:O54707		HGNC:6378	KLRD1
CL:0002441	CD94-positive natural killer cell, mouse	RO:0002104	has plasma membrane part	positive	False	PR:000001874	KLRB1-like protein				PIRSF:PIRSF038804		
CL:0002441	CD94-positive natural killer cell, mouse	RO:0002104	has plasma membrane part	positive	False	PR:000002977	killer cell lectin-like receptor subfamily B member 1C	CD161 (exact); CD161c (exact)		UniProtKB:P27814			
CL:0002442	CD94-negative, Ly49CI-negative natural killer cell, mouse	CL:4030046	lacks_plasma_membrane_part	negative	False	PR:000001002	CD19 molecule	CD19 (label)	UniProtKB:P15391	UniProtKB:P25918	IUPHARobj:2764; PIRSF:PIRSF016630	HGNC:1633	CD19
CL:0002442	CD94-negative, Ly49CI-negative natural killer cell, mouse	CL:4030046	lacks_plasma_membrane_part	negative	False	PR:000001020	CD3 epsilon	CD3 (label); CD3E (exact); CD3e (exact)	UniProtKB:P07766	UniProtKB:P22646	IUPHARobj:2742	HGNC:1674	CD3E
CL:0002442	CD94-negative, Ly49CI-negative natural killer cell, mouse	CL:4030046	lacks_plasma_membrane_part	negative	False	PR:000001289	membrane-spanning 4-domains subfamily A member 1	CD20 (exact)	UniProtKB:P11836	UniProtKB:P19437	PIRSF:PIRSF001995; IUPHARobj:2628	HGNC:7315	MS4A1
CL:0002442	CD94-negative, Ly49CI-negative natural killer cell, mouse	CL:4030046	lacks_plasma_membrane_part	negative	True	PR:000001402	killer cell lectin-like receptor subfamily D member 1	CD94 (exact)	UniProtKB:Q13241	UniProtKB:O54707		HGNC:6378	KLRD1
CL:0002442	CD94-negative, Ly49CI-negative natural killer cell, mouse	CL:4030046	lacks_plasma_membrane_part	negative	False	PR:000001889	CD14 molecule	CD14 (label)	UniProtKB:P08571	UniProtKB:P10810	PIRSF:PIRSF002017	HGNC:1628	CD14
CL:0002442	CD94-negative, Ly49CI-negative natural killer cell, mouse	CL:4030046	lacks_plasma_membrane_part	negative	True	PR:000009618	killer cell lectin-like receptor 3			UniProtKB:Q64329			
CL:0002443	Ly49CI-positive natural killer cell, mouse	CL:4030046	lacks_plasma_membrane_part	negative	False	PR:000001002	CD19 molecule	CD19 (label)	UniProtKB:P15391	UniProtKB:P25918	IUPHARobj:2764; PIRSF:PIRSF016630	HGNC:1633	CD19
CL:0002443	Ly49CI-positive natural killer cell, mouse	CL:4030046	lacks_plasma_membrane_part	negative	False	PR:000001020	CD3 epsilon	CD3 (label); CD3E (exact); CD3e (exact)	UniProtKB:P07766	UniProtKB:P22646	IUPHARobj:2742	HGNC:1674	CD3E
CL:0002443	Ly49CI-positive natural killer cell, mouse	CL:4030046	lacks_plasma_membrane_part	negative	False	PR:000001289	membrane-spanning 4-domains subfamily A member 1	CD20 (exact)	UniProtKB:P11836	UniProtKB:P19437	PIRSF:PIRSF001995; IUPHARobj:2628	HGNC:7315	MS4A1
CL:0002443	Ly49CI-positive natural killer cell, mouse	CL:4030046	lacks_plasma_membrane_part	negative	False	PR:000001889	CD14 molecule	CD14 (label)	UniProtKB:P08571	UniProtKB:P10810	PIRSF:PIRSF002017	HGNC:1628	CD14
CL:0002443	Ly49CI-positive natural killer cell, mouse	RO:0002104	has plasma membrane part	positive	False	PR:000001874	KLRB1-like protein				PIRSF:PIRSF038804		
CL:0002443	Ly49CI-positive natural killer cell, mouse	RO:0002104	has plasma membrane part	positive	False	PR:000002977	killer cell lectin-like receptor subfamily B member 1C	CD161 (exact); CD161c (exact)		UniProtKB:P27814			
CL:0002443	Ly49CI-positive natural killer cell, mouse	RO:0002104	has plasma membrane part	positive	True	PR:000009618	killer cell lectin-like receptor 3			UniProtKB:Q64329			
CL:0002444	Ly49H-positive natural killer cell, mouse	CL:4030046	lacks_plasma_membrane_part	negative	False	PR:000001002	CD19 molecule	CD19 (label)	UniProtKB:P15391	UniProtKB:P25918	IUPHARobj:2764; PIRSF:PIRSF016630	HGNC:1633	CD19
CL:0002444	Ly49H-positive natural killer cell, mouse	CL:4030046	lacks_plasma_membrane_part	negative	False	PR:000001020	CD3 epsilon	CD3 (label); CD3E (exact); CD3e (exact)	UniProtKB:P07766	UniProtKB:P22646	IUPHARobj:2742	HGNC:1674	CD3E
CL:0002444	Ly49H-positive natural killer cell, mouse	CL:4030046	lacks_plasma_membrane_part	negative	False	PR:000001289	membrane-spanning 4-domains subfamily A member 1	CD20 (exact)	UniProtKB:P11836	UniProtKB:P19437	PIRSF:PIRSF001995; IUPHARobj:2628	HGNC:7315	MS4A1
CL:0002444	Ly49H-positive natural killer cell, mouse	CL:4030046	lacks_plasma_membrane_part	negative	False	PR:000001889	CD14 molecule	CD14 (label)	UniProtKB:P08571	UniProtKB:P10810	PIRSF:PIRSF002017	HGNC:1628	CD14
CL:0002444	Ly49H-positive natural killer cell, mouse	RO:0002104	has plasma membrane part	positive	False	PR:000001874	KLRB1-like protein				PIRSF:PIRSF038804		
CL:0002444	Ly49H-positive natural killer cell, mouse	RO:0002104	has plasma membrane part	positive	False	PR:000002977	killer cell lectin-like receptor subfamily B member 1C	CD161 (exact); CD161c (exact)		UniProtKB:P27814			
CL:0002444	Ly49H-positive natural killer cell, mouse	RO:0002104	has plasma membrane part	positive	True	PR:000009623	killer cell lectin-like receptor 8			UniProtKB:Q60682			
CL:0002445	Ly49D-negative natural killer cell, mouse	CL:4030046	lacks_plasma_membrane_part	negative	False	PR:000001002	CD19 molecule	CD19 (label)	UniProtKB:P15391	UniProtKB:P25918	IUPHARobj:2764; PIRSF:PIRSF016630	HGNC:1633	CD19
CL:0002445	Ly49D-negative natural killer cell, mouse	CL:4030046	lacks_plasma_membrane_part	negative	False	PR:000001020	CD3 epsilon	CD3 (label); CD3E (exact); CD3e (exact)	UniProtKB:P07766	UniProtKB:P22646	IUPHARobj:2742	HGNC:1674	CD3E
CL:0002445	Ly49D-negative natural killer cell, mouse	CL:4030046	lacks_plasma_membrane_part	negative	False	PR:000001289	membrane-spanning 4-domains subfamily A member 1	CD20 (exact)	UniProtKB:P11836	UniProtKB:P19437	PIRSF:PIRSF001995; IUPHARobj:2628	HGNC:7315	MS4A1
CL:0002445	Ly49D-negative natural killer cell, mouse	CL:4030046	lacks_plasma_membrane_part	negative	False	PR:000001889	CD14 molecule	CD14 (label)	UniProtKB:P08571	UniProtKB:P10810	PIRSF:PIRSF002017	HGNC:1628	CD14
CL:0002445	Ly49D-negative natural killer cell, mouse	CL:4030046	lacks_plasma_membrane_part	negative	True	PR:000009619	killer cell lectin-like receptor 4			UniProtKB:Q60651			
CL:0002445	Ly49D-negative natural killer cell, mouse	RO:0002104	has plasma membrane part	positive	False	PR:000001874	KLRB1-like protein				PIRSF:PIRSF038804		
CL:0002445	Ly49D-negative natural killer cell, mouse	RO:0002104	has plasma membrane part	positive	False	PR:000002977	killer cell lectin-like receptor subfamily B member 1C	CD161 (exact); CD161c (exact)		UniProtKB:P27814			
CL:0002446	Ly49CI-negative natural killer cell, mouse	CL:4030046	lacks_plasma_membrane_part	negative	False	PR:000001002	CD19 molecule	CD19 (label)	UniProtKB:P15391	UniProtKB:P25918	IUPHARobj:2764; PIRSF:PIRSF016630	HGNC:1633	CD19
CL:0002446	Ly49CI-negative natural killer cell, mouse	CL:4030046	lacks_plasma_membrane_part	negative	False	PR:000001020	CD3 epsilon	CD3 (label); CD3E (exact); CD3e (exact)	UniProtKB:P07766	UniProtKB:P22646	IUPHARobj:2742	HGNC:1674	CD3E
CL:0002446	Ly49CI-negative natural killer cell, mouse	CL:4030046	lacks_plasma_membrane_part	negative	False	PR:000001289	membrane-spanning 4-domains subfamily A member 1	CD20 (exact)	UniProtKB:P11836	UniProtKB:P19437	PIRSF:PIRSF001995; IUPHARobj:2628	HGNC:7315	MS4A1
CL:0002446	Ly49CI-negative natural killer cell, mouse	CL:4030046	lacks_plasma_membrane_part	negative	False	PR:000001889	CD14 molecule	CD14 (label)	UniProtKB:P08571	UniProtKB:P10810	PIRSF:PIRSF002017	HGNC:1628	CD14
CL:0002446	Ly49CI-negative natural killer cell, mouse	CL:4030046	lacks_plasma_membrane_part	negative	True	PR:000009618	killer cell lectin-like receptor 3			UniProtKB:Q64329			
CL:0002446	Ly49CI-negative natural killer cell, mouse	RO:0002104	has plasma membrane part	positive	False	PR:000001874	KLRB1-like protein				PIRSF:PIRSF038804		
CL:0002446	Ly49CI-negative natural killer cell, mouse	RO:0002104	has plasma membrane part	positive	False	PR:000002977	killer cell lectin-like receptor subfamily B member 1C	CD161 (exact); CD161c (exact)		UniProtKB:P27814			
CL:0002447	CD94-negative natural killer cell, mouse	CL:4030046	lacks_plasma_membrane_part	negative	False	PR:000001002	CD19 molecule	CD19 (label)	UniProtKB:P15391	UniProtKB:P25918	IUPHARobj:2764; PIRSF:PIRSF016630	HGNC:1633	CD19
CL:0002447	CD94-negative natural killer cell, mouse	CL:4030046	lacks_plasma_membrane_part	negative	False	PR:000001020	CD3 epsilon	CD3 (label); CD3E (exact); CD3e (exact)	UniProtKB:P07766	UniProtKB:P22646	IUPHARobj:2742	HGNC:1674	CD3E
CL:0002447	CD94-negative natural killer cell, mouse	CL:4030046	lacks_plasma_membrane_part	negative	False	PR:000001289	membrane-spanning 4-domains subfamily A member 1	CD20 (exact)	UniProtKB:P11836	UniProtKB:P19437	PIRSF:PIRSF001995; IUPHARobj:2628	HGNC:7315	MS4A1
CL:0002447	CD94-negative natural killer cell, mouse	CL:4030046	lacks_plasma_membrane_part	negative	True	PR:000001402	killer cell lectin-like receptor subfamily D member 1	CD94 (exact)	UniProtKB:Q13241	UniProtKB:O54707		HGNC:6378	KLRD1
CL:0002447	CD94-negative natural killer cell, mouse	CL:4030046	lacks_plasma_membrane_part	negative	False	PR:000001889	CD14 molecule	CD14 (label)	UniProtKB:P08571	UniProtKB:P10810	PIRSF:PIRSF002017	HGNC:1628	CD14
CL:0002447	CD94-negative natural killer cell, mouse	RO:0002104	has plasma membrane part	positive	False	PR:000001874	KLRB1-like protein				PIRSF:PIRSF038804		
CL:0002447	CD94-negative natural killer cell, mouse	RO:0002104	has plasma membrane part	positive	False	PR:000002977	killer cell lectin-like receptor subfamily B member 1C	CD161 (exact); CD161c (exact)		UniProtKB:P27814			
CL:0002448	Ly49H-negative natural killer cell, mouse	CL:4030046	lacks_plasma_membrane_part	negative	False	PR:000001002	CD19 molecule	CD19 (label)	UniProtKB:P15391	UniProtKB:P25918	IUPHARobj:2764; PIRSF:PIRSF016630	HGNC:1633	CD19
CL:0002448	Ly49H-negative natural killer cell, mouse	CL:4030046	lacks_plasma_membrane_part	negative	False	PR:000001020	CD3 epsilon	CD3 (label); CD3E (exact); CD3e (exact)	UniProtKB:P07766	UniProtKB:P22646	IUPHARobj:2742	HGNC:1674	CD3E
CL:0002448	Ly49H-negative natural killer cell, mouse	CL:4030046	lacks_plasma_membrane_part	negative	False	PR:000001289	membrane-spanning 4-domains subfamily A member 1	CD20 (exact)	UniProtKB:P11836	UniProtKB:P19437	PIRSF:PIRSF001995; IUPHARobj:2628	HGNC:7315	MS4A1
CL:0002448	Ly49H-negative natural killer cell, mouse	CL:4030046	lacks_plasma_membrane_part	negative	False	PR:000001889	CD14 molecule	CD14 (label)	UniProtKB:P08571	UniProtKB:P10810	PIRSF:PIRSF002017	HGNC:1628	CD14
CL:0002448	Ly49H-negative natural killer cell, mouse	CL:4030046	lacks_plasma_membrane_part	negative	True	PR:000009623	killer cell lectin-like receptor 8			UniProtKB:Q60682			
CL:0002448	Ly49H-negative natural killer cell, mouse	RO:0002104	has plasma membrane part	positive	False	PR:000001874	KLRB1-like protein				PIRSF:PIRSF038804		
CL:0002448	Ly49H-negative natural killer cell, mouse	RO:0002104	has plasma membrane part	positive	False	PR:000002977	killer cell lectin-like receptor subfamily B member 1C	CD161 (exact); CD161c (exact)		UniProtKB:P27814			
CL:0002449	CD94-positive Ly49CI-positive natural killer cell, mouse	CL:4030046	lacks_plasma_membrane_part	negative	False	PR:000001002	CD19 molecule	CD19 (label)	UniProtKB:P15391	UniProtKB:P25918	IUPHARobj:2764; PIRSF:PIRSF016630	HGNC:1633	CD19
CL:0002449	CD94-positive Ly49CI-positive natural killer cell, mouse	CL:4030046	lacks_plasma_membrane_part	negative	False	PR:000001020	CD3 epsilon	CD3 (label); CD3E (exact); CD3e (exact)	UniProtKB:P07766	UniProtKB:P22646	IUPHARobj:2742	HGNC:1674	CD3E
CL:0002449	CD94-positive Ly49CI-positive natural killer cell, mouse	CL:4030046	lacks_plasma_membrane_part	negative	False	PR:000001289	membrane-spanning 4-domains subfamily A member 1	CD20 (exact)	UniProtKB:P11836	UniProtKB:P19437	PIRSF:PIRSF001995; IUPHARobj:2628	HGNC:7315	MS4A1
CL:0002449	CD94-positive Ly49CI-positive natural killer cell, mouse	CL:4030046	lacks_plasma_membrane_part	negative	False	PR:000001889	CD14 molecule	CD14 (label)	UniProtKB:P08571	UniProtKB:P10810	PIRSF:PIRSF002017	HGNC:1628	CD14
CL:0002449	CD94-positive Ly49CI-positive natural killer cell, mouse	RO:0002104	has plasma membrane part	positive	False	PR:000001402	killer cell lectin-like receptor subfamily D member 1	CD94 (exact)	UniProtKB:Q13241	UniProtKB:O54707		HGNC:6378	KLRD1
CL:0002449	CD94-positive Ly49CI-positive natural killer cell, mouse	RO:0002104	has plasma membrane part	positive	False	PR:000001874	KLRB1-like protein				PIRSF:PIRSF038804		
CL:0002449	CD94-positive Ly49CI-positive natural killer cell, mouse	RO:0002104	has plasma membrane part	positive	False	PR:000002977	killer cell lectin-like receptor subfamily B member 1C	CD161 (exact); CD161c (exact)		UniProtKB:P27814			
CL:0002449	CD94-positive Ly49CI-positive natural killer cell, mouse	RO:0002104	has plasma membrane part	positive	False	PR:000009618	killer cell lectin-like receptor 3			UniProtKB:Q64329			
CL:0002454	CD4-negative, CD8-alpha-negative, CD11b-positive dendritic cell	RO:0015015	has high plasma membrane amount	high	False	PR:000001013	integrin alpha-X	CD11 (exact); CD11C (related); CD11c (exact)	UniProtKB:P20702	UniProtKB:Q9QXH4	IUPHARobj:2454	HGNC:6152	ITGAX
CL:0002454	CD4-negative, CD8-alpha-negative, CD11b-positive dendritic cell	CL:4030046	lacks_plasma_membrane_part	negative	False	PR:000001002	CD19 molecule	CD19 (label)	UniProtKB:P15391	UniProtKB:P25918	IUPHARobj:2764; PIRSF:PIRSF016630	HGNC:1633	CD19
CL:0002454	CD4-negative, CD8-alpha-negative, CD11b-positive dendritic cell	CL:4030046	lacks_plasma_membrane_part	negative	False	PR:000001003	CD34 molecule	CD34 (label)	UniProtKB:P28906	UniProtKB:Q64314	PIRSF:PIRSF028749	HGNC:1662	CD34
CL:0002454	CD4-negative, CD8-alpha-negative, CD11b-positive dendritic cell	CL:4030046	lacks_plasma_membrane_part	negative	True	PR:000001004	CD4 molecule	CD4 (label)	UniProtKB:P01730	UniProtKB:P06332	PIRSF:PIRSF001977	HGNC:1678	CD4
CL:0002454	CD4-negative, CD8-alpha-negative, CD11b-positive dendritic cell	CL:4030046	lacks_plasma_membrane_part	negative	False	PR:000001020	CD3 epsilon	CD3 (label); CD3E (exact); CD3e (exact)	UniProtKB:P07766	UniProtKB:P22646	IUPHARobj:2742	HGNC:1674	CD3E
CL:0002454	CD4-negative, CD8-alpha-negative, CD11b-positive dendritic cell	CL:4030046	lacks_plasma_membrane_part	negative	False	PR:000001024	neural cell adhesion molecule 1	CD56 (exact)	UniProtKB:P13591	UniProtKB:P13595	IUPHARobj:2769	HGNC:7656	NCAM1
CL:0002454	CD4-negative, CD8-alpha-negative, CD11b-positive dendritic cell	CL:4030046	lacks_plasma_membrane_part	negative	True	PR:000001084	T-cell surface glycoprotein CD8 alpha chain	CD8 (label); CD8A (exact); CD8a (exact)	UniProtKB:P01732	UniProtKB:P01731		HGNC:1706	CD8A
CL:0002454	CD4-negative, CD8-alpha-negative, CD11b-positive dendritic cell	CL:4030046	lacks_plasma_membrane_part	negative	False	PR:000001289	membrane-spanning 4-domains subfamily A member 1	CD20 (exact)	UniProtKB:P11836	UniProtKB:P19437	PIRSF:PIRSF001995; IUPHARobj:2628	HGNC:7315	MS4A1
CL:0002454	CD4-negative, CD8-alpha-negative, CD11b-positive dendritic cell	RO:0002104	has plasma membrane part	positive	False	PR:000001012	integrin alpha-M	CD11 (exact); CD11B (related); CD11b (exact)	UniProtKB:P11215	UniProtKB:P05555	IUPHARobj:2452	HGNC:6149	ITGAM
CL:0002455	CD8-alpha-negative plasmacytoid dendritic cell	RO:0015016	has low plasma membrane amount	low	False	PR:000001013	integrin alpha-X	CD11 (exact); CD11C (related); CD11c (exact)	UniProtKB:P20702	UniProtKB:Q9QXH4	IUPHARobj:2454	HGNC:6152	ITGAX
CL:0002455	CD8-alpha-negative plasmacytoid dendritic cell	CL:4030046	lacks_plasma_membrane_part	negative	False	PR:000001002	CD19 molecule	CD19 (label)	UniProtKB:P15391	UniProtKB:P25918	IUPHARobj:2764; PIRSF:PIRSF016630	HGNC:1633	CD19
CL:0002455	CD8-alpha-negative plasmacytoid dendritic cell	CL:4030046	lacks_plasma_membrane_part	negative	False	PR:000001003	CD34 molecule	CD34 (label)	UniProtKB:P28906	UniProtKB:Q64314	PIRSF:PIRSF028749	HGNC:1662	CD34
CL:0002455	CD8-alpha-negative plasmacytoid dendritic cell	CL:4030046	lacks_plasma_membrane_part	negative	False	PR:000001012	integrin alpha-M	CD11 (exact); CD11B (related); CD11b (exact)	UniProtKB:P11215	UniProtKB:P05555	IUPHARobj:2452	HGNC:6149	ITGAM
CL:0002455	CD8-alpha-negative plasmacytoid dendritic cell	CL:4030046	lacks_plasma_membrane_part	negative	False	PR:000001020	CD3 epsilon	CD3 (label); CD3E (exact); CD3e (exact)	UniProtKB:P07766	UniProtKB:P22646	IUPHARobj:2742	HGNC:1674	CD3E
CL:0002455	CD8-alpha-negative plasmacytoid dendritic cell	CL:4030046	lacks_plasma_membrane_part	negative	False	PR:000001024	neural cell adhesion molecule 1	CD56 (exact)	UniProtKB:P13591	UniProtKB:P13595	IUPHARobj:2769	HGNC:7656	NCAM1
CL:0002455	CD8-alpha-negative plasmacytoid dendritic cell	CL:4030046	lacks_plasma_membrane_part	negative	True	PR:000001084	T-cell surface glycoprotein CD8 alpha chain	CD8 (label); CD8A (exact); CD8a (exact)	UniProtKB:P01732	UniProtKB:P01731		HGNC:1706	CD8A
CL:0002455	CD8-alpha-negative plasmacytoid dendritic cell	CL:4030046	lacks_plasma_membrane_part	negative	False	PR:000001289	membrane-spanning 4-domains subfamily A member 1	CD20 (exact)	UniProtKB:P11836	UniProtKB:P19437	PIRSF:PIRSF001995; IUPHARobj:2628	HGNC:7315	MS4A1
CL:0002455	CD8-alpha-negative plasmacytoid dendritic cell	RO:0002104	has plasma membrane part	positive	True	PR:000001004	CD4 molecule	CD4 (label)	UniProtKB:P01730	UniProtKB:P06332	PIRSF:PIRSF001977	HGNC:1678	CD4
CL:0002455	CD8-alpha-negative plasmacytoid dendritic cell	RO:0002104	has plasma membrane part	positive	False	PR:000001006	receptor-type tyrosine-protein phosphatase C	CD45 (related)	UniProtKB:P08575	UniProtKB:P06800	IUPHARobj:1852; PIRSF:PIRSF002004	HGNC:9666	PTPRC
CL:0002455	CD8-alpha-negative plasmacytoid dendritic cell	RO:0002104	has plasma membrane part	positive	False	PR:000001014	receptor-type tyrosine-protein phosphatase C isoform CD45RABC	CD45R (related); CD45RABC (label)	UniProtKB:P08575-3				
CL:0002455	CD8-alpha-negative plasmacytoid dendritic cell	RO:0002104	has plasma membrane part	positive	False	PR:000002978	lymphocyte antigen 6G			UniProtKB:P35461			
CL:0002456	CD8-alpha-positive plasmacytoid dendritic cell	RO:0015016	has low plasma membrane amount	low	False	PR:000001013	integrin alpha-X	CD11 (exact); CD11C (related); CD11c (exact)	UniProtKB:P20702	UniProtKB:Q9QXH4	IUPHARobj:2454	HGNC:6152	ITGAX
CL:0002456	CD8-alpha-positive plasmacytoid dendritic cell	CL:4030046	lacks_plasma_membrane_part	negative	False	PR:000001002	CD19 molecule	CD19 (label)	UniProtKB:P15391	UniProtKB:P25918	IUPHARobj:2764; PIRSF:PIRSF016630	HGNC:1633	CD19
CL:0002456	CD8-alpha-positive plasmacytoid dendritic cell	CL:4030046	lacks_plasma_membrane_part	negative	False	PR:000001003	CD34 molecule	CD34 (label)	UniProtKB:P28906	UniProtKB:Q64314	PIRSF:PIRSF028749	HGNC:1662	CD34
CL:0002456	CD8-alpha-positive plasmacytoid dendritic cell	CL:4030046	lacks_plasma_membrane_part	negative	False	PR:000001012	integrin alpha-M	CD11 (exact); CD11B (related); CD11b (exact)	UniProtKB:P11215	UniProtKB:P05555	IUPHARobj:2452	HGNC:6149	ITGAM
CL:0002456	CD8-alpha-positive plasmacytoid dendritic cell	CL:4030046	lacks_plasma_membrane_part	negative	False	PR:000001020	CD3 epsilon	CD3 (label); CD3E (exact); CD3e (exact)	UniProtKB:P07766	UniProtKB:P22646	IUPHARobj:2742	HGNC:1674	CD3E
CL:0002456	CD8-alpha-positive plasmacytoid dendritic cell	CL:4030046	lacks_plasma_membrane_part	negative	False	PR:000001024	neural cell adhesion molecule 1	CD56 (exact)	UniProtKB:P13591	UniProtKB:P13595	IUPHARobj:2769	HGNC:7656	NCAM1
CL:0002456	CD8-alpha-positive plasmacytoid dendritic cell	CL:4030046	lacks_plasma_membrane_part	negative	False	PR:000001289	membrane-spanning 4-domains subfamily A member 1	CD20 (exact)	UniProtKB:P11836	UniProtKB:P19437	PIRSF:PIRSF001995; IUPHARobj:2628	HGNC:7315	MS4A1
CL:0002456	CD8-alpha-positive plasmacytoid dendritic cell	RO:0002104	has plasma membrane part	positive	True	PR:000001004	CD4 molecule	CD4 (label)	UniProtKB:P01730	UniProtKB:P06332	PIRSF:PIRSF001977	HGNC:1678	CD4
CL:0002456	CD8-alpha-positive plasmacytoid dendritic cell	RO:0002104	has plasma membrane part	positive	False	PR:000001006	receptor-type tyrosine-protein phosphatase C	CD45 (related)	UniProtKB:P08575	UniProtKB:P06800	IUPHARobj:1852; PIRSF:PIRSF002004	HGNC:9666	PTPRC
CL:0002456	CD8-alpha-positive plasmacytoid dendritic cell	RO:0002104	has plasma membrane part	positive	False	PR:000001014	receptor-type tyrosine-protein phosphatase C isoform CD45RABC	CD45R (related); CD45RABC (label)	UniProtKB:P08575-3				
CL:0002456	CD8-alpha-positive plasmacytoid dendritic cell	RO:0002104	has plasma membrane part	positive	True	PR:000001084	T-cell surface glycoprotein CD8 alpha chain	CD8 (label); CD8A (exact); CD8a (exact)	UniProtKB:P01732	UniProtKB:P01731		HGNC:1706	CD8A
CL:0002456	CD8-alpha-positive plasmacytoid dendritic cell	RO:0002104	has plasma membrane part	positive	False	PR:000002978	lymphocyte antigen 6G			UniProtKB:P35461			
CL:0002457	epidermal Langerhans cell	RO:0015015	has high plasma membrane amount	high	False	PR:000001013	integrin alpha-X	CD11 (exact); CD11C (related); CD11c (exact)	UniProtKB:P20702	UniProtKB:Q9QXH4	IUPHARobj:2454	HGNC:6152	ITGAX
CL:0002457	epidermal Langerhans cell	CL:4030046	lacks_plasma_membrane_part	negative	False	PR:000001002	CD19 molecule	CD19 (label)	UniProtKB:P15391	UniProtKB:P25918	IUPHARobj:2764; PIRSF:PIRSF016630	HGNC:1633	CD19
CL:0002457	epidermal Langerhans cell	CL:4030046	lacks_plasma_membrane_part	negative	False	PR:000001003	CD34 molecule	CD34 (label)	UniProtKB:P28906	UniProtKB:Q64314	PIRSF:PIRSF028749	HGNC:1662	CD34
CL:0002457	epidermal Langerhans cell	CL:4030046	lacks_plasma_membrane_part	negative	False	PR:000001020	CD3 epsilon	CD3 (label); CD3E (exact); CD3e (exact)	UniProtKB:P07766	UniProtKB:P22646	IUPHARobj:2742	HGNC:1674	CD3E
CL:0002457	epidermal Langerhans cell	CL:4030046	lacks_plasma_membrane_part	negative	False	PR:000001024	neural cell adhesion molecule 1	CD56 (exact)	UniProtKB:P13591	UniProtKB:P13595	IUPHARobj:2769	HGNC:7656	NCAM1
CL:0002457	epidermal Langerhans cell	CL:4030046	lacks_plasma_membrane_part	negative	False	PR:000001289	membrane-spanning 4-domains subfamily A member 1	CD20 (exact)	UniProtKB:P11836	UniProtKB:P19437	PIRSF:PIRSF001995; IUPHARobj:2628	HGNC:7315	MS4A1
CL:0002457	epidermal Langerhans cell	RO:0002104	has plasma membrane part	positive	False	PR:000001006	receptor-type tyrosine-protein phosphatase C	CD45 (related)	UniProtKB:P08575	UniProtKB:P06800	IUPHARobj:1852; PIRSF:PIRSF002004	HGNC:9666	PTPRC
CL:0002457	epidermal Langerhans cell	RO:0002104	has plasma membrane part	positive	False	PR:000001012	integrin alpha-M	CD11 (exact); CD11B (related); CD11b (exact)	UniProtKB:P11215	UniProtKB:P05555	IUPHARobj:2452	HGNC:6149	ITGAM
CL:0002457	epidermal Langerhans cell	RO:0002104	has plasma membrane part	positive	True	PR:000001014	receptor-type tyrosine-protein phosphatase C isoform CD45RABC	CD45R (related); CD45RABC (label)	UniProtKB:P08575-3				
CL:0002457	epidermal Langerhans cell	RO:0002104	has plasma membrane part	positive	False	PR:000001293	C-type lectin domain family 4 member K	CD207 (exact)	UniProtKB:Q9UJ71	UniProtKB:Q8VBX4		HGNC:17935	CD207
CL:0002458	langerin-positive dermal dendritic cell	RO:0015015	has high plasma membrane amount	high	False	PR:000001013	integrin alpha-X	CD11 (exact); CD11C (related); CD11c (exact)	UniProtKB:P20702	UniProtKB:Q9QXH4	IUPHARobj:2454	HGNC:6152	ITGAX
CL:0002458	langerin-positive dermal dendritic cell	CL:4030046	lacks_plasma_membrane_part	negative	False	PR:000001002	CD19 molecule	CD19 (label)	UniProtKB:P15391	UniProtKB:P25918	IUPHARobj:2764; PIRSF:PIRSF016630	HGNC:1633	CD19
CL:0002458	langerin-positive dermal dendritic cell	CL:4030046	lacks_plasma_membrane_part	negative	False	PR:000001003	CD34 molecule	CD34 (label)	UniProtKB:P28906	UniProtKB:Q64314	PIRSF:PIRSF028749	HGNC:1662	CD34
CL:0002458	langerin-positive dermal dendritic cell	CL:4030046	lacks_plasma_membrane_part	negative	False	PR:000001020	CD3 epsilon	CD3 (label); CD3E (exact); CD3e (exact)	UniProtKB:P07766	UniProtKB:P22646	IUPHARobj:2742	HGNC:1674	CD3E
CL:0002458	langerin-positive dermal dendritic cell	CL:4030046	lacks_plasma_membrane_part	negative	False	PR:000001024	neural cell adhesion molecule 1	CD56 (exact)	UniProtKB:P13591	UniProtKB:P13595	IUPHARobj:2769	HGNC:7656	NCAM1
CL:0002458	langerin-positive dermal dendritic cell	CL:4030046	lacks_plasma_membrane_part	negative	False	PR:000001289	membrane-spanning 4-domains subfamily A member 1	CD20 (exact)	UniProtKB:P11836	UniProtKB:P19437	PIRSF:PIRSF001995; IUPHARobj:2628	HGNC:7315	MS4A1
CL:0002458	langerin-positive dermal dendritic cell	RO:0002104	has plasma membrane part	positive	False	PR:000001010	integrin alpha-E	CD103 (exact)	UniProtKB:P38570	UniProtKB:Q60677	IUPHARobj:2450	HGNC:6147	ITGAE
CL:0002458	langerin-positive dermal dendritic cell	RO:0002104	has plasma membrane part	positive	False	PR:000001012	integrin alpha-M	CD11 (exact); CD11B (related); CD11b (exact)	UniProtKB:P11215	UniProtKB:P05555	IUPHARobj:2452	HGNC:6149	ITGAM
CL:0002458	langerin-positive dermal dendritic cell	RO:0002104	has plasma membrane part	positive	False	PR:000001026	lymphocyte antigen 75	CD205 (exact)		UniProtKB:Q60767			
CL:0002458	langerin-positive dermal dendritic cell	RO:0002104	has plasma membrane part	positive	False	PR:000001084	T-cell surface glycoprotein CD8 alpha chain	CD8 (label); CD8A (exact); CD8a (exact)	UniProtKB:P01732	UniProtKB:P01731		HGNC:1706	CD8A
CL:0002459	langerin-negative dermal dendritic cell	RO:0015015	has high plasma membrane amount	high	False	PR:000001013	integrin alpha-X	CD11 (exact); CD11C (related); CD11c (exact)	UniProtKB:P20702	UniProtKB:Q9QXH4	IUPHARobj:2454	HGNC:6152	ITGAX
CL:0002459	langerin-negative dermal dendritic cell	CL:4030046	lacks_plasma_membrane_part	negative	False	PR:000001002	CD19 molecule	CD19 (label)	UniProtKB:P15391	UniProtKB:P25918	IUPHARobj:2764; PIRSF:PIRSF016630	HGNC:1633	CD19
CL:0002459	langerin-negative dermal dendritic cell	CL:4030046	lacks_plasma_membrane_part	negative	False	PR:000001003	CD34 molecule	CD34 (label)	UniProtKB:P28906	UniProtKB:Q64314	PIRSF:PIRSF028749	HGNC:1662	CD34
CL:0002459	langerin-negative dermal dendritic cell	CL:4030046	lacks_plasma_membrane_part	negative	True	PR:000001010	integrin alpha-E	CD103 (exact)	UniProtKB:P38570	UniProtKB:Q60677	IUPHARobj:2450	HGNC:6147	ITGAE
CL:0002459	langerin-negative dermal dendritic cell	CL:4030046	lacks_plasma_membrane_part	negative	False	PR:000001020	CD3 epsilon	CD3 (label); CD3E (exact); CD3e (exact)	UniProtKB:P07766	UniProtKB:P22646	IUPHARobj:2742	HGNC:1674	CD3E
CL:0002459	langerin-negative dermal dendritic cell	CL:4030046	lacks_plasma_membrane_part	negative	False	PR:000001024	neural cell adhesion molecule 1	CD56 (exact)	UniProtKB:P13591	UniProtKB:P13595	IUPHARobj:2769	HGNC:7656	NCAM1
CL:0002459	langerin-negative dermal dendritic cell	CL:4030046	lacks_plasma_membrane_part	negative	False	PR:000001289	membrane-spanning 4-domains subfamily A member 1	CD20 (exact)	UniProtKB:P11836	UniProtKB:P19437	PIRSF:PIRSF001995; IUPHARobj:2628	HGNC:7315	MS4A1
CL:0002459	langerin-negative dermal dendritic cell	RO:0002104	has plasma membrane part	positive	False	PR:000001012	integrin alpha-M	CD11 (exact); CD11B (related); CD11b (exact)	UniProtKB:P11215	UniProtKB:P05555	IUPHARobj:2452	HGNC:6149	ITGAM
CL:0002459	langerin-negative dermal dendritic cell	RO:0002104	has plasma membrane part	positive	False	PR:000001026	lymphocyte antigen 75	CD205 (exact)		UniProtKB:Q60767			
CL:0002459	langerin-negative dermal dendritic cell	RO:0002104	has plasma membrane part	positive	False	PR:000001084	T-cell surface glycoprotein CD8 alpha chain	CD8 (label); CD8A (exact); CD8a (exact)	UniProtKB:P01732	UniProtKB:P01731		HGNC:1706	CD8A
CL:0002460	CD8-alpha-negative thymic conventional dendritic cell	RO:0015015	has high plasma membrane amount	high	False	PR:000001013	integrin alpha-X	CD11 (exact); CD11C (related); CD11c (exact)	UniProtKB:P20702	UniProtKB:Q9QXH4	IUPHARobj:2454	HGNC:6152	ITGAX
CL:0002460	CD8-alpha-negative thymic conventional dendritic cell	CL:4030046	lacks_plasma_membrane_part	negative	False	PR:000001002	CD19 molecule	CD19 (label)	UniProtKB:P15391	UniProtKB:P25918	IUPHARobj:2764; PIRSF:PIRSF016630	HGNC:1633	CD19
CL:0002460	CD8-alpha-negative thymic conventional dendritic cell	CL:4030046	lacks_plasma_membrane_part	negative	False	PR:000001003	CD34 molecule	CD34 (label)	UniProtKB:P28906	UniProtKB:Q64314	PIRSF:PIRSF028749	HGNC:1662	CD34
CL:0002460	CD8-alpha-negative thymic conventional dendritic cell	CL:4030046	lacks_plasma_membrane_part	negative	False	PR:000001006	receptor-type tyrosine-protein phosphatase C	CD45 (related)	UniProtKB:P08575	UniProtKB:P06800	IUPHARobj:1852; PIRSF:PIRSF002004	HGNC:9666	PTPRC
CL:0002460	CD8-alpha-negative thymic conventional dendritic cell	CL:4030046	lacks_plasma_membrane_part	negative	False	PR:000001012	integrin alpha-M	CD11 (exact); CD11B (related); CD11b (exact)	UniProtKB:P11215	UniProtKB:P05555	IUPHARobj:2452	HGNC:6149	ITGAM
CL:0002460	CD8-alpha-negative thymic conventional dendritic cell	CL:4030046	lacks_plasma_membrane_part	negative	False	PR:000001015	receptor-type tyrosine-protein phosphatase C isoform CD45RA	CD45RA (label)	UniProtKB:P08575-8				
CL:0002460	CD8-alpha-negative thymic conventional dendritic cell	CL:4030046	lacks_plasma_membrane_part	negative	False	PR:000001020	CD3 epsilon	CD3 (label); CD3E (exact); CD3e (exact)	UniProtKB:P07766	UniProtKB:P22646	IUPHARobj:2742	HGNC:1674	CD3E
CL:0002460	CD8-alpha-negative thymic conventional dendritic cell	CL:4030046	lacks_plasma_membrane_part	negative	False	PR:000001024	neural cell adhesion molecule 1	CD56 (exact)	UniProtKB:P13591	UniProtKB:P13595	IUPHARobj:2769	HGNC:7656	NCAM1
CL:0002460	CD8-alpha-negative thymic conventional dendritic cell	CL:4030046	lacks_plasma_membrane_part	negative	True	PR:000001084	T-cell surface glycoprotein CD8 alpha chain	CD8 (label); CD8A (exact); CD8a (exact)	UniProtKB:P01732	UniProtKB:P01731		HGNC:1706	CD8A
CL:0002460	CD8-alpha-negative thymic conventional dendritic cell	CL:4030046	lacks_plasma_membrane_part	negative	False	PR:000001289	membrane-spanning 4-domains subfamily A member 1	CD20 (exact)	UniProtKB:P11836	UniProtKB:P19437	PIRSF:PIRSF001995; IUPHARobj:2628	HGNC:7315	MS4A1
CL:0002461	CD103-positive dendritic cell	RO:0015015	has high plasma membrane amount	high	False	PR:000001013	integrin alpha-X	CD11 (exact); CD11C (related); CD11c (exact)	UniProtKB:P20702	UniProtKB:Q9QXH4	IUPHARobj:2454	HGNC:6152	ITGAX
CL:0002461	CD103-positive dendritic cell	CL:4030046	lacks_plasma_membrane_part	negative	False	PR:000001002	CD19 molecule	CD19 (label)	UniProtKB:P15391	UniProtKB:P25918	IUPHARobj:2764; PIRSF:PIRSF016630	HGNC:1633	CD19
CL:0002461	CD103-positive dendritic cell	CL:4030046	lacks_plasma_membrane_part	negative	False	PR:000001003	CD34 molecule	CD34 (label)	UniProtKB:P28906	UniProtKB:Q64314	PIRSF:PIRSF028749	HGNC:1662	CD34
CL:0002461	CD103-positive dendritic cell	CL:4030046	lacks_plasma_membrane_part	negative	False	PR:000001020	CD3 epsilon	CD3 (label); CD3E (exact); CD3e (exact)	UniProtKB:P07766	UniProtKB:P22646	IUPHARobj:2742	HGNC:1674	CD3E
CL:0002461	CD103-positive dendritic cell	CL:4030046	lacks_plasma_membrane_part	negative	False	PR:000001024	neural cell adhesion molecule 1	CD56 (exact)	UniProtKB:P13591	UniProtKB:P13595	IUPHARobj:2769	HGNC:7656	NCAM1
CL:0002461	CD103-positive dendritic cell	CL:4030046	lacks_plasma_membrane_part	negative	False	PR:000001289	membrane-spanning 4-domains subfamily A member 1	CD20 (exact)	UniProtKB:P11836	UniProtKB:P19437	PIRSF:PIRSF001995; IUPHARobj:2628	HGNC:7315	MS4A1
CL:0002461	CD103-positive dendritic cell	RO:0002104	has plasma membrane part	positive	True	PR:000001010	integrin alpha-E	CD103 (exact)	UniProtKB:P38570	UniProtKB:Q60677	IUPHARobj:2450	HGNC:6147	ITGAE
CL:0002462	adipose dendritic cell	RO:0015015	has high plasma membrane amount	high	False	PR:000001013	integrin alpha-X	CD11 (exact); CD11C (related); CD11c (exact)	UniProtKB:P20702	UniProtKB:Q9QXH4	IUPHARobj:2454	HGNC:6152	ITGAX
CL:0002462	adipose dendritic cell	CL:4030046	lacks_plasma_membrane_part	negative	False	PR:000001002	CD19 molecule	CD19 (label)	UniProtKB:P15391	UniProtKB:P25918	IUPHARobj:2764; PIRSF:PIRSF016630	HGNC:1633	CD19
CL:0002462	adipose dendritic cell	CL:4030046	lacks_plasma_membrane_part	negative	False	PR:000001003	CD34 molecule	CD34 (label)	UniProtKB:P28906	UniProtKB:Q64314	PIRSF:PIRSF028749	HGNC:1662	CD34
CL:0002462	adipose dendritic cell	CL:4030046	lacks_plasma_membrane_part	negative	False	PR:000001020	CD3 epsilon	CD3 (label); CD3E (exact); CD3e (exact)	UniProtKB:P07766	UniProtKB:P22646	IUPHARobj:2742	HGNC:1674	CD3E
CL:0002462	adipose dendritic cell	CL:4030046	lacks_plasma_membrane_part	negative	False	PR:000001024	neural cell adhesion molecule 1	CD56 (exact)	UniProtKB:P13591	UniProtKB:P13595	IUPHARobj:2769	HGNC:7656	NCAM1
CL:0002462	adipose dendritic cell	CL:4030046	lacks_plasma_membrane_part	negative	False	PR:000001289	membrane-spanning 4-domains subfamily A member 1	CD20 (exact)	UniProtKB:P11836	UniProtKB:P19437	PIRSF:PIRSF001995; IUPHARobj:2628	HGNC:7315	MS4A1
CL:0002462	adipose dendritic cell	CL:4030046	lacks_plasma_membrane_part	negative	True	PR:000001813	adhesion G protein-coupled receptor E1		UniProtKB:Q14246	UniProtKB:Q61549	IUPHARobj:182; PIRSF:PIRSF038685	HGNC:3336	ADGRE1
CL:0002463	SIRPa-positive adipose dendritic cell	RO:0015015	has high plasma membrane amount	high	False	PR:000001013	integrin alpha-X	CD11 (exact); CD11C (related); CD11c (exact)	UniProtKB:P20702	UniProtKB:Q9QXH4	IUPHARobj:2454	HGNC:6152	ITGAX
CL:0002463	SIRPa-positive adipose dendritic cell	CL:4030046	lacks_plasma_membrane_part	negative	False	PR:000001002	CD19 molecule	CD19 (label)	UniProtKB:P15391	UniProtKB:P25918	IUPHARobj:2764; PIRSF:PIRSF016630	HGNC:1633	CD19
CL:0002463	SIRPa-positive adipose dendritic cell	CL:4030046	lacks_plasma_membrane_part	negative	False	PR:000001003	CD34 molecule	CD34 (label)	UniProtKB:P28906	UniProtKB:Q64314	PIRSF:PIRSF028749	HGNC:1662	CD34
CL:0002463	SIRPa-positive adipose dendritic cell	CL:4030046	lacks_plasma_membrane_part	negative	False	PR:000001020	CD3 epsilon	CD3 (label); CD3E (exact); CD3e (exact)	UniProtKB:P07766	UniProtKB:P22646	IUPHARobj:2742	HGNC:1674	CD3E
CL:0002463	SIRPa-positive adipose dendritic cell	CL:4030046	lacks_plasma_membrane_part	negative	False	PR:000001024	neural cell adhesion molecule 1	CD56 (exact)	UniProtKB:P13591	UniProtKB:P13595	IUPHARobj:2769	HGNC:7656	NCAM1
CL:0002463	SIRPa-positive adipose dendritic cell	CL:4030046	lacks_plasma_membrane_part	negative	False	PR:000001289	membrane-spanning 4-domains subfamily A member 1	CD20 (exact)	UniProtKB:P11836	UniProtKB:P19437	PIRSF:PIRSF001995; IUPHARobj:2628	HGNC:7315	MS4A1
CL:0002463	SIRPa-positive adipose dendritic cell	CL:4030046	lacks_plasma_membrane_part	negative	False	PR:000001813	adhesion G protein-coupled receptor E1		UniProtKB:Q14246	UniProtKB:Q61549	IUPHARobj:182; PIRSF:PIRSF038685	HGNC:3336	ADGRE1
CL:0002463	SIRPa-positive adipose dendritic cell	RO:0002104	has plasma membrane part	positive	True	PR:000001968	tyrosine-protein phosphatase non-receptor type substrate 1	CD172 (exact); CD172a (exact)	UniProtKB:P78324	UniProtKB:P97797	IUPHARobj:2942	HGNC:9662	SIRPA
CL:0002464	SIRPa-negative adipose dendritic cell	RO:0015015	has high plasma membrane amount	high	False	PR:000001013	integrin alpha-X	CD11 (exact); CD11C (related); CD11c (exact)	UniProtKB:P20702	UniProtKB:Q9QXH4	IUPHARobj:2454	HGNC:6152	ITGAX
CL:0002464	SIRPa-negative adipose dendritic cell	CL:4030046	lacks_plasma_membrane_part	negative	False	PR:000001002	CD19 molecule	CD19 (label)	UniProtKB:P15391	UniProtKB:P25918	IUPHARobj:2764; PIRSF:PIRSF016630	HGNC:1633	CD19
CL:0002464	SIRPa-negative adipose dendritic cell	CL:4030046	lacks_plasma_membrane_part	negative	False	PR:000001003	CD34 molecule	CD34 (label)	UniProtKB:P28906	UniProtKB:Q64314	PIRSF:PIRSF028749	HGNC:1662	CD34
CL:0002464	SIRPa-negative adipose dendritic cell	CL:4030046	lacks_plasma_membrane_part	negative	False	PR:000001020	CD3 epsilon	CD3 (label); CD3E (exact); CD3e (exact)	UniProtKB:P07766	UniProtKB:P22646	IUPHARobj:2742	HGNC:1674	CD3E
CL:0002464	SIRPa-negative adipose dendritic cell	CL:4030046	lacks_plasma_membrane_part	negative	False	PR:000001024	neural cell adhesion molecule 1	CD56 (exact)	UniProtKB:P13591	UniProtKB:P13595	IUPHARobj:2769	HGNC:7656	NCAM1
CL:0002464	SIRPa-negative adipose dendritic cell	CL:4030046	lacks_plasma_membrane_part	negative	False	PR:000001289	membrane-spanning 4-domains subfamily A member 1	CD20 (exact)	UniProtKB:P11836	UniProtKB:P19437	PIRSF:PIRSF001995; IUPHARobj:2628	HGNC:7315	MS4A1
CL:0002464	SIRPa-negative adipose dendritic cell	CL:4030046	lacks_plasma_membrane_part	negative	False	PR:000001813	adhesion G protein-coupled receptor E1		UniProtKB:Q14246	UniProtKB:Q61549	IUPHARobj:182; PIRSF:PIRSF038685	HGNC:3336	ADGRE1
CL:0002464	SIRPa-negative adipose dendritic cell	CL:4030046	lacks_plasma_membrane_part	negative	True	PR:000001968	tyrosine-protein phosphatase non-receptor type substrate 1	CD172 (exact); CD172a (exact)	UniProtKB:P78324	UniProtKB:P97797	IUPHARobj:2942	HGNC:9662	SIRPA
CL:0002465	CD11b-positive dendritic cell	RO:0015015	has high plasma membrane amount	high	False	PR:000001013	integrin alpha-X	CD11 (exact); CD11C (related); CD11c (exact)	UniProtKB:P20702	UniProtKB:Q9QXH4	IUPHARobj:2454	HGNC:6152	ITGAX
CL:0002465	CD11b-positive dendritic cell	CL:4030046	lacks_plasma_membrane_part	negative	False	PR:000001002	CD19 molecule	CD19 (label)	UniProtKB:P15391	UniProtKB:P25918	IUPHARobj:2764; PIRSF:PIRSF016630	HGNC:1633	CD19
CL:0002465	CD11b-positive dendritic cell	CL:4030046	lacks_plasma_membrane_part	negative	False	PR:000001003	CD34 molecule	CD34 (label)	UniProtKB:P28906	UniProtKB:Q64314	PIRSF:PIRSF028749	HGNC:1662	CD34
CL:0002465	CD11b-positive dendritic cell	CL:4030046	lacks_plasma_membrane_part	negative	False	PR:000001020	CD3 epsilon	CD3 (label); CD3E (exact); CD3e (exact)	UniProtKB:P07766	UniProtKB:P22646	IUPHARobj:2742	HGNC:1674	CD3E
CL:0002465	CD11b-positive dendritic cell	CL:4030046	lacks_plasma_membrane_part	negative	False	PR:000001024	neural cell adhesion molecule 1	CD56 (exact)	UniProtKB:P13591	UniProtKB:P13595	IUPHARobj:2769	HGNC:7656	NCAM1
CL:0002465	CD11b-positive dendritic cell	CL:4030046	lacks_plasma_membrane_part	negative	False	PR:000001289	membrane-spanning 4-domains subfamily A member 1	CD20 (exact)	UniProtKB:P11836	UniProtKB:P19437	PIRSF:PIRSF001995; IUPHARobj:2628	HGNC:7315	MS4A1
CL:0002465	CD11b-positive dendritic cell	RO:0002104	has plasma membrane part	positive	True	PR:000001012	integrin alpha-M	CD11 (exact); CD11B (related); CD11b (exact)	UniProtKB:P11215	UniProtKB:P05555	IUPHARobj:2452	HGNC:6149	ITGAM
CL:0002466	small intestine serosal dendritic cell	RO:0015015	has high plasma membrane amount	high	False	PR:000001013	integrin alpha-X	CD11 (exact); CD11C (related); CD11c (exact)	UniProtKB:P20702	UniProtKB:Q9QXH4	IUPHARobj:2454	HGNC:6152	ITGAX
CL:0002466	small intestine serosal dendritic cell	RO:0015016	has low plasma membrane amount	low	True	PR:000001013	integrin alpha-X	CD11 (exact); CD11C (related); CD11c (exact)	UniProtKB:P20702	UniProtKB:Q9QXH4	IUPHARobj:2454	HGNC:6152	ITGAX
CL:0002466	small intestine serosal dendritic cell	CL:4030046	lacks_plasma_membrane_part	negative	False	PR:000001002	CD19 molecule	CD19 (label)	UniProtKB:P15391	UniProtKB:P25918	IUPHARobj:2764; PIRSF:PIRSF016630	HGNC:1633	CD19
CL:0002466	small intestine serosal dendritic cell	CL:4030046	lacks_plasma_membrane_part	negative	False	PR:000001003	CD34 molecule	CD34 (label)	UniProtKB:P28906	UniProtKB:Q64314	PIRSF:PIRSF028749	HGNC:1662	CD34
CL:0002466	small intestine serosal dendritic cell	CL:4030046	lacks_plasma_membrane_part	negative	True	PR:000001010	integrin alpha-E	CD103 (exact)	UniProtKB:P38570	UniProtKB:Q60677	IUPHARobj:2450	HGNC:6147	ITGAE
CL:0002466	small intestine serosal dendritic cell	CL:4030046	lacks_plasma_membrane_part	negative	False	PR:000001020	CD3 epsilon	CD3 (label); CD3E (exact); CD3e (exact)	UniProtKB:P07766	UniProtKB:P22646	IUPHARobj:2742	HGNC:1674	CD3E
CL:0002466	small intestine serosal dendritic cell	CL:4030046	lacks_plasma_membrane_part	negative	False	PR:000001024	neural cell adhesion molecule 1	CD56 (exact)	UniProtKB:P13591	UniProtKB:P13595	IUPHARobj:2769	HGNC:7656	NCAM1
CL:0002466	small intestine serosal dendritic cell	CL:4030046	lacks_plasma_membrane_part	negative	False	PR:000001289	membrane-spanning 4-domains subfamily A member 1	CD20 (exact)	UniProtKB:P11836	UniProtKB:P19437	PIRSF:PIRSF001995; IUPHARobj:2628	HGNC:7315	MS4A1
CL:0002466	small intestine serosal dendritic cell	RO:0002104	has plasma membrane part	positive	True	PR:000001006	receptor-type tyrosine-protein phosphatase C	CD45 (related)	UniProtKB:P08575	UniProtKB:P06800	IUPHARobj:1852; PIRSF:PIRSF002004	HGNC:9666	PTPRC
CL:0002466	small intestine serosal dendritic cell	RO:0002104	has plasma membrane part	positive	False	PR:000001012	integrin alpha-M	CD11 (exact); CD11B (related); CD11b (exact)	UniProtKB:P11215	UniProtKB:P05555	IUPHARobj:2452	HGNC:6149	ITGAM
CL:0002467	Gr1-high myeloid suppressor cell	RO:0015015	has high plasma membrane amount	high	True	PR:000002980	lymphocyte antigen 6C2			UniProtKB:P0CW03			
CL:0002467	Gr1-high myeloid suppressor cell	CL:4030046	lacks_plasma_membrane_part	negative	True	PR:000001013	integrin alpha-X	CD11 (exact); CD11C (related); CD11c (exact)	UniProtKB:P20702	UniProtKB:Q9QXH4	IUPHARobj:2454	HGNC:6152	ITGAX
CL:0002467	Gr1-high myeloid suppressor cell	RO:0002104	has plasma membrane part	positive	False	PR:000001006	receptor-type tyrosine-protein phosphatase C	CD45 (related)	UniProtKB:P08575	UniProtKB:P06800	IUPHARobj:1852; PIRSF:PIRSF002004	HGNC:9666	PTPRC
CL:0002467	Gr1-high myeloid suppressor cell	RO:0002104	has plasma membrane part	positive	False	PR:000001012	integrin alpha-M	CD11 (exact); CD11B (related); CD11b (exact)	UniProtKB:P11215	UniProtKB:P05555	IUPHARobj:2452	HGNC:6149	ITGAM
CL:0002468	Gr1-low myeloid suppressor cell	RO:0015016	has low plasma membrane amount	low	True	PR:000002980	lymphocyte antigen 6C2			UniProtKB:P0CW03			
CL:0002468	Gr1-low myeloid suppressor cell	RO:0002104	has plasma membrane part	positive	False	PR:000001006	receptor-type tyrosine-protein phosphatase C	CD45 (related)	UniProtKB:P08575	UniProtKB:P06800	IUPHARobj:1852; PIRSF:PIRSF002004	HGNC:9666	PTPRC
CL:0002468	Gr1-low myeloid suppressor cell	RO:0002104	has plasma membrane part	positive	False	PR:000001012	integrin alpha-M	CD11 (exact); CD11B (related); CD11b (exact)	UniProtKB:P11215	UniProtKB:P05555	IUPHARobj:2452	HGNC:6149	ITGAM
CL:0002468	Gr1-low myeloid suppressor cell	RO:0002104	has plasma membrane part	positive	True	PR:000001013	integrin alpha-X	CD11 (exact); CD11C (related); CD11c (exact)	UniProtKB:P20702	UniProtKB:Q9QXH4	IUPHARobj:2454	HGNC:6152	ITGAX
CL:0002469	MHC-II-negative classical monocyte	RO:0015015	has high plasma membrane amount	high	False	PR:000001199	C-C chemokine receptor type 2	CD192 (exact)	UniProtKB:P41597	UniProtKB:P51683	IUPHARobj:59	HGNC:1603	CCR2
CL:0002469	MHC-II-negative classical monocyte	RO:0015015	has high plasma membrane amount	high	False	PR:000002980	lymphocyte antigen 6C2			UniProtKB:P0CW03			
CL:0002469	MHC-II-negative classical monocyte	CL:4030046	lacks_plasma_membrane_part	negative	False	PR:000001002	CD19 molecule	CD19 (label)	UniProtKB:P15391	UniProtKB:P25918	IUPHARobj:2764; PIRSF:PIRSF016630	HGNC:1633	CD19
CL:0002469	MHC-II-negative classical monocyte	CL:4030046	lacks_plasma_membrane_part	negative	False	PR:000001006	receptor-type tyrosine-protein phosphatase C	CD45 (related)	UniProtKB:P08575	UniProtKB:P06800	IUPHARobj:1852; PIRSF:PIRSF002004	HGNC:9666	PTPRC
CL:0002469	MHC-II-negative classical monocyte	CL:4030046	lacks_plasma_membrane_part	negative	False	PR:000001014	receptor-type tyrosine-protein phosphatase C isoform CD45RABC	CD45R (related); CD45RABC (label)	UniProtKB:P08575-3				
CL:0002469	MHC-II-negative classical monocyte	CL:4030046	lacks_plasma_membrane_part	negative	False	PR:000001020	CD3 epsilon	CD3 (label); CD3E (exact); CD3e (exact)	UniProtKB:P07766	UniProtKB:P22646	IUPHARobj:2742	HGNC:1674	CD3E
CL:0002469	MHC-II-negative classical monocyte	CL:4030046	lacks_plasma_membrane_part	negative	False	PR:000001206	CX3C chemokine receptor 1		UniProtKB:P49238	UniProtKB:Q9Z0D9	IUPHARobj:74; PIRSF:PIRSF501025	HGNC:2558	CX3CR1
CL:0002469	MHC-II-negative classical monocyte	CL:4030046	lacks_plasma_membrane_part	negative	False	PR:000001289	membrane-spanning 4-domains subfamily A member 1	CD20 (exact)	UniProtKB:P11836	UniProtKB:P19437	PIRSF:PIRSF001995; IUPHARobj:2628	HGNC:7315	MS4A1
CL:0002469	MHC-II-negative classical monocyte	CL:4030046	lacks_plasma_membrane_part	negative	False	PR:000001879	leukosialin	CD43 (related)	UniProtKB:P16150	UniProtKB:P15702	PIRSF:PIRSF001994	HGNC:11249	SPN
CL:0002469	MHC-II-negative classical monocyte	RO:0002104	has plasma membrane part	positive	False	PR:000001012	integrin alpha-M	CD11 (exact); CD11B (related); CD11b (exact)	UniProtKB:P11215	UniProtKB:P05555	IUPHARobj:2452	HGNC:6149	ITGAM
CL:0002469	MHC-II-negative classical monocyte	RO:0002104	has plasma membrane part	positive	False	PR:000002062	macrophage colony-stimulating factor 1 receptor	CD115 (exact)	UniProtKB:P07333	UniProtKB:P09581	IUPHARobj:1806; PIRSF:PIRSF500947	HGNC:2433	CSF1R
CL:0002470	MHC-II-positive classical monocyte	RO:0015015	has high plasma membrane amount	high	False	PR:000001199	C-C chemokine receptor type 2	CD192 (exact)	UniProtKB:P41597	UniProtKB:P51683	IUPHARobj:59	HGNC:1603	CCR2
CL:0002470	MHC-II-positive classical monocyte	RO:0015015	has high plasma membrane amount	high	False	PR:000002980	lymphocyte antigen 6C2			UniProtKB:P0CW03			
CL:0002470	MHC-II-positive classical monocyte	CL:4030046	lacks_plasma_membrane_part	negative	False	PR:000001002	CD19 molecule	CD19 (label)	UniProtKB:P15391	UniProtKB:P25918	IUPHARobj:2764; PIRSF:PIRSF016630	HGNC:1633	CD19
CL:0002470	MHC-II-positive classical monocyte	CL:4030046	lacks_plasma_membrane_part	negative	False	PR:000001006	receptor-type tyrosine-protein phosphatase C	CD45 (related)	UniProtKB:P08575	UniProtKB:P06800	IUPHARobj:1852; PIRSF:PIRSF002004	HGNC:9666	PTPRC
CL:0002470	MHC-II-positive classical monocyte	CL:4030046	lacks_plasma_membrane_part	negative	False	PR:000001014	receptor-type tyrosine-protein phosphatase C isoform CD45RABC	CD45R (related); CD45RABC (label)	UniProtKB:P08575-3				
CL:0002470	MHC-II-positive classical monocyte	CL:4030046	lacks_plasma_membrane_part	negative	False	PR:000001020	CD3 epsilon	CD3 (label); CD3E (exact); CD3e (exact)	UniProtKB:P07766	UniProtKB:P22646	IUPHARobj:2742	HGNC:1674	CD3E
CL:0002470	MHC-II-positive classical monocyte	CL:4030046	lacks_plasma_membrane_part	negative	False	PR:000001206	CX3C chemokine receptor 1		UniProtKB:P49238	UniProtKB:Q9Z0D9	IUPHARobj:74; PIRSF:PIRSF501025	HGNC:2558	CX3CR1
CL:0002470	MHC-II-positive classical monocyte	CL:4030046	lacks_plasma_membrane_part	negative	False	PR:000001289	membrane-spanning 4-domains subfamily A member 1	CD20 (exact)	UniProtKB:P11836	UniProtKB:P19437	PIRSF:PIRSF001995; IUPHARobj:2628	HGNC:7315	MS4A1
CL:0002470	MHC-II-positive classical monocyte	CL:4030046	lacks_plasma_membrane_part	negative	False	PR:000001879	leukosialin	CD43 (related)	UniProtKB:P16150	UniProtKB:P15702	PIRSF:PIRSF001994	HGNC:11249	SPN
CL:0002470	MHC-II-positive classical monocyte	RO:0002104	has plasma membrane part	positive	False	PR:000001012	integrin alpha-M	CD11 (exact); CD11B (related); CD11b (exact)	UniProtKB:P11215	UniProtKB:P05555	IUPHARobj:2452	HGNC:6149	ITGAM
CL:0002470	MHC-II-positive classical monocyte	RO:0002104	has plasma membrane part	positive	False	PR:000002062	macrophage colony-stimulating factor 1 receptor	CD115 (exact)	UniProtKB:P07333	UniProtKB:P09581	IUPHARobj:1806; PIRSF:PIRSF500947	HGNC:2433	CSF1R
CL:0002471	MHC-II-negative non-classical monocyte	RO:0015015	has high plasma membrane amount	high	False	PR:000001206	CX3C chemokine receptor 1		UniProtKB:P49238	UniProtKB:Q9Z0D9	IUPHARobj:74; PIRSF:PIRSF501025	HGNC:2558	CX3CR1
CL:0002471	MHC-II-negative non-classical monocyte	RO:0015016	has low plasma membrane amount	low	False	PR:000001199	C-C chemokine receptor type 2	CD192 (exact)	UniProtKB:P41597	UniProtKB:P51683	IUPHARobj:59	HGNC:1603	CCR2
CL:0002471	MHC-II-negative non-classical monocyte	RO:0015016	has low plasma membrane amount	low	False	PR:000002980	lymphocyte antigen 6C2			UniProtKB:P0CW03			
CL:0002471	MHC-II-negative non-classical monocyte	CL:4030046	lacks_plasma_membrane_part	negative	False	PR:000001002	CD19 molecule	CD19 (label)	UniProtKB:P15391	UniProtKB:P25918	IUPHARobj:2764; PIRSF:PIRSF016630	HGNC:1633	CD19
CL:0002471	MHC-II-negative non-classical monocyte	CL:4030046	lacks_plasma_membrane_part	negative	False	PR:000001006	receptor-type tyrosine-protein phosphatase C	CD45 (related)	UniProtKB:P08575	UniProtKB:P06800	IUPHARobj:1852; PIRSF:PIRSF002004	HGNC:9666	PTPRC
CL:0002471	MHC-II-negative non-classical monocyte	CL:4030046	lacks_plasma_membrane_part	negative	False	PR:000001014	receptor-type tyrosine-protein phosphatase C isoform CD45RABC	CD45R (related); CD45RABC (label)	UniProtKB:P08575-3				
CL:0002471	MHC-II-negative non-classical monocyte	CL:4030046	lacks_plasma_membrane_part	negative	False	PR:000001020	CD3 epsilon	CD3 (label); CD3E (exact); CD3e (exact)	UniProtKB:P07766	UniProtKB:P22646	IUPHARobj:2742	HGNC:1674	CD3E
CL:0002471	MHC-II-negative non-classical monocyte	CL:4030046	lacks_plasma_membrane_part	negative	False	PR:000001199	C-C chemokine receptor type 2	CD192 (exact)	UniProtKB:P41597	UniProtKB:P51683	IUPHARobj:59	HGNC:1603	CCR2
CL:0002471	MHC-II-negative non-classical monocyte	CL:4030046	lacks_plasma_membrane_part	negative	False	PR:000001289	membrane-spanning 4-domains subfamily A member 1	CD20 (exact)	UniProtKB:P11836	UniProtKB:P19437	PIRSF:PIRSF001995; IUPHARobj:2628	HGNC:7315	MS4A1
CL:0002471	MHC-II-negative non-classical monocyte	RO:0002104	has plasma membrane part	positive	False	PR:000001012	integrin alpha-M	CD11 (exact); CD11B (related); CD11b (exact)	UniProtKB:P11215	UniProtKB:P05555	IUPHARobj:2452	HGNC:6149	ITGAM
CL:0002471	MHC-II-negative non-classical monocyte	RO:0002104	has plasma membrane part	positive	False	PR:000001879	leukosialin	CD43 (related)	UniProtKB:P16150	UniProtKB:P15702	PIRSF:PIRSF001994	HGNC:11249	SPN
CL:0002471	MHC-II-negative non-classical monocyte	RO:0002104	has plasma membrane part	positive	False	PR:000002062	macrophage colony-stimulating factor 1 receptor	CD115 (exact)	UniProtKB:P07333	UniProtKB:P09581	IUPHARobj:1806; PIRSF:PIRSF500947	HGNC:2433	CSF1R
CL:0002472	MHC-II-low non-classical monocyte	RO:0015015	has high plasma membrane amount	high	False	PR:000001206	CX3C chemokine receptor 1		UniProtKB:P49238	UniProtKB:Q9Z0D9	IUPHARobj:74; PIRSF:PIRSF501025	HGNC:2558	CX3CR1
CL:0002472	MHC-II-low non-classical monocyte	RO:0015016	has low plasma membrane amount	low	False	PR:000001199	C-C chemokine receptor type 2	CD192 (exact)	UniProtKB:P41597	UniProtKB:P51683	IUPHARobj:59	HGNC:1603	CCR2
CL:0002472	MHC-II-low non-classical monocyte	RO:0015016	has low plasma membrane amount	low	False	PR:000002980	lymphocyte antigen 6C2			UniProtKB:P0CW03			
CL:0002472	MHC-II-low non-classical monocyte	CL:4030046	lacks_plasma_membrane_part	negative	False	PR:000001002	CD19 molecule	CD19 (label)	UniProtKB:P15391	UniProtKB:P25918	IUPHARobj:2764; PIRSF:PIRSF016630	HGNC:1633	CD19
CL:0002472	MHC-II-low non-classical monocyte	CL:4030046	lacks_plasma_membrane_part	negative	False	PR:000001006	receptor-type tyrosine-protein phosphatase C	CD45 (related)	UniProtKB:P08575	UniProtKB:P06800	IUPHARobj:1852; PIRSF:PIRSF002004	HGNC:9666	PTPRC
CL:0002472	MHC-II-low non-classical monocyte	CL:4030046	lacks_plasma_membrane_part	negative	False	PR:000001014	receptor-type tyrosine-protein phosphatase C isoform CD45RABC	CD45R (related); CD45RABC (label)	UniProtKB:P08575-3				
CL:0002472	MHC-II-low non-classical monocyte	CL:4030046	lacks_plasma_membrane_part	negative	False	PR:000001020	CD3 epsilon	CD3 (label); CD3E (exact); CD3e (exact)	UniProtKB:P07766	UniProtKB:P22646	IUPHARobj:2742	HGNC:1674	CD3E
CL:0002472	MHC-II-low non-classical monocyte	CL:4030046	lacks_plasma_membrane_part	negative	False	PR:000001199	C-C chemokine receptor type 2	CD192 (exact)	UniProtKB:P41597	UniProtKB:P51683	IUPHARobj:59	HGNC:1603	CCR2
CL:0002472	MHC-II-low non-classical monocyte	CL:4030046	lacks_plasma_membrane_part	negative	False	PR:000001289	membrane-spanning 4-domains subfamily A member 1	CD20 (exact)	UniProtKB:P11836	UniProtKB:P19437	PIRSF:PIRSF001995; IUPHARobj:2628	HGNC:7315	MS4A1
CL:0002472	MHC-II-low non-classical monocyte	RO:0002104	has plasma membrane part	positive	False	PR:000001012	integrin alpha-M	CD11 (exact); CD11B (related); CD11b (exact)	UniProtKB:P11215	UniProtKB:P05555	IUPHARobj:2452	HGNC:6149	ITGAM
CL:0002472	MHC-II-low non-classical monocyte	RO:0002104	has plasma membrane part	positive	False	PR:000001879	leukosialin	CD43 (related)	UniProtKB:P16150	UniProtKB:P15702	PIRSF:PIRSF001994	HGNC:11249	SPN
CL:0002472	MHC-II-low non-classical monocyte	RO:0002104	has plasma membrane part	positive	False	PR:000002062	macrophage colony-stimulating factor 1 receptor	CD115 (exact)	UniProtKB:P07333	UniProtKB:P09581	IUPHARobj:1806; PIRSF:PIRSF500947	HGNC:2433	CSF1R
CL:0002473	MHC-II-high non-classical monocyte	RO:0015015	has high plasma membrane amount	high	False	PR:000001206	CX3C chemokine receptor 1		UniProtKB:P49238	UniProtKB:Q9Z0D9	IUPHARobj:74; PIRSF:PIRSF501025	HGNC:2558	CX3CR1
CL:0002473	MHC-II-high non-classical monocyte	RO:0015016	has low plasma membrane amount	low	False	PR:000001199	C-C chemokine receptor type 2	CD192 (exact)	UniProtKB:P41597	UniProtKB:P51683	IUPHARobj:59	HGNC:1603	CCR2
CL:0002473	MHC-II-high non-classical monocyte	RO:0015016	has low plasma membrane amount	low	False	PR:000002980	lymphocyte antigen 6C2			UniProtKB:P0CW03			
CL:0002473	MHC-II-high non-classical monocyte	CL:4030046	lacks_plasma_membrane_part	negative	False	PR:000001002	CD19 molecule	CD19 (label)	UniProtKB:P15391	UniProtKB:P25918	IUPHARobj:2764; PIRSF:PIRSF016630	HGNC:1633	CD19
CL:0002473	MHC-II-high non-classical monocyte	CL:4030046	lacks_plasma_membrane_part	negative	False	PR:000001006	receptor-type tyrosine-protein phosphatase C	CD45 (related)	UniProtKB:P08575	UniProtKB:P06800	IUPHARobj:1852; PIRSF:PIRSF002004	HGNC:9666	PTPRC
CL:0002473	MHC-II-high non-classical monocyte	CL:4030046	lacks_plasma_membrane_part	negative	False	PR:000001014	receptor-type tyrosine-protein phosphatase C isoform CD45RABC	CD45R (related); CD45RABC (label)	UniProtKB:P08575-3				
CL:0002473	MHC-II-high non-classical monocyte	CL:4030046	lacks_plasma_membrane_part	negative	False	PR:000001020	CD3 epsilon	CD3 (label); CD3E (exact); CD3e (exact)	UniProtKB:P07766	UniProtKB:P22646	IUPHARobj:2742	HGNC:1674	CD3E
CL:0002473	MHC-II-high non-classical monocyte	CL:4030046	lacks_plasma_membrane_part	negative	False	PR:000001199	C-C chemokine receptor type 2	CD192 (exact)	UniProtKB:P41597	UniProtKB:P51683	IUPHARobj:59	HGNC:1603	CCR2
CL:0002473	MHC-II-high non-classical monocyte	CL:4030046	lacks_plasma_membrane_part	negative	False	PR:000001289	membrane-spanning 4-domains subfamily A member 1	CD20 (exact)	UniProtKB:P11836	UniProtKB:P19437	PIRSF:PIRSF001995; IUPHARobj:2628	HGNC:7315	MS4A1
CL:0002473	MHC-II-high non-classical monocyte	RO:0002104	has plasma membrane part	positive	False	PR:000001012	integrin alpha-M	CD11 (exact); CD11B (related); CD11b (exact)	UniProtKB:P11215	UniProtKB:P05555	IUPHARobj:2452	HGNC:6149	ITGAM
CL:0002473	MHC-II-high non-classical monocyte	RO:0002104	has plasma membrane part	positive	False	PR:000001879	leukosialin	CD43 (related)	UniProtKB:P16150	UniProtKB:P15702	PIRSF:PIRSF001994	HGNC:11249	SPN
CL:0002473	MHC-II-high non-classical monocyte	RO:0002104	has plasma membrane part	positive	False	PR:000002062	macrophage colony-stimulating factor 1 receptor	CD115 (exact)	UniProtKB:P07333	UniProtKB:P09581	IUPHARobj:1806; PIRSF:PIRSF500947	HGNC:2433	CSF1R
CL:0002474	lymphoid MHC-II-negative classical monocyte	RO:0015015	has high plasma membrane amount	high	True	PR:000001012	integrin alpha-M	CD11 (exact); CD11B (related); CD11b (exact)	UniProtKB:P11215	UniProtKB:P05555	IUPHARobj:2452	HGNC:6149	ITGAM
CL:0002474	lymphoid MHC-II-negative classical monocyte	RO:0015015	has high plasma membrane amount	high	False	PR:000001199	C-C chemokine receptor type 2	CD192 (exact)	UniProtKB:P41597	UniProtKB:P51683	IUPHARobj:59	HGNC:1603	CCR2
CL:0002474	lymphoid MHC-II-negative classical monocyte	RO:0015015	has high plasma membrane amount	high	False	PR:000002980	lymphocyte antigen 6C2			UniProtKB:P0CW03			
CL:0002474	lymphoid MHC-II-negative classical monocyte	CL:4030046	lacks_plasma_membrane_part	negative	False	PR:000001002	CD19 molecule	CD19 (label)	UniProtKB:P15391	UniProtKB:P25918	IUPHARobj:2764; PIRSF:PIRSF016630	HGNC:1633	CD19
CL:0002474	lymphoid MHC-II-negative classical monocyte	CL:4030046	lacks_plasma_membrane_part	negative	False	PR:000001006	receptor-type tyrosine-protein phosphatase C	CD45 (related)	UniProtKB:P08575	UniProtKB:P06800	IUPHARobj:1852; PIRSF:PIRSF002004	HGNC:9666	PTPRC
CL:0002474	lymphoid MHC-II-negative classical monocyte	CL:4030046	lacks_plasma_membrane_part	negative	True	PR:000001013	integrin alpha-X	CD11 (exact); CD11C (related); CD11c (exact)	UniProtKB:P20702	UniProtKB:Q9QXH4	IUPHARobj:2454	HGNC:6152	ITGAX
CL:0002474	lymphoid MHC-II-negative classical monocyte	CL:4030046	lacks_plasma_membrane_part	negative	False	PR:000001014	receptor-type tyrosine-protein phosphatase C isoform CD45RABC	CD45R (related); CD45RABC (label)	UniProtKB:P08575-3				
CL:0002474	lymphoid MHC-II-negative classical monocyte	CL:4030046	lacks_plasma_membrane_part	negative	False	PR:000001020	CD3 epsilon	CD3 (label); CD3E (exact); CD3e (exact)	UniProtKB:P07766	UniProtKB:P22646	IUPHARobj:2742	HGNC:1674	CD3E
CL:0002474	lymphoid MHC-II-negative classical monocyte	CL:4030046	lacks_plasma_membrane_part	negative	False	PR:000001206	CX3C chemokine receptor 1		UniProtKB:P49238	UniProtKB:Q9Z0D9	IUPHARobj:74; PIRSF:PIRSF501025	HGNC:2558	CX3CR1
CL:0002474	lymphoid MHC-II-negative classical monocyte	CL:4030046	lacks_plasma_membrane_part	negative	False	PR:000001289	membrane-spanning 4-domains subfamily A member 1	CD20 (exact)	UniProtKB:P11836	UniProtKB:P19437	PIRSF:PIRSF001995; IUPHARobj:2628	HGNC:7315	MS4A1
CL:0002474	lymphoid MHC-II-negative classical monocyte	CL:4030046	lacks_plasma_membrane_part	negative	False	PR:000001879	leukosialin	CD43 (related)	UniProtKB:P16150	UniProtKB:P15702	PIRSF:PIRSF001994	HGNC:11249	SPN
CL:0002474	lymphoid MHC-II-negative classical monocyte	RO:0002104	has plasma membrane part	positive	True	PR:000001813	adhesion G protein-coupled receptor E1		UniProtKB:Q14246	UniProtKB:Q61549	IUPHARobj:182; PIRSF:PIRSF038685	HGNC:3336	ADGRE1
CL:0002474	lymphoid MHC-II-negative classical monocyte	RO:0002104	has plasma membrane part	positive	False	PR:000002062	macrophage colony-stimulating factor 1 receptor	CD115 (exact)	UniProtKB:P07333	UniProtKB:P09581	IUPHARobj:1806; PIRSF:PIRSF500947	HGNC:2433	CSF1R
CL:0002475	lymphoid MHC-II-negative non-classical monocyte	RO:0015015	has high plasma membrane amount	high	True	PR:000001012	integrin alpha-M	CD11 (exact); CD11B (related); CD11b (exact)	UniProtKB:P11215	UniProtKB:P05555	IUPHARobj:2452	HGNC:6149	ITGAM
CL:0002475	lymphoid MHC-II-negative non-classical monocyte	RO:0015015	has high plasma membrane amount	high	False	PR:000001206	CX3C chemokine receptor 1		UniProtKB:P49238	UniProtKB:Q9Z0D9	IUPHARobj:74; PIRSF:PIRSF501025	HGNC:2558	CX3CR1
CL:0002475	lymphoid MHC-II-negative non-classical monocyte	RO:0015016	has low plasma membrane amount	low	False	PR:000001199	C-C chemokine receptor type 2	CD192 (exact)	UniProtKB:P41597	UniProtKB:P51683	IUPHARobj:59	HGNC:1603	CCR2
CL:0002475	lymphoid MHC-II-negative non-classical monocyte	RO:0015016	has low plasma membrane amount	low	False	PR:000002980	lymphocyte antigen 6C2			UniProtKB:P0CW03			
CL:0002475	lymphoid MHC-II-negative non-classical monocyte	CL:4030046	lacks_plasma_membrane_part	negative	False	PR:000001002	CD19 molecule	CD19 (label)	UniProtKB:P15391	UniProtKB:P25918	IUPHARobj:2764; PIRSF:PIRSF016630	HGNC:1633	CD19
CL:0002475	lymphoid MHC-II-negative non-classical monocyte	CL:4030046	lacks_plasma_membrane_part	negative	False	PR:000001006	receptor-type tyrosine-protein phosphatase C	CD45 (related)	UniProtKB:P08575	UniProtKB:P06800	IUPHARobj:1852; PIRSF:PIRSF002004	HGNC:9666	PTPRC
CL:0002475	lymphoid MHC-II-negative non-classical monocyte	CL:4030046	lacks_plasma_membrane_part	negative	False	PR:000001014	receptor-type tyrosine-protein phosphatase C isoform CD45RABC	CD45R (related); CD45RABC (label)	UniProtKB:P08575-3				
CL:0002475	lymphoid MHC-II-negative non-classical monocyte	CL:4030046	lacks_plasma_membrane_part	negative	False	PR:000001020	CD3 epsilon	CD3 (label); CD3E (exact); CD3e (exact)	UniProtKB:P07766	UniProtKB:P22646	IUPHARobj:2742	HGNC:1674	CD3E
CL:0002475	lymphoid MHC-II-negative non-classical monocyte	CL:4030046	lacks_plasma_membrane_part	negative	False	PR:000001199	C-C chemokine receptor type 2	CD192 (exact)	UniProtKB:P41597	UniProtKB:P51683	IUPHARobj:59	HGNC:1603	CCR2
CL:0002475	lymphoid MHC-II-negative non-classical monocyte	CL:4030046	lacks_plasma_membrane_part	negative	False	PR:000001289	membrane-spanning 4-domains subfamily A member 1	CD20 (exact)	UniProtKB:P11836	UniProtKB:P19437	PIRSF:PIRSF001995; IUPHARobj:2628	HGNC:7315	MS4A1
CL:0002475	lymphoid MHC-II-negative non-classical monocyte	RO:0002104	has plasma membrane part	positive	True	PR:000001013	integrin alpha-X	CD11 (exact); CD11C (related); CD11c (exact)	UniProtKB:P20702	UniProtKB:Q9QXH4	IUPHARobj:2454	HGNC:6152	ITGAX
CL:0002475	lymphoid MHC-II-negative non-classical monocyte	RO:0002104	has plasma membrane part	positive	True	PR:000001813	adhesion G protein-coupled receptor E1		UniProtKB:Q14246	UniProtKB:Q61549	IUPHARobj:182; PIRSF:PIRSF038685	HGNC:3336	ADGRE1
CL:0002475	lymphoid MHC-II-negative non-classical monocyte	RO:0002104	has plasma membrane part	positive	False	PR:000001879	leukosialin	CD43 (related)	UniProtKB:P16150	UniProtKB:P15702	PIRSF:PIRSF001994	HGNC:11249	SPN
CL:0002475	lymphoid MHC-II-negative non-classical monocyte	RO:0002104	has plasma membrane part	positive	False	PR:000002062	macrophage colony-stimulating factor 1 receptor	CD115 (exact)	UniProtKB:P07333	UniProtKB:P09581	IUPHARobj:1806; PIRSF:PIRSF500947	HGNC:2433	CSF1R
CL:0002476	bone marrow macrophage	CL:4030046	lacks_plasma_membrane_part	negative	False	PR:000001006	receptor-type tyrosine-protein phosphatase C	CD45 (related)	UniProtKB:P08575	UniProtKB:P06800	IUPHARobj:1852; PIRSF:PIRSF002004	HGNC:9666	PTPRC
CL:0002476	bone marrow macrophage	CL:4030046	lacks_plasma_membrane_part	negative	True	PR:000001014	receptor-type tyrosine-protein phosphatase C isoform CD45RABC	CD45R (related); CD45RABC (label)	UniProtKB:P08575-3				
CL:0002476	bone marrow macrophage	CL:4030046	lacks_plasma_membrane_part	negative	True	PR:000001020	CD3 epsilon	CD3 (label); CD3E (exact); CD3e (exact)	UniProtKB:P07766	UniProtKB:P22646	IUPHARobj:2742	HGNC:1674	CD3E
CL:0002476	bone marrow macrophage	CL:4030046	lacks_plasma_membrane_part	negative	True	PR:000002980	lymphocyte antigen 6C2			UniProtKB:P0CW03			
CL:0002476	bone marrow macrophage	RO:0002104	has plasma membrane part	positive	True	PR:000001813	adhesion G protein-coupled receptor E1		UniProtKB:Q14246	UniProtKB:Q61549	IUPHARobj:182; PIRSF:PIRSF038685	HGNC:3336	ADGRE1
CL:0002476	bone marrow macrophage	RO:0002104	has plasma membrane part	positive	True	PR:000002062	macrophage colony-stimulating factor 1 receptor	CD115 (exact)	UniProtKB:P07333	UniProtKB:P09581	IUPHARobj:1806; PIRSF:PIRSF500947	HGNC:2433	CSF1R
CL:0002477	adipose macrophage	RO:0002104	has plasma membrane part	positive	True	PR:000001006	receptor-type tyrosine-protein phosphatase C	CD45 (related)	UniProtKB:P08575	UniProtKB:P06800	IUPHARobj:1852; PIRSF:PIRSF002004	HGNC:9666	PTPRC
CL:0002477	adipose macrophage	RO:0002104	has plasma membrane part	positive	True	PR:000001013	integrin alpha-X	CD11 (exact); CD11C (related); CD11c (exact)	UniProtKB:P20702	UniProtKB:Q9QXH4	IUPHARobj:2454	HGNC:6152	ITGAX
CL:0002477	adipose macrophage	RO:0002104	has plasma membrane part	positive	True	PR:000001968	tyrosine-protein phosphatase non-receptor type substrate 1	CD172 (exact); CD172a (exact)	UniProtKB:P78324	UniProtKB:P97797	IUPHARobj:2942	HGNC:9662	SIRPA
CL:0002478	F4/80-negative adipose macrophage	CL:4030046	lacks_plasma_membrane_part	negative	True	PR:000001813	adhesion G protein-coupled receptor E1		UniProtKB:Q14246	UniProtKB:Q61549	IUPHARobj:182; PIRSF:PIRSF038685	HGNC:3336	ADGRE1
CL:0002478	F4/80-negative adipose macrophage	RO:0002104	has plasma membrane part	positive	False	PR:000001006	receptor-type tyrosine-protein phosphatase C	CD45 (related)	UniProtKB:P08575	UniProtKB:P06800	IUPHARobj:1852; PIRSF:PIRSF002004	HGNC:9666	PTPRC
CL:0002478	F4/80-negative adipose macrophage	RO:0002104	has plasma membrane part	positive	False	PR:000001013	integrin alpha-X	CD11 (exact); CD11C (related); CD11c (exact)	UniProtKB:P20702	UniProtKB:Q9QXH4	IUPHARobj:2454	HGNC:6152	ITGAX
CL:0002478	F4/80-negative adipose macrophage	RO:0002104	has plasma membrane part	positive	False	PR:000001968	tyrosine-protein phosphatase non-receptor type substrate 1	CD172 (exact); CD172a (exact)	UniProtKB:P78324	UniProtKB:P97797	IUPHARobj:2942	HGNC:9662	SIRPA
CL:0002479	F4/80-positive adipose macrophage	RO:0002104	has plasma membrane part	positive	False	PR:000001006	receptor-type tyrosine-protein phosphatase C	CD45 (related)	UniProtKB:P08575	UniProtKB:P06800	IUPHARobj:1852; PIRSF:PIRSF002004	HGNC:9666	PTPRC
CL:0002479	F4/80-positive adipose macrophage	RO:0002104	has plasma membrane part	positive	False	PR:000001013	integrin alpha-X	CD11 (exact); CD11C (related); CD11c (exact)	UniProtKB:P20702	UniProtKB:Q9QXH4	IUPHARobj:2454	HGNC:6152	ITGAX
CL:0002479	F4/80-positive adipose macrophage	RO:0002104	has plasma membrane part	positive	True	PR:000001813	adhesion G protein-coupled receptor E1		UniProtKB:Q14246	UniProtKB:Q61549	IUPHARobj:182; PIRSF:PIRSF038685	HGNC:3336	ADGRE1
CL:0002479	F4/80-positive adipose macrophage	RO:0002104	has plasma membrane part	positive	False	PR:000001968	tyrosine-protein phosphatase non-receptor type substrate 1	CD172 (exact); CD172a (exact)	UniProtKB:P78324	UniProtKB:P97797	IUPHARobj:2942	HGNC:9662	SIRPA
CL:0002489	double negative thymocyte	CL:4030046	lacks_plasma_membrane_part	negative	True	PR:000001004	CD4 molecule	CD4 (label)	UniProtKB:P01730	UniProtKB:P06332	PIRSF:PIRSF001977	HGNC:1678	CD4
CL:0002489	double negative thymocyte	CL:4030046	lacks_plasma_membrane_part	negative	True	PR:000025402	T cell receptor co-receptor CD8	CD8 (label)					
CL:0002505	liver CD103-negative dendritic cell	RO:0015015	has high plasma membrane amount	high	True	PR:000001012	integrin alpha-M	CD11 (exact); CD11B (related); CD11b (exact)	UniProtKB:P11215	UniProtKB:P05555	IUPHARobj:2452	HGNC:6149	ITGAM
CL:0002505	liver CD103-negative dendritic cell	RO:0015015	has high plasma membrane amount	high	False	PR:000001013	integrin alpha-X	CD11 (exact); CD11C (related); CD11c (exact)	UniProtKB:P20702	UniProtKB:Q9QXH4	IUPHARobj:2454	HGNC:6152	ITGAX
CL:0002505	liver CD103-negative dendritic cell	CL:4030046	lacks_plasma_membrane_part	negative	False	PR:000001002	CD19 molecule	CD19 (label)	UniProtKB:P15391	UniProtKB:P25918	IUPHARobj:2764; PIRSF:PIRSF016630	HGNC:1633	CD19
CL:0002505	liver CD103-negative dendritic cell	CL:4030046	lacks_plasma_membrane_part	negative	False	PR:000001003	CD34 molecule	CD34 (label)	UniProtKB:P28906	UniProtKB:Q64314	PIRSF:PIRSF028749	HGNC:1662	CD34
CL:0002505	liver CD103-negative dendritic cell	CL:4030046	lacks_plasma_membrane_part	negative	False	PR:000001004	CD4 molecule	CD4 (label)	UniProtKB:P01730	UniProtKB:P06332	PIRSF:PIRSF001977	HGNC:1678	CD4
CL:0002505	liver CD103-negative dendritic cell	CL:4030046	lacks_plasma_membrane_part	negative	True	PR:000001010	integrin alpha-E	CD103 (exact)	UniProtKB:P38570	UniProtKB:Q60677	IUPHARobj:2450	HGNC:6147	ITGAE
CL:0002505	liver CD103-negative dendritic cell	CL:4030046	lacks_plasma_membrane_part	negative	False	PR:000001020	CD3 epsilon	CD3 (label); CD3E (exact); CD3e (exact)	UniProtKB:P07766	UniProtKB:P22646	IUPHARobj:2742	HGNC:1674	CD3E
CL:0002505	liver CD103-negative dendritic cell	CL:4030046	lacks_plasma_membrane_part	negative	False	PR:000001024	neural cell adhesion molecule 1	CD56 (exact)	UniProtKB:P13591	UniProtKB:P13595	IUPHARobj:2769	HGNC:7656	NCAM1
CL:0002505	liver CD103-negative dendritic cell	CL:4030046	lacks_plasma_membrane_part	negative	False	PR:000001084	T-cell surface glycoprotein CD8 alpha chain	CD8 (label); CD8A (exact); CD8a (exact)	UniProtKB:P01732	UniProtKB:P01731		HGNC:1706	CD8A
CL:0002505	liver CD103-negative dendritic cell	CL:4030046	lacks_plasma_membrane_part	negative	False	PR:000001289	membrane-spanning 4-domains subfamily A member 1	CD20 (exact)	UniProtKB:P11836	UniProtKB:P19437	PIRSF:PIRSF001995; IUPHARobj:2628	HGNC:7315	MS4A1
CL:0002505	liver CD103-negative dendritic cell	RO:0002104	has plasma membrane part	positive	True	PR:000001006	receptor-type tyrosine-protein phosphatase C	CD45 (related)	UniProtKB:P08575	UniProtKB:P06800	IUPHARobj:1852; PIRSF:PIRSF002004	HGNC:9666	PTPRC
CL:0002506	liver CD103-positive dendritic cell	RO:0015015	has high plasma membrane amount	high	False	PR:000001013	integrin alpha-X	CD11 (exact); CD11C (related); CD11c (exact)	UniProtKB:P20702	UniProtKB:Q9QXH4	IUPHARobj:2454	HGNC:6152	ITGAX
CL:0002506	liver CD103-positive dendritic cell	RO:0015016	has low plasma membrane amount	low	True	PR:000001012	integrin alpha-M	CD11 (exact); CD11B (related); CD11b (exact)	UniProtKB:P11215	UniProtKB:P05555	IUPHARobj:2452	HGNC:6149	ITGAM
CL:0002506	liver CD103-positive dendritic cell	CL:4030046	lacks_plasma_membrane_part	negative	False	PR:000001002	CD19 molecule	CD19 (label)	UniProtKB:P15391	UniProtKB:P25918	IUPHARobj:2764; PIRSF:PIRSF016630	HGNC:1633	CD19
CL:0002506	liver CD103-positive dendritic cell	CL:4030046	lacks_plasma_membrane_part	negative	False	PR:000001003	CD34 molecule	CD34 (label)	UniProtKB:P28906	UniProtKB:Q64314	PIRSF:PIRSF028749	HGNC:1662	CD34
CL:0002506	liver CD103-positive dendritic cell	CL:4030046	lacks_plasma_membrane_part	negative	False	PR:000001004	CD4 molecule	CD4 (label)	UniProtKB:P01730	UniProtKB:P06332	PIRSF:PIRSF001977	HGNC:1678	CD4
CL:0002506	liver CD103-positive dendritic cell	CL:4030046	lacks_plasma_membrane_part	negative	False	PR:000001020	CD3 epsilon	CD3 (label); CD3E (exact); CD3e (exact)	UniProtKB:P07766	UniProtKB:P22646	IUPHARobj:2742	HGNC:1674	CD3E
CL:0002506	liver CD103-positive dendritic cell	CL:4030046	lacks_plasma_membrane_part	negative	False	PR:000001024	neural cell adhesion molecule 1	CD56 (exact)	UniProtKB:P13591	UniProtKB:P13595	IUPHARobj:2769	HGNC:7656	NCAM1
CL:0002506	liver CD103-positive dendritic cell	CL:4030046	lacks_plasma_membrane_part	negative	False	PR:000001084	T-cell surface glycoprotein CD8 alpha chain	CD8 (label); CD8A (exact); CD8a (exact)	UniProtKB:P01732	UniProtKB:P01731		HGNC:1706	CD8A
CL:0002506	liver CD103-positive dendritic cell	CL:4030046	lacks_plasma_membrane_part	negative	False	PR:000001289	membrane-spanning 4-domains subfamily A member 1	CD20 (exact)	UniProtKB:P11836	UniProtKB:P19437	PIRSF:PIRSF001995; IUPHARobj:2628	HGNC:7315	MS4A1
CL:0002506	liver CD103-positive dendritic cell	RO:0002104	has plasma membrane part	positive	True	PR:000001006	receptor-type tyrosine-protein phosphatase C	CD45 (related)	UniProtKB:P08575	UniProtKB:P06800	IUPHARobj:1852; PIRSF:PIRSF002004	HGNC:9666	PTPRC
CL:0002506	liver CD103-positive dendritic cell	RO:0002104	has plasma membrane part	positive	False	PR:000001010	integrin alpha-E	CD103 (exact)	UniProtKB:P38570	UniProtKB:Q60677	IUPHARobj:2450	HGNC:6147	ITGAE
CL:0002507	langerin-positive lymph node dendritic cell	RO:0015015	has high plasma membrane amount	high	False	PR:000001013	integrin alpha-X	CD11 (exact); CD11C (related); CD11c (exact)	UniProtKB:P20702	UniProtKB:Q9QXH4	IUPHARobj:2454	HGNC:6152	ITGAX
CL:0002507	langerin-positive lymph node dendritic cell	CL:4030046	lacks_plasma_membrane_part	negative	False	PR:000001002	CD19 molecule	CD19 (label)	UniProtKB:P15391	UniProtKB:P25918	IUPHARobj:2764; PIRSF:PIRSF016630	HGNC:1633	CD19
CL:0002507	langerin-positive lymph node dendritic cell	CL:4030046	lacks_plasma_membrane_part	negative	False	PR:000001003	CD34 molecule	CD34 (label)	UniProtKB:P28906	UniProtKB:Q64314	PIRSF:PIRSF028749	HGNC:1662	CD34
CL:0002507	langerin-positive lymph node dendritic cell	CL:4030046	lacks_plasma_membrane_part	negative	True	PR:000001004	CD4 molecule	CD4 (label)	UniProtKB:P01730	UniProtKB:P06332	PIRSF:PIRSF001977	HGNC:1678	CD4
CL:0002507	langerin-positive lymph node dendritic cell	CL:4030046	lacks_plasma_membrane_part	negative	False	PR:000001020	CD3 epsilon	CD3 (label); CD3E (exact); CD3e (exact)	UniProtKB:P07766	UniProtKB:P22646	IUPHARobj:2742	HGNC:1674	CD3E
CL:0002507	langerin-positive lymph node dendritic cell	CL:4030046	lacks_plasma_membrane_part	negative	False	PR:000001024	neural cell adhesion molecule 1	CD56 (exact)	UniProtKB:P13591	UniProtKB:P13595	IUPHARobj:2769	HGNC:7656	NCAM1
CL:0002507	langerin-positive lymph node dendritic cell	CL:4030046	lacks_plasma_membrane_part	negative	True	PR:000001084	T-cell surface glycoprotein CD8 alpha chain	CD8 (label); CD8A (exact); CD8a (exact)	UniProtKB:P01732	UniProtKB:P01731		HGNC:1706	CD8A
CL:0002507	langerin-positive lymph node dendritic cell	CL:4030046	lacks_plasma_membrane_part	negative	False	PR:000001289	membrane-spanning 4-domains subfamily A member 1	CD20 (exact)	UniProtKB:P11836	UniProtKB:P19437	PIRSF:PIRSF001995; IUPHARobj:2628	HGNC:7315	MS4A1
CL:0002507	langerin-positive lymph node dendritic cell	RO:0002104	has plasma membrane part	positive	True	PR:000001293	C-type lectin domain family 4 member K	CD207 (exact)	UniProtKB:Q9UJ71	UniProtKB:Q8VBX4		HGNC:17935	CD207
CL:0002508	langerin-negative, CD103-negative lymph node dendritic cell	RO:0015015	has high plasma membrane amount	high	False	PR:000001013	integrin alpha-X	CD11 (exact); CD11C (related); CD11c (exact)	UniProtKB:P20702	UniProtKB:Q9QXH4	IUPHARobj:2454	HGNC:6152	ITGAX
CL:0002508	langerin-negative, CD103-negative lymph node dendritic cell	CL:4030046	lacks_plasma_membrane_part	negative	False	PR:000001002	CD19 molecule	CD19 (label)	UniProtKB:P15391	UniProtKB:P25918	IUPHARobj:2764; PIRSF:PIRSF016630	HGNC:1633	CD19
CL:0002508	langerin-negative, CD103-negative lymph node dendritic cell	CL:4030046	lacks_plasma_membrane_part	negative	False	PR:000001003	CD34 molecule	CD34 (label)	UniProtKB:P28906	UniProtKB:Q64314	PIRSF:PIRSF028749	HGNC:1662	CD34
CL:0002508	langerin-negative, CD103-negative lymph node dendritic cell	CL:4030046	lacks_plasma_membrane_part	negative	True	PR:000001004	CD4 molecule	CD4 (label)	UniProtKB:P01730	UniProtKB:P06332	PIRSF:PIRSF001977	HGNC:1678	CD4
CL:0002508	langerin-negative, CD103-negative lymph node dendritic cell	CL:4030046	lacks_plasma_membrane_part	negative	True	PR:000001010	integrin alpha-E	CD103 (exact)	UniProtKB:P38570	UniProtKB:Q60677	IUPHARobj:2450	HGNC:6147	ITGAE
CL:0002508	langerin-negative, CD103-negative lymph node dendritic cell	CL:4030046	lacks_plasma_membrane_part	negative	False	PR:000001020	CD3 epsilon	CD3 (label); CD3E (exact); CD3e (exact)	UniProtKB:P07766	UniProtKB:P22646	IUPHARobj:2742	HGNC:1674	CD3E
CL:0002508	langerin-negative, CD103-negative lymph node dendritic cell	CL:4030046	lacks_plasma_membrane_part	negative	False	PR:000001024	neural cell adhesion molecule 1	CD56 (exact)	UniProtKB:P13591	UniProtKB:P13595	IUPHARobj:2769	HGNC:7656	NCAM1
CL:0002508	langerin-negative, CD103-negative lymph node dendritic cell	CL:4030046	lacks_plasma_membrane_part	negative	True	PR:000001084	T-cell surface glycoprotein CD8 alpha chain	CD8 (label); CD8A (exact); CD8a (exact)	UniProtKB:P01732	UniProtKB:P01731		HGNC:1706	CD8A
CL:0002508	langerin-negative, CD103-negative lymph node dendritic cell	CL:4030046	lacks_plasma_membrane_part	negative	False	PR:000001289	membrane-spanning 4-domains subfamily A member 1	CD20 (exact)	UniProtKB:P11836	UniProtKB:P19437	PIRSF:PIRSF001995; IUPHARobj:2628	HGNC:7315	MS4A1
CL:0002508	langerin-negative, CD103-negative lymph node dendritic cell	CL:4030046	lacks_plasma_membrane_part	negative	True	PR:000001293	C-type lectin domain family 4 member K	CD207 (exact)	UniProtKB:Q9UJ71	UniProtKB:Q8VBX4		HGNC:17935	CD207
CL:0002509	CD103-positive, langerin-positive lymph node dendritic cell	RO:0015015	has high plasma membrane amount	high	False	PR:000001013	integrin alpha-X	CD11 (exact); CD11C (related); CD11c (exact)	UniProtKB:P20702	UniProtKB:Q9QXH4	IUPHARobj:2454	HGNC:6152	ITGAX
CL:0002509	CD103-positive, langerin-positive lymph node dendritic cell	RO:0015016	has low plasma membrane amount	low	True	PR:000001012	integrin alpha-M	CD11 (exact); CD11B (related); CD11b (exact)	UniProtKB:P11215	UniProtKB:P05555	IUPHARobj:2452	HGNC:6149	ITGAM
CL:0002509	CD103-positive, langerin-positive lymph node dendritic cell	CL:4030046	lacks_plasma_membrane_part	negative	False	PR:000001002	CD19 molecule	CD19 (label)	UniProtKB:P15391	UniProtKB:P25918	IUPHARobj:2764; PIRSF:PIRSF016630	HGNC:1633	CD19
CL:0002509	CD103-positive, langerin-positive lymph node dendritic cell	CL:4030046	lacks_plasma_membrane_part	negative	False	PR:000001003	CD34 molecule	CD34 (label)	UniProtKB:P28906	UniProtKB:Q64314	PIRSF:PIRSF028749	HGNC:1662	CD34
CL:0002509	CD103-positive, langerin-positive lymph node dendritic cell	CL:4030046	lacks_plasma_membrane_part	negative	False	PR:000001004	CD4 molecule	CD4 (label)	UniProtKB:P01730	UniProtKB:P06332	PIRSF:PIRSF001977	HGNC:1678	CD4
CL:0002509	CD103-positive, langerin-positive lymph node dendritic cell	CL:4030046	lacks_plasma_membrane_part	negative	False	PR:000001020	CD3 epsilon	CD3 (label); CD3E (exact); CD3e (exact)	UniProtKB:P07766	UniProtKB:P22646	IUPHARobj:2742	HGNC:1674	CD3E
CL:0002509	CD103-positive, langerin-positive lymph node dendritic cell	CL:4030046	lacks_plasma_membrane_part	negative	False	PR:000001024	neural cell adhesion molecule 1	CD56 (exact)	UniProtKB:P13591	UniProtKB:P13595	IUPHARobj:2769	HGNC:7656	NCAM1
CL:0002509	CD103-positive, langerin-positive lymph node dendritic cell	CL:4030046	lacks_plasma_membrane_part	negative	False	PR:000001084	T-cell surface glycoprotein CD8 alpha chain	CD8 (label); CD8A (exact); CD8a (exact)	UniProtKB:P01732	UniProtKB:P01731		HGNC:1706	CD8A
CL:0002509	CD103-positive, langerin-positive lymph node dendritic cell	CL:4030046	lacks_plasma_membrane_part	negative	False	PR:000001289	membrane-spanning 4-domains subfamily A member 1	CD20 (exact)	UniProtKB:P11836	UniProtKB:P19437	PIRSF:PIRSF001995; IUPHARobj:2628	HGNC:7315	MS4A1
CL:0002509	CD103-positive, langerin-positive lymph node dendritic cell	RO:0002104	has plasma membrane part	positive	False	PR:000001010	integrin alpha-E	CD103 (exact)	UniProtKB:P38570	UniProtKB:Q60677	IUPHARobj:2450	HGNC:6147	ITGAE
CL:0002509	CD103-positive, langerin-positive lymph node dendritic cell	RO:0002104	has plasma membrane part	positive	False	PR:000001293	C-type lectin domain family 4 member K	CD207 (exact)	UniProtKB:Q9UJ71	UniProtKB:Q8VBX4		HGNC:17935	CD207
CL:0002510	CD103-negative, langerin-positive lymph node dendritic cell	RO:0015015	has high plasma membrane amount	high	True	PR:000001012	integrin alpha-M	CD11 (exact); CD11B (related); CD11b (exact)	UniProtKB:P11215	UniProtKB:P05555	IUPHARobj:2452	HGNC:6149	ITGAM
CL:0002510	CD103-negative, langerin-positive lymph node dendritic cell	RO:0015015	has high plasma membrane amount	high	False	PR:000001013	integrin alpha-X	CD11 (exact); CD11C (related); CD11c (exact)	UniProtKB:P20702	UniProtKB:Q9QXH4	IUPHARobj:2454	HGNC:6152	ITGAX
CL:0002510	CD103-negative, langerin-positive lymph node dendritic cell	CL:4030046	lacks_plasma_membrane_part	negative	False	PR:000001002	CD19 molecule	CD19 (label)	UniProtKB:P15391	UniProtKB:P25918	IUPHARobj:2764; PIRSF:PIRSF016630	HGNC:1633	CD19
CL:0002510	CD103-negative, langerin-positive lymph node dendritic cell	CL:4030046	lacks_plasma_membrane_part	negative	False	PR:000001003	CD34 molecule	CD34 (label)	UniProtKB:P28906	UniProtKB:Q64314	PIRSF:PIRSF028749	HGNC:1662	CD34
CL:0002510	CD103-negative, langerin-positive lymph node dendritic cell	CL:4030046	lacks_plasma_membrane_part	negative	False	PR:000001004	CD4 molecule	CD4 (label)	UniProtKB:P01730	UniProtKB:P06332	PIRSF:PIRSF001977	HGNC:1678	CD4
CL:0002510	CD103-negative, langerin-positive lymph node dendritic cell	CL:4030046	lacks_plasma_membrane_part	negative	True	PR:000001010	integrin alpha-E	CD103 (exact)	UniProtKB:P38570	UniProtKB:Q60677	IUPHARobj:2450	HGNC:6147	ITGAE
CL:0002510	CD103-negative, langerin-positive lymph node dendritic cell	CL:4030046	lacks_plasma_membrane_part	negative	False	PR:000001020	CD3 epsilon	CD3 (label); CD3E (exact); CD3e (exact)	UniProtKB:P07766	UniProtKB:P22646	IUPHARobj:2742	HGNC:1674	CD3E
CL:0002510	CD103-negative, langerin-positive lymph node dendritic cell	CL:4030046	lacks_plasma_membrane_part	negative	False	PR:000001024	neural cell adhesion molecule 1	CD56 (exact)	UniProtKB:P13591	UniProtKB:P13595	IUPHARobj:2769	HGNC:7656	NCAM1
CL:0002510	CD103-negative, langerin-positive lymph node dendritic cell	CL:4030046	lacks_plasma_membrane_part	negative	False	PR:000001084	T-cell surface glycoprotein CD8 alpha chain	CD8 (label); CD8A (exact); CD8a (exact)	UniProtKB:P01732	UniProtKB:P01731		HGNC:1706	CD8A
CL:0002510	CD103-negative, langerin-positive lymph node dendritic cell	CL:4030046	lacks_plasma_membrane_part	negative	False	PR:000001289	membrane-spanning 4-domains subfamily A member 1	CD20 (exact)	UniProtKB:P11836	UniProtKB:P19437	PIRSF:PIRSF001995; IUPHARobj:2628	HGNC:7315	MS4A1
CL:0002510	CD103-negative, langerin-positive lymph node dendritic cell	RO:0002104	has plasma membrane part	positive	False	PR:000001293	C-type lectin domain family 4 member K	CD207 (exact)	UniProtKB:Q9UJ71	UniProtKB:Q8VBX4		HGNC:17935	CD207
CL:0002511	CD11b-low, CD103-negative, langerin-negative lymph node dendritic cell	RO:0015015	has high plasma membrane amount	high	False	PR:000001013	integrin alpha-X	CD11 (exact); CD11C (related); CD11c (exact)	UniProtKB:P20702	UniProtKB:Q9QXH4	IUPHARobj:2454	HGNC:6152	ITGAX
CL:0002511	CD11b-low, CD103-negative, langerin-negative lymph node dendritic cell	RO:0015016	has low plasma membrane amount	low	True	PR:000001012	integrin alpha-M	CD11 (exact); CD11B (related); CD11b (exact)	UniProtKB:P11215	UniProtKB:P05555	IUPHARobj:2452	HGNC:6149	ITGAM
CL:0002511	CD11b-low, CD103-negative, langerin-negative lymph node dendritic cell	CL:4030046	lacks_plasma_membrane_part	negative	False	PR:000001002	CD19 molecule	CD19 (label)	UniProtKB:P15391	UniProtKB:P25918	IUPHARobj:2764; PIRSF:PIRSF016630	HGNC:1633	CD19
CL:0002511	CD11b-low, CD103-negative, langerin-negative lymph node dendritic cell	CL:4030046	lacks_plasma_membrane_part	negative	False	PR:000001003	CD34 molecule	CD34 (label)	UniProtKB:P28906	UniProtKB:Q64314	PIRSF:PIRSF028749	HGNC:1662	CD34
CL:0002511	CD11b-low, CD103-negative, langerin-negative lymph node dendritic cell	CL:4030046	lacks_plasma_membrane_part	negative	False	PR:000001004	CD4 molecule	CD4 (label)	UniProtKB:P01730	UniProtKB:P06332	PIRSF:PIRSF001977	HGNC:1678	CD4
CL:0002511	CD11b-low, CD103-negative, langerin-negative lymph node dendritic cell	CL:4030046	lacks_plasma_membrane_part	negative	False	PR:000001010	integrin alpha-E	CD103 (exact)	UniProtKB:P38570	UniProtKB:Q60677	IUPHARobj:2450	HGNC:6147	ITGAE
CL:0002511	CD11b-low, CD103-negative, langerin-negative lymph node dendritic cell	CL:4030046	lacks_plasma_membrane_part	negative	False	PR:000001020	CD3 epsilon	CD3 (label); CD3E (exact); CD3e (exact)	UniProtKB:P07766	UniProtKB:P22646	IUPHARobj:2742	HGNC:1674	CD3E
CL:0002511	CD11b-low, CD103-negative, langerin-negative lymph node dendritic cell	CL:4030046	lacks_plasma_membrane_part	negative	False	PR:000001024	neural cell adhesion molecule 1	CD56 (exact)	UniProtKB:P13591	UniProtKB:P13595	IUPHARobj:2769	HGNC:7656	NCAM1
CL:0002511	CD11b-low, CD103-negative, langerin-negative lymph node dendritic cell	CL:4030046	lacks_plasma_membrane_part	negative	False	PR:000001084	T-cell surface glycoprotein CD8 alpha chain	CD8 (label); CD8A (exact); CD8a (exact)	UniProtKB:P01732	UniProtKB:P01731		HGNC:1706	CD8A
CL:0002511	CD11b-low, CD103-negative, langerin-negative lymph node dendritic cell	CL:4030046	lacks_plasma_membrane_part	negative	False	PR:000001289	membrane-spanning 4-domains subfamily A member 1	CD20 (exact)	UniProtKB:P11836	UniProtKB:P19437	PIRSF:PIRSF001995; IUPHARobj:2628	HGNC:7315	MS4A1
CL:0002511	CD11b-low, CD103-negative, langerin-negative lymph node dendritic cell	CL:4030046	lacks_plasma_membrane_part	negative	False	PR:000001293	C-type lectin domain family 4 member K	CD207 (exact)	UniProtKB:Q9UJ71	UniProtKB:Q8VBX4		HGNC:17935	CD207
CL:0002512	CD11b-high, CD103-negative, langerin-negative lymph node dendritic cell	RO:0015015	has high plasma membrane amount	high	True	PR:000001012	integrin alpha-M	CD11 (exact); CD11B (related); CD11b (exact)	UniProtKB:P11215	UniProtKB:P05555	IUPHARobj:2452	HGNC:6149	ITGAM
CL:0002512	CD11b-high, CD103-negative, langerin-negative lymph node dendritic cell	RO:0015015	has high plasma membrane amount	high	False	PR:000001013	integrin alpha-X	CD11 (exact); CD11C (related); CD11c (exact)	UniProtKB:P20702	UniProtKB:Q9QXH4	IUPHARobj:2454	HGNC:6152	ITGAX
CL:0002512	CD11b-high, CD103-negative, langerin-negative lymph node dendritic cell	CL:4030046	lacks_plasma_membrane_part	negative	False	PR:000001002	CD19 molecule	CD19 (label)	UniProtKB:P15391	UniProtKB:P25918	IUPHARobj:2764; PIRSF:PIRSF016630	HGNC:1633	CD19
CL:0002512	CD11b-high, CD103-negative, langerin-negative lymph node dendritic cell	CL:4030046	lacks_plasma_membrane_part	negative	False	PR:000001003	CD34 molecule	CD34 (label)	UniProtKB:P28906	UniProtKB:Q64314	PIRSF:PIRSF028749	HGNC:1662	CD34
CL:0002512	CD11b-high, CD103-negative, langerin-negative lymph node dendritic cell	CL:4030046	lacks_plasma_membrane_part	negative	False	PR:000001004	CD4 molecule	CD4 (label)	UniProtKB:P01730	UniProtKB:P06332	PIRSF:PIRSF001977	HGNC:1678	CD4
CL:0002512	CD11b-high, CD103-negative, langerin-negative lymph node dendritic cell	CL:4030046	lacks_plasma_membrane_part	negative	False	PR:000001010	integrin alpha-E	CD103 (exact)	UniProtKB:P38570	UniProtKB:Q60677	IUPHARobj:2450	HGNC:6147	ITGAE
CL:0002512	CD11b-high, CD103-negative, langerin-negative lymph node dendritic cell	CL:4030046	lacks_plasma_membrane_part	negative	False	PR:000001020	CD3 epsilon	CD3 (label); CD3E (exact); CD3e (exact)	UniProtKB:P07766	UniProtKB:P22646	IUPHARobj:2742	HGNC:1674	CD3E
CL:0002512	CD11b-high, CD103-negative, langerin-negative lymph node dendritic cell	CL:4030046	lacks_plasma_membrane_part	negative	False	PR:000001024	neural cell adhesion molecule 1	CD56 (exact)	UniProtKB:P13591	UniProtKB:P13595	IUPHARobj:2769	HGNC:7656	NCAM1
CL:0002512	CD11b-high, CD103-negative, langerin-negative lymph node dendritic cell	CL:4030046	lacks_plasma_membrane_part	negative	False	PR:000001084	T-cell surface glycoprotein CD8 alpha chain	CD8 (label); CD8A (exact); CD8a (exact)	UniProtKB:P01732	UniProtKB:P01731		HGNC:1706	CD8A
CL:0002512	CD11b-high, CD103-negative, langerin-negative lymph node dendritic cell	CL:4030046	lacks_plasma_membrane_part	negative	False	PR:000001289	membrane-spanning 4-domains subfamily A member 1	CD20 (exact)	UniProtKB:P11836	UniProtKB:P19437	PIRSF:PIRSF001995; IUPHARobj:2628	HGNC:7315	MS4A1
CL:0002512	CD11b-high, CD103-negative, langerin-negative lymph node dendritic cell	CL:4030046	lacks_plasma_membrane_part	negative	False	PR:000001293	C-type lectin domain family 4 member K	CD207 (exact)	UniProtKB:Q9UJ71	UniProtKB:Q8VBX4		HGNC:17935	CD207
CL:0002513	Vgamma5-positive CD8-alpha alpha positive gamma-delta intraepithelial T cell	RO:0002104	has plasma membrane part	positive	False	PR:000001084	T-cell surface glycoprotein CD8 alpha chain	CD8 (label); CD8A (exact); CD8a (exact)	UniProtKB:P01732	UniProtKB:P01731		HGNC:1706	CD8A
CL:0002514	Vgamma5-negative CD8-alpha alpha positive gamma-delta intraepithelial T cell	RO:0002104	has plasma membrane part	positive	False	PR:000001084	T-cell surface glycoprotein CD8 alpha chain	CD8 (label); CD8A (exact); CD8a (exact)	UniProtKB:P01732	UniProtKB:P01731		HGNC:1706	CD8A
CL:0002526	CD14-positive dermal dendritic cell	RO:0015015	has high plasma membrane amount	high	False	PR:000001013	integrin alpha-X	CD11 (exact); CD11C (related); CD11c (exact)	UniProtKB:P20702	UniProtKB:Q9QXH4	IUPHARobj:2454	HGNC:6152	ITGAX
CL:0002526	CD14-positive dermal dendritic cell	CL:4030046	lacks_plasma_membrane_part	negative	False	PR:000001002	CD19 molecule	CD19 (label)	UniProtKB:P15391	UniProtKB:P25918	IUPHARobj:2764; PIRSF:PIRSF016630	HGNC:1633	CD19
CL:0002526	CD14-positive dermal dendritic cell	CL:4030046	lacks_plasma_membrane_part	negative	False	PR:000001003	CD34 molecule	CD34 (label)	UniProtKB:P28906	UniProtKB:Q64314	PIRSF:PIRSF028749	HGNC:1662	CD34
CL:0002526	CD14-positive dermal dendritic cell	CL:4030046	lacks_plasma_membrane_part	negative	False	PR:000001020	CD3 epsilon	CD3 (label); CD3E (exact); CD3e (exact)	UniProtKB:P07766	UniProtKB:P22646	IUPHARobj:2742	HGNC:1674	CD3E
CL:0002526	CD14-positive dermal dendritic cell	CL:4030046	lacks_plasma_membrane_part	negative	False	PR:000001024	neural cell adhesion molecule 1	CD56 (exact)	UniProtKB:P13591	UniProtKB:P13595	IUPHARobj:2769	HGNC:7656	NCAM1
CL:0002526	CD14-positive dermal dendritic cell	CL:4030046	lacks_plasma_membrane_part	negative	False	PR:000001289	membrane-spanning 4-domains subfamily A member 1	CD20 (exact)	UniProtKB:P11836	UniProtKB:P19437	PIRSF:PIRSF001995; IUPHARobj:2628	HGNC:7315	MS4A1
CL:0002526	CD14-positive dermal dendritic cell	CL:4030046	lacks_plasma_membrane_part	negative	True	PR:000002025	T-cell surface glycoprotein CD1a	CD1A (exact); CD1a (label)	UniProtKB:P06126			HGNC:1634	CD1A
CL:0002526	CD14-positive dermal dendritic cell	RO:0002104	has plasma membrane part	positive	False	PR:000001012	integrin alpha-M	CD11 (exact); CD11B (related); CD11b (exact)	UniProtKB:P11215	UniProtKB:P05555	IUPHARobj:2452	HGNC:6149	ITGAM
CL:0002526	CD14-positive dermal dendritic cell	RO:0002104	has plasma membrane part	positive	False	PR:000001026	lymphocyte antigen 75	CD205 (exact)		UniProtKB:Q60767			
CL:0002526	CD14-positive dermal dendritic cell	RO:0002104	has plasma membrane part	positive	False	PR:000001084	T-cell surface glycoprotein CD8 alpha chain	CD8 (label); CD8A (exact); CD8a (exact)	UniProtKB:P01732	UniProtKB:P01731		HGNC:1706	CD8A
CL:0002526	CD14-positive dermal dendritic cell	RO:0002104	has plasma membrane part	positive	True	PR:000001889	CD14 molecule	CD14 (label)	UniProtKB:P08571	UniProtKB:P10810	PIRSF:PIRSF002017	HGNC:1628	CD14
CL:0002527	immature CD14-positive dermal dendritic cell	RO:0015015	has high plasma membrane amount	high	False	PR:000001013	integrin alpha-X	CD11 (exact); CD11C (related); CD11c (exact)	UniProtKB:P20702	UniProtKB:Q9QXH4	IUPHARobj:2454	HGNC:6152	ITGAX
CL:0002527	immature CD14-positive dermal dendritic cell	RO:0015016	has low plasma membrane amount	low	False	PR:000001412	CD86 molecule	CD28LG2 (related); CD86 (label)	UniProtKB:P42081	UniProtKB:P42082	IUPHARobj:2745	HGNC:1705	CD86
CL:0002527	immature CD14-positive dermal dendritic cell	RO:0015016	has low plasma membrane amount	low	False	PR:000001438	CD80 molecule	CD28LG (related); CD28LG1 (related); CD80 (label)	UniProtKB:P33681	UniProtKB:Q00609	IUPHARobj:2744	HGNC:1700	CD80
CL:0002527	immature CD14-positive dermal dendritic cell	CL:4030046	lacks_plasma_membrane_part	negative	False	PR:000001002	CD19 molecule	CD19 (label)	UniProtKB:P15391	UniProtKB:P25918	IUPHARobj:2764; PIRSF:PIRSF016630	HGNC:1633	CD19
CL:0002527	immature CD14-positive dermal dendritic cell	CL:4030046	lacks_plasma_membrane_part	negative	False	PR:000001003	CD34 molecule	CD34 (label)	UniProtKB:P28906	UniProtKB:Q64314	PIRSF:PIRSF028749	HGNC:1662	CD34
CL:0002527	immature CD14-positive dermal dendritic cell	CL:4030046	lacks_plasma_membrane_part	negative	False	PR:000001020	CD3 epsilon	CD3 (label); CD3E (exact); CD3e (exact)	UniProtKB:P07766	UniProtKB:P22646	IUPHARobj:2742	HGNC:1674	CD3E
CL:0002527	immature CD14-positive dermal dendritic cell	CL:4030046	lacks_plasma_membrane_part	negative	False	PR:000001024	neural cell adhesion molecule 1	CD56 (exact)	UniProtKB:P13591	UniProtKB:P13595	IUPHARobj:2769	HGNC:7656	NCAM1
CL:0002527	immature CD14-positive dermal dendritic cell	CL:4030046	lacks_plasma_membrane_part	negative	False	PR:000001289	membrane-spanning 4-domains subfamily A member 1	CD20 (exact)	UniProtKB:P11836	UniProtKB:P19437	PIRSF:PIRSF001995; IUPHARobj:2628	HGNC:7315	MS4A1
CL:0002527	immature CD14-positive dermal dendritic cell	CL:4030046	lacks_plasma_membrane_part	negative	False	PR:000002025	T-cell surface glycoprotein CD1a	CD1A (exact); CD1a (label)	UniProtKB:P06126			HGNC:1634	CD1A
CL:0002527	immature CD14-positive dermal dendritic cell	RO:0002104	has plasma membrane part	positive	False	PR:000001012	integrin alpha-M	CD11 (exact); CD11B (related); CD11b (exact)	UniProtKB:P11215	UniProtKB:P05555	IUPHARobj:2452	HGNC:6149	ITGAM
CL:0002527	immature CD14-positive dermal dendritic cell	RO:0002104	has plasma membrane part	positive	False	PR:000001026	lymphocyte antigen 75	CD205 (exact)		UniProtKB:Q60767			
CL:0002527	immature CD14-positive dermal dendritic cell	RO:0002104	has plasma membrane part	positive	False	PR:000001084	T-cell surface glycoprotein CD8 alpha chain	CD8 (label); CD8A (exact); CD8a (exact)	UniProtKB:P01732	UniProtKB:P01731		HGNC:1706	CD8A
CL:0002527	immature CD14-positive dermal dendritic cell	RO:0002104	has plasma membrane part	positive	False	PR:000001889	CD14 molecule	CD14 (label)	UniProtKB:P08571	UniProtKB:P10810	PIRSF:PIRSF002017	HGNC:1628	CD14
CL:0002528	mature CD14-positive dermal dendritic cell	RO:0015015	has high plasma membrane amount	high	False	PR:000001013	integrin alpha-X	CD11 (exact); CD11C (related); CD11c (exact)	UniProtKB:P20702	UniProtKB:Q9QXH4	IUPHARobj:2454	HGNC:6152	ITGAX
CL:0002528	mature CD14-positive dermal dendritic cell	RO:0015015	has high plasma membrane amount	high	False	PR:000001412	CD86 molecule	CD28LG2 (related); CD86 (label)	UniProtKB:P42081	UniProtKB:P42082	IUPHARobj:2745	HGNC:1705	CD86
CL:0002528	mature CD14-positive dermal dendritic cell	RO:0015015	has high plasma membrane amount	high	False	PR:000001438	CD80 molecule	CD28LG (related); CD28LG1 (related); CD80 (label)	UniProtKB:P33681	UniProtKB:Q00609	IUPHARobj:2744	HGNC:1700	CD80
CL:0002528	mature CD14-positive dermal dendritic cell	CL:4030046	lacks_plasma_membrane_part	negative	False	PR:000001002	CD19 molecule	CD19 (label)	UniProtKB:P15391	UniProtKB:P25918	IUPHARobj:2764; PIRSF:PIRSF016630	HGNC:1633	CD19
CL:0002528	mature CD14-positive dermal dendritic cell	CL:4030046	lacks_plasma_membrane_part	negative	False	PR:000001003	CD34 molecule	CD34 (label)	UniProtKB:P28906	UniProtKB:Q64314	PIRSF:PIRSF028749	HGNC:1662	CD34
CL:0002528	mature CD14-positive dermal dendritic cell	CL:4030046	lacks_plasma_membrane_part	negative	False	PR:000001020	CD3 epsilon	CD3 (label); CD3E (exact); CD3e (exact)	UniProtKB:P07766	UniProtKB:P22646	IUPHARobj:2742	HGNC:1674	CD3E
CL:0002528	mature CD14-positive dermal dendritic cell	CL:4030046	lacks_plasma_membrane_part	negative	False	PR:000001024	neural cell adhesion molecule 1	CD56 (exact)	UniProtKB:P13591	UniProtKB:P13595	IUPHARobj:2769	HGNC:7656	NCAM1
CL:0002528	mature CD14-positive dermal dendritic cell	CL:4030046	lacks_plasma_membrane_part	negative	False	PR:000001289	membrane-spanning 4-domains subfamily A member 1	CD20 (exact)	UniProtKB:P11836	UniProtKB:P19437	PIRSF:PIRSF001995; IUPHARobj:2628	HGNC:7315	MS4A1
CL:0002528	mature CD14-positive dermal dendritic cell	CL:4030046	lacks_plasma_membrane_part	negative	False	PR:000002025	T-cell surface glycoprotein CD1a	CD1A (exact); CD1a (label)	UniProtKB:P06126			HGNC:1634	CD1A
CL:0002528	mature CD14-positive dermal dendritic cell	RO:0002104	has plasma membrane part	positive	False	PR:000001012	integrin alpha-M	CD11 (exact); CD11B (related); CD11b (exact)	UniProtKB:P11215	UniProtKB:P05555	IUPHARobj:2452	HGNC:6149	ITGAM
CL:0002528	mature CD14-positive dermal dendritic cell	RO:0002104	has plasma membrane part	positive	False	PR:000001026	lymphocyte antigen 75	CD205 (exact)		UniProtKB:Q60767			
CL:0002528	mature CD14-positive dermal dendritic cell	RO:0002104	has plasma membrane part	positive	False	PR:000001084	T-cell surface glycoprotein CD8 alpha chain	CD8 (label); CD8A (exact); CD8a (exact)	UniProtKB:P01732	UniProtKB:P01731		HGNC:1706	CD8A
CL:0002528	mature CD14-positive dermal dendritic cell	RO:0002104	has plasma membrane part	positive	False	PR:000001310	CD83 molecule	CD83 (label)	UniProtKB:Q01151	UniProtKB:O88324		HGNC:1703	CD83
CL:0002528	mature CD14-positive dermal dendritic cell	RO:0002104	has plasma membrane part	positive	False	PR:000001889	CD14 molecule	CD14 (label)	UniProtKB:P08571	UniProtKB:P10810	PIRSF:PIRSF002017	HGNC:1628	CD14
CL:0002529	CD1a-positive dermal dendritic cell	RO:0015015	has high plasma membrane amount	high	False	PR:000001013	integrin alpha-X	CD11 (exact); CD11C (related); CD11c (exact)	UniProtKB:P20702	UniProtKB:Q9QXH4	IUPHARobj:2454	HGNC:6152	ITGAX
CL:0002529	CD1a-positive dermal dendritic cell	CL:4030046	lacks_plasma_membrane_part	negative	False	PR:000001002	CD19 molecule	CD19 (label)	UniProtKB:P15391	UniProtKB:P25918	IUPHARobj:2764; PIRSF:PIRSF016630	HGNC:1633	CD19
CL:0002529	CD1a-positive dermal dendritic cell	CL:4030046	lacks_plasma_membrane_part	negative	False	PR:000001003	CD34 molecule	CD34 (label)	UniProtKB:P28906	UniProtKB:Q64314	PIRSF:PIRSF028749	HGNC:1662	CD34
CL:0002529	CD1a-positive dermal dendritic cell	CL:4030046	lacks_plasma_membrane_part	negative	False	PR:000001020	CD3 epsilon	CD3 (label); CD3E (exact); CD3e (exact)	UniProtKB:P07766	UniProtKB:P22646	IUPHARobj:2742	HGNC:1674	CD3E
CL:0002529	CD1a-positive dermal dendritic cell	CL:4030046	lacks_plasma_membrane_part	negative	False	PR:000001024	neural cell adhesion molecule 1	CD56 (exact)	UniProtKB:P13591	UniProtKB:P13595	IUPHARobj:2769	HGNC:7656	NCAM1
CL:0002529	CD1a-positive dermal dendritic cell	CL:4030046	lacks_plasma_membrane_part	negative	False	PR:000001289	membrane-spanning 4-domains subfamily A member 1	CD20 (exact)	UniProtKB:P11836	UniProtKB:P19437	PIRSF:PIRSF001995; IUPHARobj:2628	HGNC:7315	MS4A1
CL:0002529	CD1a-positive dermal dendritic cell	RO:0002104	has plasma membrane part	positive	False	PR:000001012	integrin alpha-M	CD11 (exact); CD11B (related); CD11b (exact)	UniProtKB:P11215	UniProtKB:P05555	IUPHARobj:2452	HGNC:6149	ITGAM
CL:0002529	CD1a-positive dermal dendritic cell	RO:0002104	has plasma membrane part	positive	False	PR:000001026	lymphocyte antigen 75	CD205 (exact)		UniProtKB:Q60767			
CL:0002529	CD1a-positive dermal dendritic cell	RO:0002104	has plasma membrane part	positive	False	PR:000001084	T-cell surface glycoprotein CD8 alpha chain	CD8 (label); CD8A (exact); CD8a (exact)	UniProtKB:P01732	UniProtKB:P01731		HGNC:1706	CD8A
CL:0002529	CD1a-positive dermal dendritic cell	RO:0002104	has plasma membrane part	positive	True	PR:000002025	T-cell surface glycoprotein CD1a	CD1A (exact); CD1a (label)	UniProtKB:P06126			HGNC:1634	CD1A
CL:0002530	immature CD1a-positive dermal dendritic cell	RO:0015015	has high plasma membrane amount	high	False	PR:000001013	integrin alpha-X	CD11 (exact); CD11C (related); CD11c (exact)	UniProtKB:P20702	UniProtKB:Q9QXH4	IUPHARobj:2454	HGNC:6152	ITGAX
CL:0002530	immature CD1a-positive dermal dendritic cell	RO:0015016	has low plasma membrane amount	low	False	PR:000001412	CD86 molecule	CD28LG2 (related); CD86 (label)	UniProtKB:P42081	UniProtKB:P42082	IUPHARobj:2745	HGNC:1705	CD86
CL:0002530	immature CD1a-positive dermal dendritic cell	RO:0015016	has low plasma membrane amount	low	False	PR:000001438	CD80 molecule	CD28LG (related); CD28LG1 (related); CD80 (label)	UniProtKB:P33681	UniProtKB:Q00609	IUPHARobj:2744	HGNC:1700	CD80
CL:0002530	immature CD1a-positive dermal dendritic cell	CL:4030046	lacks_plasma_membrane_part	negative	False	PR:000001002	CD19 molecule	CD19 (label)	UniProtKB:P15391	UniProtKB:P25918	IUPHARobj:2764; PIRSF:PIRSF016630	HGNC:1633	CD19
CL:0002530	immature CD1a-positive dermal dendritic cell	CL:4030046	lacks_plasma_membrane_part	negative	False	PR:000001003	CD34 molecule	CD34 (label)	UniProtKB:P28906	UniProtKB:Q64314	PIRSF:PIRSF028749	HGNC:1662	CD34
CL:0002530	immature CD1a-positive dermal dendritic cell	CL:4030046	lacks_plasma_membrane_part	negative	False	PR:000001020	CD3 epsilon	CD3 (label); CD3E (exact); CD3e (exact)	UniProtKB:P07766	UniProtKB:P22646	IUPHARobj:2742	HGNC:1674	CD3E
CL:0002530	immature CD1a-positive dermal dendritic cell	CL:4030046	lacks_plasma_membrane_part	negative	False	PR:000001024	neural cell adhesion molecule 1	CD56 (exact)	UniProtKB:P13591	UniProtKB:P13595	IUPHARobj:2769	HGNC:7656	NCAM1
CL:0002530	immature CD1a-positive dermal dendritic cell	CL:4030046	lacks_plasma_membrane_part	negative	False	PR:000001289	membrane-spanning 4-domains subfamily A member 1	CD20 (exact)	UniProtKB:P11836	UniProtKB:P19437	PIRSF:PIRSF001995; IUPHARobj:2628	HGNC:7315	MS4A1
CL:0002530	immature CD1a-positive dermal dendritic cell	RO:0002104	has plasma membrane part	positive	False	PR:000001012	integrin alpha-M	CD11 (exact); CD11B (related); CD11b (exact)	UniProtKB:P11215	UniProtKB:P05555	IUPHARobj:2452	HGNC:6149	ITGAM
CL:0002530	immature CD1a-positive dermal dendritic cell	RO:0002104	has plasma membrane part	positive	False	PR:000001026	lymphocyte antigen 75	CD205 (exact)		UniProtKB:Q60767			
CL:0002530	immature CD1a-positive dermal dendritic cell	RO:0002104	has plasma membrane part	positive	False	PR:000001084	T-cell surface glycoprotein CD8 alpha chain	CD8 (label); CD8A (exact); CD8a (exact)	UniProtKB:P01732	UniProtKB:P01731		HGNC:1706	CD8A
CL:0002530	immature CD1a-positive dermal dendritic cell	RO:0002104	has plasma membrane part	positive	False	PR:000002025	T-cell surface glycoprotein CD1a	CD1A (exact); CD1a (label)	UniProtKB:P06126			HGNC:1634	CD1A
CL:0002531	mature CD1a-positive dermal dendritic cell	RO:0015015	has high plasma membrane amount	high	False	PR:000001013	integrin alpha-X	CD11 (exact); CD11C (related); CD11c (exact)	UniProtKB:P20702	UniProtKB:Q9QXH4	IUPHARobj:2454	HGNC:6152	ITGAX
CL:0002531	mature CD1a-positive dermal dendritic cell	RO:0015015	has high plasma membrane amount	high	False	PR:000001412	CD86 molecule	CD28LG2 (related); CD86 (label)	UniProtKB:P42081	UniProtKB:P42082	IUPHARobj:2745	HGNC:1705	CD86
CL:0002531	mature CD1a-positive dermal dendritic cell	RO:0015015	has high plasma membrane amount	high	False	PR:000001438	CD80 molecule	CD28LG (related); CD28LG1 (related); CD80 (label)	UniProtKB:P33681	UniProtKB:Q00609	IUPHARobj:2744	HGNC:1700	CD80
CL:0002531	mature CD1a-positive dermal dendritic cell	CL:4030046	lacks_plasma_membrane_part	negative	False	PR:000001002	CD19 molecule	CD19 (label)	UniProtKB:P15391	UniProtKB:P25918	IUPHARobj:2764; PIRSF:PIRSF016630	HGNC:1633	CD19
CL:0002531	mature CD1a-positive dermal dendritic cell	CL:4030046	lacks_plasma_membrane_part	negative	False	PR:000001003	CD34 molecule	CD34 (label)	UniProtKB:P28906	UniProtKB:Q64314	PIRSF:PIRSF028749	HGNC:1662	CD34
CL:0002531	mature CD1a-positive dermal dendritic cell	CL:4030046	lacks_plasma_membrane_part	negative	False	PR:000001020	CD3 epsilon	CD3 (label); CD3E (exact); CD3e (exact)	UniProtKB:P07766	UniProtKB:P22646	IUPHARobj:2742	HGNC:1674	CD3E
CL:0002531	mature CD1a-positive dermal dendritic cell	CL:4030046	lacks_plasma_membrane_part	negative	False	PR:000001024	neural cell adhesion molecule 1	CD56 (exact)	UniProtKB:P13591	UniProtKB:P13595	IUPHARobj:2769	HGNC:7656	NCAM1
CL:0002531	mature CD1a-positive dermal dendritic cell	CL:4030046	lacks_plasma_membrane_part	negative	False	PR:000001289	membrane-spanning 4-domains subfamily A member 1	CD20 (exact)	UniProtKB:P11836	UniProtKB:P19437	PIRSF:PIRSF001995; IUPHARobj:2628	HGNC:7315	MS4A1
CL:0002531	mature CD1a-positive dermal dendritic cell	RO:0002104	has plasma membrane part	positive	False	PR:000001012	integrin alpha-M	CD11 (exact); CD11B (related); CD11b (exact)	UniProtKB:P11215	UniProtKB:P05555	IUPHARobj:2452	HGNC:6149	ITGAM
CL:0002531	mature CD1a-positive dermal dendritic cell	RO:0002104	has plasma membrane part	positive	False	PR:000001026	lymphocyte antigen 75	CD205 (exact)		UniProtKB:Q60767			
CL:0002531	mature CD1a-positive dermal dendritic cell	RO:0002104	has plasma membrane part	positive	False	PR:000001084	T-cell surface glycoprotein CD8 alpha chain	CD8 (label); CD8A (exact); CD8a (exact)	UniProtKB:P01732	UniProtKB:P01731		HGNC:1706	CD8A
CL:0002531	mature CD1a-positive dermal dendritic cell	RO:0002104	has plasma membrane part	positive	False	PR:000001310	CD83 molecule	CD83 (label)	UniProtKB:Q01151	UniProtKB:O88324		HGNC:1703	CD83
CL:0002531	mature CD1a-positive dermal dendritic cell	RO:0002104	has plasma membrane part	positive	False	PR:000002025	T-cell surface glycoprotein CD1a	CD1A (exact); CD1a (label)	UniProtKB:P06126			HGNC:1634	CD1A
CL:0002532	CD16-positive myeloid dendritic cell	RO:0015015	has high plasma membrane amount	high	False	PR:000001013	integrin alpha-X	CD11 (exact); CD11C (related); CD11c (exact)	UniProtKB:P20702	UniProtKB:Q9QXH4	IUPHARobj:2454	HGNC:6152	ITGAX
CL:0002532	CD16-positive myeloid dendritic cell	CL:4030046	lacks_plasma_membrane_part	negative	False	PR:000001002	CD19 molecule	CD19 (label)	UniProtKB:P15391	UniProtKB:P25918	IUPHARobj:2764; PIRSF:PIRSF016630	HGNC:1633	CD19
CL:0002532	CD16-positive myeloid dendritic cell	CL:4030046	lacks_plasma_membrane_part	negative	False	PR:000001003	CD34 molecule	CD34 (label)	UniProtKB:P28906	UniProtKB:Q64314	PIRSF:PIRSF028749	HGNC:1662	CD34
CL:0002532	CD16-positive myeloid dendritic cell	CL:4030046	lacks_plasma_membrane_part	negative	False	PR:000001020	CD3 epsilon	CD3 (label); CD3E (exact); CD3e (exact)	UniProtKB:P07766	UniProtKB:P22646	IUPHARobj:2742	HGNC:1674	CD3E
CL:0002532	CD16-positive myeloid dendritic cell	CL:4030046	lacks_plasma_membrane_part	negative	False	PR:000001024	neural cell adhesion molecule 1	CD56 (exact)	UniProtKB:P13591	UniProtKB:P13595	IUPHARobj:2769	HGNC:7656	NCAM1
CL:0002532	CD16-positive myeloid dendritic cell	CL:4030046	lacks_plasma_membrane_part	negative	False	PR:000001289	membrane-spanning 4-domains subfamily A member 1	CD20 (exact)	UniProtKB:P11836	UniProtKB:P19437	PIRSF:PIRSF001995; IUPHARobj:2628	HGNC:7315	MS4A1
CL:0002532	CD16-positive myeloid dendritic cell	CL:4030046	lacks_plasma_membrane_part	negative	False	PR:000001865	interleukin-3 receptor class 2 alpha chain	CD123 (exact)	UniProtKB:P26951	UniProtKB:P26952	IUPHARobj:1705	HGNC:6012	IL3RA
CL:0002532	CD16-positive myeloid dendritic cell	RO:0002104	has plasma membrane part	positive	True	PR:000001483	low affinity immunoglobulin gamma Fc region receptor III	CD16 (exact)		UniProtKB:P08508			
CL:0002533	immature CD16-positive myeloid dendritic cell	RO:0015015	has high plasma membrane amount	high	False	PR:000001013	integrin alpha-X	CD11 (exact); CD11C (related); CD11c (exact)	UniProtKB:P20702	UniProtKB:Q9QXH4	IUPHARobj:2454	HGNC:6152	ITGAX
CL:0002533	immature CD16-positive myeloid dendritic cell	RO:0015016	has low plasma membrane amount	low	False	PR:000001412	CD86 molecule	CD28LG2 (related); CD86 (label)	UniProtKB:P42081	UniProtKB:P42082	IUPHARobj:2745	HGNC:1705	CD86
CL:0002533	immature CD16-positive myeloid dendritic cell	RO:0015016	has low plasma membrane amount	low	False	PR:000001438	CD80 molecule	CD28LG (related); CD28LG1 (related); CD80 (label)	UniProtKB:P33681	UniProtKB:Q00609	IUPHARobj:2744	HGNC:1700	CD80
CL:0002533	immature CD16-positive myeloid dendritic cell	CL:4030046	lacks_plasma_membrane_part	negative	False	PR:000001002	CD19 molecule	CD19 (label)	UniProtKB:P15391	UniProtKB:P25918	IUPHARobj:2764; PIRSF:PIRSF016630	HGNC:1633	CD19
CL:0002533	immature CD16-positive myeloid dendritic cell	CL:4030046	lacks_plasma_membrane_part	negative	False	PR:000001003	CD34 molecule	CD34 (label)	UniProtKB:P28906	UniProtKB:Q64314	PIRSF:PIRSF028749	HGNC:1662	CD34
CL:0002533	immature CD16-positive myeloid dendritic cell	CL:4030046	lacks_plasma_membrane_part	negative	False	PR:000001020	CD3 epsilon	CD3 (label); CD3E (exact); CD3e (exact)	UniProtKB:P07766	UniProtKB:P22646	IUPHARobj:2742	HGNC:1674	CD3E
CL:0002533	immature CD16-positive myeloid dendritic cell	CL:4030046	lacks_plasma_membrane_part	negative	False	PR:000001024	neural cell adhesion molecule 1	CD56 (exact)	UniProtKB:P13591	UniProtKB:P13595	IUPHARobj:2769	HGNC:7656	NCAM1
CL:0002533	immature CD16-positive myeloid dendritic cell	CL:4030046	lacks_plasma_membrane_part	negative	False	PR:000001289	membrane-spanning 4-domains subfamily A member 1	CD20 (exact)	UniProtKB:P11836	UniProtKB:P19437	PIRSF:PIRSF001995; IUPHARobj:2628	HGNC:7315	MS4A1
CL:0002533	immature CD16-positive myeloid dendritic cell	CL:4030046	lacks_plasma_membrane_part	negative	False	PR:000001865	interleukin-3 receptor class 2 alpha chain	CD123 (exact)	UniProtKB:P26951	UniProtKB:P26952	IUPHARobj:1705	HGNC:6012	IL3RA
CL:0002533	immature CD16-positive myeloid dendritic cell	RO:0002104	has plasma membrane part	positive	False	PR:000001483	low affinity immunoglobulin gamma Fc region receptor III	CD16 (exact)		UniProtKB:P08508			
CL:0002534	mature CD16-positive myeloid dendritic cell	RO:0015015	has high plasma membrane amount	high	False	PR:000001013	integrin alpha-X	CD11 (exact); CD11C (related); CD11c (exact)	UniProtKB:P20702	UniProtKB:Q9QXH4	IUPHARobj:2454	HGNC:6152	ITGAX
CL:0002534	mature CD16-positive myeloid dendritic cell	RO:0015015	has high plasma membrane amount	high	False	PR:000001412	CD86 molecule	CD28LG2 (related); CD86 (label)	UniProtKB:P42081	UniProtKB:P42082	IUPHARobj:2745	HGNC:1705	CD86
CL:0002534	mature CD16-positive myeloid dendritic cell	RO:0015015	has high plasma membrane amount	high	False	PR:000001438	CD80 molecule	CD28LG (related); CD28LG1 (related); CD80 (label)	UniProtKB:P33681	UniProtKB:Q00609	IUPHARobj:2744	HGNC:1700	CD80
CL:0002534	mature CD16-positive myeloid dendritic cell	CL:4030046	lacks_plasma_membrane_part	negative	False	PR:000001002	CD19 molecule	CD19 (label)	UniProtKB:P15391	UniProtKB:P25918	IUPHARobj:2764; PIRSF:PIRSF016630	HGNC:1633	CD19
CL:0002534	mature CD16-positive myeloid dendritic cell	CL:4030046	lacks_plasma_membrane_part	negative	False	PR:000001003	CD34 molecule	CD34 (label)	UniProtKB:P28906	UniProtKB:Q64314	PIRSF:PIRSF028749	HGNC:1662	CD34
CL:0002534	mature CD16-positive myeloid dendritic cell	CL:4030046	lacks_plasma_membrane_part	negative	False	PR:000001020	CD3 epsilon	CD3 (label); CD3E (exact); CD3e (exact)	UniProtKB:P07766	UniProtKB:P22646	IUPHARobj:2742	HGNC:1674	CD3E
CL:0002534	mature CD16-positive myeloid dendritic cell	CL:4030046	lacks_plasma_membrane_part	negative	False	PR:000001024	neural cell adhesion molecule 1	CD56 (exact)	UniProtKB:P13591	UniProtKB:P13595	IUPHARobj:2769	HGNC:7656	NCAM1
CL:0002534	mature CD16-positive myeloid dendritic cell	CL:4030046	lacks_plasma_membrane_part	negative	False	PR:000001289	membrane-spanning 4-domains subfamily A member 1	CD20 (exact)	UniProtKB:P11836	UniProtKB:P19437	PIRSF:PIRSF001995; IUPHARobj:2628	HGNC:7315	MS4A1
CL:0002534	mature CD16-positive myeloid dendritic cell	CL:4030046	lacks_plasma_membrane_part	negative	False	PR:000001865	interleukin-3 receptor class 2 alpha chain	CD123 (exact)	UniProtKB:P26951	UniProtKB:P26952	IUPHARobj:1705	HGNC:6012	IL3RA
CL:0002534	mature CD16-positive myeloid dendritic cell	RO:0002104	has plasma membrane part	positive	False	PR:000001310	CD83 molecule	CD83 (label)	UniProtKB:Q01151	UniProtKB:O88324		HGNC:1703	CD83
CL:0002534	mature CD16-positive myeloid dendritic cell	RO:0002104	has plasma membrane part	positive	False	PR:000001483	low affinity immunoglobulin gamma Fc region receptor III	CD16 (exact)		UniProtKB:P08508			
CL:0002619	adult endothelial progenitor cell	RO:0002104	has plasma membrane part	positive	False	PR:000001444	cadherin-5	CD144 (exact)	UniProtKB:P33151	UniProtKB:P55284		HGNC:1764	CDH5
CL:0002619	adult endothelial progenitor cell	RO:0002104	has plasma membrane part	positive	False	PR:000002112	vascular endothelial growth factor receptor 2	CD309 (exact)	UniProtKB:P35968	UniProtKB:P35918	IUPHARobj:1813	HGNC:6307	KDR
CL:0002619	adult endothelial progenitor cell	RO:0002104	has plasma membrane part	positive	False	PR:000016043	T-cell acute lymphocytic leukemia protein 1		UniProtKB:P17542	UniProtKB:P22091		HGNC:11556	TAL1
CL:0002628	immature microglial cell	RO:0002104	has plasma membrane part	positive	False	PR:000001012	integrin alpha-M	CD11 (exact); CD11B (related); CD11b (exact)	UniProtKB:P11215	UniProtKB:P05555	IUPHARobj:2452	HGNC:6149	ITGAM
CL:0002628	immature microglial cell	RO:0002104	has plasma membrane part	positive	False	PR:000001813	adhesion G protein-coupled receptor E1		UniProtKB:Q14246	UniProtKB:Q61549	IUPHARobj:182; PIRSF:PIRSF038685	HGNC:3336	ADGRE1
CL:0002628	immature microglial cell	RO:0002104	has plasma membrane part	positive	False	PR:000002064	macrosialin	CD68 (exact)	UniProtKB:P34810	UniProtKB:P31996		HGNC:1693	CD68
CL:0002629	mature microglial cell	RO:0002104	has plasma membrane part	positive	False	PR:000001012	integrin alpha-M	CD11 (exact); CD11B (related); CD11b (exact)	UniProtKB:P11215	UniProtKB:P05555	IUPHARobj:2452	HGNC:6149	ITGAM
CL:0002629	mature microglial cell	RO:0002104	has plasma membrane part	positive	False	PR:000001813	adhesion G protein-coupled receptor E1		UniProtKB:Q14246	UniProtKB:Q61549	IUPHARobj:182; PIRSF:PIRSF038685	HGNC:3336	ADGRE1
CL:0002629	mature microglial cell	RO:0002104	has plasma membrane part	positive	False	PR:000002064	macrosialin	CD68 (exact)	UniProtKB:P34810	UniProtKB:P31996		HGNC:1693	CD68
CL:0002677	naive regulatory T cell	RO:0015015	has high plasma membrane amount	high	False	PR:000001318	L-selectin	CD62 (exact); CD62L (exact)	UniProtKB:P14151	UniProtKB:P18337	PIRSF:PIRSF002421	HGNC:10720	SELL
CL:0002677	naive regulatory T cell	RO:0015016	has low plasma membrane amount	low	False	PR:000001307	CD44 molecule	CD44 (label); CDw44 (exact)	UniProtKB:P16070	UniProtKB:P15379		HGNC:1681	CD44
CL:0002677	naive regulatory T cell	RO:0015016	has low plasma membrane amount	low	False	PR:000001869	interleukin-7 receptor subunit alpha	CD127 (exact); CDw127 (exact)	UniProtKB:P16871	UniProtKB:P16872	IUPHARobj:1698; PIRSF:PIRSF001960	HGNC:6024	IL7R
CL:0002677	naive regulatory T cell	CL:4030046	lacks_plasma_membrane_part	negative	False	PR:000025402	T cell receptor co-receptor CD8	CD8 (label)					
CL:0002677	naive regulatory T cell	RO:0002104	has plasma membrane part	positive	False	PR:000001004	CD4 molecule	CD4 (label)	UniProtKB:P01730	UniProtKB:P06332	PIRSF:PIRSF001977	HGNC:1678	CD4
CL:0002677	naive regulatory T cell	RO:0002104	has plasma membrane part	positive	False	PR:000001006	receptor-type tyrosine-protein phosphatase C	CD45 (related)	UniProtKB:P08575	UniProtKB:P06800	IUPHARobj:1852; PIRSF:PIRSF002004	HGNC:9666	PTPRC
CL:0002677	naive regulatory T cell	RO:0002104	has plasma membrane part	positive	False	PR:000001015	receptor-type tyrosine-protein phosphatase C isoform CD45RA	CD45RA (label)	UniProtKB:P08575-8				
CL:0002677	naive regulatory T cell	RO:0002104	has plasma membrane part	positive	False	PR:000001203	C-C chemokine receptor type 7	CD197 (exact); CDw197 (exact)	UniProtKB:P32248	UniProtKB:P47774	IUPHARobj:64	HGNC:1608	CCR7
CL:0002677	naive regulatory T cell	RO:0002104	has plasma membrane part	positive	False	PR:000001380	interleukin-2 receptor subunit alpha	CD25 (exact)	UniProtKB:P01589	UniProtKB:P01590	IUPHARobj:1695; PIRSF:PIRSF001954	HGNC:6008	IL2RA
CL:0002678	memory regulatory T cell	RO:0015016	has low plasma membrane amount	low	False	PR:000001869	interleukin-7 receptor subunit alpha	CD127 (exact); CDw127 (exact)	UniProtKB:P16871	UniProtKB:P16872	IUPHARobj:1698; PIRSF:PIRSF001960	HGNC:6024	IL7R
CL:0002678	memory regulatory T cell	CL:4030046	lacks_plasma_membrane_part	negative	False	PR:000025402	T cell receptor co-receptor CD8	CD8 (label)					
CL:0002678	memory regulatory T cell	RO:0002104	has plasma membrane part	positive	False	PR:000001004	CD4 molecule	CD4 (label)	UniProtKB:P01730	UniProtKB:P06332	PIRSF:PIRSF001977	HGNC:1678	CD4
CL:0002678	memory regulatory T cell	RO:0002104	has plasma membrane part	positive	False	PR:000001380	interleukin-2 receptor subunit alpha	CD25 (exact)	UniProtKB:P01589	UniProtKB:P01590	IUPHARobj:1695; PIRSF:PIRSF001954	HGNC:6008	IL2RA
CL:0002679	natural helper lymphocyte	CL:4030046	lacks_plasma_membrane_part	negative	True	PR:000001002	CD19 molecule	CD19 (label)	UniProtKB:P15391	UniProtKB:P25918	IUPHARobj:2764; PIRSF:PIRSF016630	HGNC:1633	CD19
CL:0002679	natural helper lymphocyte	CL:4030046	lacks_plasma_membrane_part	negative	True	PR:000001012	integrin alpha-M	CD11 (exact); CD11B (related); CD11b (exact)	UniProtKB:P11215	UniProtKB:P05555	IUPHARobj:2452	HGNC:6149	ITGAM
CL:0002679	natural helper lymphocyte	CL:4030046	lacks_plasma_membrane_part	negative	True	PR:000001013	integrin alpha-X	CD11 (exact); CD11C (related); CD11c (exact)	UniProtKB:P20702	UniProtKB:Q9QXH4	IUPHARobj:2454	HGNC:6152	ITGAX
CL:0002679	natural helper lymphocyte	CL:4030046	lacks_plasma_membrane_part	negative	True	PR:000001020	CD3 epsilon	CD3 (label); CD3E (exact); CD3e (exact)	UniProtKB:P07766	UniProtKB:P22646	IUPHARobj:2742	HGNC:1674	CD3E
CL:0002679	natural helper lymphocyte	CL:4030046	lacks_plasma_membrane_part	negative	True	PR:000001084	T-cell surface glycoprotein CD8 alpha chain	CD8 (label); CD8A (exact); CD8a (exact)	UniProtKB:P01732	UniProtKB:P01731		HGNC:1706	CD8A
CL:0002679	natural helper lymphocyte	CL:4030046	lacks_plasma_membrane_part	negative	True	PR:000001874	KLRB1-like protein				PIRSF:PIRSF038804		
CL:0002679	natural helper lymphocyte	CL:4030046	lacks_plasma_membrane_part	negative	True	PR:000002981	lymphocyte antigen 76 (mouse)						
CL:0002679	natural helper lymphocyte	RO:0002104	has plasma membrane part	positive	True	PR:000002065	mast/stem cell growth factor receptor	CD117 (exact)	UniProtKB:P10721	UniProtKB:P05532	IUPHARobj:1805; PIRSF:PIRSF500951	HGNC:6342	KIT
CL:0002679	natural helper lymphocyte	RO:0002104	has plasma membrane part	positive	True	PR:000002979	lymphocyte antigen 6A-2/6E-1			UniProtKB:P05533			
CL:0003035	M6 retinal ganglion cell	RO:0002292	expresses	positive	True	PR:000001243	melanopsin		UniProtKB:Q9UHM6	UniProtKB:Q9QXZ9	IUPHARobj:2758	HGNC:14449	OPN4
CL:0003048	L cone cell	BFO:0000051	has part	positive	True	PR:000001244	long-wave-sensitive opsin 1		UniProtKB:P04000		IUPHARobj:2961	HGNC:9936	OPN1LW
CL:0003049	M cone cell	BFO:0000051	has part	positive	True	PR:000001224	medium-wave-sensitive opsin				IUPHARobj:2962		
CL:0004161	510 nm-cone	BFO:0000051	has part	positive	False	PR:000001224	medium-wave-sensitive opsin				IUPHARobj:2962		
CL:0008032	rosehip neuron	RO:0002292	expresses	positive	True	PR:000005110	cholecystokinin		UniProtKB:P06307	UniProtKB:P09240		HGNC:1569	CCK
CL:0008032	rosehip neuron	RO:0002292	expresses	positive	True	PR:000007785	glutamate decarboxylase 1		UniProtKB:Q99259	UniProtKB:P48318	IUPHARobj:1272	HGNC:4092	GAD1
CL:0008032	rosehip neuron	RO:0002292	expresses	positive	True	PR:000011467	netrin-G1		UniProtKB:Q9Y2I2	UniProtKB:Q8R4G0		HGNC:23319	NTNG1
CL:0009015	Peyer's patch follicular dendritic cell	CL:4030046	lacks_plasma_membrane_part	negative	False	PR:000001002	CD19 molecule	CD19 (label)	UniProtKB:P15391	UniProtKB:P25918	IUPHARobj:2764; PIRSF:PIRSF016630	HGNC:1633	CD19
CL:0009015	Peyer's patch follicular dendritic cell	CL:4030046	lacks_plasma_membrane_part	negative	False	PR:000001003	CD34 molecule	CD34 (label)	UniProtKB:P28906	UniProtKB:Q64314	PIRSF:PIRSF028749	HGNC:1662	CD34
CL:0009015	Peyer's patch follicular dendritic cell	CL:4030046	lacks_plasma_membrane_part	negative	False	PR:000001020	CD3 epsilon	CD3 (label); CD3E (exact); CD3e (exact)	UniProtKB:P07766	UniProtKB:P22646	IUPHARobj:2742	HGNC:1674	CD3E
CL:0009015	Peyer's patch follicular dendritic cell	CL:4030046	lacks_plasma_membrane_part	negative	False	PR:000001024	neural cell adhesion molecule 1	CD56 (exact)	UniProtKB:P13591	UniProtKB:P13595	IUPHARobj:2769	HGNC:7656	NCAM1
CL:0009015	Peyer's patch follicular dendritic cell	CL:4030046	lacks_plasma_membrane_part	negative	False	PR:000001289	membrane-spanning 4-domains subfamily A member 1	CD20 (exact)	UniProtKB:P11836	UniProtKB:P19437	PIRSF:PIRSF001995; IUPHARobj:2628	HGNC:7315	MS4A1
CL:0009033	plasma cell of appendix	CL:4030046	lacks_plasma_membrane_part	negative	False	PR:000001289	membrane-spanning 4-domains subfamily A member 1	CD20 (exact)	UniProtKB:P11836	UniProtKB:P19437	PIRSF:PIRSF001995; IUPHARobj:2628	HGNC:7315	MS4A1
CL:0009033	plasma cell of appendix	RO:0002104	has plasma membrane part	positive	False	PR:000001935	syndecan-1	CD138 (exact)	UniProtKB:P18827	UniProtKB:P18828	PIRSF:PIRSF015854	HGNC:10658	SDC1
CL:0009034	dendritic cell of appendix	CL:4030046	lacks_plasma_membrane_part	negative	False	PR:000001002	CD19 molecule	CD19 (label)	UniProtKB:P15391	UniProtKB:P25918	IUPHARobj:2764; PIRSF:PIRSF016630	HGNC:1633	CD19
CL:0009034	dendritic cell of appendix	CL:4030046	lacks_plasma_membrane_part	negative	False	PR:000001003	CD34 molecule	CD34 (label)	UniProtKB:P28906	UniProtKB:Q64314	PIRSF:PIRSF028749	HGNC:1662	CD34
CL:0009034	dendritic cell of appendix	CL:4030046	lacks_plasma_membrane_part	negative	False	PR:000001020	CD3 epsilon	CD3 (label); CD3E (exact); CD3e (exact)	UniProtKB:P07766	UniProtKB:P22646	IUPHARobj:2742	HGNC:1674	CD3E
CL:0009034	dendritic cell of appendix	CL:4030046	lacks_plasma_membrane_part	negative	False	PR:000001024	neural cell adhesion molecule 1	CD56 (exact)	UniProtKB:P13591	UniProtKB:P13595	IUPHARobj:2769	HGNC:7656	NCAM1
CL:0009034	dendritic cell of appendix	CL:4030046	lacks_plasma_membrane_part	negative	False	PR:000001289	membrane-spanning 4-domains subfamily A member 1	CD20 (exact)	UniProtKB:P11836	UniProtKB:P19437	PIRSF:PIRSF001995; IUPHARobj:2628	HGNC:7315	MS4A1
CL:0009059	plasma cell of medullary sinus of lymph node	CL:4030046	lacks_plasma_membrane_part	negative	False	PR:000001289	membrane-spanning 4-domains subfamily A member 1	CD20 (exact)	UniProtKB:P11836	UniProtKB:P19437	PIRSF:PIRSF001995; IUPHARobj:2628	HGNC:7315	MS4A1
CL:0009059	plasma cell of medullary sinus of lymph node	RO:0002104	has plasma membrane part	positive	False	PR:000001935	syndecan-1	CD138 (exact)	UniProtKB:P18827	UniProtKB:P18828	PIRSF:PIRSF015854	HGNC:10658	SDC1
CL:0009060	marginal zone B cell of lymph node	CL:4030046	lacks_plasma_membrane_part	negative	False	PR:000001020	CD3 epsilon	CD3 (label); CD3E (exact); CD3e (exact)	UniProtKB:P07766	UniProtKB:P22646	IUPHARobj:2742	HGNC:1674	CD3E
CL:0009060	marginal zone B cell of lymph node	RO:0002104	has plasma membrane part	positive	False	PR:000001002	CD19 molecule	CD19 (label)	UniProtKB:P15391	UniProtKB:P25918	IUPHARobj:2764; PIRSF:PIRSF016630	HGNC:1633	CD19
CL:0009062	germinal center T cell	CL:4030046	lacks_plasma_membrane_part	negative	False	PR:000001203	C-C chemokine receptor type 7	CD197 (exact); CDw197 (exact)	UniProtKB:P32248	UniProtKB:P47774	IUPHARobj:64	HGNC:1608	CCR7
CL:0009062	germinal center T cell	CL:4030046	lacks_plasma_membrane_part	negative	False	PR:000025402	T cell receptor co-receptor CD8	CD8 (label)					
CL:0009062	germinal center T cell	RO:0002104	has plasma membrane part	positive	False	PR:000001004	CD4 molecule	CD4 (label)	UniProtKB:P01730	UniProtKB:P06332	PIRSF:PIRSF001977	HGNC:1678	CD4
CL:0009062	germinal center T cell	RO:0002104	has plasma membrane part	positive	False	PR:000001209	C-X-C chemokine receptor type 5	CD185 (exact)	UniProtKB:P32302	UniProtKB:Q04683	IUPHARobj:72	HGNC:1060	CXCR5
CL:0009062	germinal center T cell	RO:0002104	has plasma membrane part	positive	False	PR:000001860	inducible T-cell costimulator	CD278 (exact); CD28 (exact)	UniProtKB:Q9Y6W8	UniProtKB:Q9WVS0	IUPHARobj:2939	HGNC:5351	ICOS
CL:0009062	germinal center T cell	RO:0002104	has plasma membrane part	positive	False	PR:000001919	programmed cell death protein 1	CD279 (exact)	UniProtKB:Q15116	UniProtKB:Q02242	IUPHARobj:2760; PIRSF:PIRSF018380	HGNC:8760	PDCD1
CL:0009062	germinal center T cell	BFO:0000051	has part	positive	False	PR:000003450	B-cell lymphoma 6 protein		UniProtKB:P41182	UniProtKB:P41183	IUPHARobj:2957	HGNC:1001	BCL6
CL:0009081	specified double negative thymocyte (Homo sapiens)	CL:4030046	lacks_plasma_membrane_part	negative	False	PR:000001004	CD4 molecule	CD4 (label)	UniProtKB:P01730	UniProtKB:P06332	PIRSF:PIRSF001977	HGNC:1678	CD4
CL:0009081	specified double negative thymocyte (Homo sapiens)	CL:4030046	lacks_plasma_membrane_part	negative	False	PR:000025402	T cell receptor co-receptor CD8	CD8 (label)					
CL:0009082	committed double negative thymocyte (Homo sapiens)	CL:4030046	lacks_plasma_membrane_part	negative	False	PR:000001004	CD4 molecule	CD4 (label)	UniProtKB:P01730	UniProtKB:P06332	PIRSF:PIRSF001977	HGNC:1678	CD4
CL:0009082	committed double negative thymocyte (Homo sapiens)	CL:4030046	lacks_plasma_membrane_part	negative	False	PR:000025402	T cell receptor co-receptor CD8	CD8 (label)					
CL:0009083	rearranging double negative thymocyte (Homo sapiens)	CL:4030046	lacks_plasma_membrane_part	negative	False	PR:000001004	CD4 molecule	CD4 (label)	UniProtKB:P01730	UniProtKB:P06332	PIRSF:PIRSF001977	HGNC:1678	CD4
CL:0009083	rearranging double negative thymocyte (Homo sapiens)	CL:4030046	lacks_plasma_membrane_part	negative	False	PR:000025402	T cell receptor co-receptor CD8	CD8 (label)					
CL:0009085	colony forming unit – Hill cell	RO:0002104	has plasma membrane part	positive	False	PR:000001444	cadherin-5	CD144 (exact)	UniProtKB:P33151	UniProtKB:P55284		HGNC:1764	CDH5
CL:0009085	colony forming unit – Hill cell	RO:0002104	has plasma membrane part	positive	False	PR:000002112	vascular endothelial growth factor receptor 2	CD309 (exact)	UniProtKB:P35968	UniProtKB:P35918	IUPHARobj:1813	HGNC:6307	KDR
CL:0009085	colony forming unit – Hill cell	RO:0002104	has plasma membrane part	positive	False	PR:000016043	T-cell acute lymphocytic leukemia protein 1		UniProtKB:P17542	UniProtKB:P22091		HGNC:11556	TAL1
CL:0009088	circulating angiogenic cell	RO:0002104	has plasma membrane part	positive	False	PR:000001444	cadherin-5	CD144 (exact)	UniProtKB:P33151	UniProtKB:P55284		HGNC:1764	CDH5
CL:0009088	circulating angiogenic cell	RO:0002104	has plasma membrane part	positive	False	PR:000002112	vascular endothelial growth factor receptor 2	CD309 (exact)	UniProtKB:P35968	UniProtKB:P35918	IUPHARobj:1813	HGNC:6307	KDR
CL:0009088	circulating angiogenic cell	RO:0002104	has plasma membrane part	positive	False	PR:000016043	T-cell acute lymphocytic leukemia protein 1		UniProtKB:P17542	UniProtKB:P22091		HGNC:11556	TAL1
CL:0009090	endothelial colony forming cell	RO:0002104	has plasma membrane part	positive	False	PR:000001444	cadherin-5	CD144 (exact)	UniProtKB:P33151	UniProtKB:P55284		HGNC:1764	CDH5
CL:0009090	endothelial colony forming cell	RO:0002104	has plasma membrane part	positive	False	PR:000002112	vascular endothelial growth factor receptor 2	CD309 (exact)	UniProtKB:P35968	UniProtKB:P35918	IUPHARobj:1813	HGNC:6307	KDR
CL:0009090	endothelial colony forming cell	RO:0002104	has plasma membrane part	positive	False	PR:000016043	T-cell acute lymphocytic leukemia protein 1		UniProtKB:P17542	UniProtKB:P22091		HGNC:11556	TAL1
CL:0009111	centrocyte	CL:4030046	lacks_plasma_membrane_part	negative	False	PR:000001020	CD3 epsilon	CD3 (label); CD3E (exact); CD3e (exact)	UniProtKB:P07766	UniProtKB:P22646	IUPHARobj:2742	HGNC:1674	CD3E
CL:0009111	centrocyte	RO:0002104	has plasma membrane part	positive	False	PR:000001002	CD19 molecule	CD19 (label)	UniProtKB:P15391	UniProtKB:P25918	IUPHARobj:2764; PIRSF:PIRSF016630	HGNC:1633	CD19
CL:0009111	centrocyte	RO:0002104	has plasma membrane part	positive	False	PR:000001289	membrane-spanning 4-domains subfamily A member 1	CD20 (exact)	UniProtKB:P11836	UniProtKB:P19437	PIRSF:PIRSF001995; IUPHARobj:2628	HGNC:7315	MS4A1
CL:0009112	centroblast	CL:4030046	lacks_plasma_membrane_part	negative	False	PR:000001020	CD3 epsilon	CD3 (label); CD3E (exact); CD3e (exact)	UniProtKB:P07766	UniProtKB:P22646	IUPHARobj:2742	HGNC:1674	CD3E
CL:0009112	centroblast	RO:0002104	has plasma membrane part	positive	False	PR:000001002	CD19 molecule	CD19 (label)	UniProtKB:P15391	UniProtKB:P25918	IUPHARobj:2764; PIRSF:PIRSF016630	HGNC:1633	CD19
CL:0009112	centroblast	RO:0002104	has plasma membrane part	positive	False	PR:000001289	membrane-spanning 4-domains subfamily A member 1	CD20 (exact)	UniProtKB:P11836	UniProtKB:P19437	PIRSF:PIRSF001995; IUPHARobj:2628	HGNC:7315	MS4A1
CL:0011018	lymphoid tissue–inducer cell	CL:4030046	lacks_plasma_membrane_part	negative	False	PR:000001002	CD19 molecule	CD19 (label)	UniProtKB:P15391	UniProtKB:P25918	IUPHARobj:2764; PIRSF:PIRSF016630	HGNC:1633	CD19
CL:0011018	lymphoid tissue–inducer cell	CL:4030046	lacks_plasma_membrane_part	negative	False	PR:000001020	CD3 epsilon	CD3 (label); CD3E (exact); CD3e (exact)	UniProtKB:P07766	UniProtKB:P22646	IUPHARobj:2742	HGNC:1674	CD3E
CL:0011018	lymphoid tissue–inducer cell	RO:0002104	has plasma membrane part	positive	True	PR:000001869	interleukin-7 receptor subunit alpha	CD127 (exact); CDw127 (exact)	UniProtKB:P16871	UniProtKB:P16872	IUPHARobj:1698; PIRSF:PIRSF001960	HGNC:6024	IL7R
CL:0011018	lymphoid tissue–inducer cell	BFO:0000051	has part	positive	False	PR:000003455	nuclear receptor ROR-gamma isoform 2			UniProtKB:P51450-2			
CL:0011023	CD25+ mast cell	RO:0002104	has plasma membrane part	positive	True	PR:000001380	interleukin-2 receptor subunit alpha	CD25 (exact)	UniProtKB:P01589	UniProtKB:P01590	IUPHARobj:1695; PIRSF:PIRSF001954	HGNC:6008	IL2RA
CL:0011024	double negative T regulatory cell	CL:4030046	lacks_plasma_membrane_part	negative	False	PR:000001004	CD4 molecule	CD4 (label)	UniProtKB:P01730	UniProtKB:P06332	PIRSF:PIRSF001977	HGNC:1678	CD4
CL:0011024	double negative T regulatory cell	CL:4030046	lacks_plasma_membrane_part	negative	False	PR:000025402	T cell receptor co-receptor CD8	CD8 (label)					
CL:0011031	monocyte-derived dendritic cell	RO:0015015	has high plasma membrane amount	high	False	PR:000001013	integrin alpha-X	CD11 (exact); CD11C (related); CD11c (exact)	UniProtKB:P20702	UniProtKB:Q9QXH4	IUPHARobj:2454	HGNC:6152	ITGAX
CL:0011031	monocyte-derived dendritic cell	CL:4030046	lacks_plasma_membrane_part	negative	False	PR:000001002	CD19 molecule	CD19 (label)	UniProtKB:P15391	UniProtKB:P25918	IUPHARobj:2764; PIRSF:PIRSF016630	HGNC:1633	CD19
CL:0011031	monocyte-derived dendritic cell	CL:4030046	lacks_plasma_membrane_part	negative	False	PR:000001003	CD34 molecule	CD34 (label)	UniProtKB:P28906	UniProtKB:Q64314	PIRSF:PIRSF028749	HGNC:1662	CD34
CL:0011031	monocyte-derived dendritic cell	CL:4030046	lacks_plasma_membrane_part	negative	False	PR:000001020	CD3 epsilon	CD3 (label); CD3E (exact); CD3e (exact)	UniProtKB:P07766	UniProtKB:P22646	IUPHARobj:2742	HGNC:1674	CD3E
CL:0011031	monocyte-derived dendritic cell	CL:4030046	lacks_plasma_membrane_part	negative	False	PR:000001024	neural cell adhesion molecule 1	CD56 (exact)	UniProtKB:P13591	UniProtKB:P13595	IUPHARobj:2769	HGNC:7656	NCAM1
CL:0011031	monocyte-derived dendritic cell	CL:4030046	lacks_plasma_membrane_part	negative	False	PR:000001289	membrane-spanning 4-domains subfamily A member 1	CD20 (exact)	UniProtKB:P11836	UniProtKB:P19437	PIRSF:PIRSF001995; IUPHARobj:2628	HGNC:7315	MS4A1
CL:0011031	monocyte-derived dendritic cell	CL:4030046	lacks_plasma_membrane_part	negative	False	PR:000001865	interleukin-3 receptor class 2 alpha chain	CD123 (exact)	UniProtKB:P26951	UniProtKB:P26952	IUPHARobj:1705	HGNC:6012	IL3RA
CL:0011114	segmented neutrophil of bone marrow	CL:4030046	lacks_plasma_membrane_part	negative	False	PR:000001002	CD19 molecule	CD19 (label)	UniProtKB:P15391	UniProtKB:P25918	IUPHARobj:2764; PIRSF:PIRSF016630	HGNC:1633	CD19
CL:0011114	segmented neutrophil of bone marrow	CL:4030046	lacks_plasma_membrane_part	negative	False	PR:000001020	CD3 epsilon	CD3 (label); CD3E (exact); CD3e (exact)	UniProtKB:P07766	UniProtKB:P22646	IUPHARobj:2742	HGNC:1674	CD3E
CL:0011114	segmented neutrophil of bone marrow	CL:4030046	lacks_plasma_membrane_part	negative	False	PR:000001024	neural cell adhesion molecule 1	CD56 (exact)	UniProtKB:P13591	UniProtKB:P13595	IUPHARobj:2769	HGNC:7656	NCAM1
CL:0011114	segmented neutrophil of bone marrow	CL:4030046	lacks_plasma_membrane_part	negative	False	PR:000001084	T-cell surface glycoprotein CD8 alpha chain	CD8 (label); CD8A (exact); CD8a (exact)	UniProtKB:P01732	UniProtKB:P01731		HGNC:1706	CD8A
CL:0011114	segmented neutrophil of bone marrow	CL:4030045	lacks_part	negative	False	PR:000009978	lactotransferrin		UniProtKB:P02788	UniProtKB:P08071		HGNC:6720	LTF
CL:0011114	segmented neutrophil of bone marrow	CL:4030045	lacks_part	negative	False	PR:000010543	myeloperoxidase		UniProtKB:P05164	UniProtKB:P11247	IUPHARobj:2789	HGNC:7218	MPO
CL:0011114	segmented neutrophil of bone marrow	CL:4030045	lacks_part	negative	False	PR:000010799	myb proto-oncogene protein		UniProtKB:P10242	UniProtKB:P06876		HGNC:7545	MYB
CL:0011114	segmented neutrophil of bone marrow	RO:0002104	has plasma membrane part	positive	False	PR:000001012	integrin alpha-M	CD11 (exact); CD11B (related); CD11b (exact)	UniProtKB:P11215	UniProtKB:P05555	IUPHARobj:2452	HGNC:6149	ITGAM
CL:0011114	segmented neutrophil of bone marrow	RO:0002104	has plasma membrane part	positive	False	PR:000001256	C-X-C chemokine receptor type 1	CD181 (exact); CDw128a (exact)	UniProtKB:P25024		IUPHARobj:68	HGNC:6026	CXCR1
CL:0011114	segmented neutrophil of bone marrow	RO:0002104	has plasma membrane part	positive	False	PR:000001257	C-X-C chemokine receptor type 2	CD182 (exact); CDw128b (exact)	UniProtKB:P25025	UniProtKB:P35343	IUPHARobj:69	HGNC:6027	CXCR2
CL:0011114	segmented neutrophil of bone marrow	RO:0002104	has plasma membrane part	positive	False	PR:000001332	cell adhesion molecule CEACAM8	CD66b (exact); CD67 (exact)	UniProtKB:P31997			HGNC:1820	CEACAM8
CL:0011114	segmented neutrophil of bone marrow	RO:0002104	has plasma membrane part	positive	False	PR:000001456	alpha-(1,3)-fucosyltransferase 4	CD15 (exact)	UniProtKB:P22083	UniProtKB:Q11127		HGNC:4015	FUT4
CL:0011114	segmented neutrophil of bone marrow	RO:0002104	has plasma membrane part	positive	False	PR:000001479	low affinity immunoglobulin gamma Fc region receptor II	CD32 (broad)		UniProtKB:P08101			
CL:0011114	segmented neutrophil of bone marrow	RO:0002104	has plasma membrane part	positive	False	PR:000001483	low affinity immunoglobulin gamma Fc region receptor III	CD16 (exact)		UniProtKB:P08508			
CL:0011114	segmented neutrophil of bone marrow	RO:0002104	has plasma membrane part	positive	False	PR:000001879	leukosialin	CD43 (related)	UniProtKB:P16150	UniProtKB:P15702	PIRSF:PIRSF001994	HGNC:11249	SPN
CL:0011114	segmented neutrophil of bone marrow	RO:0002104	has plasma membrane part	positive	False	PR:000001944	transcription factor PU.1		UniProtKB:P17947	UniProtKB:P17433		HGNC:11241	SPI1
CL:0011114	segmented neutrophil of bone marrow	RO:0002104	has plasma membrane part	positive	False	PR:000001969	urokinase plasminogen activator surface receptor	CD87 (exact)	UniProtKB:Q03405	UniProtKB:P35456	PIRSF:PIRSF002022	HGNC:9053	PLAUR
CL:0011114	segmented neutrophil of bone marrow	RO:0002104	has plasma membrane part	positive	False	PR:000007597	protein c-Fos		UniProtKB:P01100	UniProtKB:P01101		HGNC:3796	FOS
CL:0017009	Axl+ dendritic cell, human	CL:4030046	lacks_plasma_membrane_part	negative	False	PR:000001002	CD19 molecule	CD19 (label)	UniProtKB:P15391	UniProtKB:P25918	IUPHARobj:2764; PIRSF:PIRSF016630	HGNC:1633	CD19
CL:0017009	Axl+ dendritic cell, human	CL:4030046	lacks_plasma_membrane_part	negative	False	PR:000001003	CD34 molecule	CD34 (label)	UniProtKB:P28906	UniProtKB:Q64314	PIRSF:PIRSF028749	HGNC:1662	CD34
CL:0017009	Axl+ dendritic cell, human	CL:4030046	lacks_plasma_membrane_part	negative	False	PR:000001020	CD3 epsilon	CD3 (label); CD3E (exact); CD3e (exact)	UniProtKB:P07766	UniProtKB:P22646	IUPHARobj:2742	HGNC:1674	CD3E
CL:0017009	Axl+ dendritic cell, human	CL:4030046	lacks_plasma_membrane_part	negative	False	PR:000001024	neural cell adhesion molecule 1	CD56 (exact)	UniProtKB:P13591	UniProtKB:P13595	IUPHARobj:2769	HGNC:7656	NCAM1
CL:0017009	Axl+ dendritic cell, human	CL:4030046	lacks_plasma_membrane_part	negative	False	PR:000001289	membrane-spanning 4-domains subfamily A member 1	CD20 (exact)	UniProtKB:P11836	UniProtKB:P19437	PIRSF:PIRSF001995; IUPHARobj:2628	HGNC:7315	MS4A1
CL:0017009	Axl+ dendritic cell, human	RO:0002104	has plasma membrane part	positive	False	PR:000002015	MHC class II histocompatibility antigen alpha chain DRA		UniProtKB:P01903			HGNC:4947	HLA-DRA
CL:0017009	Axl+ dendritic cell, human	RO:0002292	expresses	positive	True	PR:O43699	sialic acid-binding Ig-like lectin 6 (human)	CD327 (exact); CD33 (exact); CD33L (related); CD33L1 (related); CDw327 (exact)	UniProtKB:O43699-1; UniProtKB:O43699-2; UniProtKB:O43699-3; UniProtKB:O43699-4; UniProtKB:O43699-5; UniProtKB:O43699-6; UniProtKB:O43699		UniProtKB:O43699		
CL:0017009	Axl+ dendritic cell, human	RO:0002292	expresses	positive	True	PR:P30530	tyrosine-protein kinase receptor UFO (human)		UniProtKB:P30530-1; UniProtKB:P30530-2; UniProtKB:P30530		DTO:03100553; UniProtKB:P30530		
CL:0019015	lung parenchyma resident eosinophil	CL:4030046	lacks_plasma_membrane_part	negative	False	PR:000001002	CD19 molecule	CD19 (label)	UniProtKB:P15391	UniProtKB:P25918	IUPHARobj:2764; PIRSF:PIRSF016630	HGNC:1633	CD19
CL:0019015	lung parenchyma resident eosinophil	CL:4030046	lacks_plasma_membrane_part	negative	False	PR:000001020	CD3 epsilon	CD3 (label); CD3E (exact); CD3e (exact)	UniProtKB:P07766	UniProtKB:P22646	IUPHARobj:2742	HGNC:1674	CD3E
CL:0019015	lung parenchyma resident eosinophil	CL:4030046	lacks_plasma_membrane_part	negative	False	PR:000001024	neural cell adhesion molecule 1	CD56 (exact)	UniProtKB:P13591	UniProtKB:P13595	IUPHARobj:2769	HGNC:7656	NCAM1
CL:0019015	lung parenchyma resident eosinophil	CL:4030046	lacks_plasma_membrane_part	negative	False	PR:000001084	T-cell surface glycoprotein CD8 alpha chain	CD8 (label); CD8A (exact); CD8a (exact)	UniProtKB:P01732	UniProtKB:P01731		HGNC:1706	CD8A
CL:0019015	lung parenchyma resident eosinophil	RO:0002104	has plasma membrane part	positive	False	PR:000001012	integrin alpha-M	CD11 (exact); CD11B (related); CD11b (exact)	UniProtKB:P11215	UniProtKB:P05555	IUPHARobj:2452	HGNC:6149	ITGAM
CL:0019015	lung parenchyma resident eosinophil	RO:0002104	has plasma membrane part	positive	False	PR:000001254	C-C chemokine receptor type 1	CD191 (exact)	UniProtKB:P32246	UniProtKB:P51675	IUPHARobj:58	HGNC:1602	CCR1
CL:0019015	lung parenchyma resident eosinophil	RO:0002104	has plasma membrane part	positive	False	PR:000001255	C-C chemokine receptor type 3	CD193 (exact)	UniProtKB:P51677	UniProtKB:P51678	IUPHARobj:60	HGNC:1604	CCR3
CL:0019015	lung parenchyma resident eosinophil	RO:0002104	has plasma membrane part	positive	False	PR:000001307	CD44 molecule	CD44 (label); CDw44 (exact)	UniProtKB:P16070	UniProtKB:P15379		HGNC:1681	CD44
CL:0019015	lung parenchyma resident eosinophil	RO:0002104	has plasma membrane part	positive	False	PR:000001332	cell adhesion molecule CEACAM8	CD66b (exact); CD67 (exact)	UniProtKB:P31997			HGNC:1820	CEACAM8
CL:0019015	lung parenchyma resident eosinophil	RO:0002104	has plasma membrane part	positive	False	PR:000001343	CD69 molecule	CD69 (label)	UniProtKB:Q07108	UniProtKB:P37217		HGNC:1694	CD69
CL:0019015	lung parenchyma resident eosinophil	RO:0002104	has plasma membrane part	positive	False	PR:000001969	urokinase plasminogen activator surface receptor	CD87 (exact)	UniProtKB:Q03405	UniProtKB:P35456	PIRSF:PIRSF002022	HGNC:9053	PLAUR
CL:0019015	lung parenchyma resident eosinophil	RO:0002104	has plasma membrane part	positive	False	PR:000005178	CD9 molecule	CD9 (label)	UniProtKB:P21926	UniProtKB:P40240		HGNC:1709	CD9
CL:0020002	mucosal-associated invariant T cell, human	CL:4030046	lacks_plasma_membrane_part	negative	False	PR:000001874	KLRB1-like protein				PIRSF:PIRSF038804		
CL:0020002	mucosal-associated invariant T cell, human	CL:4030046	lacks_plasma_membrane_part	negative	True	PR:Q12918	killer cell lectin-like receptor subfamily B member 1 (human)	CD161 (exact)	UniProtKB:Q12918		Reactome:R-HSA-2132225; UniProtKB:Q12918	HGNC:6373	KLRB1
CL:0020002	mucosal-associated invariant T cell, human	RO:0002104	has plasma membrane part	positive	True	PR:A0A0B4J238	T cell receptor alpha variable 1-2 (human)		UniProtKB:A0A0B4J238		UniProtKB:A0A0B4J238		
CL:0020003	internal globus pallidus core projecting neuron	RO:0002292	expresses	positive	True	PR:000013502	parvalbumin alpha		UniProtKB:P20472	UniProtKB:P32848		HGNC:9704	PVALB
CL:0020004	internal globus pallidus shell projection neuron	RO:0002292	expresses	positive	True	PR:000015665	somatostatin		UniProtKB:P61278	UniProtKB:P60041		HGNC:11329	SST
CL:0020009	prototypic neuron	RO:0002292	expresses	positive	True	PR:000011241	homeobox protein Nkx-2.1		UniProtKB:P43699	UniProtKB:P50220		HGNC:11825	NKX2-1
CL:0020013	dermal sheath fibroblast	RO:0002292	expresses	positive	True	PR:000003675	actin, aortic smooth muscle		UniProtKB:P62736	UniProtKB:P62737		HGNC:130	ACTA2
CL:0020013	dermal sheath fibroblast	RO:0002292	expresses	positive	True	PR:000005694	collagen alpha-1(XI) chain		UniProtKB:P12107	UniProtKB:Q61245		HGNC:2186	COL11A1
CL:0020013	dermal sheath fibroblast	RO:0002292	expresses	positive	True	PR:P16444	dipeptidase 1 (human)		UniProtKB:P16444		UniProtKB:P16444	HGNC:3002	DPEP1
CL:0020014	intrinsically photosensitive retinal ganglion cell	RO:0002292	expresses	positive	True	PR:000001243	melanopsin		UniProtKB:Q9UHM6	UniProtKB:Q9QXZ9	IUPHARobj:2758	HGNC:14449	OPN4
CL:0020018	proliferative fibrochondrocyte	RO:0002292	expresses	positive	False	PR:000003264	collagen alpha-1(I) chain		UniProtKB:P02452	UniProtKB:P11087		HGNC:2197	COL1A1
CL:0020018	proliferative fibrochondrocyte	RO:0002292	expresses	positive	False	PR:000003328	collagen alpha-1(III) chain		UniProtKB:P02461	UniProtKB:P08121		HGNC:2201	COL3A1
CL:0020018	proliferative fibrochondrocyte	RO:0002292	expresses	positive	False	PR:000003353	collagen alpha-1(VI) chain		UniProtKB:P12109	UniProtKB:Q04857		HGNC:2211	COL6A1
CL:0020018	proliferative fibrochondrocyte	RO:0002292	expresses	positive	True	PR:000007498	fibroblast growth factor 7		UniProtKB:P21781	UniProtKB:P36363		HGNC:3685	FGF7
CL:0020030	CD4-positive exhausted alpha-beta T cell	CL:4030046	lacks_plasma_membrane_part	negative	False	PR:000025402	T cell receptor co-receptor CD8	CD8 (label)					
CL:0020030	CD4-positive exhausted alpha-beta T cell	RO:0002104	has plasma membrane part	positive	False	PR:000001004	CD4 molecule	CD4 (label)	UniProtKB:P01730	UniProtKB:P06332	PIRSF:PIRSF001977	HGNC:1678	CD4
CL:0020030	CD4-positive exhausted alpha-beta T cell	RO:0002104	has plasma membrane part	positive	True	PR:000001919	programmed cell death protein 1	CD279 (exact)	UniProtKB:Q15116	UniProtKB:Q02242	IUPHARobj:2760; PIRSF:PIRSF018380	HGNC:8760	PDCD1
CL:0020031	CD8-positive exhausted alpha-beta T cell	CL:4030046	lacks_plasma_membrane_part	negative	False	PR:000001004	CD4 molecule	CD4 (label)	UniProtKB:P01730	UniProtKB:P06332	PIRSF:PIRSF001977	HGNC:1678	CD4
CL:0020031	CD8-positive exhausted alpha-beta T cell	BFO:0000051	has part	positive	False	PR:000001084	T-cell surface glycoprotein CD8 alpha chain	CD8 (label); CD8A (exact); CD8a (exact)	UniProtKB:P01732	UniProtKB:P01731		HGNC:1706	CD8A
CL:0020031	CD8-positive exhausted alpha-beta T cell	RO:0002104	has plasma membrane part	positive	True	PR:000001919	programmed cell death protein 1	CD279 (exact)	UniProtKB:Q15116	UniProtKB:Q02242	IUPHARobj:2760; PIRSF:PIRSF018380	HGNC:8760	PDCD1
CL:0020031	CD8-positive exhausted alpha-beta T cell	RO:0002104	has plasma membrane part	positive	False	PR:000025402	T cell receptor co-receptor CD8	CD8 (label)					
CL:0020031	CD8-positive exhausted alpha-beta T cell	BFO:0000051	has part	positive	False	PR:000025403	T-cell surface glycoprotein CD8 alpha chain isoform 1	CD8 (label); CD8A (exact)	UniProtKB:P01732-1				
CL:0020033	stem cell memory CD4-positive, alpha-beta T cell	CL:4030046	lacks_plasma_membrane_part	negative	False	PR:000025402	T cell receptor co-receptor CD8	CD8 (label)					
CL:0020033	stem cell memory CD4-positive, alpha-beta T cell	RO:0002104	has plasma membrane part	positive	False	PR:000001004	CD4 molecule	CD4 (label)	UniProtKB:P01730	UniProtKB:P06332	PIRSF:PIRSF001977	HGNC:1678	CD4
CL:0020034	stem cell memory CD8-positive, alpha-beta T cell	CL:4030046	lacks_plasma_membrane_part	negative	False	PR:000001004	CD4 molecule	CD4 (label)	UniProtKB:P01730	UniProtKB:P06332	PIRSF:PIRSF001977	HGNC:1678	CD4
CL:0020034	stem cell memory CD8-positive, alpha-beta T cell	BFO:0000051	has part	positive	False	PR:000001084	T-cell surface glycoprotein CD8 alpha chain	CD8 (label); CD8A (exact); CD8a (exact)	UniProtKB:P01732	UniProtKB:P01731		HGNC:1706	CD8A
CL:0020034	stem cell memory CD8-positive, alpha-beta T cell	RO:0002104	has plasma membrane part	positive	False	PR:000025402	T cell receptor co-receptor CD8	CD8 (label)					
CL:0020034	stem cell memory CD8-positive, alpha-beta T cell	BFO:0000051	has part	positive	False	PR:000025403	T-cell surface glycoprotein CD8 alpha chain isoform 1	CD8 (label); CD8A (exact)	UniProtKB:P01732-1				
CL:0020037	superficial zone articular chondrocyte	RO:0002292	expresses	positive	True	PR:000013208	proteoglycan 4		UniProtKB:Q92954	UniProtKB:Q9JM99		HGNC:9364	PRG4
CL:0020039	deep zone articular chondrocyte	RO:0002292	expresses	positive	True	PR:000005693	collagen alpha-1(X) chain		UniProtKB:Q03692	UniProtKB:Q05306		HGNC:2185	COL10A1
CL:0020040	calcified zone articular chondrocyte	RO:0002292	expresses	positive	True	PR:000005693	collagen alpha-1(X) chain		UniProtKB:Q03692	UniProtKB:Q05306		HGNC:2185	COL10A1
CL:1000308	fibrocyte of adventitia of ureter	RO:0002292	expresses	positive	True	PR:000013031	periostin		UniProtKB:Q15063	UniProtKB:Q62009		HGNC:16953	POSTN
CL:1000695	kidney interstitial alternatively activated macrophage	RO:0002104	has plasma membrane part	positive	False	PR:000001012	integrin alpha-M	CD11 (exact); CD11B (related); CD11b (exact)	UniProtKB:P11215	UniProtKB:P05555	IUPHARobj:2452	HGNC:6149	ITGAM
CL:1000695	kidney interstitial alternatively activated macrophage	RO:0002104	has plasma membrane part	positive	False	PR:000001813	adhesion G protein-coupled receptor E1		UniProtKB:Q14246	UniProtKB:Q61549	IUPHARobj:182; PIRSF:PIRSF038685	HGNC:3336	ADGRE1
CL:1000695	kidney interstitial alternatively activated macrophage	BFO:0000051	has part	positive	False	PR:000001844	arginase-1		UniProtKB:P05089	UniProtKB:Q61176	IUPHARobj:1244	HGNC:663	ARG1
CL:1000695	kidney interstitial alternatively activated macrophage	RO:0002104	has plasma membrane part	positive	False	PR:000002064	macrosialin	CD68 (exact)	UniProtKB:P34810	UniProtKB:P31996		HGNC:1693	CD68
CL:1000696	kidney interstitial inflammatory macrophage	RO:0002104	has plasma membrane part	positive	False	PR:000001012	integrin alpha-M	CD11 (exact); CD11B (related); CD11b (exact)	UniProtKB:P11215	UniProtKB:P05555	IUPHARobj:2452	HGNC:6149	ITGAM
CL:1000696	kidney interstitial inflammatory macrophage	RO:0002104	has plasma membrane part	positive	False	PR:000001813	adhesion G protein-coupled receptor E1		UniProtKB:Q14246	UniProtKB:Q61549	IUPHARobj:182; PIRSF:PIRSF038685	HGNC:3336	ADGRE1
CL:1000696	kidney interstitial inflammatory macrophage	RO:0002104	has plasma membrane part	positive	False	PR:000002064	macrosialin	CD68 (exact)	UniProtKB:P34810	UniProtKB:P31996		HGNC:1693	CD68
CL:1000697	kidney interstitial suppressor macrophage	RO:0002104	has plasma membrane part	positive	False	PR:000001012	integrin alpha-M	CD11 (exact); CD11B (related); CD11b (exact)	UniProtKB:P11215	UniProtKB:P05555	IUPHARobj:2452	HGNC:6149	ITGAM
CL:1000697	kidney interstitial suppressor macrophage	RO:0002104	has plasma membrane part	positive	False	PR:000001813	adhesion G protein-coupled receptor E1		UniProtKB:Q14246	UniProtKB:Q61549	IUPHARobj:182; PIRSF:PIRSF038685	HGNC:3336	ADGRE1
CL:1000697	kidney interstitial suppressor macrophage	RO:0002104	has plasma membrane part	positive	False	PR:000002064	macrosialin	CD68 (exact)	UniProtKB:P34810	UniProtKB:P31996		HGNC:1693	CD68
CL:1000699	kidney resident dendritic cell	RO:0015015	has high plasma membrane amount	high	False	PR:000001013	integrin alpha-X	CD11 (exact); CD11C (related); CD11c (exact)	UniProtKB:P20702	UniProtKB:Q9QXH4	IUPHARobj:2454	HGNC:6152	ITGAX
CL:1000699	kidney resident dendritic cell	CL:4030046	lacks_plasma_membrane_part	negative	False	PR:000001002	CD19 molecule	CD19 (label)	UniProtKB:P15391	UniProtKB:P25918	IUPHARobj:2764; PIRSF:PIRSF016630	HGNC:1633	CD19
CL:1000699	kidney resident dendritic cell	CL:4030046	lacks_plasma_membrane_part	negative	False	PR:000001003	CD34 molecule	CD34 (label)	UniProtKB:P28906	UniProtKB:Q64314	PIRSF:PIRSF028749	HGNC:1662	CD34
CL:1000699	kidney resident dendritic cell	CL:4030046	lacks_plasma_membrane_part	negative	False	PR:000001020	CD3 epsilon	CD3 (label); CD3E (exact); CD3e (exact)	UniProtKB:P07766	UniProtKB:P22646	IUPHARobj:2742	HGNC:1674	CD3E
CL:1000699	kidney resident dendritic cell	CL:4030046	lacks_plasma_membrane_part	negative	False	PR:000001024	neural cell adhesion molecule 1	CD56 (exact)	UniProtKB:P13591	UniProtKB:P13595	IUPHARobj:2769	HGNC:7656	NCAM1
CL:1000699	kidney resident dendritic cell	CL:4030046	lacks_plasma_membrane_part	negative	False	PR:000001289	membrane-spanning 4-domains subfamily A member 1	CD20 (exact)	UniProtKB:P11836	UniProtKB:P19437	PIRSF:PIRSF001995; IUPHARobj:2628	HGNC:7315	MS4A1
CL:1000699	kidney resident dendritic cell	RO:0002104	has plasma membrane part	positive	False	PR:000001012	integrin alpha-M	CD11 (exact); CD11B (related); CD11b (exact)	UniProtKB:P11215	UniProtKB:P05555	IUPHARobj:2452	HGNC:6149	ITGAM
CL:1000699	kidney resident dendritic cell	RO:0002104	has plasma membrane part	positive	False	PR:000001300	CD209 molecule	CD209 (label)	UniProtKB:Q9NNX6		IUPHARobj:2930	HGNC:1641	CD209
CL:1000699	kidney resident dendritic cell	RO:0002104	has plasma membrane part	positive	False	PR:000001905	platelet glycoprotein 4	CD36 (exact)	UniProtKB:P16671	UniProtKB:Q08857		HGNC:1663	CD36
CL:1000699	kidney resident dendritic cell	RO:0002104	has plasma membrane part	positive	False	PR:000002025	T-cell surface glycoprotein CD1a	CD1A (exact); CD1a (label)	UniProtKB:P06126			HGNC:1634	CD1A
CL:1000699	kidney resident dendritic cell	RO:0002104	has plasma membrane part	positive	False	PR:000002972	macrophage mannose receptor 1	CD206 (exact)	UniProtKB:P22897	UniProtKB:Q61830		HGNC:7228	MRC1
CL:2000006	tonsil germinal center B cell	CL:4030046	lacks_plasma_membrane_part	negative	False	PR:000001020	CD3 epsilon	CD3 (label); CD3E (exact); CD3e (exact)	UniProtKB:P07766	UniProtKB:P22646	IUPHARobj:2742	HGNC:1674	CD3E
CL:2000006	tonsil germinal center B cell	RO:0002104	has plasma membrane part	positive	False	PR:000001002	CD19 molecule	CD19 (label)	UniProtKB:P15391	UniProtKB:P25918	IUPHARobj:2764; PIRSF:PIRSF016630	HGNC:1633	CD19
CL:2000006	tonsil germinal center B cell	RO:0002104	has plasma membrane part	positive	False	PR:000001289	membrane-spanning 4-domains subfamily A member 1	CD20 (exact)	UniProtKB:P11836	UniProtKB:P19437	PIRSF:PIRSF001995; IUPHARobj:2628	HGNC:7315	MS4A1
CL:2000054	hepatic pit cell	CL:4030046	lacks_plasma_membrane_part	negative	False	PR:000001002	CD19 molecule	CD19 (label)	UniProtKB:P15391	UniProtKB:P25918	IUPHARobj:2764; PIRSF:PIRSF016630	HGNC:1633	CD19
CL:2000054	hepatic pit cell	CL:4030046	lacks_plasma_membrane_part	negative	False	PR:000001020	CD3 epsilon	CD3 (label); CD3E (exact); CD3e (exact)	UniProtKB:P07766	UniProtKB:P22646	IUPHARobj:2742	HGNC:1674	CD3E
CL:2000054	hepatic pit cell	CL:4030046	lacks_plasma_membrane_part	negative	False	PR:000001289	membrane-spanning 4-domains subfamily A member 1	CD20 (exact)	UniProtKB:P11836	UniProtKB:P19437	PIRSF:PIRSF001995; IUPHARobj:2628	HGNC:7315	MS4A1
CL:2000054	hepatic pit cell	CL:4030046	lacks_plasma_membrane_part	negative	False	PR:000001889	CD14 molecule	CD14 (label)	UniProtKB:P08571	UniProtKB:P10810	PIRSF:PIRSF002017	HGNC:1628	CD14
CL:2000055	liver dendritic cell	CL:4030046	lacks_plasma_membrane_part	negative	False	PR:000001002	CD19 molecule	CD19 (label)	UniProtKB:P15391	UniProtKB:P25918	IUPHARobj:2764; PIRSF:PIRSF016630	HGNC:1633	CD19
CL:2000055	liver dendritic cell	CL:4030046	lacks_plasma_membrane_part	negative	False	PR:000001003	CD34 molecule	CD34 (label)	UniProtKB:P28906	UniProtKB:Q64314	PIRSF:PIRSF028749	HGNC:1662	CD34
CL:2000055	liver dendritic cell	CL:4030046	lacks_plasma_membrane_part	negative	False	PR:000001020	CD3 epsilon	CD3 (label); CD3E (exact); CD3e (exact)	UniProtKB:P07766	UniProtKB:P22646	IUPHARobj:2742	HGNC:1674	CD3E
CL:2000055	liver dendritic cell	CL:4030046	lacks_plasma_membrane_part	negative	False	PR:000001024	neural cell adhesion molecule 1	CD56 (exact)	UniProtKB:P13591	UniProtKB:P13595	IUPHARobj:2769	HGNC:7656	NCAM1
CL:2000055	liver dendritic cell	CL:4030046	lacks_plasma_membrane_part	negative	False	PR:000001289	membrane-spanning 4-domains subfamily A member 1	CD20 (exact)	UniProtKB:P11836	UniProtKB:P19437	PIRSF:PIRSF001995; IUPHARobj:2628	HGNC:7315	MS4A1
CL:2000095	cord blood hematopoietic stem cell	CL:4030046	lacks_plasma_membrane_part	negative	False	PR:000001002	CD19 molecule	CD19 (label)	UniProtKB:P15391	UniProtKB:P25918	IUPHARobj:2764; PIRSF:PIRSF016630	HGNC:1633	CD19
CL:2000095	cord blood hematopoietic stem cell	CL:4030046	lacks_plasma_membrane_part	negative	False	PR:000001004	CD4 molecule	CD4 (label)	UniProtKB:P01730	UniProtKB:P06332	PIRSF:PIRSF001977	HGNC:1678	CD4
CL:2000095	cord blood hematopoietic stem cell	CL:4030046	lacks_plasma_membrane_part	negative	False	PR:000001012	integrin alpha-M	CD11 (exact); CD11B (related); CD11b (exact)	UniProtKB:P11215	UniProtKB:P05555	IUPHARobj:2452	HGNC:6149	ITGAM
CL:2000095	cord blood hematopoietic stem cell	CL:4030046	lacks_plasma_membrane_part	negative	False	PR:000001020	CD3 epsilon	CD3 (label); CD3E (exact); CD3e (exact)	UniProtKB:P07766	UniProtKB:P22646	IUPHARobj:2742	HGNC:1674	CD3E
CL:2000095	cord blood hematopoietic stem cell	CL:4030046	lacks_plasma_membrane_part	negative	False	PR:000001024	neural cell adhesion molecule 1	CD56 (exact)	UniProtKB:P13591	UniProtKB:P13595	IUPHARobj:2769	HGNC:7656	NCAM1
CL:2000095	cord blood hematopoietic stem cell	CL:4030046	lacks_plasma_membrane_part	negative	False	PR:000001083	CD2 molecule	CD2 (label)	UniProtKB:P06729	UniProtKB:P08920	IUPHARobj:2600; PIRSF:PIRSF001984	HGNC:1639	CD2
CL:2000095	cord blood hematopoietic stem cell	CL:4030046	lacks_plasma_membrane_part	negative	False	PR:000001084	T-cell surface glycoprotein CD8 alpha chain	CD8 (label); CD8A (exact); CD8a (exact)	UniProtKB:P01732	UniProtKB:P01731		HGNC:1706	CD8A
CL:2000095	cord blood hematopoietic stem cell	CL:4030046	lacks_plasma_membrane_part	negative	False	PR:000001289	membrane-spanning 4-domains subfamily A member 1	CD20 (exact)	UniProtKB:P11836	UniProtKB:P19437	PIRSF:PIRSF001995; IUPHARobj:2628	HGNC:7315	MS4A1
CL:2000095	cord blood hematopoietic stem cell	CL:4030046	lacks_plasma_membrane_part	negative	False	PR:000001839	T-cell surface glycoprotein CD5	CD5 (label)	UniProtKB:P06127	UniProtKB:P13379		HGNC:1685	CD5
CL:2000095	cord blood hematopoietic stem cell	CL:4030046	lacks_plasma_membrane_part	negative	False	PR:000001889	CD14 molecule	CD14 (label)	UniProtKB:P08571	UniProtKB:P10810	PIRSF:PIRSF002017	HGNC:1628	CD14
CL:2000095	cord blood hematopoietic stem cell	CL:4030046	lacks_plasma_membrane_part	negative	False	PR:000002978	lymphocyte antigen 6G			UniProtKB:P35461			
CL:2000095	cord blood hematopoietic stem cell	CL:4030046	lacks_plasma_membrane_part	negative	False	PR:000002981	lymphocyte antigen 76 (mouse)						
CL:2000096	fibroblast of the reticular layer of dermis	RO:0002292	expresses	positive	False	PR:000013031	periostin		UniProtKB:Q15063	UniProtKB:Q62009		HGNC:16953	POSTN
CL:2000096	fibroblast of the reticular layer of dermis	RO:0002292	expresses	positive	True	PR:Q15063	periostin (human)		UniProtKB:Q15063-1; UniProtKB:Q15063-10; UniProtKB:Q15063-2; UniProtKB:Q15063-3; UniProtKB:Q15063-4; UniProtKB:Q15063-5; UniProtKB:Q15063-6; UniProtKB:Q15063-7; UniProtKB:Q15063-8; UniProtKB:Q15063-9; UniProtKB:Q15063		UniProtKB:Q15063		
CL:4023007	L2/3 bipolar VIP GABAergic interneuron (Mmus)	RO:0002292	expresses	positive	False	PR:000017299	VIP peptides		UniProtKB:P01282	UniProtKB:P32648		HGNC:12693	VIP
CL:4023007	L2/3 bipolar VIP GABAergic interneuron (Mmus)	RO:0002292	expresses	positive	True	PR:P32648	VIP peptides (mouse)			UniProtKB:P32648-1; UniProtKB:P32648	UniProtKB:P32648		
CL:4023010	alpha7 GABAergic cortical interneuron (Mmus)	RO:0002292	expresses	positive	True	PR:000005460	neuronal acetylcholine receptor subunit alpha-7		UniProtKB:P36544	UniProtKB:P49582	IUPHARobj:468		
CL:4023011	lamp5 GABAergic interneuron	RO:0002292	expresses	positive	True	PR:000032148	lysosome-associated membrane glycoprotein 5		UniProtKB:Q9UJQ1	UniProtKB:Q9D387		HGNC:16097	LAMP5
CL:4023014	L5 VIP GABAergic interneuron (Mmus)	RO:0002292	expresses	positive	False	PR:000017299	VIP peptides		UniProtKB:P01282	UniProtKB:P32648		HGNC:12693	VIP
CL:4023014	L5 VIP GABAergic interneuron (Mmus)	RO:0002292	expresses	positive	True	PR:P32648	VIP peptides (mouse)			UniProtKB:P32648-1; UniProtKB:P32648	UniProtKB:P32648		
CL:4023015	sncg GABAergic cortical interneuron	RO:0002292	expresses	positive	True	PR:000015325	gamma-synuclein		UniProtKB:O76070	UniProtKB:Q9Z0F7		HGNC:11141	SNCG
CL:4023016	VIP GABAergic interneuron	RO:0002292	expresses	positive	True	PR:000017299	VIP peptides		UniProtKB:P01282	UniProtKB:P32648		HGNC:12693	VIP
CL:4023017	sst GABAergic interneuron	RO:0002292	expresses	positive	True	PR:000015665	somatostatin		UniProtKB:P61278	UniProtKB:P60041		HGNC:11329	SST
CL:4023018	pvalb GABAergic interneuron	RO:0002292	expresses	positive	True	PR:000013502	parvalbumin alpha		UniProtKB:P20472	UniProtKB:P32848		HGNC:9704	PVALB
CL:4023019	L5/6 cck, VIP GABAergic interneuron (Mmus)	RO:0002292	expresses	positive	False	PR:000005110	cholecystokinin		UniProtKB:P06307	UniProtKB:P09240		HGNC:1569	CCK
CL:4023019	L5/6 cck, VIP GABAergic interneuron (Mmus)	RO:0002292	expresses	positive	False	PR:000017299	VIP peptides		UniProtKB:P01282	UniProtKB:P32648		HGNC:12693	VIP
CL:4023019	L5/6 cck, VIP GABAergic interneuron (Mmus)	RO:0002292	expresses	positive	False	PR:P09240	cholecystokinin (mouse)			UniProtKB:P09240-1; UniProtKB:P09240	UniProtKB:P09240		
CL:4023019	L5/6 cck, VIP GABAergic interneuron (Mmus)	RO:0002292	expresses	positive	True	PR:P32648	VIP peptides (mouse)			UniProtKB:P32648-1; UniProtKB:P32648	UniProtKB:P32648		
CL:4023022	canopy lamp5 GABAergic cortical interneuron (Mmus)	RO:0002292	expresses	positive	False	PR:000032148	lysosome-associated membrane glycoprotein 5		UniProtKB:Q9UJQ1	UniProtKB:Q9D387		HGNC:16097	LAMP5
CL:4023022	canopy lamp5 GABAergic cortical interneuron (Mmus)	RO:0002292	expresses	positive	True	PR:Q9D387	lysosome-associated membrane glycoprotein 5 (mouse)			UniProtKB:Q9D387-1; UniProtKB:Q9D387	UniProtKB:Q9D387		
CL:4023023	L5,6 neurogliaform lamp5 GABAergic interneuron (Mmus)	RO:0002292	expresses	positive	False	PR:000032148	lysosome-associated membrane glycoprotein 5		UniProtKB:Q9UJQ1	UniProtKB:Q9D387		HGNC:16097	LAMP5
CL:4023023	L5,6 neurogliaform lamp5 GABAergic interneuron (Mmus)	RO:0002292	expresses	positive	True	PR:Q9D387	lysosome-associated membrane glycoprotein 5 (mouse)			UniProtKB:Q9D387-1; UniProtKB:Q9D387	UniProtKB:Q9D387		
CL:4023024	neurogliaform lamp5 GABAergic cortical interneuron (Mmus)	RO:0002292	expresses	positive	False	PR:000032148	lysosome-associated membrane glycoprotein 5		UniProtKB:Q9UJQ1	UniProtKB:Q9D387		HGNC:16097	LAMP5
CL:4023024	neurogliaform lamp5 GABAergic cortical interneuron (Mmus)	RO:0002292	expresses	positive	True	PR:Q9D387	lysosome-associated membrane glycoprotein 5 (mouse)			UniProtKB:Q9D387-1; UniProtKB:Q9D387	UniProtKB:Q9D387		
CL:4023025	long-range projecting sst GABAergic cortical interneuron (Mmus)	RO:0002292	expresses	positive	False	PR:000005444	chondrolectin		UniProtKB:Q9H9P2	UniProtKB:Q9CXM0		HGNC:17807	CHODL
CL:4023025	long-range projecting sst GABAergic cortical interneuron (Mmus)	RO:0002292	expresses	positive	False	PR:000015665	somatostatin		UniProtKB:P61278	UniProtKB:P60041		HGNC:11329	SST
CL:4023025	long-range projecting sst GABAergic cortical interneuron (Mmus)	RO:0002292	expresses	positive	True	PR:P60041	somatostatin (mouse)			UniProtKB:P60041-1; UniProtKB:P60041	UniProtKB:P60041		
CL:4023026	direct pathway medium spiny neuron	RO:0002292	expresses	positive	True	PR:000001175	D(1A) dopamine receptor		UniProtKB:P21728	UniProtKB:Q61616	IUPHARobj:214	HGNC:3020	DRD1
CL:4023027	L5 sst T-Martinotti interneuron (Mmus)	RO:0002292	expresses	positive	False	PR:000015665	somatostatin		UniProtKB:P61278	UniProtKB:P60041		HGNC:11329	SST
CL:4023027	L5 sst T-Martinotti interneuron (Mmus)	RO:0002292	expresses	positive	True	PR:P60041	somatostatin (mouse)			UniProtKB:P60041-1; UniProtKB:P60041	UniProtKB:P60041		
CL:4023028	L5 non-Martinotti sst GABAergic interneuron (Mmus)	RO:0002292	expresses	positive	False	PR:000015665	somatostatin		UniProtKB:P61278	UniProtKB:P60041		HGNC:11329	SST
CL:4023028	L5 non-Martinotti sst GABAergic interneuron (Mmus)	RO:0002292	expresses	positive	True	PR:P60041	somatostatin (mouse)			UniProtKB:P60041-1; UniProtKB:P60041	UniProtKB:P60041		
CL:4023029	indirect pathway medium spiny neuron	RO:0002292	expresses	positive	True	PR:000001177	D(2) dopamine receptor		UniProtKB:P14416	UniProtKB:P61168	IUPHARobj:215	HGNC:3023	DRD2
CL:4023030	L2/3/5 fan Martinotti sst GABAergic interneuron (Mmus)	RO:0002292	expresses	positive	False	PR:000015665	somatostatin		UniProtKB:P61278	UniProtKB:P60041		HGNC:11329	SST
CL:4023030	L2/3/5 fan Martinotti sst GABAergic interneuron (Mmus)	RO:0002292	expresses	positive	True	PR:P60041	somatostatin (mouse)			UniProtKB:P60041-1; UniProtKB:P60041	UniProtKB:P60041		
CL:4023031	L4 sst Martinotti interneuron (Mmus)	RO:0002292	expresses	positive	False	PR:000015665	somatostatin		UniProtKB:P61278	UniProtKB:P60041		HGNC:11329	SST
CL:4023031	L4 sst Martinotti interneuron (Mmus)	RO:0002292	expresses	positive	True	PR:P60041	somatostatin (mouse)			UniProtKB:P60041-1; UniProtKB:P60041	UniProtKB:P60041		
CL:4023036	pvalb chandelier GABAergic interneuron	RO:0002292	expresses	positive	False	PR:000013502	parvalbumin alpha		UniProtKB:P20472	UniProtKB:P32848		HGNC:9704	PVALB
CL:4023056	vascular leptomeningeal cell (Mmus)	RO:0002292	expresses	positive	False	PR:000003264	collagen alpha-1(I) chain		UniProtKB:P02452	UniProtKB:P11087		HGNC:2197	COL1A1
CL:4023056	vascular leptomeningeal cell (Mmus)	RO:0002292	expresses	positive	True	PR:P11087	collagen alpha-1(I) chain (mouse)			UniProtKB:P11087-1; UniProtKB:P11087-2; UniProtKB:P11087	UniProtKB:P11087		
CL:4023056	vascular leptomeningeal cell (Mmus)	RO:0002292	expresses	positive	True	PR:P26618	platelet-derived growth factor receptor alpha (mouse)	CD140 (exact); CD140a (exact)		UniProtKB:P26618-1; UniProtKB:P26618-2; UniProtKB:P26618	UniProtKB:P26618		
CL:4023056	vascular leptomeningeal cell (Mmus)	RO:0002292	expresses	positive	True	PR:P51885	lumican (mouse)			UniProtKB:P51885-1; UniProtKB:P51885	UniProtKB:P51885		
CL:4023065	meis2 expressing cortical GABAergic cell	RO:0002292	expresses	positive	True	PR:000010317	homeobox protein Meis2		UniProtKB:O14770	UniProtKB:P97367		HGNC:7001	MEIS2
CL:4023071	L5/6 cck GABAergic interneuron (Mmus)	RO:0002292	expresses	positive	False	PR:000005110	cholecystokinin		UniProtKB:P06307	UniProtKB:P09240		HGNC:1569	CCK
CL:4023071	L5/6 cck GABAergic interneuron (Mmus)	RO:0002292	expresses	positive	True	PR:P09240	cholecystokinin (mouse)			UniProtKB:P09240-1; UniProtKB:P09240	UniProtKB:P09240		
CL:4023075	L6 th sst GABAergic interneuron (Mmus)	RO:0002292	expresses	positive	False	PR:000015665	somatostatin		UniProtKB:P61278	UniProtKB:P60041		HGNC:11329	SST
CL:4023075	L6 th sst GABAergic interneuron (Mmus)	RO:0002292	expresses	positive	False	PR:000016301	tyrosine 3-monooxygenase		UniProtKB:P07101	UniProtKB:P24529	IUPHARobj:1243	HGNC:11782	TH
CL:4023075	L6 th sst GABAergic interneuron (Mmus)	RO:0002292	expresses	positive	True	PR:P24529	tyrosine 3-monooxygenase (mouse)			UniProtKB:P24529-1; UniProtKB:P24529	UniProtKB:P24529		
CL:4023075	L6 th sst GABAergic interneuron (Mmus)	RO:0002292	expresses	positive	True	PR:P60041	somatostatin (mouse)			UniProtKB:P60041-1; UniProtKB:P60041	UniProtKB:P60041		
CL:4023118	L5/6 non-Martinotti sst GABAergic interneuron (Mmus)	RO:0002292	expresses	positive	False	PR:000015665	somatostatin		UniProtKB:P61278	UniProtKB:P60041		HGNC:11329	SST
CL:4023118	L5/6 non-Martinotti sst GABAergic interneuron (Mmus)	RO:0002292	expresses	positive	True	PR:P60041	somatostatin (mouse)			UniProtKB:P60041-1; UniProtKB:P60041	UniProtKB:P60041		
CL:4023119	displaced amacrine cell	RO:0002292	expresses	positive	True	PR:000015426	transcription factor SOX-2		UniProtKB:P48431	UniProtKB:P48432		HGNC:11195	SOX2
CL:4023121	sst chodl GABAergic interneuron	RO:0002292	expresses	positive	True	PR:000005444	chondrolectin		UniProtKB:Q9H9P2	UniProtKB:Q9CXM0		HGNC:17807	CHODL
CL:4023121	sst chodl GABAergic interneuron	RO:0002292	expresses	positive	False	PR:000015665	somatostatin		UniProtKB:P61278	UniProtKB:P60041		HGNC:11329	SST
CL:4023122	oxytocin receptor sst GABAergic cortical interneuron	RO:0002292	expresses	positive	True	PR:000001635	oxytocin receptor		UniProtKB:P30559	UniProtKB:P97926	IUPHARobj:369	HGNC:8529	OXTR
CL:4023122	oxytocin receptor sst GABAergic cortical interneuron	RO:0002292	expresses	positive	True	PR:000015665	somatostatin		UniProtKB:P61278	UniProtKB:P60041		HGNC:11329	SST
CL:4023123	hypothalamus kisspeptin neuron	RO:0002292	expresses	positive	False	PR:000009344	metastasis-suppressor KiSS-1		UniProtKB:Q15726	UniProtKB:Q6Y4S4		HGNC:6341	KISS1
CL:4023124	dentate gyrus kisspeptin neuron	RO:0002292	expresses	positive	False	PR:000009344	metastasis-suppressor KiSS-1		UniProtKB:Q15726	UniProtKB:Q6Y4S4		HGNC:6341	KISS1
CL:4023125	KNDy neuron	RO:0002292	expresses	positive	False	PR:000009344	metastasis-suppressor KiSS-1		UniProtKB:Q15726	UniProtKB:Q6Y4S4		HGNC:6341	KISS1
CL:4023125	KNDy neuron	RO:0002292	expresses	positive	True	PR:000012526	proenkephalin-B		UniProtKB:P01213	UniProtKB:O35417		HGNC:8820	PDYN
CL:4023125	KNDy neuron	RO:0002292	expresses	positive	True	PR:000016004	tachykinin-3		UniProtKB:Q9UHF0	UniProtKB:P55099		HGNC:11521	TAC3
CL:4023127	arcuate nucleus of hypothalamus KNDy neuron	RO:0002292	expresses	positive	False	PR:000009344	metastasis-suppressor KiSS-1		UniProtKB:Q15726	UniProtKB:Q6Y4S4		HGNC:6341	KISS1
CL:4023127	arcuate nucleus of hypothalamus KNDy neuron	RO:0002292	expresses	positive	False	PR:000012526	proenkephalin-B		UniProtKB:P01213	UniProtKB:O35417		HGNC:8820	PDYN
CL:4023127	arcuate nucleus of hypothalamus KNDy neuron	RO:0002292	expresses	positive	False	PR:000016004	tachykinin-3		UniProtKB:Q9UHF0	UniProtKB:P55099		HGNC:11521	TAC3
CL:4023128	rostral periventricular region of the third ventricle KNDy neuron	RO:0002292	expresses	positive	False	PR:000009344	metastasis-suppressor KiSS-1		UniProtKB:Q15726	UniProtKB:Q6Y4S4		HGNC:6341	KISS1
CL:4023128	rostral periventricular region of the third ventricle KNDy neuron	RO:0002292	expresses	positive	False	PR:000012526	proenkephalin-B		UniProtKB:P01213	UniProtKB:O35417		HGNC:8820	PDYN
CL:4023128	rostral periventricular region of the third ventricle KNDy neuron	RO:0002292	expresses	positive	False	PR:000016004	tachykinin-3		UniProtKB:Q9UHF0	UniProtKB:P55099		HGNC:11521	TAC3
CL:4023130	kisspeptin neuron	RO:0002292	expresses	positive	True	PR:000009344	metastasis-suppressor KiSS-1		UniProtKB:Q15726	UniProtKB:Q6Y4S4		HGNC:6341	KISS1
CL:4023181	hypendymal cell	RO:0002292	expresses	positive	True	PR:000015658	SCO-spondin		UniProtKB:A2VEC9	UniProtKB:Q8CG65			
CL:4030026	BEST4+ enterocyte	RO:0002292	expresses	positive	True	PR:Q8NFU0	bestrophin-4 (human)		UniProtKB:Q8NFU0		DTO:01100033; Reactome:R-HSA-2744358; UniProtKB:Q8NFU0	HGNC:17106	BEST4
CL:4030038	CD24-positive, CD-133-positive, vimentin-positive proximal tubular cell	RO:0002292	expresses	positive	True	PR:000001786	prominin-1	CD133 (exact)	UniProtKB:O43490	UniProtKB:O54990		HGNC:9454	PROM1
CL:4030038	CD24-positive, CD-133-positive, vimentin-positive proximal tubular cell	RO:0002292	expresses	positive	True	PR:000001932	signal transducer CD24	CD24 (label); CD24A (related)	UniProtKB:P25063	UniProtKB:P24807		HGNC:1645	CD24
CL:4030038	CD24-positive, CD-133-positive, vimentin-positive proximal tubular cell	RO:0002292	expresses	positive	True	PR:000017298	vimentin		UniProtKB:P08670	UniProtKB:P20152		HGNC:12692	VIM
CL:4030043	matrix D1 medium spiny neuron	RO:0002292	expresses	positive	False	PR:000001175	D(1A) dopamine receptor		UniProtKB:P21728	UniProtKB:Q61616	IUPHARobj:214	HGNC:3020	DRD1
CL:4030047	matrix D2 medium spiny neuron	RO:0002292	expresses	positive	False	PR:000001177	D(2) dopamine receptor		UniProtKB:P14416	UniProtKB:P61168	IUPHARobj:215	HGNC:3023	DRD2
CL:4030048	striosomal D1 medium spiny neuron	RO:0002292	expresses	positive	False	PR:000001175	D(1A) dopamine receptor		UniProtKB:P21728	UniProtKB:Q61616	IUPHARobj:214	HGNC:3020	DRD1
CL:4030049	striosomal D2 medium spiny neuron	RO:0002292	expresses	positive	False	PR:000001177	D(2) dopamine receptor		UniProtKB:P14416	UniProtKB:P61168	IUPHARobj:215	HGNC:3023	DRD2
CL:4030050	D1/D2-hybrid medium spiny neuron	RO:0002292	expresses	positive	True	PR:000001175	D(1A) dopamine receptor		UniProtKB:P21728	UniProtKB:Q61616	IUPHARobj:214	HGNC:3020	DRD1
CL:4030050	D1/D2-hybrid medium spiny neuron	RO:0002292	expresses	positive	True	PR:000001177	D(2) dopamine receptor		UniProtKB:P14416	UniProtKB:P61168	IUPHARobj:215	HGNC:3023	DRD2
CL:4030051	nucleus accumbens shell and olfactory tubercle D1 medium spiny neuron	RO:0002292	expresses	positive	True	PR:000001175	D(1A) dopamine receptor		UniProtKB:P21728	UniProtKB:Q61616	IUPHARobj:214	HGNC:3020	DRD1
CL:4030052	nucleus accumbens shell and olfactory tubercle D2 medium spiny neuron	RO:0002292	expresses	positive	True	PR:000001177	D(2) dopamine receptor		UniProtKB:P14416	UniProtKB:P61168	IUPHARobj:215	HGNC:3023	DRD2
CL:4030053	Islands of Calleja granule cell	RO:0002292	expresses	positive	True	PR:000001175	D(1A) dopamine receptor		UniProtKB:P21728	UniProtKB:Q61616	IUPHARobj:214	HGNC:3020	DRD1
CL:4030054	D1-NUDAP medium spiny neuron	RO:0002292	expresses	positive	True	PR:000001175	D(1A) dopamine receptor		UniProtKB:P21728	UniProtKB:Q61616	IUPHARobj:214	HGNC:3020	DRD1
CL:4030054	D1-NUDAP medium spiny neuron	RO:0002292	expresses	positive	True	PR:000001666	relaxin receptor 1		UniProtKB:Q9HBX9	UniProtKB:Q6R6I7	IUPHARobj:351	HGNC:19718	RXFP1
CL:4030068	L6 intratelencephalic projecting Car3 glutamatergic neuron	RO:0002292	expresses	positive	True	PR:000004919	carbonic anhydrase 3		UniProtKB:P07451	UniProtKB:P16015		HGNC:1374	CA3
CL:4032000	club-like cell of the urethral epithelium	RO:0002292	expresses	positive	True	PR:000014505	uteroglobin		UniProtKB:P11684	UniProtKB:Q06318		HGNC:12523	SCGB1A1
CL:4032001	reelin GABAergic cortical interneuron	RO:0002292	expresses	positive	True	PR:000013879	reelin		UniProtKB:P78509	UniProtKB:Q60841		HGNC:9957	RELN
CL:4033038	lung resident memory CD4-positive, alpha-beta T cell	CL:4030046	lacks_plasma_membrane_part	negative	False	PR:000025402	T cell receptor co-receptor CD8	CD8 (label)					
CL:4033038	lung resident memory CD4-positive, alpha-beta T cell	RO:0002104	has plasma membrane part	positive	False	PR:000001004	CD4 molecule	CD4 (label)	UniProtKB:P01730	UniProtKB:P06332	PIRSF:PIRSF001977	HGNC:1678	CD4
CL:4033039	lung resident memory CD8-positive, alpha-beta T cell	CL:4030046	lacks_plasma_membrane_part	negative	False	PR:000001004	CD4 molecule	CD4 (label)	UniProtKB:P01730	UniProtKB:P06332	PIRSF:PIRSF001977	HGNC:1678	CD4
CL:4033039	lung resident memory CD8-positive, alpha-beta T cell	BFO:0000051	has part	positive	False	PR:000001084	T-cell surface glycoprotein CD8 alpha chain	CD8 (label); CD8A (exact); CD8a (exact)	UniProtKB:P01732	UniProtKB:P01731		HGNC:1706	CD8A
CL:4033039	lung resident memory CD8-positive, alpha-beta T cell	RO:0002104	has plasma membrane part	positive	False	PR:000025402	T cell receptor co-receptor CD8	CD8 (label)					
CL:4033039	lung resident memory CD8-positive, alpha-beta T cell	BFO:0000051	has part	positive	False	PR:000025403	T-cell surface glycoprotein CD8 alpha chain isoform 1	CD8 (label); CD8A (exact)	UniProtKB:P01732-1				
CL:4033040	lung resident memory CD8-positive, CD103-positive, alpha-beta T cell	CL:4030046	lacks_plasma_membrane_part	negative	False	PR:000001004	CD4 molecule	CD4 (label)	UniProtKB:P01730	UniProtKB:P06332	PIRSF:PIRSF001977	HGNC:1678	CD4
CL:4033040	lung resident memory CD8-positive, CD103-positive, alpha-beta T cell	RO:0002104	has plasma membrane part	positive	True	PR:000001010	integrin alpha-E	CD103 (exact)	UniProtKB:P38570	UniProtKB:Q60677	IUPHARobj:2450	HGNC:6147	ITGAE
CL:4033040	lung resident memory CD8-positive, CD103-positive, alpha-beta T cell	BFO:0000051	has part	positive	False	PR:000001084	T-cell surface glycoprotein CD8 alpha chain	CD8 (label); CD8A (exact); CD8a (exact)	UniProtKB:P01732	UniProtKB:P01731		HGNC:1706	CD8A
CL:4033040	lung resident memory CD8-positive, CD103-positive, alpha-beta T cell	RO:0002104	has plasma membrane part	positive	False	PR:000025402	T cell receptor co-receptor CD8	CD8 (label)					
CL:4033040	lung resident memory CD8-positive, CD103-positive, alpha-beta T cell	BFO:0000051	has part	positive	False	PR:000025403	T-cell surface glycoprotein CD8 alpha chain isoform 1	CD8 (label); CD8A (exact)	UniProtKB:P01732-1				
CL:4033041	CCL3-positive alveolar macrophage	RO:0015016	has low plasma membrane amount	low	False	PR:000001012	integrin alpha-M	CD11 (exact); CD11B (related); CD11b (exact)	UniProtKB:P11215	UniProtKB:P05555	IUPHARobj:2452	HGNC:6149	ITGAM
CL:4033041	CCL3-positive alveolar macrophage	CL:4030046	lacks_plasma_membrane_part	negative	False	PR:000001206	CX3C chemokine receptor 1		UniProtKB:P49238	UniProtKB:Q9Z0D9	IUPHARobj:74; PIRSF:PIRSF501025	HGNC:2558	CX3CR1
CL:4033041	CCL3-positive alveolar macrophage	RO:0002104	has plasma membrane part	positive	False	PR:000001013	integrin alpha-X	CD11 (exact); CD11C (related); CD11c (exact)	UniProtKB:P20702	UniProtKB:Q9QXH4	IUPHARobj:2454	HGNC:6152	ITGAX
CL:4033041	CCL3-positive alveolar macrophage	RO:0002104	has plasma membrane part	positive	False	PR:000001807	C-type lectin domain family 7 member A	CD369 (exact)	UniProtKB:Q9BXN2	UniProtKB:Q6QLQ4	IUPHARobj:2927	HGNC:14558	CLEC7A
CL:4033041	CCL3-positive alveolar macrophage	RO:0002104	has plasma membrane part	positive	False	PR:000001813	adhesion G protein-coupled receptor E1		UniProtKB:Q14246	UniProtKB:Q61549	IUPHARobj:182; PIRSF:PIRSF038685	HGNC:3336	ADGRE1
CL:4033041	CCL3-positive alveolar macrophage	RO:0002104	has plasma membrane part	positive	False	PR:000001931	sialoadhesin	CD169 (exact)	UniProtKB:Q9BZZ2	UniProtKB:Q62230		HGNC:11127	SIGLEC1
CL:4033041	CCL3-positive alveolar macrophage	RO:0002104	has plasma membrane part	positive	False	PR:000002064	macrosialin	CD68 (exact)	UniProtKB:P34810	UniProtKB:P31996		HGNC:1693	CD68
CL:4033041	CCL3-positive alveolar macrophage	RO:0002292	expresses	positive	True	PR:000002123	C-C motif chemokine 3		UniProtKB:P10147	UniProtKB:P10855		HGNC:10627	CCL3
CL:4033041	CCL3-positive alveolar macrophage	RO:0002104	has plasma membrane part	positive	False	PR:000002972	macrophage mannose receptor 1	CD206 (exact)	UniProtKB:P22897	UniProtKB:Q61830		HGNC:7228	MRC1
CL:4033042	metallothionein-positive alveolar macrophage	RO:0015016	has low plasma membrane amount	low	False	PR:000001012	integrin alpha-M	CD11 (exact); CD11B (related); CD11b (exact)	UniProtKB:P11215	UniProtKB:P05555	IUPHARobj:2452	HGNC:6149	ITGAM
CL:4033042	metallothionein-positive alveolar macrophage	CL:4030046	lacks_plasma_membrane_part	negative	False	PR:000001206	CX3C chemokine receptor 1		UniProtKB:P49238	UniProtKB:Q9Z0D9	IUPHARobj:74; PIRSF:PIRSF501025	HGNC:2558	CX3CR1
CL:4033042	metallothionein-positive alveolar macrophage	RO:0002104	has plasma membrane part	positive	False	PR:000001013	integrin alpha-X	CD11 (exact); CD11C (related); CD11c (exact)	UniProtKB:P20702	UniProtKB:Q9QXH4	IUPHARobj:2454	HGNC:6152	ITGAX
CL:4033042	metallothionein-positive alveolar macrophage	RO:0002104	has plasma membrane part	positive	False	PR:000001807	C-type lectin domain family 7 member A	CD369 (exact)	UniProtKB:Q9BXN2	UniProtKB:Q6QLQ4	IUPHARobj:2927	HGNC:14558	CLEC7A
CL:4033042	metallothionein-positive alveolar macrophage	RO:0002104	has plasma membrane part	positive	False	PR:000001813	adhesion G protein-coupled receptor E1		UniProtKB:Q14246	UniProtKB:Q61549	IUPHARobj:182; PIRSF:PIRSF038685	HGNC:3336	ADGRE1
CL:4033042	metallothionein-positive alveolar macrophage	RO:0002104	has plasma membrane part	positive	False	PR:000001931	sialoadhesin	CD169 (exact)	UniProtKB:Q9BZZ2	UniProtKB:Q62230		HGNC:11127	SIGLEC1
CL:4033042	metallothionein-positive alveolar macrophage	RO:0002104	has plasma membrane part	positive	False	PR:000002064	macrosialin	CD68 (exact)	UniProtKB:P34810	UniProtKB:P31996		HGNC:1693	CD68
CL:4033042	metallothionein-positive alveolar macrophage	RO:0002104	has plasma membrane part	positive	False	PR:000002972	macrophage mannose receptor 1	CD206 (exact)	UniProtKB:P22897	UniProtKB:Q61830		HGNC:7228	MRC1
CL:4033045	lung migratory dendritic cell	CL:4030046	lacks_plasma_membrane_part	negative	False	PR:000001002	CD19 molecule	CD19 (label)	UniProtKB:P15391	UniProtKB:P25918	IUPHARobj:2764; PIRSF:PIRSF016630	HGNC:1633	CD19
CL:4033045	lung migratory dendritic cell	CL:4030046	lacks_plasma_membrane_part	negative	False	PR:000001003	CD34 molecule	CD34 (label)	UniProtKB:P28906	UniProtKB:Q64314	PIRSF:PIRSF028749	HGNC:1662	CD34
CL:4033045	lung migratory dendritic cell	CL:4030046	lacks_plasma_membrane_part	negative	False	PR:000001020	CD3 epsilon	CD3 (label); CD3E (exact); CD3e (exact)	UniProtKB:P07766	UniProtKB:P22646	IUPHARobj:2742	HGNC:1674	CD3E
CL:4033045	lung migratory dendritic cell	CL:4030046	lacks_plasma_membrane_part	negative	False	PR:000001024	neural cell adhesion molecule 1	CD56 (exact)	UniProtKB:P13591	UniProtKB:P13595	IUPHARobj:2769	HGNC:7656	NCAM1
CL:4033045	lung migratory dendritic cell	CL:4030046	lacks_plasma_membrane_part	negative	False	PR:000001289	membrane-spanning 4-domains subfamily A member 1	CD20 (exact)	UniProtKB:P11836	UniProtKB:P19437	PIRSF:PIRSF001995; IUPHARobj:2628	HGNC:7315	MS4A1
CL:4033058	luminal hormone-sensing cell of mammary gland	RO:0002104	has plasma membrane part	positive	True	PR:000007204	estrogen receptor		UniProtKB:P03372	UniProtKB:P19785	IUPHARobj:620	HGNC:3467	ESR1
CL:4033065	preplasmablast	CL:4030046	lacks_plasma_membrane_part	negative	False	PR:000001020	CD3 epsilon	CD3 (label); CD3E (exact); CD3e (exact)	UniProtKB:P07766	UniProtKB:P22646	IUPHARobj:2742	HGNC:1674	CD3E
CL:4033065	preplasmablast	RO:0002104	has plasma membrane part	positive	False	PR:000001002	CD19 molecule	CD19 (label)	UniProtKB:P15391	UniProtKB:P25918	IUPHARobj:2764; PIRSF:PIRSF016630	HGNC:1633	CD19
CL:4033070	cycling dendritic cell	CL:4030046	lacks_plasma_membrane_part	negative	False	PR:000001002	CD19 molecule	CD19 (label)	UniProtKB:P15391	UniProtKB:P25918	IUPHARobj:2764; PIRSF:PIRSF016630	HGNC:1633	CD19
CL:4033070	cycling dendritic cell	CL:4030046	lacks_plasma_membrane_part	negative	False	PR:000001003	CD34 molecule	CD34 (label)	UniProtKB:P28906	UniProtKB:Q64314	PIRSF:PIRSF028749	HGNC:1662	CD34
CL:4033070	cycling dendritic cell	CL:4030046	lacks_plasma_membrane_part	negative	False	PR:000001020	CD3 epsilon	CD3 (label); CD3E (exact); CD3e (exact)	UniProtKB:P07766	UniProtKB:P22646	IUPHARobj:2742	HGNC:1674	CD3E
CL:4033070	cycling dendritic cell	CL:4030046	lacks_plasma_membrane_part	negative	False	PR:000001024	neural cell adhesion molecule 1	CD56 (exact)	UniProtKB:P13591	UniProtKB:P13595	IUPHARobj:2769	HGNC:7656	NCAM1
CL:4033070	cycling dendritic cell	CL:4030046	lacks_plasma_membrane_part	negative	False	PR:000001289	membrane-spanning 4-domains subfamily A member 1	CD20 (exact)	UniProtKB:P11836	UniProtKB:P19437	PIRSF:PIRSF001995; IUPHARobj:2628	HGNC:7315	MS4A1
CL:4033071	cycling natural killer cell	CL:4030046	lacks_plasma_membrane_part	negative	False	PR:000001002	CD19 molecule	CD19 (label)	UniProtKB:P15391	UniProtKB:P25918	IUPHARobj:2764; PIRSF:PIRSF016630	HGNC:1633	CD19
CL:4033071	cycling natural killer cell	CL:4030046	lacks_plasma_membrane_part	negative	False	PR:000001020	CD3 epsilon	CD3 (label); CD3E (exact); CD3e (exact)	UniProtKB:P07766	UniProtKB:P22646	IUPHARobj:2742	HGNC:1674	CD3E
CL:4033071	cycling natural killer cell	CL:4030046	lacks_plasma_membrane_part	negative	False	PR:000001289	membrane-spanning 4-domains subfamily A member 1	CD20 (exact)	UniProtKB:P11836	UniProtKB:P19437	PIRSF:PIRSF001995; IUPHARobj:2628	HGNC:7315	MS4A1
CL:4033071	cycling natural killer cell	CL:4030046	lacks_plasma_membrane_part	negative	False	PR:000001889	CD14 molecule	CD14 (label)	UniProtKB:P08571	UniProtKB:P10810	PIRSF:PIRSF002017	HGNC:1628	CD14
CL:4033074	cycling CD8-positive, alpha-beta T cell	CL:4030046	lacks_plasma_membrane_part	negative	False	PR:000001004	CD4 molecule	CD4 (label)	UniProtKB:P01730	UniProtKB:P06332	PIRSF:PIRSF001977	HGNC:1678	CD4
CL:4033074	cycling CD8-positive, alpha-beta T cell	BFO:0000051	has part	positive	False	PR:000001084	T-cell surface glycoprotein CD8 alpha chain	CD8 (label); CD8A (exact); CD8a (exact)	UniProtKB:P01732	UniProtKB:P01731		HGNC:1706	CD8A
CL:4033074	cycling CD8-positive, alpha-beta T cell	RO:0002104	has plasma membrane part	positive	False	PR:000025402	T cell receptor co-receptor CD8	CD8 (label)					
CL:4033074	cycling CD8-positive, alpha-beta T cell	BFO:0000051	has part	positive	False	PR:000025403	T-cell surface glycoprotein CD8 alpha chain isoform 1	CD8 (label); CD8A (exact)	UniProtKB:P01732-1				
CL:4033075	cycling CD4-positive, alpha-beta T cell	CL:4030046	lacks_plasma_membrane_part	negative	False	PR:000025402	T cell receptor co-receptor CD8	CD8 (label)					
CL:4033075	cycling CD4-positive, alpha-beta T cell	RO:0002104	has plasma membrane part	positive	False	PR:000001004	CD4 molecule	CD4 (label)	UniProtKB:P01730	UniProtKB:P06332	PIRSF:PIRSF001977	HGNC:1678	CD4
CL:4033077	cycling alveolar macrophage	RO:0015016	has low plasma membrane amount	low	False	PR:000001012	integrin alpha-M	CD11 (exact); CD11B (related); CD11b (exact)	UniProtKB:P11215	UniProtKB:P05555	IUPHARobj:2452	HGNC:6149	ITGAM
CL:4033077	cycling alveolar macrophage	CL:4030046	lacks_plasma_membrane_part	negative	False	PR:000001206	CX3C chemokine receptor 1		UniProtKB:P49238	UniProtKB:Q9Z0D9	IUPHARobj:74; PIRSF:PIRSF501025	HGNC:2558	CX3CR1
CL:4033077	cycling alveolar macrophage	RO:0002104	has plasma membrane part	positive	False	PR:000001013	integrin alpha-X	CD11 (exact); CD11C (related); CD11c (exact)	UniProtKB:P20702	UniProtKB:Q9QXH4	IUPHARobj:2454	HGNC:6152	ITGAX
CL:4033077	cycling alveolar macrophage	RO:0002104	has plasma membrane part	positive	False	PR:000001807	C-type lectin domain family 7 member A	CD369 (exact)	UniProtKB:Q9BXN2	UniProtKB:Q6QLQ4	IUPHARobj:2927	HGNC:14558	CLEC7A
CL:4033077	cycling alveolar macrophage	RO:0002104	has plasma membrane part	positive	False	PR:000001813	adhesion G protein-coupled receptor E1		UniProtKB:Q14246	UniProtKB:Q61549	IUPHARobj:182; PIRSF:PIRSF038685	HGNC:3336	ADGRE1
CL:4033077	cycling alveolar macrophage	RO:0002104	has plasma membrane part	positive	False	PR:000001931	sialoadhesin	CD169 (exact)	UniProtKB:Q9BZZ2	UniProtKB:Q62230		HGNC:11127	SIGLEC1
CL:4033077	cycling alveolar macrophage	RO:0002104	has plasma membrane part	positive	False	PR:000002064	macrosialin	CD68 (exact)	UniProtKB:P34810	UniProtKB:P31996		HGNC:1693	CD68
CL:4033077	cycling alveolar macrophage	RO:0002104	has plasma membrane part	positive	False	PR:000002972	macrophage mannose receptor 1	CD206 (exact)	UniProtKB:P22897	UniProtKB:Q61830		HGNC:7228	MRC1
CL:4033086	lipid-associated macrophage	RO:0002292	expresses	positive	False	PR:000016626	triggering receptor expressed on myeloid cells 2		UniProtKB:Q9NZC2	UniProtKB:Q99NH8		HGNC:17761	TREM2
CL:4033092	CD57-positive enterocyte	RO:0002292	expresses	positive	True	PR:000001440	galactosylgalactosylxylosylprotein 3-beta-glucuronosyltransferase 1		UniProtKB:Q9P2W7	UniProtKB:Q9CW73		HGNC:921	B3GAT1
CL:4033094	age-associated B cell	CL:4030046	lacks_plasma_membrane_part	negative	False	PR:000001020	CD3 epsilon	CD3 (label); CD3E (exact); CD3e (exact)	UniProtKB:P07766	UniProtKB:P22646	IUPHARobj:2742	HGNC:1674	CD3E
CL:4033094	age-associated B cell	CL:4030046	lacks_plasma_membrane_part	negative	False	PR:000001935	syndecan-1	CD138 (exact)	UniProtKB:P18827	UniProtKB:P18828	PIRSF:PIRSF015854	HGNC:10658	SDC1
CL:4033094	age-associated B cell	RO:0002104	has plasma membrane part	positive	False	PR:000001002	CD19 molecule	CD19 (label)	UniProtKB:P15391	UniProtKB:P25918	IUPHARobj:2764; PIRSF:PIRSF016630	HGNC:1633	CD19
CL:4033094	age-associated B cell	RO:0002104	has plasma membrane part	positive	False	PR:000001289	membrane-spanning 4-domains subfamily A member 1	CD20 (exact)	UniProtKB:P11836	UniProtKB:P19437	PIRSF:PIRSF001995; IUPHARobj:2628	HGNC:7315	MS4A1
CL:4033099	outer wall Schlemm's canal endothelial cell	BFO:0000051	has part	positive	True	PR:000001432	P-selectin	CD62 (exact); CD62P (exact)	UniProtKB:P16109	UniProtKB:Q01102	PIRSF:PIRSF500801	HGNC:10721	SELP
CL:4033100	atrial intrinsic cardiac ganglion TH neuron	RO:0002292	expresses	positive	True	PR:000016301	tyrosine 3-monooxygenase		UniProtKB:P07101	UniProtKB:P24529	IUPHARobj:1243	HGNC:11782	TH
CL:4033101	superior cervical ganglion TH/DBH neuron	RO:0002292	expresses	positive	True	PR:000006294	dopamine beta-hydroxylase		UniProtKB:P09172	UniProtKB:Q64237	IUPHARobj:2486	HGNC:2689	DBH
CL:4033101	superior cervical ganglion TH/DBH neuron	RO:0002292	expresses	positive	True	PR:000016301	tyrosine 3-monooxygenase		UniProtKB:P07101	UniProtKB:P24529	IUPHARobj:1243	HGNC:11782	TH
CL:4033102	superior cervical ganglion TH neuron	RO:0002292	expresses	positive	True	PR:000016301	tyrosine 3-monooxygenase		UniProtKB:P07101	UniProtKB:P24529	IUPHARobj:1243	HGNC:11782	TH
CL:4033103	superior cervical ganglion NPY neuron	RO:0002292	expresses	positive	True	PR:000011387	neuropeptide Y		UniProtKB:P01303	UniProtKB:P57774		HGNC:7955	NPY
CL:4033104	superior cervical ganglion TH/NPY neuron	RO:0002292	expresses	positive	True	PR:000011387	neuropeptide Y		UniProtKB:P01303	UniProtKB:P57774		HGNC:7955	NPY
CL:4033104	superior cervical ganglion TH/NPY neuron	RO:0002292	expresses	positive	True	PR:000016301	tyrosine 3-monooxygenase		UniProtKB:P07101	UniProtKB:P24529	IUPHARobj:1243	HGNC:11782	TH
CL:4033105	superior cervical ganglion SST neuron	RO:0002292	expresses	positive	True	PR:000015665	somatostatin		UniProtKB:P61278	UniProtKB:P60041		HGNC:11329	SST
CL:4033106	superior cervical ganglion VIP neuron	RO:0002292	expresses	positive	True	PR:000017299	VIP peptides		UniProtKB:P01282	UniProtKB:P32648		HGNC:12693	VIP
CL:4033107	superior cervical ganglion CGRP neuron	RO:0002292	expresses	positive	True	PR:000027226	calcitonin gene-related peptide 1		UniProtKB:P06881-1	UniProtKB:Q99JA0-1			
CL:4033108	middle cervical ganglion DBH neuron	RO:0002292	expresses	positive	True	PR:000006294	dopamine beta-hydroxylase		UniProtKB:P09172	UniProtKB:Q64237	IUPHARobj:2486	HGNC:2689	DBH
CL:4033109	middle cervical ganglion TH neuron	RO:0002292	expresses	positive	True	PR:000016301	tyrosine 3-monooxygenase		UniProtKB:P07101	UniProtKB:P24529	IUPHARobj:1243	HGNC:11782	TH
CL:4033110	middle cervical ganglion TH/NPY neuron	RO:0002292	expresses	positive	True	PR:000011387	neuropeptide Y		UniProtKB:P01303	UniProtKB:P57774		HGNC:7955	NPY
CL:4033110	middle cervical ganglion TH/NPY neuron	RO:0002292	expresses	positive	True	PR:000016301	tyrosine 3-monooxygenase		UniProtKB:P07101	UniProtKB:P24529	IUPHARobj:1243	HGNC:11782	TH
CL:4033111	middle cervical ganglion NPY neuron	RO:0002292	expresses	positive	True	PR:000011387	neuropeptide Y		UniProtKB:P01303	UniProtKB:P57774		HGNC:7955	NPY
CL:4033112	middle cervical ganglion VIP neuron	RO:0002292	expresses	positive	True	PR:000017299	VIP peptides		UniProtKB:P01282	UniProtKB:P32648		HGNC:12693	VIP
CL:4033113	cervicothoracic ganglion enkephalin neuron	RO:0002292	expresses	positive	True	PR:000020924	proenkephalin-A proteolytic cleavage product						
CL:4033114	cervicothoracic ganglion TH neuron	RO:0002292	expresses	positive	True	PR:000016301	tyrosine 3-monooxygenase		UniProtKB:P07101	UniProtKB:P24529	IUPHARobj:1243	HGNC:11782	TH
CL:4033115	cervicothoracic ganglion TH/NPY neuron	RO:0002292	expresses	positive	True	PR:000011387	neuropeptide Y		UniProtKB:P01303	UniProtKB:P57774		HGNC:7955	NPY
CL:4033115	cervicothoracic ganglion TH/NPY neuron	RO:0002292	expresses	positive	True	PR:000016301	tyrosine 3-monooxygenase		UniProtKB:P07101	UniProtKB:P24529	IUPHARobj:1243	HGNC:11782	TH
CL:4033116	cervicothoracic ganglion VIP neuron	RO:0002292	expresses	positive	True	PR:000017299	VIP peptides		UniProtKB:P01282	UniProtKB:P32648		HGNC:12693	VIP
CL:4033117	cervicothoracic ganglion VAChT neuron	RO:0002292	expresses	positive	True	PR:000014968	vesicular acetylcholine transporter		UniProtKB:Q16572	UniProtKB:O35304	IUPHARobj:1013	HGNC:10936	SLC18A3
CL:4033118	thoracic ganglion enkephalin neuron	RO:0002292	expresses	positive	True	PR:000020924	proenkephalin-A proteolytic cleavage product						
CL:4033119	thoracic ganglion TH neuron	RO:0002292	expresses	positive	True	PR:000016301	tyrosine 3-monooxygenase		UniProtKB:P07101	UniProtKB:P24529	IUPHARobj:1243	HGNC:11782	TH
CL:4033120	thoracic ganglion TH/NPY neuron	RO:0002292	expresses	positive	True	PR:000011387	neuropeptide Y		UniProtKB:P01303	UniProtKB:P57774		HGNC:7955	NPY
CL:4033120	thoracic ganglion TH/NPY neuron	RO:0002292	expresses	positive	True	PR:000016301	tyrosine 3-monooxygenase		UniProtKB:P07101	UniProtKB:P24529	IUPHARobj:1243	HGNC:11782	TH
CL:4033121	lumbar ganglion VIP neuron	RO:0002292	expresses	positive	True	PR:000005404	choline O-acetyltransferase		UniProtKB:P28329	UniProtKB:Q03059	IUPHARobj:2480	HGNC:1912	CHAT
CL:4033121	lumbar ganglion VIP neuron	RO:0002292	expresses	positive	True	PR:000017299	VIP peptides		UniProtKB:P01282	UniProtKB:P32648		HGNC:12693	VIP
CL:4033122	lumbar ganglion SST/TH neuron	RO:0002292	expresses	positive	True	PR:000015665	somatostatin		UniProtKB:P61278	UniProtKB:P60041		HGNC:11329	SST
CL:4033122	lumbar ganglion SST/TH neuron	RO:0002292	expresses	positive	True	PR:000016301	tyrosine 3-monooxygenase		UniProtKB:P07101	UniProtKB:P24529	IUPHARobj:1243	HGNC:11782	TH
CL:4033123	lumbar ganglion TH/NPY neuron	RO:0002292	expresses	positive	True	PR:000011387	neuropeptide Y		UniProtKB:P01303	UniProtKB:P57774		HGNC:7955	NPY
CL:4033123	lumbar ganglion TH/NPY neuron	RO:0002292	expresses	positive	True	PR:000016301	tyrosine 3-monooxygenase		UniProtKB:P07101	UniProtKB:P24529	IUPHARobj:1243	HGNC:11782	TH
CL:4033124	lumbar ganglion TH neuron	RO:0002292	expresses	positive	True	PR:000016301	tyrosine 3-monooxygenase		UniProtKB:P07101	UniProtKB:P24529	IUPHARobj:1243	HGNC:11782	TH
CL:4033125	lumbar ganglion NPY neuron	RO:0002292	expresses	positive	True	PR:000011387	neuropeptide Y		UniProtKB:P01303	UniProtKB:P57774		HGNC:7955	NPY
CL:4033126	sacral ganglion TH neuron	RO:0002292	expresses	positive	True	PR:000016301	tyrosine 3-monooxygenase		UniProtKB:P07101	UniProtKB:P24529	IUPHARobj:1243	HGNC:11782	TH
CL:4033127	lower airway ganglion ChAT/VIP neuron	RO:0002292	expresses	positive	True	PR:000005404	choline O-acetyltransferase		UniProtKB:P28329	UniProtKB:Q03059	IUPHARobj:2480	HGNC:1912	CHAT
CL:4033127	lower airway ganglion ChAT/VIP neuron	RO:0002292	expresses	positive	True	PR:000017299	VIP peptides		UniProtKB:P01282	UniProtKB:P32648		HGNC:12693	VIP
CL:4033128	celiac ganglion VIP neuron	RO:0002292	expresses	positive	True	PR:000017299	VIP peptides		UniProtKB:P01282	UniProtKB:P32648		HGNC:12693	VIP
CL:4033129	celiac ganglion PHI neuron	RO:0002292	expresses	positive	True	PR:000017299	VIP peptides		UniProtKB:P01282	UniProtKB:P32648		HGNC:12693	VIP
CL:4033130	celiac ganglion CGRP neuron	RO:0002292	expresses	positive	True	PR:000027226	calcitonin gene-related peptide 1		UniProtKB:P06881-1	UniProtKB:Q99JA0-1			
CL:4033131	celiac ganglion SP neuron	RO:0002292	expresses	positive	True	PR:000016003	protachykinin-1		UniProtKB:P20366	UniProtKB:P41539		HGNC:11517	TAC1
CL:4033132	celiac ganglion SOM neuron	RO:0002292	expresses	positive	True	PR:000015665	somatostatin		UniProtKB:P61278	UniProtKB:P60041		HGNC:11329	SST
CL:4033133	celiac ganglion SOM/CGRP neuron	RO:0002292	expresses	positive	True	PR:000004973	calcitonin gene-related peptide type 1 receptor		UniProtKB:Q16602	UniProtKB:Q9R1W5	IUPHARobj:47	HGNC:16709	CALCRL
CL:4033133	celiac ganglion SOM/CGRP neuron	RO:0002292	expresses	positive	True	PR:000015665	somatostatin		UniProtKB:P61278	UniProtKB:P60041		HGNC:11329	SST
CL:4033134	superior mesenteric ganglion SP neuron	RO:0002292	expresses	positive	True	PR:000016003	protachykinin-1		UniProtKB:P20366	UniProtKB:P41539		HGNC:11517	TAC1
CL:4033135	inferior mesenteric ganglion TH neuron	RO:0002292	expresses	positive	True	PR:000016301	tyrosine 3-monooxygenase		UniProtKB:P07101	UniProtKB:P24529	IUPHARobj:1243	HGNC:11782	TH
CL:4033136	inferior mesenteric ganglion SP neuron	RO:0002292	expresses	positive	True	PR:000016003	protachykinin-1		UniProtKB:P20366	UniProtKB:P41539		HGNC:11517	TAC1
CL:4033137	otic ganglion nNOS neuron	RO:0002292	expresses	positive	True	PR:000011326	nitric oxide synthase 1		UniProtKB:P29475	UniProtKB:Q9Z0J4	IUPHARobj:1251	HGNC:7872	NOS1
CL:4033138	otic ganglion VIP neuron	RO:0002292	expresses	positive	True	PR:000017299	VIP peptides		UniProtKB:P01282	UniProtKB:P32648		HGNC:12693	VIP
CL:4033139	ciliary ganglion VIP/PHI neuron	RO:0002292	expresses	positive	True	PR:000017299	VIP peptides		UniProtKB:P01282	UniProtKB:P32648		HGNC:12693	VIP
CL:4033140	ciliary ganglion TH neuron	RO:0002292	expresses	positive	True	PR:000016301	tyrosine 3-monooxygenase		UniProtKB:P07101	UniProtKB:P24529	IUPHARobj:1243	HGNC:11782	TH
CL:4033141	submandibular ganglion TH cholinergic neuron	RO:0002292	expresses	positive	True	PR:000016301	tyrosine 3-monooxygenase		UniProtKB:P07101	UniProtKB:P24529	IUPHARobj:1243	HGNC:11782	TH
CL:4033142	submandibular ganglion VIP/PHI neuron	RO:0002292	expresses	positive	True	PR:000017299	VIP peptides		UniProtKB:P01282	UniProtKB:P32648		HGNC:12693	VIP
CL:4033143	submandibular ganglion nNOS neuron	RO:0002292	expresses	positive	True	PR:000011326	nitric oxide synthase 1		UniProtKB:P29475	UniProtKB:Q9Z0J4	IUPHARobj:1251	HGNC:7872	NOS1
CL:4033144	pterygopalatine ganglion VIP/PHI neuron	RO:0002292	expresses	positive	True	PR:000017299	VIP peptides		UniProtKB:P01282	UniProtKB:P32648		HGNC:12693	VIP
CL:4033145	pterygopalatine ganglion VIP neuron	RO:0002292	expresses	positive	True	PR:000017299	VIP peptides		UniProtKB:P01282	UniProtKB:P32648		HGNC:12693	VIP
CL:4033146	pterygopalatine ganglion nNOS neuron	RO:0002292	expresses	positive	True	PR:000011326	nitric oxide synthase 1		UniProtKB:P29475	UniProtKB:Q9Z0J4	IUPHARobj:1251	HGNC:7872	NOS1
CL:4033147	vestibular ganglion SP neuron	RO:0002292	expresses	positive	True	PR:000016003	protachykinin-1		UniProtKB:P20366	UniProtKB:P41539		HGNC:11517	TAC1
CL:4033148	nodose ganglion TRPV1 neuron	RO:0002292	expresses	positive	True	PR:000001065	transient receptor potential cation channel TRPV1		UniProtKB:Q8NER1	UniProtKB:Q704Y3	IUPHARobj:507	HGNC:12716	TRPV1
CL:4033149	nodose ganglion P2X3 neuron	RO:0002292	expresses	positive	True	PR:000012190	P2X purinoceptor 3		UniProtKB:P56373	UniProtKB:Q3UR32	IUPHARobj:480	HGNC:8534	P2RX3
CL:4033150	nodose ganglion TRPV2 neuron	RO:0002292	expresses	positive	True	PR:000001064	transient receptor potential cation channel TRPV2		UniProtKB:Q9Y5S1	UniProtKB:Q9WTR1	IUPHARobj:508	HGNC:18082	TRPV2
CL:4033151	nodose ganglion PVALB neuron	RO:0002292	expresses	positive	True	PR:000013502	parvalbumin alpha		UniProtKB:P20472	UniProtKB:P32848		HGNC:9704	PVALB
CL:4033152	jugular ganglion TRPV1 neuron	RO:0002292	expresses	positive	True	PR:000001065	transient receptor potential cation channel TRPV1		UniProtKB:Q8NER1	UniProtKB:Q704Y3	IUPHARobj:507	HGNC:12716	TRPV1
CL:4033153	jugular ganglion TRPV2 neuron	RO:0002292	expresses	positive	True	PR:000001064	transient receptor potential cation channel TRPV2		UniProtKB:Q9Y5S1	UniProtKB:Q9WTR1	IUPHARobj:508	HGNC:18082	TRPV2
CL:4033154	jugular ganglion SP neuron	RO:0002292	expresses	positive	True	PR:000016003	protachykinin-1		UniProtKB:P20366	UniProtKB:P41539		HGNC:11517	TAC1
CL:4033155	jugular ganglion CGRP neuron	RO:0002292	expresses	positive	True	PR:000027226	calcitonin gene-related peptide 1		UniProtKB:P06881-1	UniProtKB:Q99JA0-1			
CL:4033156	jugular ganglion SPARCL1 neuron	RO:0002292	expresses	positive	True	PR:000015476	SPARC-like protein 1		UniProtKB:Q14515	UniProtKB:P70663		HGNC:11220	SPARCL1
CL:4033157	geniculate ganglion TRPV1 neuron	RO:0002292	expresses	positive	True	PR:000001065	transient receptor potential cation channel TRPV1		UniProtKB:Q8NER1	UniProtKB:Q704Y3	IUPHARobj:507	HGNC:12716	TRPV1
CL:4033158	geniculate ganglion SPARCL1 neuron	RO:0002292	expresses	positive	True	PR:000015476	SPARC-like protein 1		UniProtKB:Q14515	UniProtKB:P70663		HGNC:11220	SPARCL1
CL:4033159	geniculate ganglion VGLUT2 neuron	RO:0002292	expresses	positive	True	PR:000014962	vesicular glutamate transporter 2		UniProtKB:Q9P2U8	UniProtKB:Q8BLE7	IUPHARobj:1008	HGNC:16703	SLC17A6
CL:4033160	myenteric ganglion of small intestine ChAT neuron	RO:0002292	expresses	positive	True	PR:000005404	choline O-acetyltransferase		UniProtKB:P28329	UniProtKB:Q03059	IUPHARobj:2480	HGNC:1912	CHAT
CL:4033161	myenteric ganglion of small intestine nNOS neuron	RO:0002292	expresses	positive	True	PR:000011326	nitric oxide synthase 1		UniProtKB:P29475	UniProtKB:Q9Z0J4	IUPHARobj:1251	HGNC:7872	NOS1
CL:4033162	myenteric ganglion of small intestine VIP neuron	RO:0002292	expresses	positive	True	PR:000017299	VIP peptides		UniProtKB:P01282	UniProtKB:P32648		HGNC:12693	VIP
CL:4033163	myenteric ganglion of small intestine nNOS/VIP neuron	RO:0002292	expresses	positive	True	PR:000011326	nitric oxide synthase 1		UniProtKB:P29475	UniProtKB:Q9Z0J4	IUPHARobj:1251	HGNC:7872	NOS1
CL:4033163	myenteric ganglion of small intestine nNOS/VIP neuron	RO:0002292	expresses	positive	True	PR:000017299	VIP peptides		UniProtKB:P01282	UniProtKB:P32648		HGNC:12693	VIP
CL:4033164	myenteric ganglion of small intestine nNOS/ChAT neuron	RO:0002292	expresses	positive	True	PR:000005404	choline O-acetyltransferase		UniProtKB:P28329	UniProtKB:Q03059	IUPHARobj:2480	HGNC:1912	CHAT
CL:4033164	myenteric ganglion of small intestine nNOS/ChAT neuron	RO:0002292	expresses	positive	True	PR:000011326	nitric oxide synthase 1		UniProtKB:P29475	UniProtKB:Q9Z0J4	IUPHARobj:1251	HGNC:7872	NOS1
CL:4033165	myenteric ganglion of small intestine ChAT/CALR/SOM/SP neuron	RO:0002292	expresses	positive	True	PR:000004968	calretinin		UniProtKB:P22676	UniProtKB:Q08331		HGNC:1435	CALB2
CL:4033165	myenteric ganglion of small intestine ChAT/CALR/SOM/SP neuron	RO:0002292	expresses	positive	True	PR:000005404	choline O-acetyltransferase		UniProtKB:P28329	UniProtKB:Q03059	IUPHARobj:2480	HGNC:1912	CHAT
CL:4033165	myenteric ganglion of small intestine ChAT/CALR/SOM/SP neuron	RO:0002292	expresses	positive	True	PR:000015665	somatostatin		UniProtKB:P61278	UniProtKB:P60041		HGNC:11329	SST
CL:4033165	myenteric ganglion of small intestine ChAT/CALR/SOM/SP neuron	RO:0002292	expresses	positive	True	PR:000016003	protachykinin-1		UniProtKB:P20366	UniProtKB:P41539		HGNC:11517	TAC1
CL:4033166	myenteric ganglion of small intestine VIP/GAL neuron	RO:0002292	expresses	positive	True	PR:000007806	galanin		UniProtKB:P22466	UniProtKB:P47212		HGNC:4114	GAL
CL:4033166	myenteric ganglion of small intestine VIP/GAL neuron	RO:0002292	expresses	positive	True	PR:000017299	VIP peptides		UniProtKB:P01282	UniProtKB:P32648		HGNC:12693	VIP
CL:4033167	pelvic ganglion TH neuron	RO:0002292	expresses	positive	True	PR:000016301	tyrosine 3-monooxygenase		UniProtKB:P07101	UniProtKB:P24529	IUPHARobj:1243	HGNC:11782	TH
CL:4033168	pelvic ganglion TH/DBH neuron	RO:0002292	expresses	positive	True	PR:000006294	dopamine beta-hydroxylase		UniProtKB:P09172	UniProtKB:Q64237	IUPHARobj:2486	HGNC:2689	DBH
CL:4033168	pelvic ganglion TH/DBH neuron	RO:0002292	expresses	positive	True	PR:000016301	tyrosine 3-monooxygenase		UniProtKB:P07101	UniProtKB:P24529	IUPHARobj:1243	HGNC:11782	TH
CL:4033169	pelvic ganglion VAChT neuron	RO:0002292	expresses	positive	True	PR:000014968	vesicular acetylcholine transporter		UniProtKB:Q16572	UniProtKB:O35304	IUPHARobj:1013	HGNC:10936	SLC18A3
CL:4033170	pelvic ganglion nNOS neuron	RO:0002292	expresses	positive	True	PR:000011326	nitric oxide synthase 1		UniProtKB:P29475	UniProtKB:Q9Z0J4	IUPHARobj:1251	HGNC:7872	NOS1
CL:4033171	pelvic ganglion nNOS/VIP neuron	RO:0002292	expresses	positive	True	PR:000011326	nitric oxide synthase 1		UniProtKB:P29475	UniProtKB:Q9Z0J4	IUPHARobj:1251	HGNC:7872	NOS1
CL:4033171	pelvic ganglion nNOS/VIP neuron	RO:0002292	expresses	positive	True	PR:000017299	VIP peptides		UniProtKB:P01282	UniProtKB:P32648		HGNC:12693	VIP
CL:4033172	pelvic ganglion NPY/VAChT neuron	RO:0002292	expresses	positive	True	PR:000011387	neuropeptide Y		UniProtKB:P01303	UniProtKB:P57774		HGNC:7955	NPY
CL:4033172	pelvic ganglion NPY/VAChT neuron	RO:0002292	expresses	positive	True	PR:000014968	vesicular acetylcholine transporter		UniProtKB:Q16572	UniProtKB:O35304	IUPHARobj:1013	HGNC:10936	SLC18A3
CL:4033173	pelvic ganglion nNOS/VAChT neuron	RO:0002292	expresses	positive	True	PR:000011326	nitric oxide synthase 1		UniProtKB:P29475	UniProtKB:Q9Z0J4	IUPHARobj:1251	HGNC:7872	NOS1
CL:4033173	pelvic ganglion nNOS/VAChT neuron	RO:0002292	expresses	positive	True	PR:000014968	vesicular acetylcholine transporter		UniProtKB:Q16572	UniProtKB:O35304	IUPHARobj:1013	HGNC:10936	SLC18A3
CL:4033174	ovarian nerve plexus ganglion TH neuron	RO:0002292	expresses	positive	True	PR:000016301	tyrosine 3-monooxygenase		UniProtKB:P07101	UniProtKB:P24529	IUPHARobj:1243	HGNC:11782	TH
CL:4033175	dorsal root ganglion BRN3A neuron	RO:0002292	expresses	positive	True	PR:000013041	POU domain, class 4, transcription factor 1		UniProtKB:Q01851	UniProtKB:P17208		HGNC:9218	POU4F1
CL:4033176	dorsal root ganglion CGRP neuron	RO:0002292	expresses	positive	True	PR:000027226	calcitonin gene-related peptide 1		UniProtKB:P06881-1	UniProtKB:Q99JA0-1			
CL:4033177	dorsal root ganglion EDN1 neuron	RO:0002292	expresses	positive	True	PR:000006897	endothelin-1		UniProtKB:P05305	UniProtKB:P22387		HGNC:3176	EDN1
CL:4033178	dorsal root ganglion Nav1.7 neuron	RO:0002292	expresses	positive	True	PR:000002104	sodium channel protein type 9 subunit alpha		UniProtKB:Q15858	UniProtKB:Q62205	IUPHARobj:584	HGNC:10597	SCN9A
CL:4033179	dorsal root ganglion Nav1.9 neuron	RO:0002292	expresses	positive	True	PR:000002097	sodium channel protein type 11 subunit alpha		UniProtKB:Q9UI33	UniProtKB:Q9R053	IUPHARobj:586	HGNC:10583	SCN11A
CL:4033180	dorsal root ganglion peripherin neuron	RO:0002292	expresses	positive	True	PR:000013289	peripherin		UniProtKB:P41219	UniProtKB:P15331		HGNC:9461	PRPH
CL:4033181	dorsal root ganglion Piezo2 neuron	RO:0002292	expresses	positive	True	PR:000032708	piezo-type mechanosensitive ion channel component 2		UniProtKB:Q9H5I5	UniProtKB:Q8CD54	IUPHARobj:2946	HGNC:26270	PIEZO2
CL:4033182	dorsal root ganglion RET neuron	RO:0002292	expresses	positive	True	PR:000013895	proto-oncogene tyrosine-protein kinase receptor Ret		UniProtKB:P07949	UniProtKB:P35546	IUPHARobj:2185	HGNC:9967	RET
CL:4033183	dorsal root ganglion SP neuron	RO:0002292	expresses	positive	True	PR:000016003	protachykinin-1		UniProtKB:P20366	UniProtKB:P41539		HGNC:11517	TAC1
CL:4033184	dorsal root ganglion TRPV1 neuron	RO:0002292	expresses	positive	True	PR:000001065	transient receptor potential cation channel TRPV1		UniProtKB:Q8NER1	UniProtKB:Q704Y3	IUPHARobj:507	HGNC:12716	TRPV1
CL:4040002	enteroglial cell	RO:0002292	expresses	positive	True	PR:000007939	glial fibrillary acidic protein		UniProtKB:P14136	UniProtKB:P03995		HGNC:4235	GFAP
CL:4042001	TAC3-positive striatal interneuron	RO:0002104	has plasma membrane part	positive	True	PR:000016004	tachykinin-3		UniProtKB:Q9UHF0	UniProtKB:P55099		HGNC:11521	TAC3
CL:4042002	TAC3-positive medium spiny neuron	RO:0002292	expresses	positive	False	PR:000001175	D(1A) dopamine receptor		UniProtKB:P21728	UniProtKB:Q61616	IUPHARobj:214	HGNC:3020	DRD1
CL:4042002	TAC3-positive medium spiny neuron	RO:0002104	has plasma membrane part	positive	True	PR:000016004	tachykinin-3		UniProtKB:Q9UHF0	UniProtKB:P55099		HGNC:11521	TAC3
CL:4042013	Lamp5 Lhx6 neuron	RO:0002292	expresses	positive	False	PR:000032148	lysosome-associated membrane glycoprotein 5		UniProtKB:Q9UJQ1	UniProtKB:Q9D387		HGNC:16097	LAMP5
CL:4042013	Lamp5 Lhx6 neuron	RO:0002292	expresses	positive	True	PR:000032533	LIM/homeobox protein Lhx6		UniProtKB:Q9UPM6	UniProtKB:Q9R1R0		HGNC:21735	LHX6
CL:4042014	spiny VIP neuron	RO:0002292	expresses	positive	False	PR:000017299	VIP peptides		UniProtKB:P01282	UniProtKB:P32648		HGNC:12693	VIP
CL:4042015	VIP-ChAT interneuron	RO:0002292	expresses	positive	False	PR:000017299	VIP peptides		UniProtKB:P01282	UniProtKB:P32648		HGNC:12693	VIP
CL:4042017	alpha1-tanycyte	RO:0002292	expresses	positive	True	PR:000014419	protein S100-B		UniProtKB:P04271	UniProtKB:P50114		HGNC:10500	S100B
CL:4042018	alpha2-tanycyte	RO:0002292	expresses	positive	True	PR:000014419	protein S100-B		UniProtKB:P04271	UniProtKB:P50114		HGNC:10500	S100B
CL:4042019	beta1-tanycyte	RO:0002292	expresses	positive	True	PR:000007479	fibroblast growth factor 1		UniProtKB:P05230	UniProtKB:P61148		HGNC:3665	FGF1
CL:4042019	beta1-tanycyte	RO:0002292	expresses	positive	True	PR:000007489	fibroblast growth factor 2		UniProtKB:P09038	UniProtKB:P15655		HGNC:3676	FGF2
CL:4042020	beta2-tanycyte	RO:0002292	expresses	positive	True	PR:000007479	fibroblast growth factor 1		UniProtKB:P05230	UniProtKB:P61148		HGNC:3665	FGF1
CL:4042020	beta2-tanycyte	RO:0002292	expresses	positive	True	PR:000007489	fibroblast growth factor 2		UniProtKB:P09038	UniProtKB:P15655		HGNC:3676	FGF2
CL:4042022	astrocyte-restricted precursor	RO:0002292	expresses	positive	True	PR:000001307	CD44 molecule	CD44 (label); CDw44 (exact)	UniProtKB:P16070	UniProtKB:P15379		HGNC:1681	CD44
CL:4042023	striatal pthlh-expressing interneuron	RO:0002292	expresses	positive	True	PR:000013433	parathyroid hormone-related protein		UniProtKB:P12272	UniProtKB:P22858		HGNC:9607	PTHLH
CL:4042023	striatal pthlh-expressing interneuron	RO:0002292	expresses	positive	True	PR:000013502	parvalbumin alpha		UniProtKB:P20472	UniProtKB:P32848		HGNC:9704	PVALB
CL:4042024	striatal PTHLH MOXD1 expressing interneuron	RO:0002292	expresses	positive	True	PR:000010529	DBH-like monooxygenase protein 1		UniProtKB:Q6UVY6	UniProtKB:Q9CXI3		HGNC:21063	MOXD1
CL:4042024	striatal PTHLH MOXD1 expressing interneuron	RO:0002292	expresses	positive	False	PR:000013433	parathyroid hormone-related protein		UniProtKB:P12272	UniProtKB:P22858		HGNC:9607	PTHLH
CL:4042024	striatal PTHLH MOXD1 expressing interneuron	RO:0002292	expresses	positive	False	PR:000013502	parvalbumin alpha		UniProtKB:P20472	UniProtKB:P32848		HGNC:9704	PVALB
CL:4042026	GABAergic interneuron of the anterior substantia nigra pars reticulata	RO:0002292	expresses	positive	True	PR:000007643	forkhead box protein P1		UniProtKB:Q9H334	UniProtKB:P58462		HGNC:3823	FOXP1
CL:4042026	GABAergic interneuron of the anterior substantia nigra pars reticulata	RO:0002292	expresses	positive	True	PR:000013047	POU domain, class 6, transcription factor 2		UniProtKB:P78424	UniProtKB:Q8BJI4		HGNC:21694	POU6F2
CL:4042026	GABAergic interneuron of the anterior substantia nigra pars reticulata	RO:0002292	expresses	positive	True	PR:000014898	homeobox protein SIX3		UniProtKB:O95343	UniProtKB:Q62233		HGNC:10889	SIX3
CL:4042027	GABAergic interneuron of the posterior substantia nigra pars reticulata	RO:0002292	expresses	positive	True	PR:000001903	paired box protein PAX-5		UniProtKB:Q02548	UniProtKB:Q02650		HGNC:8619	PAX5
CL:4042032	PAX6 GABAergic interneuron	RO:0002292	expresses	positive	True	PR:000012318	paired box protein Pax-6		UniProtKB:P26367	UniProtKB:P63015		HGNC:8620	PAX6
CL:4042033	pro-opiomelanocortin neuron	RO:0002292	expresses	positive	True	PR:000013015	pro-opiomelanocortin		UniProtKB:P01189	UniProtKB:P01193		HGNC:9201	POMC
CL:4042037	sst GABAergic neuron of the striatum	RO:0002292	expresses	positive	True	PR:000015665	somatostatin		UniProtKB:P61278	UniProtKB:P60041		HGNC:11329	SST
CL:4047003	cycling plasma cell	CL:4030046	lacks_plasma_membrane_part	negative	False	PR:000001289	membrane-spanning 4-domains subfamily A member 1	CD20 (exact)	UniProtKB:P11836	UniProtKB:P19437	PIRSF:PIRSF001995; IUPHARobj:2628	HGNC:7315	MS4A1
CL:4047003	cycling plasma cell	RO:0002104	has plasma membrane part	positive	False	PR:000001935	syndecan-1	CD138 (exact)	UniProtKB:P18827	UniProtKB:P18828	PIRSF:PIRSF015854	HGNC:10658	SDC1
CL:4047042	type 1 myenteric plexus glia	RO:0002292	expresses	positive	False	PR:000007939	glial fibrillary acidic protein		UniProtKB:P14136	UniProtKB:P03995		HGNC:4235	GFAP
CL:4047043	type 1 submucosal plexus glia	RO:0002292	expresses	positive	False	PR:000007939	glial fibrillary acidic protein		UniProtKB:P14136	UniProtKB:P03995		HGNC:4235	GFAP
CL:4047044	type 2 interganglionic glia	RO:0002292	expresses	positive	False	PR:000007939	glial fibrillary acidic protein		UniProtKB:P14136	UniProtKB:P03995		HGNC:4235	GFAP
CL:4047045	type 3 mucosal glia	RO:0002292	expresses	positive	False	PR:000007939	glial fibrillary acidic protein		UniProtKB:P14136	UniProtKB:P03995		HGNC:4235	GFAP
CL:4047047	type I enteric glial cell	RO:0002292	expresses	positive	False	PR:000007939	glial fibrillary acidic protein		UniProtKB:P14136	UniProtKB:P03995		HGNC:4235	GFAP
CL:4047048	type 4 muscularis propria glia	RO:0002292	expresses	positive	False	PR:000007939	glial fibrillary acidic protein		UniProtKB:P14136	UniProtKB:P03995		HGNC:4235	GFAP
CL:4047051	small intestine BEST4+ enterocyte	RO:0002292	expresses	positive	False	PR:Q8NFU0	bestrophin-4 (human)		UniProtKB:Q8NFU0		DTO:01100033; Reactome:R-HSA-2744358; UniProtKB:Q8NFU0	HGNC:17106	BEST4
CL:4047052	BEST4+ colonocyte	RO:0002292	expresses	positive	False	PR:Q8NFU0	bestrophin-4 (human)		UniProtKB:Q8NFU0		DTO:01100033; Reactome:R-HSA-2744358; UniProtKB:Q8NFU0	HGNC:17106	BEST4
CL:4047053	TREM2-positive macrophage	RO:0002292	expresses	positive	True	PR:000016626	triggering receptor expressed on myeloid cells 2		UniProtKB:Q9NZC2	UniProtKB:Q99NH8		HGNC:17761	TREM2
CL:4047054	migratory dendritic cell	CL:4030046	lacks_plasma_membrane_part	negative	False	PR:000001002	CD19 molecule	CD19 (label)	UniProtKB:P15391	UniProtKB:P25918	IUPHARobj:2764; PIRSF:PIRSF016630	HGNC:1633	CD19
CL:4047054	migratory dendritic cell	CL:4030046	lacks_plasma_membrane_part	negative	False	PR:000001003	CD34 molecule	CD34 (label)	UniProtKB:P28906	UniProtKB:Q64314	PIRSF:PIRSF028749	HGNC:1662	CD34
CL:4047054	migratory dendritic cell	CL:4030046	lacks_plasma_membrane_part	negative	False	PR:000001020	CD3 epsilon	CD3 (label); CD3E (exact); CD3e (exact)	UniProtKB:P07766	UniProtKB:P22646	IUPHARobj:2742	HGNC:1674	CD3E
CL:4047054	migratory dendritic cell	CL:4030046	lacks_plasma_membrane_part	negative	False	PR:000001024	neural cell adhesion molecule 1	CD56 (exact)	UniProtKB:P13591	UniProtKB:P13595	IUPHARobj:2769	HGNC:7656	NCAM1
CL:4047054	migratory dendritic cell	CL:4030046	lacks_plasma_membrane_part	negative	False	PR:000001289	membrane-spanning 4-domains subfamily A member 1	CD20 (exact)	UniProtKB:P11836	UniProtKB:P19437	PIRSF:PIRSF001995; IUPHARobj:2628	HGNC:7315	MS4A1
CL:4047060	BAG3-positive monocyte	RO:0002292	expresses	positive	True	PR:000004621	BAG family molecular chaperone regulator 3		UniProtKB:O95817	UniProtKB:Q9JLV1		HGNC:939	BAG3
CL:4047101	liver-resident natural killer cell	CL:4030046	lacks_plasma_membrane_part	negative	False	PR:000001002	CD19 molecule	CD19 (label)	UniProtKB:P15391	UniProtKB:P25918	IUPHARobj:2764; PIRSF:PIRSF016630	HGNC:1633	CD19
CL:4047101	liver-resident natural killer cell	CL:4030046	lacks_plasma_membrane_part	negative	False	PR:000001020	CD3 epsilon	CD3 (label); CD3E (exact); CD3e (exact)	UniProtKB:P07766	UniProtKB:P22646	IUPHARobj:2742	HGNC:1674	CD3E
CL:4047101	liver-resident natural killer cell	CL:4030046	lacks_plasma_membrane_part	negative	False	PR:000001289	membrane-spanning 4-domains subfamily A member 1	CD20 (exact)	UniProtKB:P11836	UniProtKB:P19437	PIRSF:PIRSF001995; IUPHARobj:2628	HGNC:7315	MS4A1
CL:4047101	liver-resident natural killer cell	CL:4030046	lacks_plasma_membrane_part	negative	False	PR:000001889	CD14 molecule	CD14 (label)	UniProtKB:P08571	UniProtKB:P10810	PIRSF:PIRSF002017	HGNC:1628	CD14
CL:4052020	lung resident granzyme K-associated CD8 T cell	CL:4030046	lacks_plasma_membrane_part	negative	False	PR:000001004	CD4 molecule	CD4 (label)	UniProtKB:P01730	UniProtKB:P06332	PIRSF:PIRSF001977	HGNC:1678	CD4
CL:4052020	lung resident granzyme K-associated CD8 T cell	RO:0002104	has plasma membrane part	positive	False	PR:000001010	integrin alpha-E	CD103 (exact)	UniProtKB:P38570	UniProtKB:Q60677	IUPHARobj:2450	HGNC:6147	ITGAE
CL:4052020	lung resident granzyme K-associated CD8 T cell	BFO:0000051	has part	positive	False	PR:000001084	T-cell surface glycoprotein CD8 alpha chain	CD8 (label); CD8A (exact); CD8a (exact)	UniProtKB:P01732	UniProtKB:P01731		HGNC:1706	CD8A
CL:4052020	lung resident granzyme K-associated CD8 T cell	RO:0002292	expresses	positive	False	PR:000003472	granzyme K		UniProtKB:P49863	UniProtKB:O35205	IUPHARobj:2370	HGNC:4711	GZMK
CL:4052020	lung resident granzyme K-associated CD8 T cell	RO:0002104	has plasma membrane part	positive	False	PR:000025402	T cell receptor co-receptor CD8	CD8 (label)					
CL:4052020	lung resident granzyme K-associated CD8 T cell	BFO:0000051	has part	positive	False	PR:000025403	T-cell surface glycoprotein CD8 alpha chain isoform 1	CD8 (label); CD8A (exact)	UniProtKB:P01732-1				
CL:4052021	granzyme K-associated CD8 T cell	CL:4030046	lacks_plasma_membrane_part	negative	False	PR:000001004	CD4 molecule	CD4 (label)	UniProtKB:P01730	UniProtKB:P06332	PIRSF:PIRSF001977	HGNC:1678	CD4
CL:4052021	granzyme K-associated CD8 T cell	BFO:0000051	has part	positive	False	PR:000001084	T-cell surface glycoprotein CD8 alpha chain	CD8 (label); CD8A (exact); CD8a (exact)	UniProtKB:P01732	UniProtKB:P01731		HGNC:1706	CD8A
CL:4052021	granzyme K-associated CD8 T cell	RO:0002292	expresses	positive	True	PR:000003472	granzyme K		UniProtKB:P49863	UniProtKB:O35205	IUPHARobj:2370	HGNC:4711	GZMK
CL:4052021	granzyme K-associated CD8 T cell	RO:0002104	has plasma membrane part	positive	False	PR:000025402	T cell receptor co-receptor CD8	CD8 (label)					
CL:4052021	granzyme K-associated CD8 T cell	BFO:0000051	has part	positive	False	PR:000025403	T-cell surface glycoprotein CD8 alpha chain isoform 1	CD8 (label); CD8A (exact)	UniProtKB:P01732-1				
CL:4052028	uterine natural killer cell	CL:4030046	lacks_plasma_membrane_part	negative	False	PR:000001002	CD19 molecule	CD19 (label)	UniProtKB:P15391	UniProtKB:P25918	IUPHARobj:2764; PIRSF:PIRSF016630	HGNC:1633	CD19
CL:4052028	uterine natural killer cell	CL:4030046	lacks_plasma_membrane_part	negative	False	PR:000001020	CD3 epsilon	CD3 (label); CD3E (exact); CD3e (exact)	UniProtKB:P07766	UniProtKB:P22646	IUPHARobj:2742	HGNC:1674	CD3E
CL:4052028	uterine natural killer cell	CL:4030046	lacks_plasma_membrane_part	negative	False	PR:000001289	membrane-spanning 4-domains subfamily A member 1	CD20 (exact)	UniProtKB:P11836	UniProtKB:P19437	PIRSF:PIRSF001995; IUPHARobj:2628	HGNC:7315	MS4A1
CL:4052028	uterine natural killer cell	CL:4030046	lacks_plasma_membrane_part	negative	False	PR:000001889	CD14 molecule	CD14 (label)	UniProtKB:P08571	UniProtKB:P10810	PIRSF:PIRSF002017	HGNC:1628	CD14
CL:4052032	granzyme H-associated CD8 T cell	CL:4030046	lacks_plasma_membrane_part	negative	False	PR:000001004	CD4 molecule	CD4 (label)	UniProtKB:P01730	UniProtKB:P06332	PIRSF:PIRSF001977	HGNC:1678	CD4
CL:4052032	granzyme H-associated CD8 T cell	BFO:0000051	has part	positive	False	PR:000001084	T-cell surface glycoprotein CD8 alpha chain	CD8 (label); CD8A (exact); CD8a (exact)	UniProtKB:P01732	UniProtKB:P01731		HGNC:1706	CD8A
CL:4052032	granzyme H-associated CD8 T cell	RO:0002292	expresses	positive	True	PR:000003490	granzyme H		UniProtKB:P20718			HGNC:4710	GZMH
CL:4052032	granzyme H-associated CD8 T cell	RO:0002104	has plasma membrane part	positive	False	PR:000025402	T cell receptor co-receptor CD8	CD8 (label)					
CL:4052032	granzyme H-associated CD8 T cell	BFO:0000051	has part	positive	False	PR:000025403	T-cell surface glycoprotein CD8 alpha chain isoform 1	CD8 (label); CD8A (exact)	UniProtKB:P01732-1				
CL:4052051	uterine natural killer cell 1, human	CL:4030046	lacks_plasma_membrane_part	negative	False	PR:000001002	CD19 molecule	CD19 (label)	UniProtKB:P15391	UniProtKB:P25918	IUPHARobj:2764; PIRSF:PIRSF016630	HGNC:1633	CD19
CL:4052051	uterine natural killer cell 1, human	CL:4030046	lacks_plasma_membrane_part	negative	False	PR:000001010	integrin alpha-E	CD103 (exact)	UniProtKB:P38570	UniProtKB:Q60677	IUPHARobj:2450	HGNC:6147	ITGAE
CL:4052051	uterine natural killer cell 1, human	CL:4030046	lacks_plasma_membrane_part	negative	False	PR:000001020	CD3 epsilon	CD3 (label); CD3E (exact); CD3e (exact)	UniProtKB:P07766	UniProtKB:P22646	IUPHARobj:2742	HGNC:1674	CD3E
CL:4052051	uterine natural killer cell 1, human	CL:4030046	lacks_plasma_membrane_part	negative	False	PR:000001289	membrane-spanning 4-domains subfamily A member 1	CD20 (exact)	UniProtKB:P11836	UniProtKB:P19437	PIRSF:PIRSF001995; IUPHARobj:2628	HGNC:7315	MS4A1
CL:4052051	uterine natural killer cell 1, human	CL:4030046	lacks_plasma_membrane_part	negative	False	PR:000001889	CD14 molecule	CD14 (label)	UniProtKB:P08571	UniProtKB:P10810	PIRSF:PIRSF002017	HGNC:1628	CD14
CL:4052051	uterine natural killer cell 1, human	CL:4030046	lacks_plasma_membrane_part	negative	True	PR:O95971	CD160 antigen (human)	CD160 (label)	UniProtKB:O95971-1; UniProtKB:O95971-2; UniProtKB:O95971-3; UniProtKB:O95971-4; UniProtKB:O95971		UniProtKB:O95971		
CL:4052051	uterine natural killer cell 1, human	CL:4030046	lacks_plasma_membrane_part	negative	True	PR:P38570	integrin alpha-E (human)	CD103 (exact)	UniProtKB:P38570		UniProtKB:P38570	HGNC:6147	ITGAE
CL:4052051	uterine natural killer cell 1, human	RO:0002104	has plasma membrane part	positive	True	PR:P49961	ectonucleoside triphosphate diphosphohydrolase 1 (human)	CD39 (related)	UniProtKB:P49961-1; UniProtKB:P49961-2; UniProtKB:P49961-3; UniProtKB:P49961-4; UniProtKB:P49961-5; UniProtKB:P49961-6; UniProtKB:P49961		UniProtKB:P49961; Reactome:R-HSA-913566		
CL:4052051	uterine natural killer cell 1, human	RO:0002104	has plasma membrane part	positive	True	PR:P56199	integrin alpha-1 (human)	CD49 (exact); CD49a (exact)	UniProtKB:P56199		UniProtKB:P56199	HGNC:6134	ITGA1
CL:4052052	uterine natural killer cell 2, human	CL:4030046	lacks_plasma_membrane_part	negative	False	PR:000001002	CD19 molecule	CD19 (label)	UniProtKB:P15391	UniProtKB:P25918	IUPHARobj:2764; PIRSF:PIRSF016630	HGNC:1633	CD19
CL:4052052	uterine natural killer cell 2, human	CL:4030046	lacks_plasma_membrane_part	negative	False	PR:000001010	integrin alpha-E	CD103 (exact)	UniProtKB:P38570	UniProtKB:Q60677	IUPHARobj:2450	HGNC:6147	ITGAE
CL:4052052	uterine natural killer cell 2, human	CL:4030046	lacks_plasma_membrane_part	negative	False	PR:000001020	CD3 epsilon	CD3 (label); CD3E (exact); CD3e (exact)	UniProtKB:P07766	UniProtKB:P22646	IUPHARobj:2742	HGNC:1674	CD3E
CL:4052052	uterine natural killer cell 2, human	CL:4030046	lacks_plasma_membrane_part	negative	False	PR:000001289	membrane-spanning 4-domains subfamily A member 1	CD20 (exact)	UniProtKB:P11836	UniProtKB:P19437	PIRSF:PIRSF001995; IUPHARobj:2628	HGNC:7315	MS4A1
CL:4052052	uterine natural killer cell 2, human	CL:4030046	lacks_plasma_membrane_part	negative	False	PR:000001889	CD14 molecule	CD14 (label)	UniProtKB:P08571	UniProtKB:P10810	PIRSF:PIRSF002017	HGNC:1628	CD14
CL:4052052	uterine natural killer cell 2, human	CL:4030046	lacks_plasma_membrane_part	negative	True	PR:O95971	CD160 antigen (human)	CD160 (label)	UniProtKB:O95971-1; UniProtKB:O95971-2; UniProtKB:O95971-3; UniProtKB:O95971-4; UniProtKB:O95971		UniProtKB:O95971		
CL:4052052	uterine natural killer cell 2, human	CL:4030046	lacks_plasma_membrane_part	negative	True	PR:P38570	integrin alpha-E (human)	CD103 (exact)	UniProtKB:P38570		UniProtKB:P38570	HGNC:6147	ITGAE
CL:4052052	uterine natural killer cell 2, human	CL:4030046	lacks_plasma_membrane_part	negative	True	PR:P49961	ectonucleoside triphosphate diphosphohydrolase 1 (human)	CD39 (related)	UniProtKB:P49961-1; UniProtKB:P49961-2; UniProtKB:P49961-3; UniProtKB:P49961-4; UniProtKB:P49961-5; UniProtKB:P49961-6; UniProtKB:P49961		UniProtKB:P49961; Reactome:R-HSA-913566		
CL:4052052	uterine natural killer cell 2, human	RO:0002104	has plasma membrane part	positive	True	PR:P56199	integrin alpha-1 (human)	CD49 (exact); CD49a (exact)	UniProtKB:P56199		UniProtKB:P56199	HGNC:6134	ITGA1
CL:4052053	uterine natural killer cell 3, human	CL:4030046	lacks_plasma_membrane_part	negative	False	PR:000001002	CD19 molecule	CD19 (label)	UniProtKB:P15391	UniProtKB:P25918	IUPHARobj:2764; PIRSF:PIRSF016630	HGNC:1633	CD19
CL:4052053	uterine natural killer cell 3, human	CL:4030046	lacks_plasma_membrane_part	negative	False	PR:000001020	CD3 epsilon	CD3 (label); CD3E (exact); CD3e (exact)	UniProtKB:P07766	UniProtKB:P22646	IUPHARobj:2742	HGNC:1674	CD3E
CL:4052053	uterine natural killer cell 3, human	CL:4030046	lacks_plasma_membrane_part	negative	False	PR:000001289	membrane-spanning 4-domains subfamily A member 1	CD20 (exact)	UniProtKB:P11836	UniProtKB:P19437	PIRSF:PIRSF001995; IUPHARobj:2628	HGNC:7315	MS4A1
CL:4052053	uterine natural killer cell 3, human	CL:4030046	lacks_plasma_membrane_part	negative	False	PR:000001889	CD14 molecule	CD14 (label)	UniProtKB:P08571	UniProtKB:P10810	PIRSF:PIRSF002017	HGNC:1628	CD14
CL:4052053	uterine natural killer cell 3, human	CL:4030046	lacks_plasma_membrane_part	negative	True	PR:P49961	ectonucleoside triphosphate diphosphohydrolase 1 (human)	CD39 (related)	UniProtKB:P49961-1; UniProtKB:P49961-2; UniProtKB:P49961-3; UniProtKB:P49961-4; UniProtKB:P49961-5; UniProtKB:P49961-6; UniProtKB:P49961		UniProtKB:P49961; Reactome:R-HSA-913566		
CL:4052053	uterine natural killer cell 3, human	RO:0002104	has plasma membrane part	positive	False	PR:000001010	integrin alpha-E	CD103 (exact)	UniProtKB:P38570	UniProtKB:Q60677	IUPHARobj:2450	HGNC:6147	ITGAE
CL:4052053	uterine natural killer cell 3, human	RO:0002104	has plasma membrane part	positive	True	PR:O95971	CD160 antigen (human)	CD160 (label)	UniProtKB:O95971-1; UniProtKB:O95971-2; UniProtKB:O95971-3; UniProtKB:O95971-4; UniProtKB:O95971		UniProtKB:O95971		
CL:4052053	uterine natural killer cell 3, human	RO:0002104	has plasma membrane part	positive	True	PR:P38570	integrin alpha-E (human)	CD103 (exact)	UniProtKB:P38570		UniProtKB:P38570	HGNC:6147	ITGAE
CL:4052053	uterine natural killer cell 3, human	RO:0002104	has plasma membrane part	positive	True	PR:P56199	integrin alpha-1 (human)	CD49 (exact); CD49a (exact)	UniProtKB:P56199		UniProtKB:P56199	HGNC:6134	ITGA1
CL:4052055	mature NK T cell, human	RO:0002104	has plasma membrane part	positive	False	PR:000001024	neural cell adhesion molecule 1	CD56 (exact)	UniProtKB:P13591	UniProtKB:P13595	IUPHARobj:2769	HGNC:7656	NCAM1
CL:4052055	mature NK T cell, human	RO:0002104	has plasma membrane part	positive	False	PR:000001874	KLRB1-like protein				PIRSF:PIRSF038804		
CL:4052055	mature NK T cell, human	RO:0002104	has plasma membrane part	positive	True	PR:P13591	neural cell adhesion molecule 1 (human)	CD56 (exact)	UniProtKB:P13591-1; UniProtKB:P13591-2; UniProtKB:P13591-3; UniProtKB:P13591-4; UniProtKB:P13591-5; UniProtKB:P13591-6; UniProtKB:P13591		UniProtKB:P13591		
CL:4052108	IgD-negative class switched memory B cell	CL:4030046	lacks_plasma_membrane_part	negative	False	PR:000001020	CD3 epsilon	CD3 (label); CD3E (exact); CD3e (exact)	UniProtKB:P07766	UniProtKB:P22646	IUPHARobj:2742	HGNC:1674	CD3E
CL:4052108	IgD-negative class switched memory B cell	CL:4030046	lacks_plasma_membrane_part	negative	False	PR:000001935	syndecan-1	CD138 (exact)	UniProtKB:P18827	UniProtKB:P18828	PIRSF:PIRSF015854	HGNC:10658	SDC1
CL:4052108	IgD-negative class switched memory B cell	RO:0002104	has plasma membrane part	positive	False	PR:000001002	CD19 molecule	CD19 (label)	UniProtKB:P15391	UniProtKB:P25918	IUPHARobj:2764; PIRSF:PIRSF016630	HGNC:1633	CD19
CL:4052108	IgD-negative class switched memory B cell	RO:0002104	has plasma membrane part	positive	False	PR:000001289	membrane-spanning 4-domains subfamily A member 1	CD20 (exact)	UniProtKB:P11836	UniProtKB:P19437	PIRSF:PIRSF001995; IUPHARobj:2628	HGNC:7315	MS4A1
CL:4052108	IgD-negative class switched memory B cell	RO:0002104	has plasma membrane part	positive	False	PR:000001963	CD27 molecule	CD27 (label); CD27L (exact)	UniProtKB:P26842	UniProtKB:P41272	IUPHARobj:1876; PIRSF:PIRSF001966	HGNC:11922	CD27
CL:4072015	monocyte-derived Kupffer cell	RO:0015016	has low plasma membrane amount	low	False	PR:000001012	integrin alpha-M	CD11 (exact); CD11B (related); CD11b (exact)	UniProtKB:P11215	UniProtKB:P05555	IUPHARobj:2452	HGNC:6149	ITGAM
CL:4072015	monocyte-derived Kupffer cell	RO:0002104	has plasma membrane part	positive	False	PR:000001813	adhesion G protein-coupled receptor E1		UniProtKB:Q14246	UniProtKB:Q61549	IUPHARobj:182; PIRSF:PIRSF038685	HGNC:3336	ADGRE1
CL:4072015	monocyte-derived Kupffer cell	RO:0002104	has plasma membrane part	positive	False	PR:000001925	scavenger receptor cysteine-rich type 1 protein M130	CD163 (exact)	UniProtKB:Q86VB7	UniProtKB:Q2VLH6		HGNC:1631	CD163
CL:4072015	monocyte-derived Kupffer cell	RO:0002104	has plasma membrane part	positive	False	PR:000002064	macrosialin	CD68 (exact)	UniProtKB:P34810	UniProtKB:P31996		HGNC:1693	CD68
CL:4072016	NPY interneuron	RO:0002292	expresses	positive	True	PR:000011387	neuropeptide Y		UniProtKB:P01303	UniProtKB:P57774		HGNC:7955	NPY
CL:4072017	agouti-related protein expressing neuron	RO:0002292	expresses	positive	True	PR:000003846	agouti-related protein		UniProtKB:O00253	UniProtKB:P56473		HGNC:330	AGRP
CL:4072017	agouti-related protein expressing neuron	RO:0002292	expresses	positive	True	PR:000011387	neuropeptide Y		UniProtKB:P01303	UniProtKB:P57774		HGNC:7955	NPY
CL:4072022	Lamp5 Lhx6 GABAergic interneuron (Homo sapiens)	RO:0002292	expresses	positive	False	PR:000032148	lysosome-associated membrane glycoprotein 5		UniProtKB:Q9UJQ1	UniProtKB:Q9D387		HGNC:16097	LAMP5
CL:4072022	Lamp5 Lhx6 GABAergic interneuron (Homo sapiens)	RO:0002292	expresses	positive	False	PR:000032533	LIM/homeobox protein Lhx6		UniProtKB:Q9UPM6	UniProtKB:Q9R1R0		HGNC:21735	LHX6
CL:4072027	sst GABAergic interneuron (Homo sapiens)	RO:0002292	expresses	positive	False	PR:000015665	somatostatin		UniProtKB:P61278	UniProtKB:P60041		HGNC:11329	SST
CL:4072029	pvalb GABAergic interneuron (Homo sapiens)	RO:0002292	expresses	positive	False	PR:000013502	parvalbumin alpha		UniProtKB:P20472	UniProtKB:P32848		HGNC:9704	PVALB
CL:4072031	sst chodl GABAergic interneuron (Homo sapiens)	RO:0002292	expresses	positive	False	PR:000005444	chondrolectin		UniProtKB:Q9H9P2	UniProtKB:Q9CXM0		HGNC:17807	CHODL
CL:4072031	sst chodl GABAergic interneuron (Homo sapiens)	RO:0002292	expresses	positive	False	PR:000015665	somatostatin		UniProtKB:P61278	UniProtKB:P60041		HGNC:11329	SST
CL:4072032	VIP GABAergic interneuron (Homo sapiens)	RO:0002292	expresses	positive	False	PR:000017299	VIP peptides		UniProtKB:P01282	UniProtKB:P32648		HGNC:12693	VIP
CL:4072032	VIP GABAergic interneuron (Homo sapiens)	RO:0002292	expresses	positive	True	PR:P01282	VIP peptides (human)		UniProtKB:P01282-1; UniProtKB:P01282-2; UniProtKB:P01282		UniProtKB:P01282		
CL:4072034	lamp5 GABAergic interneuron (Homo sapiens)	RO:0002292	expresses	positive	False	PR:000032148	lysosome-associated membrane glycoprotein 5		UniProtKB:Q9UJQ1	UniProtKB:Q9D387		HGNC:16097	LAMP5
CL:4072035	sncg GABAergic interneuron (Homo sapiens)	RO:0002292	expresses	positive	False	PR:000015325	gamma-synuclein		UniProtKB:O76070	UniProtKB:Q9Z0F7		HGNC:11141	SNCG
CL:4072035	sncg GABAergic interneuron (Homo sapiens)	RO:0002292	expresses	positive	True	PR:O76070	gamma-synuclein (human)		UniProtKB:O76070		UniProtKB:O76070	HGNC:11141	SNCG
CL:4072036	PAX6 GABAergic interneuron (Homo sapiens)	RO:0002292	expresses	positive	False	PR:000012318	paired box protein Pax-6		UniProtKB:P26367	UniProtKB:P63015		HGNC:8620	PAX6
CL:4072040	L6 intratelencephalic projecting Car3 glutamatergic neuron (Homo sapiens)	RO:0002292	expresses	positive	False	PR:000004919	carbonic anhydrase 3		UniProtKB:P07451	UniProtKB:P16015		HGNC:1374	CA3
CL:4072046	pvalb chandelier GABAergic interneuron (Homo sapiens)	RO:0002292	expresses	positive	False	PR:000013502	parvalbumin alpha		UniProtKB:P20472	UniProtKB:P32848		HGNC:9704	PVALB
CL:4072104	fibrochondrocyte	RO:0002292	expresses	positive	True	PR:000003264	collagen alpha-1(I) chain		UniProtKB:P02452	UniProtKB:P11087		HGNC:2197	COL1A1
CL:4072104	fibrochondrocyte	RO:0002292	expresses	positive	True	PR:000003328	collagen alpha-1(III) chain		UniProtKB:P02461	UniProtKB:P08121		HGNC:2201	COL3A1
CL:4072104	fibrochondrocyte	RO:0002292	expresses	positive	True	PR:000003353	collagen alpha-1(VI) chain		UniProtKB:P12109	UniProtKB:Q04857		HGNC:2211	COL6A1
CL:4079000	cervical dorsal root ganglion CGRP neuron	RO:0002292	expresses	positive	True	PR:000027226	calcitonin gene-related peptide 1		UniProtKB:P06881-1	UniProtKB:Q99JA0-1			
CL:4079001	cervical dorsal root ganglion endothelin-1 neuron	RO:0002292	expresses	positive	True	PR:000006897	endothelin-1		UniProtKB:P05305	UniProtKB:P22387		HGNC:3176	EDN1
CL:4079002	cervical dorsal root ganglion Nav1.7 neuron	RO:0002292	expresses	positive	True	PR:000002104	sodium channel protein type 9 subunit alpha		UniProtKB:Q15858	UniProtKB:Q62205	IUPHARobj:584	HGNC:10597	SCN9A
CL:4079003	cervical dorsal root ganglion Nav1.9 neuron	RO:0002292	expresses	positive	True	PR:000002097	sodium channel protein type 11 subunit alpha		UniProtKB:Q9UI33	UniProtKB:Q9R053	IUPHARobj:586	HGNC:10583	SCN11A
CL:4079004	cervical dorsal root ganglion peripherin neuron	RO:0002292	expresses	positive	True	PR:000013289	peripherin		UniProtKB:P41219	UniProtKB:P15331		HGNC:9461	PRPH
CL:4079005	cervical dorsal root ganglion Piezo2 neuron	RO:0002292	expresses	positive	True	PR:000032708	piezo-type mechanosensitive ion channel component 2		UniProtKB:Q9H5I5	UniProtKB:Q8CD54	IUPHARobj:2946	HGNC:26270	PIEZO2
CL:4079006	cervical dorsal root ganglion RET neuron	RO:0002292	expresses	positive	True	PR:000013895	proto-oncogene tyrosine-protein kinase receptor Ret		UniProtKB:P07949	UniProtKB:P35546	IUPHARobj:2185	HGNC:9967	RET
CL:4079007	cervical dorsal root ganglion substance P neuron	RO:0002292	expresses	positive	True	PR:000016003	protachykinin-1		UniProtKB:P20366	UniProtKB:P41539		HGNC:11517	TAC1
CL:4079008	cervical dorsal root ganglion TRPV1 neuron	RO:0002292	expresses	positive	True	PR:000001065	transient receptor potential cation channel TRPV1		UniProtKB:Q8NER1	UniProtKB:Q704Y3	IUPHARobj:507	HGNC:12716	TRPV1
CL:4079010	intrinsic cardiac ganglion TH neuron	RO:0002292	expresses	positive	True	PR:000016301	tyrosine 3-monooxygenase		UniProtKB:P07101	UniProtKB:P24529	IUPHARobj:1243	HGNC:11782	TH
CL:4079011	lumbar dorsal root ganglion CGRP neuron	RO:0002292	expresses	positive	True	PR:000027226	calcitonin gene-related peptide 1		UniProtKB:P06881-1	UniProtKB:Q99JA0-1			
CL:4079012	lumbar dorsal root ganglion endothelin-1 neuron	RO:0002292	expresses	positive	True	PR:000006897	endothelin-1		UniProtKB:P05305	UniProtKB:P22387		HGNC:3176	EDN1
CL:4079013	lumbar dorsal root ganglion Nav1.7 neuron	RO:0002292	expresses	positive	True	PR:000002104	sodium channel protein type 9 subunit alpha		UniProtKB:Q15858	UniProtKB:Q62205	IUPHARobj:584	HGNC:10597	SCN9A
CL:4079014	lumbar dorsal root ganglion Nav1.9 neuron	RO:0002292	expresses	positive	True	PR:000002097	sodium channel protein type 11 subunit alpha		UniProtKB:Q9UI33	UniProtKB:Q9R053	IUPHARobj:586	HGNC:10583	SCN11A
CL:4079015	lumbar dorsal root ganglion peripherin neuron	RO:0002292	expresses	positive	True	PR:000013289	peripherin		UniProtKB:P41219	UniProtKB:P15331		HGNC:9461	PRPH
CL:4079016	lumbar dorsal root ganglion Piezo2 neuron	RO:0002292	expresses	positive	True	PR:000032708	piezo-type mechanosensitive ion channel component 2		UniProtKB:Q9H5I5	UniProtKB:Q8CD54	IUPHARobj:2946	HGNC:26270	PIEZO2
CL:4079017	lumbar dorsal root ganglion RET neuron	RO:0002292	expresses	positive	True	PR:000013895	proto-oncogene tyrosine-protein kinase receptor Ret		UniProtKB:P07949	UniProtKB:P35546	IUPHARobj:2185	HGNC:9967	RET
CL:4079018	lumbar dorsal root ganglion substance P neuron	RO:0002292	expresses	positive	True	PR:000016003	protachykinin-1		UniProtKB:P20366	UniProtKB:P41539		HGNC:11517	TAC1
CL:4079019	lumbar dorsal root ganglion TRPV1 neuron	RO:0002292	expresses	positive	True	PR:000001065	transient receptor potential cation channel TRPV1		UniProtKB:Q8NER1	UniProtKB:Q704Y3	IUPHARobj:507	HGNC:12716	TRPV1
CL:4079020	sacral dorsal root ganglion CGRP neuron	RO:0002292	expresses	positive	True	PR:000027226	calcitonin gene-related peptide 1		UniProtKB:P06881-1	UniProtKB:Q99JA0-1			
CL:4079021	sacral dorsal root ganglion endothelin-1 neuron	RO:0002292	expresses	positive	True	PR:000006897	endothelin-1		UniProtKB:P05305	UniProtKB:P22387		HGNC:3176	EDN1
CL:4079022	sacral dorsal root ganglion Nav1.7 neuron	RO:0002292	expresses	positive	True	PR:000002104	sodium channel protein type 9 subunit alpha		UniProtKB:Q15858	UniProtKB:Q62205	IUPHARobj:584	HGNC:10597	SCN9A
CL:4079023	sacral dorsal root ganglion Nav1.9 neuron	RO:0002292	expresses	positive	True	PR:000002097	sodium channel protein type 11 subunit alpha		UniProtKB:Q9UI33	UniProtKB:Q9R053	IUPHARobj:586	HGNC:10583	SCN11A
CL:4079024	sacral dorsal root ganglion peripherin neuron	RO:0002292	expresses	positive	True	PR:000013289	peripherin		UniProtKB:P41219	UniProtKB:P15331		HGNC:9461	PRPH
CL:4079025	sacral dorsal root ganglion Piezo2 neuron	RO:0002292	expresses	positive	True	PR:000032708	piezo-type mechanosensitive ion channel component 2		UniProtKB:Q9H5I5	UniProtKB:Q8CD54	IUPHARobj:2946	HGNC:26270	PIEZO2
CL:4079026	sacral dorsal root ganglion RET neuron	RO:0002292	expresses	positive	True	PR:000013895	proto-oncogene tyrosine-protein kinase receptor Ret		UniProtKB:P07949	UniProtKB:P35546	IUPHARobj:2185	HGNC:9967	RET
CL:4079027	sacral dorsal root ganglion substance P neuron	RO:0002292	expresses	positive	True	PR:000016003	protachykinin-1		UniProtKB:P20366	UniProtKB:P41539		HGNC:11517	TAC1
CL:4079028	sacral dorsal root ganglion TRPV1 neuron	RO:0002292	expresses	positive	True	PR:000001065	transient receptor potential cation channel TRPV1		UniProtKB:Q8NER1	UniProtKB:Q704Y3	IUPHARobj:507	HGNC:12716	TRPV1
CL:4079029	thoracic dorsal root ganglion CGRP neuron	RO:0002292	expresses	positive	True	PR:000027226	calcitonin gene-related peptide 1		UniProtKB:P06881-1	UniProtKB:Q99JA0-1			
CL:4079030	thoracic dorsal root ganglion endothelin-1 neuron	RO:0002292	expresses	positive	True	PR:000006897	endothelin-1		UniProtKB:P05305	UniProtKB:P22387		HGNC:3176	EDN1
CL:4079031	thoracic dorsal root ganglion Nav1.7 neuron	RO:0002292	expresses	positive	True	PR:000002104	sodium channel protein type 9 subunit alpha		UniProtKB:Q15858	UniProtKB:Q62205	IUPHARobj:584	HGNC:10597	SCN9A
CL:4079032	thoracic dorsal root ganglion Nav1.9 neuron	RO:0002292	expresses	positive	True	PR:000002097	sodium channel protein type 11 subunit alpha		UniProtKB:Q9UI33	UniProtKB:Q9R053	IUPHARobj:586	HGNC:10583	SCN11A
CL:4079033	thoracic dorsal root ganglion peripherin neuron	RO:0002292	expresses	positive	True	PR:000013289	peripherin		UniProtKB:P41219	UniProtKB:P15331		HGNC:9461	PRPH
CL:4079034	thoracic dorsal root ganglion Piezo2 neuron	RO:0002292	expresses	positive	True	PR:000032708	piezo-type mechanosensitive ion channel component 2		UniProtKB:Q9H5I5	UniProtKB:Q8CD54	IUPHARobj:2946	HGNC:26270	PIEZO2
CL:4079035	thoracic dorsal root ganglion RET neuron	RO:0002292	expresses	positive	True	PR:000013895	proto-oncogene tyrosine-protein kinase receptor Ret		UniProtKB:P07949	UniProtKB:P35546	IUPHARobj:2185	HGNC:9967	RET
CL:4079036	thoracic dorsal root ganglion substance P neuron	RO:0002292	expresses	positive	True	PR:000016003	protachykinin-1		UniProtKB:P20366	UniProtKB:P41539		HGNC:11517	TAC1
CL:4079037	thoracic dorsal root ganglion TRPV1 neuron	RO:0002292	expresses	positive	True	PR:000001065	transient receptor potential cation channel TRPV1		UniProtKB:Q8NER1	UniProtKB:Q704Y3	IUPHARobj:507	HGNC:12716	TRPV1
CL:4300101	STR D1 Gaba direct pathway medium spiny neuron (Mmus)	RO:0002292	expresses	positive	False	PR:000001175	D(1A) dopamine receptor		UniProtKB:P21728	UniProtKB:Q61616	IUPHARobj:214	HGNC:3020	DRD1
CL:4300102	STR D2 Gaba indirect pathway medium spiny neuron (Mmus)	RO:0002292	expresses	positive	False	PR:000001177	D(2) dopamine receptor		UniProtKB:P14416	UniProtKB:P61168	IUPHARobj:215	HGNC:3023	DRD2
CL:4307065	Tanycyte NN_2 Mylk3 alpha1-tanycyte (Mmus)	RO:0002292	expresses	positive	False	PR:000014419	protein S100-B		UniProtKB:P04271	UniProtKB:P50114		HGNC:10500	S100B
CL:4307066	Tanycyte NN_2 Mroh5 alpha1-tanycyte (Mmus)	RO:0002292	expresses	positive	False	PR:000014419	protein S100-B		UniProtKB:P04271	UniProtKB:P50114		HGNC:10500	S100B
CL:4307067	alpha2-tanycyte (Mmus)	RO:0002292	expresses	positive	False	PR:000014419	protein S100-B		UniProtKB:P04271	UniProtKB:P50114		HGNC:10500	S100B
CL:4307069	beta1-tancyte (Mmus)	RO:0002292	expresses	positive	False	PR:000007479	fibroblast growth factor 1		UniProtKB:P05230	UniProtKB:P61148		HGNC:3665	FGF1
CL:4307069	beta1-tancyte (Mmus)	RO:0002292	expresses	positive	False	PR:000007489	fibroblast growth factor 2		UniProtKB:P09038	UniProtKB:P15655		HGNC:3676	FGF2
CL:4307070	beta-2 tanycyte (Mmus)	RO:0002292	expresses	positive	False	PR:000007479	fibroblast growth factor 1		UniProtKB:P05230	UniProtKB:P61148		HGNC:3665	FGF1
CL:4307070	beta-2 tanycyte (Mmus)	RO:0002292	expresses	positive	False	PR:000007489	fibroblast growth factor 2		UniProtKB:P09038	UniProtKB:P15655		HGNC:3676	FGF2
CL:4307083	hypendemal cell (Mmus)	RO:0002292	expresses	positive	False	PR:000015658	SCO-spondin		UniProtKB:A2VEC9	UniProtKB:Q8CG65			
CL:4307132	microglial cell (Mmus)	RO:0002104	has plasma membrane part	positive	False	PR:000001012	integrin alpha-M	CD11 (exact); CD11B (related); CD11b (exact)	UniProtKB:P11215	UniProtKB:P05555	IUPHARobj:2452	HGNC:6149	ITGAM
CL:4307132	microglial cell (Mmus)	RO:0002104	has plasma membrane part	positive	False	PR:000001813	adhesion G protein-coupled receptor E1		UniProtKB:Q14246	UniProtKB:Q61549	IUPHARobj:182; PIRSF:PIRSF038685	HGNC:3336	ADGRE1
CL:4307132	microglial cell (Mmus)	RO:0002104	has plasma membrane part	positive	False	PR:000002064	macrosialin	CD68 (exact)	UniProtKB:P34810	UniProtKB:P31996		HGNC:1693	CD68
CL:4310084	striatal LAMP5 CXCL14 GABAergic interneuron (Primate)	RO:0002292	expresses	positive	False	PR:000032148	lysosome-associated membrane glycoprotein 5		UniProtKB:Q9UJQ1	UniProtKB:Q9D387		HGNC:16097	LAMP5
CL:4310085	striatal LAMP5 LHX6 GABAergic interneuron (Primate)	RO:0002292	expresses	positive	False	PR:000032148	lysosome-associated membrane glycoprotein 5		UniProtKB:Q9UJQ1	UniProtKB:Q9D387		HGNC:16097	LAMP5
CL:4310085	striatal LAMP5 LHX6 GABAergic interneuron (Primate)	RO:0002292	expresses	positive	False	PR:000032533	LIM/homeobox protein Lhx6		UniProtKB:Q9UPM6	UniProtKB:Q9R1R0		HGNC:21735	LHX6
CL:4310094	prototypic neuron (Primate)	RO:0002292	expresses	positive	False	PR:000011241	homeobox protein Nkx-2.1		UniProtKB:P43699	UniProtKB:P50220		HGNC:11825	NKX2-1
CL:4310095	GPi Core neuron (Primate)	RO:0002292	expresses	positive	False	PR:000013502	parvalbumin alpha		UniProtKB:P20472	UniProtKB:P32848		HGNC:9704	PVALB
CL:4310096	GPi Shell neuron (Primate)	RO:0002292	expresses	positive	False	PR:000015665	somatostatin		UniProtKB:P61278	UniProtKB:P60041		HGNC:11329	SST
CL:4310104	Islands of Calleja granule cell (Primate)	RO:0002292	expresses	positive	False	PR:000001175	D(1A) dopamine receptor		UniProtKB:P21728	UniProtKB:Q61616	IUPHARobj:214	HGNC:3020	DRD1
CL:4310120	striatal pthlh-expressing interneuron (Primate)	RO:0002292	expresses	positive	False	PR:000013433	parathyroid hormone-related protein		UniProtKB:P12272	UniProtKB:P22858		HGNC:9607	PTHLH
CL:4310120	striatal pthlh-expressing interneuron (Primate)	RO:0002292	expresses	positive	False	PR:000013502	parvalbumin alpha		UniProtKB:P20472	UniProtKB:P32848		HGNC:9704	PVALB
CL:4310122	striatal SST-ADARB2 GABAergic interneuron (Primate)	RO:0002292	expresses	positive	False	PR:000015665	somatostatin		UniProtKB:P61278	UniProtKB:P60041		HGNC:11329	SST
CL:4310123	striatal SST-CHODL GABAergic interneuron (Primate)	RO:0002292	expresses	positive	False	PR:000005444	chondrolectin		UniProtKB:Q9H9P2	UniProtKB:Q9CXM0		HGNC:17807	CHODL
CL:4310123	striatal SST-CHODL GABAergic interneuron (Primate)	RO:0002292	expresses	positive	False	PR:000015665	somatostatin		UniProtKB:P61278	UniProtKB:P60041		HGNC:11329	SST
CL:4310124	striatal SST-RSPO2 GABAergic interneuron (Primate)	RO:0002292	expresses	positive	False	PR:000015665	somatostatin		UniProtKB:P61278	UniProtKB:P60041		HGNC:11329	SST
CL:4310125	STR TAC3-PLPP4 GABA TAC3-positive striatal interneuron (Primate)	RO:0002104	has plasma membrane part	positive	False	PR:000016004	tachykinin-3		UniProtKB:Q9UHF0	UniProtKB:P55099		HGNC:11521	TAC3
CL:4310126	STR-BF TAC3-PLPP4-LHX8 GABA TAC3-positive striatal interneuron (Primate)	RO:0002104	has plasma membrane part	positive	False	PR:000016004	tachykinin-3		UniProtKB:Q9UHF0	UniProtKB:P55099		HGNC:11521	TAC3
CL:4310127	striatal VIP GABAergic interneuron (Primate)	RO:0002292	expresses	positive	False	PR:000017299	VIP peptides		UniProtKB:P01282	UniProtKB:P32648		HGNC:12693	VIP
CL:4310129	STRd D1 Matrix medium spiny neuron (Primate)	RO:0002292	expresses	positive	False	PR:000001175	D(1A) dopamine receptor		UniProtKB:P21728	UniProtKB:Q61616	IUPHARobj:214	HGNC:3020	DRD1
CL:4310130	striosomal D1 medium spiny neuron (Primate)	RO:0002292	expresses	positive	False	PR:000001175	D(1A) dopamine receptor		UniProtKB:P21728	UniProtKB:Q61616	IUPHARobj:214	HGNC:3020	DRD1
CL:4310131	STRd D1/D2-hybrid medium spiny neuron (Primate)	RO:0002292	expresses	positive	False	PR:000001175	D(1A) dopamine receptor		UniProtKB:P21728	UniProtKB:Q61616	IUPHARobj:214	HGNC:3020	DRD1
CL:4310131	STRd D1/D2-hybrid medium spiny neuron (Primate)	RO:0002292	expresses	positive	False	PR:000001177	D(2) dopamine receptor		UniProtKB:P14416	UniProtKB:P61168	IUPHARobj:215	HGNC:3023	DRD2
CL:4310132	STRd D2 Matrix medium spiny neuron (Primate)	RO:0002292	expresses	positive	False	PR:000001177	D(2) dopamine receptor		UniProtKB:P14416	UniProtKB:P61168	IUPHARobj:215	HGNC:3023	DRD2
CL:4310133	STRd D2 Striomat hybrid medium spiny neuron (Primate)	RO:0002292	expresses	positive	False	PR:000001177	D(2) dopamine receptor		UniProtKB:P14416	UniProtKB:P61168	IUPHARobj:215	HGNC:3023	DRD2
CL:4310134	striosomal D2 medium spiny neuron (Primate)	RO:0002292	expresses	positive	False	PR:000001177	D(2) dopamine receptor		UniProtKB:P14416	UniProtKB:P61168	IUPHARobj:215	HGNC:3023	DRD2
CL:4310136	STRv D1 medium spiny neuron (Primate)	RO:0002292	expresses	positive	False	PR:000001175	D(1A) dopamine receptor		UniProtKB:P21728	UniProtKB:Q61616	IUPHARobj:214	HGNC:3020	DRD1
CL:4310137	STRv D1-NUDAP medium spiny neuron (Primate)	RO:0002292	expresses	positive	False	PR:000001175	D(1A) dopamine receptor		UniProtKB:P21728	UniProtKB:Q61616	IUPHARobj:214	HGNC:3020	DRD1
CL:4310137	STRv D1-NUDAP medium spiny neuron (Primate)	RO:0002292	expresses	positive	False	PR:000001177	D(2) dopamine receptor		UniProtKB:P14416	UniProtKB:P61168	IUPHARobj:215	HGNC:3023	DRD2
CL:4310137	STRv D1-NUDAP medium spiny neuron (Primate)	RO:0002292	expresses	positive	False	PR:000001666	relaxin receptor 1		UniProtKB:Q9HBX9	UniProtKB:Q6R6I7	IUPHARobj:351	HGNC:19718	RXFP1
CL:4310138	STRv D2 medium spiny neuron (Primate)	RO:0002292	expresses	positive	False	PR:000001177	D(2) dopamine receptor		UniProtKB:P14416	UniProtKB:P61168	IUPHARobj:215	HGNC:3023	DRD2
CL:7770006	beam B cell, human	RO:0002292	expresses	positive	True	PR:Q9UIK5	tomoregulin-2 (human)		UniProtKB:Q9UIK5-1; UniProtKB:Q9UIK5-2; UniProtKB:Q9UIK5-3; UniProtKB:Q9UIK5		UniProtKB:Q9UIK5		
